sport,year,classification,champion_school,champion_coach,finalist_school,finalist_coach,score,champion_undefeated,co_champion,notes,source_pdf,source_pages,extracted_at,extraction_model
Girls Basketball,1948,D-State Finals,Carver,Charles Waterman,Easton,,14-12,False,False,,pdfs/Winter record book.pdf,4; 5,2026-08-02T19:25:37Z,glm-5.2:cloud
Girls Basketball,1947,A,Kenwood,,Hagerstown,,36-13,False,False,,pdfs/Winter record book.pdf,4; 5,2026-08-02T19:25:37Z,glm-5.2:cloud
Girls Basketball,1947,B,Cambridge,Ed Walters,Westminister,,21-20,False,False,,pdfs/Winter record book.pdf,4; 5,2026-08-02T19:25:37Z,glm-5.2:cloud
Girls Basketball,1947,C,Easton,Mary Brooks,Greenbelt,,16-15,False,False,,pdfs/Winter record book.pdf,4; 5,2026-08-02T19:25:37Z,glm-5.2:cloud
Girls Basketball,1947,D,Gwynn Park,Mrs. Schaeffer,Hurlock,Violet Weller,28-10,False,False,,pdfs/Winter record book.pdf,4; 5,2026-08-02T19:25:37Z,glm-5.2:cloud
Girls Basketball,1948,A,B-CC,,Wicomico,Edythe Trigiani,47-14,False,False,,pdfs/Winter record book.pdf,4; 5,2026-08-02T19:25:37Z,glm-5.2:cloud
Girls Basketball,1948,B,Bel Air,,Cambridge,,22-21,False,False,,pdfs/Winter record book.pdf,4; 5,2026-08-02T19:25:37Z,glm-5.2:cloud
Girls Basketball,1948,C,R.Montgomery,,Denton,,32-19,False,False,,pdfs/Winter record book.pdf,4; 5,2026-08-02T19:25:37Z,glm-5.2:cloud
Girls Basketball,1948,D,Gwynn Park,,Mardela,Bill Twilley,34-14,False,False,,pdfs/Winter record book.pdf,4; 5,2026-08-02T19:25:37Z,glm-5.2:cloud
Girls Basketball,1949,A,B-CC,,Annapolis,,41-28,False,False,,pdfs/Winter record book.pdf,4; 5,2026-08-02T19:25:37Z,glm-5.2:cloud
Girls Basketball,1949,B,Westminister,Zellman?,Cambridge,,33-20,False,False,,pdfs/Winter record book.pdf,4; 5,2026-08-02T19:25:37Z,glm-5.2:cloud
Girls Basketball,1949,C,Easton,,R. Montgomery,,36-22,False,False,,pdfs/Winter record book.pdf,4; 5,2026-08-02T19:25:37Z,glm-5.2:cloud
Girls Basketball,1949,D,Williamsport,Richard Doub,Hurlock,,38-23,False,False,,pdfs/Winter record book.pdf,4; 5,2026-08-02T19:25:37Z,glm-5.2:cloud
Girls Basketball,1973,Combined,Parkville,Marian Klein,,,49-44,False,False,,pdfs/Winter record book.pdf,4; 5,2026-08-02T19:25:37Z,glm-5.2:cloud
Girls Basketball,1974,Combined,Sherwood,Linda Gehlert,,,46-44,False,False,,pdfs/Winter record book.pdf,4; 5,2026-08-02T19:25:37Z,glm-5.2:cloud
Girls Basketball,1975,Combined,Bladensburg,Jeanne Welch,,,56-52,False,False,,pdfs/Winter record book.pdf,4; 5,2026-08-02T19:25:37Z,glm-5.2:cloud
Girls Basketball,1976,AA,Bladensburg,Jeanne Welch,,,55-35,False,False,,pdfs/Winter record book.pdf,4; 5,2026-08-02T19:25:37Z,glm-5.2:cloud
Girls Basketball,1976,A,Loch Raven,Nancy Kidd,,,73-68,False,False,,pdfs/Winter record book.pdf,4; 5,2026-08-02T19:25:37Z,glm-5.2:cloud
Girls Basketball,1976,B,Sherwood,Linda Gehlert,,,36-35,False,False,,pdfs/Winter record book.pdf,4; 5,2026-08-02T19:25:37Z,glm-5.2:cloud
Girls Basketball,1976,C,Smithsburg,Teresa Bachtell,,,42-37,False,False,,pdfs/Winter record book.pdf,4; 5,2026-08-02T19:25:37Z,glm-5.2:cloud
Girls Basketball,1977,AA,DuVal,Sandra Sprinkle,,,55-52,False,False,,pdfs/Winter record book.pdf,4; 5,2026-08-02T19:25:37Z,glm-5.2:cloud
Girls Basketball,1977,A,Andover,Sally Entsminger,,,57-37,False,False,,pdfs/Winter record book.pdf,4; 5,2026-08-02T19:25:37Z,glm-5.2:cloud
Girls Basketball,1977,B,La Plata,Lynn Krahling,,,44-34,False,False,,pdfs/Winter record book.pdf,4; 5,2026-08-02T19:25:37Z,glm-5.2:cloud
Girls Basketball,1977,C,Mount Savage,Joanne Nickel,,,52-41,False,False,,pdfs/Winter record book.pdf,4; 5,2026-08-02T19:25:37Z,glm-5.2:cloud
Girls Basketball,1978,AA,Parkdale,Diana Headlee,,,49-45,False,False,,pdfs/Winter record book.pdf,4; 5,2026-08-02T19:25:37Z,glm-5.2:cloud
Girls Basketball,1978,A,South Carroll,Ruth Lampert,,,56-54,False,False,,pdfs/Winter record book.pdf,4; 5,2026-08-02T19:25:37Z,glm-5.2:cloud
Girls Basketball,1978,B,Douglass-PG,Donna Holliday,,,52-41,False,False,,pdfs/Winter record book.pdf,4; 5,2026-08-02T19:25:37Z,glm-5.2:cloud
Girls Basketball,1978,C,Middletown,William Pfeil,,,60-48,False,False,,pdfs/Winter record book.pdf,4; 5,2026-08-02T19:25:37Z,glm-5.2:cloud
Girls Basketball,1979,AA,Northwestern-PG,Nancy Suter,,,59-57,False,False,,pdfs/Winter record book.pdf,4; 5,2026-08-02T19:25:37Z,glm-5.2:cloud
Girls Basketball,1979,A,Paint Branch,Bruce Stayman,,,63-43,False,False,,pdfs/Winter record book.pdf,4; 5,2026-08-02T19:25:37Z,glm-5.2:cloud
Girls Basketball,1979,B,Southern-AA,Linda Kilpatrick,,,52-30,False,False,,pdfs/Winter record book.pdf,4; 5,2026-08-02T19:25:37Z,glm-5.2:cloud
Girls Basketball,1979,C,Snow Hill,Brenda Jones,,,54-49,False,False,,pdfs/Winter record book.pdf,4; 5,2026-08-02T19:25:37Z,glm-5.2:cloud
Girls Basketball,1980,AA,DuVal,Sandra Sprinkle,,,68-55,False,False,,pdfs/Winter record book.pdf,4; 5,2026-08-02T19:25:37Z,glm-5.2:cloud
Girls Basketball,1980,A,Paint Branch,Bruce Stayman,,,49-48,False,False,,pdfs/Winter record book.pdf,4; 5,2026-08-02T19:25:37Z,glm-5.2:cloud
Girls Basketball,1980,B,Southern-AA,Linda Kilpatrick,,,65-55,False,False,,pdfs/Winter record book.pdf,4; 5,2026-08-02T19:25:37Z,glm-5.2:cloud
Girls Basketball,1980,C,Mount Hebron,Dave Greenberg,,,72-48,False,False,,pdfs/Winter record book.pdf,4; 5,2026-08-02T19:25:37Z,glm-5.2:cloud
Girls Basketball,1981,AA,Parkdale,Stan Kernan,,,66-55,False,False,,pdfs/Winter record book.pdf,4; 5,2026-08-02T19:25:37Z,glm-5.2:cloud
Girls Basketball,1981,A,North Hagerstown,Diane Stahl,,,64-53,False,False,,pdfs/Winter record book.pdf,4; 5,2026-08-02T19:25:37Z,glm-5.2:cloud
Girls Basketball,1981,B,Centennial,Gail Purcell,,,59-49,False,False,,pdfs/Winter record book.pdf,4; 5,2026-08-02T19:25:37Z,glm-5.2:cloud
Girls Basketball,1981,C,Smithsburg,Sandra Graff,,,51-42,False,False,,pdfs/Winter record book.pdf,4; 5,2026-08-02T19:25:37Z,glm-5.2:cloud
Girls Basketball,1982,AA,Blair,Bill Lindsey,,,56-50,False,False,,pdfs/Winter record book.pdf,4; 5,2026-08-02T19:25:37Z,glm-5.2:cloud
Girls Basketball,1982,A,DuVal,Sandra Sprinkle,,,62-47,False,False,,pdfs/Winter record book.pdf,4; 5,2026-08-02T19:25:37Z,glm-5.2:cloud
Girls Basketball,1982,B,Woodward,Michael Kellinger,,,55-42,False,False,,pdfs/Winter record book.pdf,4; 5,2026-08-02T19:25:37Z,glm-5.2:cloud
Girls Basketball,1982,C,Brooklyn Park,Art St. Martin,,,55-54,False,False,,pdfs/Winter record book.pdf,4; 5,2026-08-02T19:25:37Z,glm-5.2:cloud
Girls Basketball,1983,AA,Springbrook,Bill Wiley,,,70-64,False,False,,pdfs/Winter record book.pdf,4; 5,2026-08-02T19:25:37Z,glm-5.2:cloud
Girls Basketball,1983,A,Thomas Johnson,Jim Kennedy,,,58-52,False,False,,pdfs/Winter record book.pdf,4; 5,2026-08-02T19:25:37Z,glm-5.2:cloud
Girls Basketball,1983,B,Southern-AA,Linda Kilpatrick,,,61-44,False,False,,pdfs/Winter record book.pdf,4; 5,2026-08-02T19:25:37Z,glm-5.2:cloud
Girls Basketball,1983,C,Smithsburg,Rosemarie Pellegrino,,,64-46,False,False,,pdfs/Winter record book.pdf,4; 5,2026-08-02T19:25:37Z,glm-5.2:cloud
Girls Basketball,1984,AA,Crossland,Charlotte Worthy,,,57-55,False,False,,pdfs/Winter record book.pdf,4; 5,2026-08-02T19:25:37Z,glm-5.2:cloud
Girls Basketball,1984,A,Fairmont Heights,Joan Rothgeb,,,56-45,False,False,,pdfs/Winter record book.pdf,4; 5,2026-08-02T19:25:37Z,glm-5.2:cloud
Girls Basketball,1984,B,Southern-AA,Linda Kilpatrick,,,65-49,False,False,,pdfs/Winter record book.pdf,4; 5,2026-08-02T19:25:37Z,glm-5.2:cloud
Girls Basketball,1984,C,Owings Mills,Karen Schulte,,,52-48,False,False,,pdfs/Winter record book.pdf,4; 5,2026-08-02T19:25:37Z,glm-5.2:cloud
Girls Basketball,1985,AA,Wheaton,Walt Dupee,,,53-47,False,False,,pdfs/Winter record book.pdf,4; 5,2026-08-02T19:25:37Z,glm-5.2:cloud
Girls Basketball,1985,A,North Hagerstown,Curtis Graff,,,60-58,False,False,,pdfs/Winter record book.pdf,4; 5,2026-08-02T19:25:37Z,glm-5.2:cloud
Girls Basketball,1985,B,Southern-AA,Linda Kilpatrick,,,60-42,False,False,,pdfs/Winter record book.pdf,4; 5,2026-08-02T19:25:37Z,glm-5.2:cloud
Girls Basketball,1985,C,Brooklyn Park,Art St. Martin,,,54-44,False,False,,pdfs/Winter record book.pdf,4; 5,2026-08-02T19:25:37Z,glm-5.2:cloud
Girls Basketball,1986,AA,Old Mill,Pat Chance,,,68-55,False,False,,pdfs/Winter record book.pdf,4; 5,2026-08-02T19:25:37Z,glm-5.2:cloud
Girls Basketball,1986,A,South River,Jim Morton,,,63-52,False,False,,pdfs/Winter record book.pdf,4; 5,2026-08-02T19:25:37Z,glm-5.2:cloud
Girls Basketball,1986,B,Mount Hebron,Dave Greenberg,,,45-24,False,False,,pdfs/Winter record book.pdf,4; 5,2026-08-02T19:25:37Z,glm-5.2:cloud
Girls Basketball,1986,C,Brooklyn Park,Art St. Martin,,,56-43,False,False,,pdfs/Winter record book.pdf,4; 5,2026-08-02T19:25:37Z,glm-5.2:cloud
Girls Basketball,1987,AA,Rockville,Joan O'Brien,,,56-54,False,False,,pdfs/Winter record book.pdf,4; 5,2026-08-02T19:25:37Z,glm-5.2:cloud
Girls Basketball,1987,A,La Plata,Cece Cardano,,,50-41,False,False,,pdfs/Winter record book.pdf,4; 5,2026-08-02T19:25:37Z,glm-5.2:cloud
Girls Basketball,1987,B,Mount Hebron,Dave Greenberg,,,66-40,False,False,,pdfs/Winter record book.pdf,4; 5,2026-08-02T19:25:37Z,glm-5.2:cloud
Girls Basketball,1987,C,Brooklyn Park,Art St. Martin,,,60-41,False,False,,pdfs/Winter record book.pdf,4; 5,2026-08-02T19:25:37Z,glm-5.2:cloud
Girls Basketball,1988,AA,Dulaney,Elaine Lindsay,,,51-41,False,False,,pdfs/Winter record book.pdf,4; 5,2026-08-02T19:25:37Z,glm-5.2:cloud
Girls Basketball,1988,A,Leonardtown,Carol Montague,,,60-55,False,False,,pdfs/Winter record book.pdf,4; 5,2026-08-02T19:25:37Z,glm-5.2:cloud
Girls Basketball,1988,B,Mount Hebron,Dave Greenberg,,,87-44,False,False,,pdfs/Winter record book.pdf,4; 5,2026-08-02T19:25:37Z,glm-5.2:cloud
Girls Basketball,1988,C,Brooklyn Park,Art St. Martin,,,71-52,False,False,,pdfs/Winter record book.pdf,4; 5,2026-08-02T19:25:37Z,glm-5.2:cloud
Girls Basketball,1989,4A,Broadneck,Thomas Smith,,,57-36,False,False,,pdfs/Winter record book.pdf,4; 5,2026-08-02T19:25:37Z,glm-5.2:cloud
Girls Basketball,1989,3A,Thomas Johnson,Cheryl Fout,,,43-38,False,False,,pdfs/Winter record book.pdf,4; 5,2026-08-02T19:25:37Z,glm-5.2:cloud
Girls Basketball,1989,2A,Middletown,Mark Miller,,,42-40,False,False,,pdfs/Winter record book.pdf,4; 5,2026-08-02T19:25:37Z,glm-5.2:cloud
Girls Basketball,1989,1A,Brooklyn Park,Art St. Martin,,,59-48,False,False,,pdfs/Winter record book.pdf,4; 5,2026-08-02T19:25:37Z,glm-5.2:cloud
Girls Basketball,1990,4A,Broadneck,Bruce Springer,,,57-52,False,False,,pdfs/Winter record book.pdf,4; 5,2026-08-02T19:25:37Z,glm-5.2:cloud
Girls Basketball,1990,3A,Great Mills,Mike McLuckie,,,42-40,False,False,,pdfs/Winter record book.pdf,4; 5,2026-08-02T19:25:37Z,glm-5.2:cloud
Girls Basketball,1990,2A,Mount Hebron,Dave Greenberg,,,59-35,False,False,,pdfs/Winter record book.pdf,4; 5,2026-08-02T19:25:37Z,glm-5.2:cloud
Girls Basketball,1990,1A,Westmar,Joan Fitzpatrick,,,59-52,False,False,,pdfs/Winter record book.pdf,4; 5,2026-08-02T19:25:37Z,glm-5.2:cloud
Girls Basketball,1991,4A,Old Mill,Pat Chance,,,53-51,False,False,,pdfs/Winter record book.pdf,4; 5,2026-08-02T19:25:37Z,glm-5.2:cloud
Girls Basketball,1991,3A,DuVal,Walter Clark,,,60-42,False,False,,pdfs/Winter record book.pdf,4; 5,2026-08-02T19:25:37Z,glm-5.2:cloud
Girls Basketball,1991,2A,Mount Hebron,Dave Greenberg,,,60-52,False,False,,pdfs/Winter record book.pdf,4; 5,2026-08-02T19:25:37Z,glm-5.2:cloud
Girls Basketball,1991,1A,Westmar,Joan Fitzpatrick,,,75-58,False,False,,pdfs/Winter record book.pdf,4; 5,2026-08-02T19:25:37Z,glm-5.2:cloud
Girls Basketball,1992,4A,Old Mill,Pat Chance,,,50-39,False,False,,pdfs/Winter record book.pdf,4; 5,2026-08-02T19:25:37Z,glm-5.2:cloud
Girls Basketball,1992,3A,Linganore,Brian Matthews,,,47-40,False,False,,pdfs/Winter record book.pdf,4; 5,2026-08-02T19:25:37Z,glm-5.2:cloud
Girls Basketball,1992,2A,Hammond,Joe Russo,,,56-51,False,False,,pdfs/Winter record book.pdf,4; 5,2026-08-02T19:25:37Z,glm-5.2:cloud
Girls Basketball,1992,1A,Williamsport,Glenn Smith,,,34-21,False,False,,pdfs/Winter record book.pdf,4; 5,2026-08-02T19:25:37Z,glm-5.2:cloud
Girls Basketball,1993,4A,Old Mill,Pat Chance,,,59-35,False,False,,pdfs/Winter record book.pdf,4; 5,2026-08-02T19:25:37Z,glm-5.2:cloud
Girls Basketball,1993,3A,Bladensburg,Lester Butler,,,52-48,False,False,,pdfs/Winter record book.pdf,4; 5,2026-08-02T19:25:37Z,glm-5.2:cloud
Girls Basketball,1993,2A,Middletown,Mark Miller,,,53-48 OT,False,False,,pdfs/Winter record book.pdf,4; 5,2026-08-02T19:25:37Z,glm-5.2:cloud
Girls Basketball,1993,1A,Easton,Tom Callahan,,,51-42,False,False,,pdfs/Winter record book.pdf,4; 5,2026-08-02T19:25:37Z,glm-5.2:cloud
Girls Basketball,1994,4A,Western,Breezy Bishop,,,61-48,False,False,,pdfs/Winter record book.pdf,4; 5,2026-08-02T19:25:37Z,glm-5.2:cloud
Girls Basketball,1994,3A,Howard,Craig O'Connell,,,47-41,False,False,,pdfs/Winter record book.pdf,4; 5,2026-08-02T19:25:37Z,glm-5.2:cloud
Girls Basketball,1994,2A,Hammond,Joe Russo,,,59-41,False,False,,pdfs/Winter record book.pdf,4; 5,2026-08-02T19:25:37Z,glm-5.2:cloud
Girls Basketball,1994,1A,Easton,Tom Callahan,,,66-50,False,False,,pdfs/Winter record book.pdf,4; 5,2026-08-02T19:25:37Z,glm-5.2:cloud
Girls Basketball,1995,4A,Western,Breezy Bishop,,,51-33,False,False,,pdfs/Winter record book.pdf,4; 5,2026-08-02T19:25:37Z,glm-5.2:cloud
Girls Basketball,1995,3A,Whitman,Kerry Ward,,,66-65,False,False,,pdfs/Winter record book.pdf,4; 5,2026-08-02T19:25:37Z,glm-5.2:cloud
Girls Basketball,1995,2A,Hammond,Joe Russo,,,57-51,False,False,,pdfs/Winter record book.pdf,4; 5,2026-08-02T19:25:37Z,glm-5.2:cloud
Girls Basketball,1995,1A,Wilde Lake,Kelly Storr,,,56-46,False,False,,pdfs/Winter record book.pdf,4; 5,2026-08-02T19:25:37Z,glm-5.2:cloud
Girls Basketball,1996,4A,Arundel,Lee Rogers,,,57-49,False,False,,pdfs/Winter record book.pdf,4; 5,2026-08-02T19:25:37Z,glm-5.2:cloud
Girls Basketball,1996,3A,R. Montgomery,"Watson Prather, Jr.",,,69-60 OT,False,False,,pdfs/Winter record book.pdf,4; 5,2026-08-02T19:25:37Z,glm-5.2:cloud
Girls Basketball,1996,2A,Linganore,Brian Matthews,,,61-54,False,False,,pdfs/Winter record book.pdf,4; 5,2026-08-02T19:25:37Z,glm-5.2:cloud
Girls Basketball,1996,1A,Brunswick,Bill Martin,,,58-47,False,False,,pdfs/Winter record book.pdf,4; 5,2026-08-02T19:25:37Z,glm-5.2:cloud
Girls Basketball,1997,4A,Largo,Robert Blair,,,66-41,False,False,,pdfs/Winter record book.pdf,4; 5,2026-08-02T19:25:37Z,glm-5.2:cloud
Girls Basketball,1997,3A,Linganore,Brian Matthews,,,61-42,False,False,,pdfs/Winter record book.pdf,4; 5,2026-08-02T19:25:37Z,glm-5.2:cloud
Girls Basketball,1997,2A,Wheaton,Walt Dupee,,,59-47,False,False,,pdfs/Winter record book.pdf,4; 5,2026-08-02T19:25:37Z,glm-5.2:cloud
Girls Basketball,1997,1A,Francis Scott Key,Alice Smith,,,53-23,False,False,,pdfs/Winter record book.pdf,4; 5,2026-08-02T19:25:37Z,glm-5.2:cloud
Girls Basketball,1998,4A,Suitland,Stephany Nolan,,,66-61,False,False,,pdfs/Winter record book.pdf,4; 5,2026-08-02T19:25:37Z,glm-5.2:cloud
Girls Basketball,1998,3A,Wheaton,Walt Dupee,,,62-39,False,False,,pdfs/Winter record book.pdf,4; 5,2026-08-02T19:25:37Z,glm-5.2:cloud
Girls Basketball,1998,2A,Towson,Beverly Snyder,,,48-37,False,False,,pdfs/Winter record book.pdf,4; 5,2026-08-02T19:25:37Z,glm-5.2:cloud
Girls Basketball,1998,1A,Oakland Mills,Teresa Waters,,,38-31,False,False,,pdfs/Winter record book.pdf,4; 5,2026-08-02T19:25:37Z,glm-5.2:cloud
Girls Basketball,1999,4A,Suitland,Stephany Nolan,,,53-28,False,False,,pdfs/Winter record book.pdf,4; 5,2026-08-02T19:25:37Z,glm-5.2:cloud
Girls Basketball,1999,3A,DuVal,Walter Clark,,,73-38,False,False,,pdfs/Winter record book.pdf,4; 5,2026-08-02T19:25:37Z,glm-5.2:cloud
Girls Basketball,1999,2A,Parkside,Warren White,,,60-59,False,False,,pdfs/Winter record book.pdf,4; 5,2026-08-02T19:25:37Z,glm-5.2:cloud
Girls Basketball,1999,1A,Glenelg,Ciaran Lesikar,,,70-57,False,False,,pdfs/Winter record book.pdf,4; 5,2026-08-02T19:25:37Z,glm-5.2:cloud
Girls Basketball,2000,4A,Arundel,Lee Rogers,,,61-55,False,False,,pdfs/Winter record book.pdf,4; 5,2026-08-02T19:25:37Z,glm-5.2:cloud
Girls Basketball,2000,3A,DuVal,Walter Clark,,,41-33,False,False,,pdfs/Winter record book.pdf,4; 5,2026-08-02T19:25:37Z,glm-5.2:cloud
Girls Basketball,2000,2A,Dunbar,Wardell Selby,,,53-36,False,False,,pdfs/Winter record book.pdf,4; 5,2026-08-02T19:25:37Z,glm-5.2:cloud
Girls Basketball,2000,1A,Allegany,Scott Bauer,,,45-36,False,False,,pdfs/Winter record book.pdf,4; 5,2026-08-02T19:25:37Z,glm-5.2:cloud
Girls Basketball,2001,4A,Suitland,Stephany Nolan,,,61-57,False,False,,pdfs/Winter record book.pdf,4; 5,2026-08-02T19:25:37Z,glm-5.2:cloud
Girls Basketball,2001,3A,Paint Branch,Heather Podosek,,,61-42,False,False,,pdfs/Winter record book.pdf,4; 5,2026-08-02T19:25:37Z,glm-5.2:cloud
Girls Basketball,2001,2A,Dunbar,Wardell Selby,,,63-36,False,False,,pdfs/Winter record book.pdf,4; 5,2026-08-02T19:25:37Z,glm-5.2:cloud
Girls Basketball,2001,1A,Glenelg,Ciaran Lesikar,,,45-42,False,False,,pdfs/Winter record book.pdf,4; 5,2026-08-02T19:25:37Z,glm-5.2:cloud
Girls Basketball,2002,4A,Churchill,Pat Fisher,,,68-49,False,False,,pdfs/Winter record book.pdf,4; 5,2026-08-02T19:25:37Z,glm-5.2:cloud
Girls Basketball,2002,3A,Gwynn Park,Marvin Vann,,,59-43,False,False,,pdfs/Winter record book.pdf,4; 5,2026-08-02T19:25:37Z,glm-5.2:cloud
Girls Basketball,2002,2A,DuVal,Walter Clark,,,56-46,False,False,,pdfs/Winter record book.pdf,4; 5,2026-08-02T19:25:37Z,glm-5.2:cloud
Girls Basketball,2002,1A,Dunbar,Wardell Selby,,,62-46,False,False,,pdfs/Winter record book.pdf,4; 5,2026-08-02T19:25:37Z,glm-5.2:cloud
Girls Basketball,2003,4A,Churchill,Pat Fisher,,,62-38,False,False,,pdfs/Winter record book.pdf,4; 5,2026-08-02T19:25:37Z,glm-5.2:cloud
Girls Basketball,2003,3A,Gwynn Park,Marvin Vann,,,46-39,False,False,,pdfs/Winter record book.pdf,4; 5,2026-08-02T19:25:37Z,glm-5.2:cloud
Girls Basketball,2003,2A,Walkersville,Mike Mathis,,,40-32,False,False,,pdfs/Winter record book.pdf,4; 5,2026-08-02T19:25:37Z,glm-5.2:cloud
Girls Basketball,2003,1A,Dunbar,Wardell Selby,,,53-48,False,False,,pdfs/Winter record book.pdf,4; 5,2026-08-02T19:25:37Z,glm-5.2:cloud
Girls Basketball,2004,4A,Arundel,Lee Rogers,,,87-64,False,False,,pdfs/Winter record book.pdf,4; 5,2026-08-02T19:25:37Z,glm-5.2:cloud
Girls Basketball,2004,3A,Gwynn Park,Marvin Vann,,,60-57,False,False,,pdfs/Winter record book.pdf,4; 5,2026-08-02T19:25:37Z,glm-5.2:cloud
Girls Basketball,2004,2A,Potomac,Michael Strother,,,62-37,False,False,,pdfs/Winter record book.pdf,4; 5,2026-08-02T19:25:37Z,glm-5.2:cloud
Girls Basketball,2004,1A,Southern Garrett,Don Stemple,,,41-31,False,False,,pdfs/Winter record book.pdf,4; 5,2026-08-02T19:25:37Z,glm-5.2:cloud
Girls Basketball,2005,4A,Eleanor Roosevelt,Roderick Hairston,,,54-37,False,False,,pdfs/Winter record book.pdf,4; 5,2026-08-02T19:25:37Z,glm-5.2:cloud
Girls Basketball,2005,3A,Milford Mill,DeToiya McAliley,,,57-48,False,False,,pdfs/Winter record book.pdf,4; 5,2026-08-02T19:25:37Z,glm-5.2:cloud
Girls Basketball,2005,2A,Potomac,Michael Strother,,,52-43,False,False,,pdfs/Winter record book.pdf,4; 5,2026-08-02T19:25:37Z,glm-5.2:cloud
Girls Basketball,2005,1A,Southside,Dafne Lee-Blakney,,,2-0,False,False,,pdfs/Winter record book.pdf,4; 5,2026-08-02T19:25:37Z,glm-5.2:cloud
Girls Basketball,2006,4A,Eleanor Roosevelt,Roderick Hairston,,,53-45,False,False,,pdfs/Winter record book.pdf,4; 5,2026-08-02T19:25:37Z,glm-5.2:cloud
Girls Basketball,2006,3A,River Hill,Teresa Waters,,,51-46,False,False,,pdfs/Winter record book.pdf,4; 5,2026-08-02T19:25:37Z,glm-5.2:cloud
Girls Basketball,2006,2A,Middletown,William Miskell,,,57-51,False,False,,pdfs/Winter record book.pdf,4; 5,2026-08-02T19:25:37Z,glm-5.2:cloud
Girls Basketball,2006,1A,Catoctin,Amy Murray,,,61-45,False,False,,pdfs/Winter record book.pdf,4; 5,2026-08-02T19:25:37Z,glm-5.2:cloud
Girls Basketball,2007,4A,Eleanor Roosevelt,Roderick Hairston,,,52-32,False,False,,pdfs/Winter record book.pdf,4; 5,2026-08-02T19:25:37Z,glm-5.2:cloud
Girls Basketball,2007,3A,Largo,Ayana Ball,,,60-42,False,False,,pdfs/Winter record book.pdf,4; 5,2026-08-02T19:25:37Z,glm-5.2:cloud
Girls Basketball,2007,2A,Atholton,Maureen Shacreaw,,,69-62,False,False,,pdfs/Winter record book.pdf,4; 5,2026-08-02T19:25:37Z,glm-5.2:cloud
Girls Basketball,2007,1A,Southern Garrett,Oren Yoder,,,41-34,False,False,,pdfs/Winter record book.pdf,4; 5,2026-08-02T19:25:37Z,glm-5.2:cloud
Girls Basketball,2008,4A,Eleanor Roosevelt,Roderick Hairston,,,52-50,False,False,,pdfs/Winter record book.pdf,4; 5,2026-08-02T19:25:37Z,glm-5.2:cloud
Girls Basketball,2008,3A,Paint Branch,Heather Podosek,,,74-39,False,False,,pdfs/Winter record book.pdf,4; 5,2026-08-02T19:25:37Z,glm-5.2:cloud
Girls Basketball,2008,2A,Mount Hebron,Scott Robinson,,,55-40,False,False,,pdfs/Winter record book.pdf,4; 5,2026-08-02T19:25:37Z,glm-5.2:cloud
Girls Basketball,2008,1A,Pocomoke,Gail Gladding,,,66-53,False,False,,pdfs/Winter record book.pdf,4; 5,2026-08-02T19:25:37Z,glm-5.2:cloud
Girls Basketball,2009,4A,Eleanor Roosevelt,Roderick Hairston,,,67-39,False,False,,pdfs/Winter record book.pdf,4; 5,2026-08-02T19:25:37Z,glm-5.2:cloud
Girls Basketball,2009,3A,Fallston,Michael McTeague,,,65-62,False,False,,pdfs/Winter record book.pdf,4; 5,2026-08-02T19:25:37Z,glm-5.2:cloud
Girls Basketball,2009,2A,City College,George Petrides,,,59-51,False,False,,pdfs/Winter record book.pdf,4; 5,2026-08-02T19:25:37Z,glm-5.2:cloud
Girls Basketball,2009,1A,Digital Harbor,Patrick McDonald,,,50-41,False,False,,pdfs/Winter record book.pdf,4; 5,2026-08-02T19:25:37Z,glm-5.2:cloud
Girls Basketball,2010,4A,Arundel,Lee Rogers,,,53-40,False,False,,pdfs/Winter record book.pdf,4; 5,2026-08-02T19:25:37Z,glm-5.2:cloud
Girls Basketball,2010,3A,Seneca Valley,Todd Bumgardner,,,62-60,False,False,,pdfs/Winter record book.pdf,4; 5,2026-08-02T19:25:37Z,glm-5.2:cloud
Girls Basketball,2010,2A,Fallston,Michael McTeague,,,58-53,False,False,,pdfs/Winter record book.pdf,4; 5,2026-08-02T19:25:37Z,glm-5.2:cloud
Girls Basketball,2010,1A,Joppatowne,Michael Harris,,,63-46,False,False,,pdfs/Winter record book.pdf,4; 5,2026-08-02T19:25:37Z,glm-5.2:cloud
Girls Basketball,2011,4A,Gaithersburg,Adrian McDaniel,,,58-38,False,False,,pdfs/Winter record book.pdf,4; 5,2026-08-02T19:25:37Z,glm-5.2:cloud
Girls Basketball,2011,3A,Frederick,Keivette Hammond,,,76-71,False,False,,pdfs/Winter record book.pdf,4; 5,2026-08-02T19:25:37Z,glm-5.2:cloud
Girls Basketball,2011,2A,Calvert,Frank Moore,,,46-37,False,False,,pdfs/Winter record book.pdf,4; 5,2026-08-02T19:25:37Z,glm-5.2:cloud
Girls Basketball,2011,1A,Dunbar,Wardell Selby,,,80-62,False,False,,pdfs/Winter record book.pdf,4; 5,2026-08-02T19:25:37Z,glm-5.2:cloud
Girls Basketball,2012,4A,Gaithersburg,Adrian McDaniel,,,60-43,False,False,,pdfs/Winter record book.pdf,4; 5,2026-08-02T19:25:37Z,glm-5.2:cloud
Girls Basketball,2012,3A,Aberdeen,Stacy Liles,,,62-48,False,False,,pdfs/Winter record book.pdf,4; 5,2026-08-02T19:25:37Z,glm-5.2:cloud
Girls Basketball,2012,2A,Calvert,Frank Moore,,,57-22,False,False,,pdfs/Winter record book.pdf,4; 5,2026-08-02T19:25:37Z,glm-5.2:cloud
Girls Basketball,2012,1A,Dunbar,Wardell Selby,,,50-42,False,False,,pdfs/Winter record book.pdf,4; 5,2026-08-02T19:25:37Z,glm-5.2:cloud
Girls Basketball,2013,4A,North Point,"Michael Serpone, II",,,62-56,False,False,,pdfs/Winter record book.pdf,4; 5,2026-08-02T19:25:37Z,glm-5.2:cloud
Girls Basketball,2013,3A,Aberdeen,Amber Milnes,,,51-47,False,False,,pdfs/Winter record book.pdf,4; 5,2026-08-02T19:25:37Z,glm-5.2:cloud
Girls Basketball,2013,2A,Calvert,Timothy Contee,,,45-39,False,False,,pdfs/Winter record book.pdf,4; 5,2026-08-02T19:25:37Z,glm-5.2:cloud
Girls Basketball,2013,1A,Western STES,Nolan Roe,,,46-40,False,False,,pdfs/Winter record book.pdf,4; 5,2026-08-02T19:25:37Z,glm-5.2:cloud
Girls Basketball,2014,4A,Eleanor Roosevelt,Delton Fuller,,,64-30,False,False,,pdfs/Winter record book.pdf,4; 5,2026-08-02T19:25:37Z,glm-5.2:cloud
Girls Basketball,2014,3A,Milford Mill,DeToiya McAliley,,,40-37,False,False,,pdfs/Winter record book.pdf,4; 5,2026-08-02T19:25:37Z,glm-5.2:cloud
Girls Basketball,2014,2A,Patterson Mill,Holly Ismail,,,33-30,False,False,,pdfs/Winter record book.pdf,4; 5,2026-08-02T19:25:37Z,glm-5.2:cloud
Girls Basketball,2014,1A,Southern-Garrett,Danny Bosley,,,52-47,False,False,,pdfs/Winter record book.pdf,4; 5,2026-08-02T19:25:37Z,glm-5.2:cloud
Girls Basketball,2015,4A,Eleanor Roosevelt,Delton Fuller,,,70-42,False,False,,pdfs/Winter record book.pdf,4; 5,2026-08-02T19:25:37Z,glm-5.2:cloud
Girls Basketball,2015,3A,Milford Mill,DeToiya McAliley,,,74-70,False,False,,pdfs/Winter record book.pdf,4; 5,2026-08-02T19:25:37Z,glm-5.2:cloud
Girls Basketball,2015,2A,Patterson Mill,Holly Ismail,,,56-44,False,False,,pdfs/Winter record book.pdf,4; 5,2026-08-02T19:25:37Z,glm-5.2:cloud
Girls Basketball,2015,1A,Forestville,James Washington,,,54-38,False,False,,pdfs/Winter record book.pdf,4; 5,2026-08-02T19:25:37Z,glm-5.2:cloud
Girls Basketball,2016,4A,Walt Whitman,Peter Kenah,,,71-55,False,False,,pdfs/Winter record book.pdf,4; 5,2026-08-02T19:25:37Z,glm-5.2:cloud
Girls Basketball,2016,3A,Glenelg,Chris Beil,,,48-36,False,False,,pdfs/Winter record book.pdf,4; 5,2026-08-02T19:25:37Z,glm-5.2:cloud
Girls Basketball,2016,2A,Largo,Ayana Ball-Ward,,,59-58,False,False,,pdfs/Winter record book.pdf,4; 5,2026-08-02T19:25:37Z,glm-5.2:cloud
Girls Basketball,2016,1A,Forestville,James Washington,,,71-40,False,False,,pdfs/Winter record book.pdf,4; 5,2026-08-02T19:25:37Z,glm-5.2:cloud
Girls Basketball,2017,4A,Catonsville,Mike Mohler,,,49-46,False,False,,pdfs/Winter record book.pdf,4; 5,2026-08-02T19:25:37Z,glm-5.2:cloud
Girls Basketball,2017,3A,Frederick,Ashley Bush,,,72-60,False,False,,pdfs/Winter record book.pdf,4; 5,2026-08-02T19:25:37Z,glm-5.2:cloud
Girls Basketball,2017,2A,New Town,Rich Hibbert,,,61-47,False,False,,pdfs/Winter record book.pdf,4; 5,2026-08-02T19:25:37Z,glm-5.2:cloud
Girls Basketball,2017,1A,Patterson Mill,Holly Ismail,,,59-43,False,False,,pdfs/Winter record book.pdf,4; 5,2026-08-02T19:25:37Z,glm-5.2:cloud
Girls Basketball,2018,4A,Eleanor Roosevelt,Delton Fuller,,,60-56,False,False,,pdfs/Winter record book.pdf,4; 5,2026-08-02T19:25:37Z,glm-5.2:cloud
Girls Basketball,2018,3A,Frederick,Ashley Bush,,,62-50,False,False,,pdfs/Winter record book.pdf,4; 5,2026-08-02T19:25:37Z,glm-5.2:cloud
Girls Basketball,2018,2A,Poolesville,Fred Swick,,,63-23,False,False,,pdfs/Winter record book.pdf,4; 5,2026-08-02T19:25:37Z,glm-5.2:cloud
Girls Basketball,2018,1A,Southern-Garrett,Rodger Bowman,,,52-48,False,False,,pdfs/Winter record book.pdf,4; 5,2026-08-02T19:25:37Z,glm-5.2:cloud
Girls Basketball,2019,4A,Charles H. Flowers,Roderick Hairston,,,57-42,False,False,,pdfs/Winter record book.pdf,4; 5,2026-08-02T19:25:37Z,glm-5.2:cloud
Girls Basketball,2019,3A,Frederick,Ashley Bush,,,58-44,False,False,,pdfs/Winter record book.pdf,4; 5,2026-08-02T19:25:37Z,glm-5.2:cloud
Girls Basketball,2019,2A,River Hill,Teresa Waters,,,44-39,False,False,,pdfs/Winter record book.pdf,4; 5,2026-08-02T19:25:37Z,glm-5.2:cloud
Girls Basketball,2019,1A,Pikesville,Michael Dukes,,,61-31,False,False,,pdfs/Winter record book.pdf,4; 5,2026-08-02T19:25:37Z,glm-5.2:cloud
Girls Basketball,2022,4A,Western,Latasha Townsend,,,81-68,False,False,,pdfs/Winter record book.pdf,4; 5,2026-08-02T19:25:37Z,glm-5.2:cloud
Girls Basketball,2022,3A,Baltimore Poly. Inst.,Kendall Peace-Able,,,60-37,False,False,,pdfs/Winter record book.pdf,4; 5,2026-08-02T19:25:37Z,glm-5.2:cloud
Girls Basketball,2022,2A,Fallston,Johnny Woods,,,57-56 OT,False,False,,pdfs/Winter record book.pdf,4; 5,2026-08-02T19:25:37Z,glm-5.2:cloud
Girls Basketball,2022,1A,Pikesville,Michael Dukes,,,51-42,False,False,,pdfs/Winter record book.pdf,4; 5,2026-08-02T19:25:37Z,glm-5.2:cloud
Girls Basketball,2023,4A,Glen Burnie,Sam Porter,,,43-40,False,False,,pdfs/Winter record book.pdf,4; 5,2026-08-02T19:25:37Z,glm-5.2:cloud
Girls Basketball,2023,3A,Howard,Scott Robinson,,,64-52,False,False,,pdfs/Winter record book.pdf,4; 5,2026-08-02T19:25:37Z,glm-5.2:cloud
Girls Basketball,2023,2A,Henry E. Lackey,Jo-nel Barnes,,,53-33,False,False,,pdfs/Winter record book.pdf,4; 5,2026-08-02T19:25:37Z,glm-5.2:cloud
Girls Basketball,2023,1A,Pikesville,Michael Dukes,,,38-33,False,False,,pdfs/Winter record book.pdf,4; 5,2026-08-02T19:25:37Z,glm-5.2:cloud
Girls Basketball,2024,4A,Clarksburg,Sissy Natoli,,,43-36,False,False,,pdfs/Winter record book.pdf,4; 5,2026-08-02T19:25:37Z,glm-5.2:cloud
Girls Basketball,2024,3A,Baltimore Poly. Inst.,Kendall Peace-Able,,,45-18,False,False,,pdfs/Winter record book.pdf,4; 5,2026-08-02T19:25:37Z,glm-5.2:cloud
Girls Basketball,2024,2A,Hammond,Ayanna Jones,,,65-46,False,False,,pdfs/Winter record book.pdf,4; 5,2026-08-02T19:25:37Z,glm-5.2:cloud
Girls Basketball,2024,1A,Pikesville,Michael Dukes,,,48-39,False,False,,pdfs/Winter record book.pdf,4; 5,2026-08-02T19:25:37Z,glm-5.2:cloud
Girls Basketball,2025,4A,North Point,"Michael Serpone, II",,,61-30,False,False,,pdfs/Winter record book.pdf,4; 5,2026-08-02T19:25:37Z,glm-5.2:cloud
Girls Basketball,2025,3A,South River,Mike Zivic,,,56-45,False,False,,pdfs/Winter record book.pdf,4; 5,2026-08-02T19:25:37Z,glm-5.2:cloud
Girls Basketball,2025,2A,Francis Scott Key,Mitchell Walther,,,44-39,False,False,,pdfs/Winter record book.pdf,4; 5,2026-08-02T19:25:37Z,glm-5.2:cloud
Girls Basketball,2025,1A,Pikesville,Michael Dukes,,,67-62,False,False,,pdfs/Winter record book.pdf,4; 5,2026-08-02T19:25:37Z,glm-5.2:cloud
Boys Basketball,1927,Combined,Allegany,Bill Bowers,,,,,,Pre-MPSSAA,pdfs/Winter record book.pdf,14; 15,2026-08-02T19:27:06Z,glm-5.2:cloud
Boys Basketball,1928,Combined,Catonsville,,,,,,,Pre-MPSSAA,pdfs/Winter record book.pdf,14; 15,2026-08-02T19:27:06Z,glm-5.2:cloud
Boys Basketball,1929,Combined,Penn Avenue,Bobby Cavanaugh,,,,,,Pre-MPSSAA,pdfs/Winter record book.pdf,14; 15,2026-08-02T19:27:06Z,glm-5.2:cloud
Boys Basketball,1930,Combined,Allegany,Bill Bowers,,,,,,Pre-MPSSAA,pdfs/Winter record book.pdf,14; 15,2026-08-02T19:27:06Z,glm-5.2:cloud
Boys Basketball,1931,Combined,Allegany,Bill Bowers,,,,,,Pre-MPSSAA,pdfs/Winter record book.pdf,14; 15,2026-08-02T19:27:06Z,glm-5.2:cloud
Boys Basketball,1932,Combined,Allegany,Bill Bowers,,,,,,Pre-MPSSAA,pdfs/Winter record book.pdf,14; 15,2026-08-02T19:27:06Z,glm-5.2:cloud
Boys Basketball,1933,Combined,Allegany,Bill Bowers,,,,,,Pre-MPSSAA,pdfs/Winter record book.pdf,14; 15,2026-08-02T19:27:06Z,glm-5.2:cloud
Boys Basketball,1934,Combined,Allegany,Bill Bowers,,,,,,Pre-MPSSAA,pdfs/Winter record book.pdf,14; 15,2026-08-02T19:27:06Z,glm-5.2:cloud
Boys Basketball,1935,Combined,Penn Avenue,Bobby Cavanaugh,,,,,,Pre-MPSSAA,pdfs/Winter record book.pdf,14; 15,2026-08-02T19:27:06Z,glm-5.2:cloud
Boys Basketball,1936,Combined,Allegany,Bill Bowers,,,,,,Pre-MPSSAA,pdfs/Winter record book.pdf,14; 15,2026-08-02T19:27:06Z,glm-5.2:cloud
Boys Basketball,1937,Combined,Allegany,Bill Bowers,,,,,,Pre-MPSSAA,pdfs/Winter record book.pdf,14; 15,2026-08-02T19:27:06Z,glm-5.2:cloud
Boys Basketball,1938,Combined,Fort Hill,Bobby Cavanaugh,,,,,,Pre-MPSSAA,pdfs/Winter record book.pdf,14; 15,2026-08-02T19:27:06Z,glm-5.2:cloud
Boys Basketball,1939,Combined,Fort Hill,Bobby Cavanaugh,,,,,,Pre-MPSSAA,pdfs/Winter record book.pdf,14; 15,2026-08-02T19:27:06Z,glm-5.2:cloud
Boys Basketball,1948,D,North Street,,Easton,,37-20,,,Hagerstown,pdfs/Winter record book.pdf,14; 15,2026-08-02T19:27:06Z,glm-5.2:cloud
Boys Basketball,1950,State Finals,North Street,,Carver,,46-39,,,Hagerstown (Elkton),pdfs/Winter record book.pdf,14; 15,2026-08-02T19:27:06Z,glm-5.2:cloud
Boys Basketball,1951,C-State Finals,Carver,,Lincoln,,45-44,,,Towson (Frederick),pdfs/Winter record book.pdf,14; 15,2026-08-02T19:27:06Z,glm-5.2:cloud
Boys Basketball,1947,A,Allegany,Bill Bowers,,,45-16,,,,pdfs/Winter record book.pdf,14; 15,2026-08-02T19:27:06Z,glm-5.2:cloud
Boys Basketball,1947,B,Westminster,Herb Ruby,,,39-24,,,,pdfs/Winter record book.pdf,14; 15,2026-08-02T19:27:06Z,glm-5.2:cloud
Boys Basketball,1947,C,Greenbelt,,,,42-29,,,,pdfs/Winter record book.pdf,14; 15,2026-08-02T19:27:06Z,glm-5.2:cloud
Boys Basketball,1947,D,Mt. Rainier,,,,34-16,,,,pdfs/Winter record book.pdf,14; 15,2026-08-02T19:27:06Z,glm-5.2:cloud
Boys Basketball,1948,A,Fort Hill,Bobby Cavanaugh,,,79-16,,,,pdfs/Winter record book.pdf,14; 15,2026-08-02T19:27:06Z,glm-5.2:cloud
Boys Basketball,1948,B,Franklin,Frank Dorn,,,62-38,,,,pdfs/Winter record book.pdf,14; 15,2026-08-02T19:27:06Z,glm-5.2:cloud
Boys Basketball,1948,C,Bruce,Jack Petry,,,57-30,,,,pdfs/Winter record book.pdf,14; 15,2026-08-02T19:27:06Z,glm-5.2:cloud
Boys Basketball,1948,D,Williamsport,Richard Doub,,,49-33,,,,pdfs/Winter record book.pdf,14; 15,2026-08-02T19:27:06Z,glm-5.2:cloud
Boys Basketball,1949,A,Fort Hill,Bobby Cavanaugh,,,53-36,,,,pdfs/Winter record book.pdf,14; 15,2026-08-02T19:27:06Z,glm-5.2:cloud
Boys Basketball,1949,B,Beall,Ebbie Finzel,,,47-23,,,,pdfs/Winter record book.pdf,14; 15,2026-08-02T19:27:06Z,glm-5.2:cloud
Boys Basketball,1949,C,Bruce,Jack Grindle,,,49-26,,,,pdfs/Winter record book.pdf,14; 15,2026-08-02T19:27:06Z,glm-5.2:cloud
Boys Basketball,1949,D,Damascus,Harry Stipe,,,63-54,,,,pdfs/Winter record book.pdf,14; 15,2026-08-02T19:27:06Z,glm-5.2:cloud
Boys Basketball,1950,A,Allegany,Bill Bowers,,,53-52,,,,pdfs/Winter record book.pdf,14; 15,2026-08-02T19:27:06Z,glm-5.2:cloud
Boys Basketball,1950,B,Central-Lonaconing,Johnny Myers,,,50-37,,,,pdfs/Winter record book.pdf,14; 15,2026-08-02T19:27:06Z,glm-5.2:cloud
Boys Basketball,1950,C,Barton,John Thomas,,,58-39,,,,pdfs/Winter record book.pdf,14; 15,2026-08-02T19:27:06Z,glm-5.2:cloud
Boys Basketball,1951,A,Hagerstown,,,,28-27,,,,pdfs/Winter record book.pdf,14; 15,2026-08-02T19:27:06Z,glm-5.2:cloud
Boys Basketball,1951,B,Aberdeen,,,,44-43,,,,pdfs/Winter record book.pdf,14; 15,2026-08-02T19:27:06Z,glm-5.2:cloud
Boys Basketball,1951,C,Barton,,,,52-45,,,,pdfs/Winter record book.pdf,14; 15,2026-08-02T19:27:06Z,glm-5.2:cloud
Boys Basketball,1952,A,Montgomery Blair,David Carrasco,,,42-34,,,,pdfs/Winter record book.pdf,14; 15,2026-08-02T19:27:06Z,glm-5.2:cloud
Boys Basketball,1952,B,Central-Lonaconing,John Meyers,,,47-45,,,,pdfs/Winter record book.pdf,14; 15,2026-08-02T19:27:06Z,glm-5.2:cloud
Boys Basketball,1952,C,Ocean City,Richard DeHart,,,70-55,,,,pdfs/Winter record book.pdf,14; 15,2026-08-02T19:27:06Z,glm-5.2:cloud
Boys Basketball,1953,A,Montgomery Blair,David Carrasco,,,60-57,,,,pdfs/Winter record book.pdf,14; 15,2026-08-02T19:27:06Z,glm-5.2:cloud
Boys Basketball,1953,B,Bruce,Augie Eichorn,,,59-51,,,,pdfs/Winter record book.pdf,14; 15,2026-08-02T19:27:06Z,glm-5.2:cloud
Boys Basketball,1953,C,Barton,Paul Footen,,,55-33,,,,pdfs/Winter record book.pdf,14; 15,2026-08-02T19:27:06Z,glm-5.2:cloud
Boys Basketball,1954,A,Allegany,Walter Bowers,,,76-41,,,,pdfs/Winter record book.pdf,14; 15,2026-08-02T19:27:06Z,glm-5.2:cloud
Boys Basketball,1954,B,Bruce,Augie Eichorn,,,50-45,,,,pdfs/Winter record book.pdf,14; 15,2026-08-02T19:27:06Z,glm-5.2:cloud
Boys Basketball,1954,C,Perryville,Kenneth Wood,,,65-63,,,,pdfs/Winter record book.pdf,14; 15,2026-08-02T19:27:06Z,glm-5.2:cloud
Boys Basketball,1955,A,Montgomery Blair,David Carrasco,,,58-55,,,,pdfs/Winter record book.pdf,14; 15,2026-08-02T19:27:06Z,glm-5.2:cloud
Boys Basketball,1955,B,Cambridge,Frank LaFontaine,,,47-37,,,,pdfs/Winter record book.pdf,14; 15,2026-08-02T19:27:06Z,glm-5.2:cloud
Boys Basketball,1955,C,Henry E. Lackey,,,,50-46,,,,pdfs/Winter record book.pdf,14; 15,2026-08-02T19:27:06Z,glm-5.2:cloud
Boys Basketball,1956,A,Northwestern-PG,Bill Yarnall,,,59-48,,,,pdfs/Winter record book.pdf,14; 15,2026-08-02T19:27:06Z,glm-5.2:cloud
Boys Basketball,1956,B,Valley,John Meyers,,,66-63,,,,pdfs/Winter record book.pdf,14; 15,2026-08-02T19:27:06Z,glm-5.2:cloud
Boys Basketball,1956,C,Centreville,Leonard Feist,,,53-48 OT,,,,pdfs/Winter record book.pdf,14; 15,2026-08-02T19:27:06Z,glm-5.2:cloud
Boys Basketball,1957,A,Frederick,Homer Brooks,,,58-51,,,,pdfs/Winter record book.pdf,14; 15,2026-08-02T19:27:06Z,glm-5.2:cloud
Boys Basketball,1957,B,Valley,John Meyers,,,64-44,,,,pdfs/Winter record book.pdf,14; 15,2026-08-02T19:27:06Z,glm-5.2:cloud
Boys Basketball,1957,C,Crisfield,Nick Scallion,,,48-37,,,,pdfs/Winter record book.pdf,14; 15,2026-08-02T19:27:06Z,glm-5.2:cloud
Boys Basketball,1958,A,Fort Hill,John Cavanaugh,,,62-44,,,,pdfs/Winter record book.pdf,14; 15,2026-08-02T19:27:06Z,glm-5.2:cloud
Boys Basketball,1958,B,Chestertown,Wallace Smith,,,48-45,,,,pdfs/Winter record book.pdf,14; 15,2026-08-02T19:27:06Z,glm-5.2:cloud
Boys Basketball,1958,C,Henry E. Lackey,Frank LaFontaine,,,53-52,,,,pdfs/Winter record book.pdf,14; 15,2026-08-02T19:27:06Z,glm-5.2:cloud
Boys Basketball,1959,A,Bethesda-Chevy Chase,Floris Davisson,,,75-49,,,,pdfs/Winter record book.pdf,14; 15,2026-08-02T19:27:06Z,glm-5.2:cloud
Boys Basketball,1959,B,Valley,John Meyers,,,57-43,,,,pdfs/Winter record book.pdf,14; 15,2026-08-02T19:27:06Z,glm-5.2:cloud
Boys Basketball,1959,C,Henry E. Lackey,Frank LaFontaine,,,36-29,,,,pdfs/Winter record book.pdf,14; 15,2026-08-02T19:27:06Z,glm-5.2:cloud
Boys Basketball,1960,A,Bladensburg,Al Kyber,,,75-54,,,,pdfs/Winter record book.pdf,14; 15,2026-08-02T19:27:06Z,glm-5.2:cloud
Boys Basketball,1960,B,Surrattsville,Edward Andrauskas/S. D. Harpe,,,47-41,,,,pdfs/Winter record book.pdf,14; 15,2026-08-02T19:27:06Z,glm-5.2:cloud
Boys Basketball,1960,C,Walkersville,Bill Talley,,,62-53,,,,pdfs/Winter record book.pdf,14; 15,2026-08-02T19:27:06Z,glm-5.2:cloud
Boys Basketball,1961,AA,Montgomery Blair,Eddie Moffatt,,,75-63,,,,pdfs/Winter record book.pdf,14; 15,2026-08-02T19:27:06Z,glm-5.2:cloud
Boys Basketball,1961,A,Sparrows Point,Warren Ormiston,,,68-61,,,,pdfs/Winter record book.pdf,14; 15,2026-08-02T19:27:06Z,glm-5.2:cloud
Boys Basketball,1961,B,Bruce,Leonard Ritchie,,,59-50,,,,pdfs/Winter record book.pdf,14; 15,2026-08-02T19:27:06Z,glm-5.2:cloud
Boys Basketball,1961,C,Crisfield,Jack Morgan,,,63-59,,,,pdfs/Winter record book.pdf,14; 15,2026-08-02T19:27:06Z,glm-5.2:cloud
Boys Basketball,1962,AA,Montgomery Blair,Eddie Moffatt,,,59-48,,,,pdfs/Winter record book.pdf,14; 15,2026-08-02T19:27:06Z,glm-5.2:cloud
Boys Basketball,1962,A,Surrattsville,Bob Vaughn,,,63-52,,,,pdfs/Winter record book.pdf,14; 15,2026-08-02T19:27:06Z,glm-5.2:cloud
Boys Basketball,1962,B,North Harford,Robert Garbacik,,,44-33,,,,pdfs/Winter record book.pdf,14; 15,2026-08-02T19:27:06Z,glm-5.2:cloud
Boys Basketball,1962,C,Poolesville,Robert Mowen,,,67-40,,,,pdfs/Winter record book.pdf,14; 15,2026-08-02T19:27:06Z,glm-5.2:cloud
Boys Basketball,1963,AA,Towson,Randy Walker,,,75-60,,,,pdfs/Winter record book.pdf,14; 15,2026-08-02T19:27:06Z,glm-5.2:cloud
Boys Basketball,1963,A,Allegany,Chester Payne,,,57-39,,,,pdfs/Winter record book.pdf,14; 15,2026-08-02T19:27:06Z,glm-5.2:cloud
Boys Basketball,1963,B,Douglass-PG,Charles Briggs,,,68-61,,,,pdfs/Winter record book.pdf,14; 15,2026-08-02T19:27:06Z,glm-5.2:cloud
Boys Basketball,1963,C,Poolesville,Robert Mowen,,,99-77,,,,pdfs/Winter record book.pdf,14; 15,2026-08-02T19:27:06Z,glm-5.2:cloud
Boys Basketball,1964,AA,Allegany,Chester Payne,,,84-61,,,,pdfs/Winter record book.pdf,14; 15,2026-08-02T19:27:06Z,glm-5.2:cloud
Boys Basketball,1964,A,Fairmont Heights,Ken Freeman,,,72-55,,,,pdfs/Winter record book.pdf,14; 15,2026-08-02T19:27:06Z,glm-5.2:cloud
Boys Basketball,1964,B,Walkersville,Bill Talley,,,83-68,,,,pdfs/Winter record book.pdf,14; 15,2026-08-02T19:27:06Z,glm-5.2:cloud
Boys Basketball,1964,C,Crisfield,Jack Morgan,,,73-64,,,,pdfs/Winter record book.pdf,14; 15,2026-08-02T19:27:06Z,glm-5.2:cloud
Boys Basketball,1965,AA,Surrattsville,Bob Vaughn,,,64-61,,,,pdfs/Winter record book.pdf,14; 15,2026-08-02T19:27:06Z,glm-5.2:cloud
Boys Basketball,1965,A,Arundel,William Crowell,,,71-64,,,,pdfs/Winter record book.pdf,14; 15,2026-08-02T19:27:06Z,glm-5.2:cloud
Boys Basketball,1965,B,Somerset,J. R. Robinson,,,75-73,,,,pdfs/Winter record book.pdf,14; 15,2026-08-02T19:27:06Z,glm-5.2:cloud
Boys Basketball,1965,C,Central Consolidated,William Brown,,,55-51,,,,pdfs/Winter record book.pdf,14; 15,2026-08-02T19:27:06Z,glm-5.2:cloud
Boys Basketball,1966,AA,Richard Montgomery,E. Wathall,,,48-45,,,,pdfs/Winter record book.pdf,14; 15,2026-08-02T19:27:06Z,glm-5.2:cloud
Boys Basketball,1966,A,Fairmont Heights,Ken Freeman,,,81-47,,,,pdfs/Winter record book.pdf,14; 15,2026-08-02T19:27:06Z,glm-5.2:cloud
Boys Basketball,1966,B,Douglass-PG,S. A. Williams,,,63-60,,,,pdfs/Winter record book.pdf,14; 15,2026-08-02T19:27:06Z,glm-5.2:cloud
Boys Basketball,1966,C,Somerset,J. Robinson,,,88-71,,,,pdfs/Winter record book.pdf,14; 15,2026-08-02T19:27:06Z,glm-5.2:cloud
Boys Basketball,1967,AA,Northwestern-PG,William Longsworth,,,72-41,,,,pdfs/Winter record book.pdf,14; 15,2026-08-02T19:27:06Z,glm-5.2:cloud
Boys Basketball,1967,A,Frederick,Homer Brooks,,,59-41,,,,pdfs/Winter record book.pdf,14; 15,2026-08-02T19:27:06Z,glm-5.2:cloud
Boys Basketball,1967,B,Frederick Sasscer,Chester Pietras,,,94-79,,,,pdfs/Winter record book.pdf,14; 15,2026-08-02T19:27:06Z,glm-5.2:cloud
Boys Basketball,1967,C,Mt. Savage,Robert Kirk,,,56-54,,,,pdfs/Winter record book.pdf,14; 15,2026-08-02T19:27:06Z,glm-5.2:cloud
Boys Basketball,1968,AA,Northwestern-PG,William Longsworth,,,71-63,,,,pdfs/Winter record book.pdf,14; 15,2026-08-02T19:27:06Z,glm-5.2:cloud
Boys Basketball,1968,A,Fairmont Heights,Ken Freeman,,,67-66,,,,pdfs/Winter record book.pdf,14; 15,2026-08-02T19:27:06Z,glm-5.2:cloud
Boys Basketball,1968,B,Easton,Gary Shaffer,,,75-62,,,,pdfs/Winter record book.pdf,14; 15,2026-08-02T19:27:06Z,glm-5.2:cloud
Boys Basketball,1968,C,Gwynn Park,Tim Carney,,,87-72,,,,pdfs/Winter record book.pdf,14; 15,2026-08-02T19:27:06Z,glm-5.2:cloud
Boys Basketball,1969,AA,Montgomery Blair,Edward Clements,,,56-51,,,,pdfs/Winter record book.pdf,14; 15,2026-08-02T19:27:06Z,glm-5.2:cloud
Boys Basketball,1969,A,Central-PG,Robert O'Brien,,,47-44,,,,pdfs/Winter record book.pdf,14; 15,2026-08-02T19:27:06Z,glm-5.2:cloud
Boys Basketball,1969,B,Fairmont Heights,Ken Freeman,,,82-55,,,,pdfs/Winter record book.pdf,14; 15,2026-08-02T19:27:06Z,glm-5.2:cloud
Boys Basketball,1969,C,Gwynn Park,Larry Gandee,,,85-59,,,,pdfs/Winter record book.pdf,14; 15,2026-08-02T19:27:06Z,glm-5.2:cloud
Boys Basketball,1970,AA,DuVal,Bob Tucker,,,68-65 OT,,,,pdfs/Winter record book.pdf,14; 15,2026-08-02T19:27:06Z,glm-5.2:cloud
Boys Basketball,1970,A,Fairmont Heights,Ken Freeman,,,91-52,,,,pdfs/Winter record book.pdf,14; 15,2026-08-02T19:27:06Z,glm-5.2:cloud
Boys Basketball,1970,B,Stephen Decatur,Ward Lambert,,,64-63,,,,pdfs/Winter record book.pdf,14; 15,2026-08-02T19:27:06Z,glm-5.2:cloud
Boys Basketball,1970,C,Gwynn Park,Larry Gandee,,,60-50,,,,pdfs/Winter record book.pdf,14; 15,2026-08-02T19:27:06Z,glm-5.2:cloud
Boys Basketball,1971,AA,Parkdale,Stan Kernan,,,87-72,,,,pdfs/Winter record book.pdf,14; 15,2026-08-02T19:27:06Z,glm-5.2:cloud
Boys Basketball,1971,A,Fairmont Heights,Ken Freeman,,,120-69,,,,pdfs/Winter record book.pdf,14; 15,2026-08-02T19:27:06Z,glm-5.2:cloud
Boys Basketball,1971,B,Rockville,Jim Conner,,,51-44,,,,pdfs/Winter record book.pdf,14; 15,2026-08-02T19:27:06Z,glm-5.2:cloud
Boys Basketball,1971,C,Pocomoke,Ronnie Ross,,,80-64,,,,pdfs/Winter record book.pdf,14; 15,2026-08-02T19:27:06Z,glm-5.2:cloud
Boys Basketball,1972,AA,Springbrook,John Barrett,,,72-59,,,,pdfs/Winter record book.pdf,14; 15,2026-08-02T19:27:06Z,glm-5.2:cloud
Boys Basketball,1972,A,North Hagerstown,James Brown,,,79-70,,,,pdfs/Winter record book.pdf,14; 15,2026-08-02T19:27:06Z,glm-5.2:cloud
Boys Basketball,1972,B,Thomas Stone,Dale Cornette,,,74-66,,,,pdfs/Winter record book.pdf,14; 15,2026-08-02T19:27:06Z,glm-5.2:cloud
Boys Basketball,1972,C,Gwynn Park,Larry Gandee,,,75-74,,,,pdfs/Winter record book.pdf,14; 15,2026-08-02T19:27:06Z,glm-5.2:cloud
Boys Basketball,1973,AA,Bladensburg,Roy Henderson,,,64-60,,,,pdfs/Winter record book.pdf,14; 15,2026-08-02T19:27:06Z,glm-5.2:cloud
Boys Basketball,1973,A,Southern-AA,Tom Albright,,,30-24,,,,pdfs/Winter record book.pdf,14; 15,2026-08-02T19:27:06Z,glm-5.2:cloud
Boys Basketball,1973,B,Rockville,Jim Conner,,,62-44,,,,pdfs/Winter record book.pdf,14; 15,2026-08-02T19:27:06Z,glm-5.2:cloud
Boys Basketball,1973,C,Crisfield,William Cain,,,73-72,,,,pdfs/Winter record book.pdf,14; 15,2026-08-02T19:27:06Z,glm-5.2:cloud
Boys Basketball,1974,AA,Annapolis,Al Laramore,,,69-61,,,,pdfs/Winter record book.pdf,14; 15,2026-08-02T19:27:06Z,glm-5.2:cloud
Boys Basketball,1974,A,South Hagerstown,Nick Scallion,,,83-70,,,,pdfs/Winter record book.pdf,14; 15,2026-08-02T19:27:06Z,glm-5.2:cloud
Boys Basketball,1974,B,Frederick,Bill Brooks,,,54-53,,,,pdfs/Winter record book.pdf,14; 15,2026-08-02T19:27:06Z,glm-5.2:cloud
Boys Basketball,1974,C,Gwynn Park,Larry Gandee,,,70-65,,,,pdfs/Winter record book.pdf,14; 15,2026-08-02T19:27:06Z,glm-5.2:cloud
Boys Basketball,1975,AA,Montgomery Blair,Gene Doane,,,66-61,,,,pdfs/Winter record book.pdf,14; 15,2026-08-02T19:27:06Z,glm-5.2:cloud
Boys Basketball,1975,A,Thomas Johnson,Tom Dickman,,,52-50,,,,pdfs/Winter record book.pdf,14; 15,2026-08-02T19:27:06Z,glm-5.2:cloud
Boys Basketball,1975,B,Edgewood,Paul Mezger,,,52-50,,,,pdfs/Winter record book.pdf,14; 15,2026-08-02T19:27:06Z,glm-5.2:cloud
Boys Basketball,1975,C,Washington,Larry Sterling,,,85-82 OT,,,,pdfs/Winter record book.pdf,14; 15,2026-08-02T19:27:06Z,glm-5.2:cloud
Boys Basketball,1976,AA,Parkdale,Stan Kernan,,,53-51,,,,pdfs/Winter record book.pdf,14; 15,2026-08-02T19:27:06Z,glm-5.2:cloud
Boys Basketball,1976,A,Aberdeen,Terry Colaw,,,66-55,,,,pdfs/Winter record book.pdf,14; 15,2026-08-02T19:27:06Z,glm-5.2:cloud
Boys Basketball,1976,B,Gwynn Park,Larry Gandee,,,79-59,,,,pdfs/Winter record book.pdf,14; 15,2026-08-02T19:27:06Z,glm-5.2:cloud
Boys Basketball,1976,C,Pocomoke,Carey Reece,,,80-66,,,,pdfs/Winter record book.pdf,14; 15,2026-08-02T19:27:06Z,glm-5.2:cloud
Boys Basketball,1977,AA,Montgomery Blair,Gene Doane,,,70-68 OT,,,,pdfs/Winter record book.pdf,14; 15,2026-08-02T19:27:06Z,glm-5.2:cloud
Boys Basketball,1977,A,Charles W. Woodward,H. Thomas George,,,60-55,,,,pdfs/Winter record book.pdf,14; 15,2026-08-02T19:27:06Z,glm-5.2:cloud
Boys Basketball,1977,B,Paint Branch,Hank Galotta,,,76-52,,,,pdfs/Winter record book.pdf,14; 15,2026-08-02T19:27:06Z,glm-5.2:cloud
Boys Basketball,1977,C,Brunswick,Bill Kubat,,,65-61 OT,,,,pdfs/Winter record book.pdf,14; 15,2026-08-02T19:27:06Z,glm-5.2:cloud
Boys Basketball,1978,AA,Winston Churchill,Les Lombardi,,,77-63,,,,pdfs/Winter record book.pdf,14; 15,2026-08-02T19:27:06Z,glm-5.2:cloud
Boys Basketball,1978,A,Thomas S. Wootton,Dale Miller,,,81-67,,,,pdfs/Winter record book.pdf,14; 15,2026-08-02T19:27:06Z,glm-5.2:cloud
Boys Basketball,1978,B,Frederick,Bill Brooks,,,64-62,,,,pdfs/Winter record book.pdf,14; 15,2026-08-02T19:27:06Z,glm-5.2:cloud
Boys Basketball,1978,C,Crisfield,Bill Cain,,,65-58,,,,pdfs/Winter record book.pdf,14; 15,2026-08-02T19:27:06Z,glm-5.2:cloud
Boys Basketball,1979,AA,Montgomery Blair,Marty Dickerson,,,55-53,,,,pdfs/Winter record book.pdf,14; 15,2026-08-02T19:27:06Z,glm-5.2:cloud
Boys Basketball,1979,A,Thomas S. Wootton,Dale Miller,,,62-55,,,,pdfs/Winter record book.pdf,14; 15,2026-08-02T19:27:06Z,glm-5.2:cloud
Boys Basketball,1979,B,Sherwood,Harry Laughner,,,79-58,,,,pdfs/Winter record book.pdf,14; 15,2026-08-02T19:27:06Z,glm-5.2:cloud
Boys Basketball,1979,C,Valley,John Meyers,,,54-51,,,,pdfs/Winter record book.pdf,14; 15,2026-08-02T19:27:06Z,glm-5.2:cloud
Boys Basketball,1980,AA,Laurel,Randy Maddox,,,55-49,,,,pdfs/Winter record book.pdf,14; 15,2026-08-02T19:27:06Z,glm-5.2:cloud
Boys Basketball,1980,A,Gwynn Park,Larry Gandee,,,75-74 (2 OT),,,,pdfs/Winter record book.pdf,14; 15,2026-08-02T19:27:06Z,glm-5.2:cloud
Boys Basketball,1980,B,Cambridge/SD,Ken Edgar,,,55-47,,,,pdfs/Winter record book.pdf,14; 15,2026-08-02T19:27:06Z,glm-5.2:cloud
Boys Basketball,1980,C,Crisfield,Bill Cain,,,66-60,,,,pdfs/Winter record book.pdf,14; 15,2026-08-02T19:27:06Z,glm-5.2:cloud
Boys Basketball,1981,AA,Potomac,Taft Hickman,,,69-55,,,,pdfs/Winter record book.pdf,14; 15,2026-08-02T19:27:06Z,glm-5.2:cloud
Boys Basketball,1981,A,Fairmont Heights,Paul Pinsky,,,73-69,,,,pdfs/Winter record book.pdf,14; 15,2026-08-02T19:27:06Z,glm-5.2:cloud
Boys Basketball,1981,B,Southern-AA,Tom Albright,,,63-59,,,,pdfs/Winter record book.pdf,14; 15,2026-08-02T19:27:06Z,glm-5.2:cloud
Boys Basketball,1981,C,Valley,John Meyers,,,55-52,,,,pdfs/Winter record book.pdf,14; 15,2026-08-02T19:27:06Z,glm-5.2:cloud
Boys Basketball,1982,AA,High Point,Al Moraz,,,54-52,,,,pdfs/Winter record book.pdf,14; 15,2026-08-02T19:27:06Z,glm-5.2:cloud
Boys Basketball,1982,A,Thomas Johnson,Tom Dickman,,,59-50,,,,pdfs/Winter record book.pdf,14; 15,2026-08-02T19:27:06Z,glm-5.2:cloud
Boys Basketball,1982,B,Frederick,Bud Rogers,,,70-58,,,,pdfs/Winter record book.pdf,14; 15,2026-08-02T19:27:06Z,glm-5.2:cloud
Boys Basketball,1982,C,Crisfield,Bill Cain,,,68-60,,,,pdfs/Winter record book.pdf,14; 15,2026-08-02T19:27:06Z,glm-5.2:cloud
Boys Basketball,1983,AA,Thomas S. Wootton,Stan Wolk,,,70-64,,,,pdfs/Winter record book.pdf,14; 15,2026-08-02T19:27:06Z,glm-5.2:cloud
Boys Basketball,1983,A,Gwynn Park,Owen Johnson,,,62-48,,,,pdfs/Winter record book.pdf,14; 15,2026-08-02T19:27:06Z,glm-5.2:cloud
Boys Basketball,1983,B,Southern-AA,Tom Albright,,,75-67 OT,,,,pdfs/Winter record book.pdf,14; 15,2026-08-02T19:27:06Z,glm-5.2:cloud
Boys Basketball,1983,C,Hammond,Mike Mongelli,,,73-51,,,,pdfs/Winter record book.pdf,14; 15,2026-08-02T19:27:06Z,glm-5.2:cloud
Boys Basketball,1984,AA,Bethesda-Chevy Chase,Bill Wright,,,57-54,,,,pdfs/Winter record book.pdf,14; 15,2026-08-02T19:27:06Z,glm-5.2:cloud
Boys Basketball,1984,A,Central-PG,Walter Fulton,,,76-71 (2 OT),,,,pdfs/Winter record book.pdf,14; 15,2026-08-02T19:27:06Z,glm-5.2:cloud
Boys Basketball,1984,B,Mt. Hebron,Chuck Monninger,,,56-54,,,,pdfs/Winter record book.pdf,14; 15,2026-08-02T19:27:06Z,glm-5.2:cloud
Boys Basketball,1984,C,Walkersville,Dave Miller,,,63-46,,,,pdfs/Winter record book.pdf,14; 15,2026-08-02T19:27:06Z,glm-5.2:cloud
Boys Basketball,1985,AA,Suitland,Irvin Hay,,,73-63,,,,pdfs/Winter record book.pdf,14; 15,2026-08-02T19:27:06Z,glm-5.2:cloud
Boys Basketball,1985,A,Thomas Johnson,Tom Dickman,,,68-55,,,,pdfs/Winter record book.pdf,14; 15,2026-08-02T19:27:06Z,glm-5.2:cloud
Boys Basketball,1985,B,Forestville,Aaron Holder,,,67-63,,,,pdfs/Winter record book.pdf,14; 15,2026-08-02T19:27:06Z,glm-5.2:cloud
Boys Basketball,1985,C,Wilde Lake,Frank Rhodes,,,53-51,,,,pdfs/Winter record book.pdf,14; 15,2026-08-02T19:27:06Z,glm-5.2:cloud
Boys Basketball,1986,AA,Crossland,Earl Hawkins,,,64-59,,,,pdfs/Winter record book.pdf,14; 15,2026-08-02T19:27:06Z,glm-5.2:cloud
Boys Basketball,1986,A,Thomas Johnson,Tom Dickman,,,83-62,,,,pdfs/Winter record book.pdf,14; 15,2026-08-02T19:27:06Z,glm-5.2:cloud
Boys Basketball,1986,B,Southern-AA,Tom Albright,,,64-51,,,,pdfs/Winter record book.pdf,14; 15,2026-08-02T19:27:06Z,glm-5.2:cloud
Boys Basketball,1986,C,Walkersville,David Miller,,,62-49 OT,,,,pdfs/Winter record book.pdf,14; 15,2026-08-02T19:27:06Z,glm-5.2:cloud
Boys Basketball,1987,AA,Northwestern-PG,Cornell Jones,,,73-63,,,,pdfs/Winter record book.pdf,14; 15,2026-08-02T19:27:06Z,glm-5.2:cloud
Boys Basketball,1987,A,Gwynn Park,George Leftwich,,,59-38,,,,pdfs/Winter record book.pdf,14; 15,2026-08-02T19:27:06Z,glm-5.2:cloud
Boys Basketball,1987,B,Walter Johnson,Hal Templeton,,,55-53,,,,pdfs/Winter record book.pdf,14; 15,2026-08-02T19:27:06Z,glm-5.2:cloud
Boys Basketball,1987,C,North Caroline,Henry Ward,,,59-57,,,,pdfs/Winter record book.pdf,14; 15,2026-08-02T19:27:06Z,glm-5.2:cloud
Boys Basketball,1988,AA,Springbrook,John Barrett,,,77-73,,,,pdfs/Winter record book.pdf,14; 15,2026-08-02T19:27:06Z,glm-5.2:cloud
Boys Basketball,1988,A,Thomas Johnson,Tom Dickman,,,88-69,,,,pdfs/Winter record book.pdf,14; 15,2026-08-02T19:27:06Z,glm-5.2:cloud
Boys Basketball,1988,B,Gwynn Park,George Leftwich,,,63-51,,,,pdfs/Winter record book.pdf,14; 15,2026-08-02T19:27:06Z,glm-5.2:cloud
Boys Basketball,1988,C,Milford Mill,Homer Seidel,,,65-61,,,,pdfs/Winter record book.pdf,14; 15,2026-08-02T19:27:06Z,glm-5.2:cloud
Boys Basketball,1989,AA,High Point,Ernie Welch,,,92-84,,,,pdfs/Winter record book.pdf,14; 15,2026-08-02T19:27:06Z,glm-5.2:cloud
Boys Basketball,1989,A,Potomac,Taft Hickman,,,82-56,,,,pdfs/Winter record book.pdf,14; 15,2026-08-02T19:27:06Z,glm-5.2:cloud
Boys Basketball,1989,B,Cambridge/SD,Grayson Hurley,,,77-73,,,,pdfs/Winter record book.pdf,14; 15,2026-08-02T19:27:06Z,glm-5.2:cloud
Boys Basketball,1989,C,Snow Hill,Allen Miller,,,89-78,,,,pdfs/Winter record book.pdf,14; 15,2026-08-02T19:27:06Z,glm-5.2:cloud
Boys Basketball,1990,AA,Annapolis,John Brady,,,106-102,,,,pdfs/Winter record book.pdf,14; 15,2026-08-02T19:27:06Z,glm-5.2:cloud
Boys Basketball,1990,A,Oakland Mills,Dave Appleby,,,81-72,,,,pdfs/Winter record book.pdf,14; 15,2026-08-02T19:27:06Z,glm-5.2:cloud
Boys Basketball,1990,B,Central-PG,Walter Fulton,,,79-77 OT,,,,pdfs/Winter record book.pdf,14; 15,2026-08-02T19:27:06Z,glm-5.2:cloud
Boys Basketball,1990,C,Joppatowne,Mike Bauer,,,71-47,,,,pdfs/Winter record book.pdf,14; 15,2026-08-02T19:27:06Z,glm-5.2:cloud
Boys Basketball,1991,AA,Parkdale,Ken Freeman,,,68-54,,,,pdfs/Winter record book.pdf,14; 15,2026-08-02T19:27:06Z,glm-5.2:cloud
Boys Basketball,1991,A,DuVal,"Artie Walker, Sr.",,,85-66,,,,pdfs/Winter record book.pdf,14; 15,2026-08-02T19:27:06Z,glm-5.2:cloud
Boys Basketball,1991,B,Forestville,Gary McCorkle,,,77-59,,,,pdfs/Winter record book.pdf,14; 15,2026-08-02T19:27:06Z,glm-5.2:cloud
Boys Basketball,1991,C,Joppatowne,Mike Bauer,,,67-47,,,,pdfs/Winter record book.pdf,14; 15,2026-08-02T19:27:06Z,glm-5.2:cloud
Boys Basketball,1992,AA,High Point,Ernie Welch,,,65-53,,,,pdfs/Winter record book.pdf,14; 15,2026-08-02T19:27:06Z,glm-5.2:cloud
Boys Basketball,1992,A,Catonsville,Art Gamzon,,,70-69,,,,pdfs/Winter record book.pdf,14; 15,2026-08-02T19:27:06Z,glm-5.2:cloud
Boys Basketball,1992,B,Forestville,Gary McCorkle,,,84-53,,,,pdfs/Winter record book.pdf,14; 15,2026-08-02T19:27:06Z,glm-5.2:cloud
Boys Basketball,1992,C,Milford Mill,Homer Seidel,,,88-63,,,,pdfs/Winter record book.pdf,14; 15,2026-08-02T19:27:06Z,glm-5.2:cloud
Boys Basketball,1993,AA,Largo,Louis Wilson,,,82-70,,,,pdfs/Winter record book.pdf,14; 15,2026-08-02T19:27:06Z,glm-5.2:cloud
Boys Basketball,1993,A,Southern-B,Meredith Smith,,,70-57,,,,pdfs/Winter record book.pdf,14; 15,2026-08-02T19:27:06Z,glm-5.2:cloud
Boys Basketball,1993,B,Allegany,Toby Eirich,,,50-45 OT,,,,pdfs/Winter record book.pdf,14; 15,2026-08-02T19:27:06Z,glm-5.2:cloud
Boys Basketball,1993,C,Dunbar,Pete Pompey,,,66-59,,,,pdfs/Winter record book.pdf,14; 15,2026-08-02T19:27:06Z,glm-5.2:cloud
Boys Basketball,1994,AA,Southern-B,Meredith Smith,,,68-58,,,,pdfs/Winter record book.pdf,14; 15,2026-08-02T19:27:06Z,glm-5.2:cloud
Boys Basketball,1994,A,DuVal,"Artie Walker, Sr.",,,60-58,,,,pdfs/Winter record book.pdf,14; 15,2026-08-02T19:27:06Z,glm-5.2:cloud
Boys Basketball,1994,B,Dunbar,Paul Smith,,,90-62,,,,pdfs/Winter record book.pdf,14; 15,2026-08-02T19:27:06Z,glm-5.2:cloud
Boys Basketball,1994,C,Milford Mill,Homer Seidel,,,68-54,,,,pdfs/Winter record book.pdf,14; 15,2026-08-02T19:27:06Z,glm-5.2:cloud
Boys Basketball,1995,AA,Lake Clifton/Eastern,Charlie Moore,,,65-62,,,,pdfs/Winter record book.pdf,14; 15,2026-08-02T19:27:06Z,glm-5.2:cloud
Boys Basketball,1995,A,Randallstown,Kim Rivers,,,58-57,,,,pdfs/Winter record book.pdf,14; 15,2026-08-02T19:27:06Z,glm-5.2:cloud
Boys Basketball,1995,B,Dunbar,Paul Smith,,,100-58,,,,pdfs/Winter record book.pdf,14; 15,2026-08-02T19:27:06Z,glm-5.2:cloud
Boys Basketball,1995,C,Forestville,Irvin Hay,,,67-63,,,,pdfs/Winter record book.pdf,14; 15,2026-08-02T19:27:06Z,glm-5.2:cloud
Boys Basketball,1996,AA,Southern-B,Meredith Smith,,,64-41,,,,pdfs/Winter record book.pdf,14; 15,2026-08-02T19:27:06Z,glm-5.2:cloud
Boys Basketball,1996,A,Dunbar,Paul Smith,,,66-60,,,,pdfs/Winter record book.pdf,14; 15,2026-08-02T19:27:06Z,glm-5.2:cloud
Boys Basketball,1996,B,Central-PG,Walter Fulton,,,82-64,,,,pdfs/Winter record book.pdf,14; 15,2026-08-02T19:27:06Z,glm-5.2:cloud
Boys Basketball,1996,C,Cambridge/SD,Grayson Hurley,,,71-51,,,,pdfs/Winter record book.pdf,14; 15,2026-08-02T19:27:06Z,glm-5.2:cloud
Boys Basketball,1997,AA,Southwestern,Terry Leverett,,,81-75 OT,,,,pdfs/Winter record book.pdf,14; 15,2026-08-02T19:27:06Z,glm-5.2:cloud
Boys Basketball,1997,A,Thomas Johnson,Tom Dickman,,,82-51,,,,pdfs/Winter record book.pdf,14; 15,2026-08-02T19:27:06Z,glm-5.2:cloud
Boys Basketball,1997,B,Surrattsville,Jim Butler,,,72-45,,,,pdfs/Winter record book.pdf,14; 15,2026-08-02T19:27:06Z,glm-5.2:cloud
Boys Basketball,1997,C,Edgewood,Bob Slagle,,,60-51,,,,pdfs/Winter record book.pdf,14; 15,2026-08-02T19:27:06Z,glm-5.2:cloud
Boys Basketball,1998,AA,Gaithersburg,Paul Foringer,,,96-91 OT,,,,pdfs/Winter record book.pdf,14; 15,2026-08-02T19:27:06Z,glm-5.2:cloud
Boys Basketball,1998,A,Friendly,Jim Griffin,,,55-46,,,,pdfs/Winter record book.pdf,14; 15,2026-08-02T19:27:06Z,glm-5.2:cloud
Boys Basketball,1998,B,Dunbar,Lynn Badham,,,57-40,,,,pdfs/Winter record book.pdf,14; 15,2026-08-02T19:27:06Z,glm-5.2:cloud
Boys Basketball,1998,C,Forest Park,Gregory Warren,,,45-43,,,,pdfs/Winter record book.pdf,14; 15,2026-08-02T19:27:06Z,glm-5.2:cloud
Boys Basketball,1999,AA,Lake Clifton/Eastern,Herman Harried,,,50-48,,,,pdfs/Winter record book.pdf,14; 15,2026-08-02T19:27:06Z,glm-5.2:cloud
Boys Basketball,1999,A,Thomas Johnson,Tom Dickman,,,64-62,,,,pdfs/Winter record book.pdf,14; 15,2026-08-02T19:27:06Z,glm-5.2:cloud
Boys Basketball,1999,B,Dunbar,Lynn Badham,,,79-43,,,,pdfs/Winter record book.pdf,14; 15,2026-08-02T19:27:06Z,glm-5.2:cloud
Boys Basketball,1999,C,North Dorchester,Vic Burns,,,73-42,,,,pdfs/Winter record book.pdf,14; 15,2026-08-02T19:27:06Z,glm-5.2:cloud
Boys Basketball,2000,AA,Oxon Hill,Billy Lanier,,,60-42,,,,pdfs/Winter record book.pdf,14; 15,2026-08-02T19:27:06Z,glm-5.2:cloud
Boys Basketball,2000,A,Paint Branch,Walter Hardy,,,67-50,,,,pdfs/Winter record book.pdf,14; 15,2026-08-02T19:27:06Z,glm-5.2:cloud
Boys Basketball,2000,B,Aberdeen,Richard Hart,,,50-48,,,,pdfs/Winter record book.pdf,14; 15,2026-08-02T19:27:06Z,glm-5.2:cloud
Boys Basketball,2000,C,Crisfield,Phillip Rayfield,,,42-37,,,,pdfs/Winter record book.pdf,14; 15,2026-08-02T19:27:06Z,glm-5.2:cloud
Boys Basketball,2001,4A,Magruder,Dan Harwood,,,70-58,,,,pdfs/Winter record book.pdf,16,2026-08-02T19:27:40Z,glm-5.2:cloud
Boys Basketball,2001,3A,Randallstown,Kim Rivers,,,62-54,,,,pdfs/Winter record book.pdf,16,2026-08-02T19:27:40Z,glm-5.2:cloud
Boys Basketball,2001,2A,Dunbar,Eric Lee,,,45-43,,,,pdfs/Winter record book.pdf,16,2026-08-02T19:27:40Z,glm-5.2:cloud
Boys Basketball,2001,1A,Snow Hill,Allen Miller,,,69-60,,,,pdfs/Winter record book.pdf,16,2026-08-02T19:27:40Z,glm-5.2:cloud
Boys Basketball,2002,4A,Eleanor Roosevelt,Glenn Farello,,,50-45,,,,pdfs/Winter record book.pdf,16,2026-08-02T19:27:40Z,glm-5.2:cloud
Boys Basketball,2002,3A,Douglass-B,Rodney Coffield,,,76-72,,,,pdfs/Winter record book.pdf,16,2026-08-02T19:27:40Z,glm-5.2:cloud
Boys Basketball,2002,2A,Wicomico,Butch Waller,,,72-50,,,,pdfs/Winter record book.pdf,16,2026-08-02T19:27:40Z,glm-5.2:cloud
Boys Basketball,2002,1A,Pocomoke,David Byrd,,,88-70,,,,pdfs/Winter record book.pdf,16,2026-08-02T19:27:40Z,glm-5.2:cloud
Boys Basketball,2003,4A,Oxon Hill,Billy Lanier,,,50-40,,,,pdfs/Winter record book.pdf,16,2026-08-02T19:27:40Z,glm-5.2:cloud
Boys Basketball,2003,3A,Friendly,"Gerald Moore, Jr.",,,66-57,,,,pdfs/Winter record book.pdf,16,2026-08-02T19:27:40Z,glm-5.2:cloud
Boys Basketball,2003,2A,James M. Bennett,Bruce Wharton,,,56-52,,,,pdfs/Winter record book.pdf,16,2026-08-02T19:27:40Z,glm-5.2:cloud
Boys Basketball,2003,1A,Dunbar,Eric Lee,,,72-55,,,,pdfs/Winter record book.pdf,16,2026-08-02T19:27:40Z,glm-5.2:cloud
Boys Basketball,2004,4A,Northwestern-PG,Anthony Dickens,,,61-59,,,,pdfs/Winter record book.pdf,16,2026-08-02T19:27:40Z,glm-5.2:cloud
Boys Basketball,2004,3A,Douglass-B,Rodney Coffield,,,66-65,,,,pdfs/Winter record book.pdf,16,2026-08-02T19:27:40Z,glm-5.2:cloud
Boys Basketball,2004,2A,Friendly,"Gerald Moore, Jr.",,,84-58,,,,pdfs/Winter record book.pdf,16,2026-08-02T19:27:40Z,glm-5.2:cloud
Boys Basketball,2004,1A,Dunbar,Eric Lee,,,68-43,,,,pdfs/Winter record book.pdf,16,2026-08-02T19:27:40Z,glm-5.2:cloud
Boys Basketball,2005,4A,Walbrook,Kelvin Bridgers,,,45-38,,,,pdfs/Winter record book.pdf,16,2026-08-02T19:27:40Z,glm-5.2:cloud
Boys Basketball,2005,3A,Randallstown,Kim Rivers,,,78-76 OT,,,,pdfs/Winter record book.pdf,16,2026-08-02T19:27:40Z,glm-5.2:cloud
Boys Basketball,2005,2A,Potomac,Rico Reed,,,83-74,,,,pdfs/Winter record book.pdf,16,2026-08-02T19:27:40Z,glm-5.2:cloud
Boys Basketball,2005,1A,Dunbar,Eric Lee,,,69-56,,,,pdfs/Winter record book.pdf,16,2026-08-02T19:27:40Z,glm-5.2:cloud
Boys Basketball,2006,4A,Walt Whitman,Chris Lun,,,39-38,,,,pdfs/Winter record book.pdf,16,2026-08-02T19:27:40Z,glm-5.2:cloud
Boys Basketball,2006,3A,Long Reach,"Al Moraz, Sr.",,,54-49,,,,pdfs/Winter record book.pdf,16,2026-08-02T19:27:40Z,glm-5.2:cloud
Boys Basketball,2006,2A,Randallstown,Kim Rivers,,,64-54,,,,pdfs/Winter record book.pdf,16,2026-08-02T19:27:40Z,glm-5.2:cloud
Boys Basketball,2006,1A,Dunbar,Eric Lee,,,68-47,,,,pdfs/Winter record book.pdf,16,2026-08-02T19:27:40Z,glm-5.2:cloud
Boys Basketball,2007,4A,Sherwood,Dondrell Whitmore,,,61-38,,,,pdfs/Winter record book.pdf,16,2026-08-02T19:27:40Z,glm-5.2:cloud
Boys Basketball,2007,3A,River Hill,Matthew Graves,,,60-51,,,,pdfs/Winter record book.pdf,16,2026-08-02T19:27:40Z,glm-5.2:cloud
Boys Basketball,2007,2A,Randallstown,Kim Rivers,,,66-63,,,,pdfs/Winter record book.pdf,16,2026-08-02T19:27:40Z,glm-5.2:cloud
Boys Basketball,2007,1A,New Town,Mike Smith,,,74-69 OT,,,,pdfs/Winter record book.pdf,16,2026-08-02T19:27:40Z,glm-5.2:cloud
Boys Basketball,2008,4A,Springbrook,Thomas Crowell,,,61-57,,,,pdfs/Winter record book.pdf,16,2026-08-02T19:27:40Z,glm-5.2:cloud
Boys Basketball,2008,3A,Largo,Lewis Howard,,,84-58,,,,pdfs/Winter record book.pdf,16,2026-08-02T19:27:40Z,glm-5.2:cloud
Boys Basketball,2008,2A,Winters Mill,David Herman,,,54-47,,,,pdfs/Winter record book.pdf,16,2026-08-02T19:27:40Z,glm-5.2:cloud
Boys Basketball,2008,1A,Snow Hill,Allen Miller,,,92-75,,,,pdfs/Winter record book.pdf,16,2026-08-02T19:27:40Z,glm-5.2:cloud
Boys Basketball,2009,4A,Springbrook,Thomas Crowell,,,73-61,,,,pdfs/Winter record book.pdf,16,2026-08-02T19:27:40Z,glm-5.2:cloud
Boys Basketball,2009,3A,Lake Clifton,Herman Harried,,,75-50,,,,pdfs/Winter record book.pdf,16,2026-08-02T19:27:40Z,glm-5.2:cloud
Boys Basketball,2009,2A,City College,Mike Daniel,,,55-42,,,,pdfs/Winter record book.pdf,16,2026-08-02T19:27:40Z,glm-5.2:cloud
Boys Basketball,2009,1A,Digital Harbor,Johnnie Grimes,,,75-60,,,,pdfs/Winter record book.pdf,16,2026-08-02T19:27:40Z,glm-5.2:cloud
Boys Basketball,2010,4A,Springbrook,Thomas Crowell,,,74-67,,,,pdfs/Winter record book.pdf,16,2026-08-02T19:27:40Z,glm-5.2:cloud
Boys Basketball,2010,3A,Milford Mill,Albert Holley,,,60-46,,,,pdfs/Winter record book.pdf,16,2026-08-02T19:27:40Z,glm-5.2:cloud
Boys Basketball,2010,2A,City College,Mike Daniel,,,56-45,,,,pdfs/Winter record book.pdf,16,2026-08-02T19:27:40Z,glm-5.2:cloud
Boys Basketball,2010,1A,Dunbar,Cyrus Jones,,,64-53,,,,pdfs/Winter record book.pdf,16,2026-08-02T19:27:40Z,glm-5.2:cloud
Boys Basketball,2011,4A,North Point,Jimmy Ball,,,76-72,,,,pdfs/Winter record book.pdf,16,2026-08-02T19:27:40Z,glm-5.2:cloud
Boys Basketball,2011,3A,Milford Mill,Albert Holley,,,56-44,,,,pdfs/Winter record book.pdf,16,2026-08-02T19:27:40Z,glm-5.2:cloud
Boys Basketball,2011,2A,Digital Harbor,Johnnie Grimes,,,64-46,,,,pdfs/Winter record book.pdf,16,2026-08-02T19:27:40Z,glm-5.2:cloud
Boys Basketball,2011,1A,Dunbar,Cyrus Jones,,,64-43,,,,pdfs/Winter record book.pdf,16,2026-08-02T19:27:40Z,glm-5.2:cloud
Boys Basketball,2012,4A,Magruder,Dan Harwood,,,39-36,,,,pdfs/Winter record book.pdf,16,2026-08-02T19:27:40Z,glm-5.2:cloud
Boys Basketball,2012,3A,Patterson,Harry Martin,,,86-75,,,,pdfs/Winter record book.pdf,16,2026-08-02T19:27:40Z,glm-5.2:cloud
Boys Basketball,2012,2A,Lake Clifton,Herman Harried,,,70-64,,,,pdfs/Winter record book.pdf,16,2026-08-02T19:27:40Z,glm-5.2:cloud
Boys Basketball,2012,1A,Dunbar,Cyrus Jones,,,60-36,,,,pdfs/Winter record book.pdf,16,2026-08-02T19:27:40Z,glm-5.2:cloud
Boys Basketball,2013,4A,Eleanor Roosevelt,Brendan O'Connell,,,61-56,,,,pdfs/Winter record book.pdf,16,2026-08-02T19:27:40Z,glm-5.2:cloud
Boys Basketball,2013,3A,Milford Mill,Michael Silverman,,,84-55,,,,pdfs/Winter record book.pdf,16,2026-08-02T19:27:40Z,glm-5.2:cloud
Boys Basketball,2013,2A,Edmondson/Westside,Darnell Dantzler,,,56-54,,,,pdfs/Winter record book.pdf,16,2026-08-02T19:27:40Z,glm-5.2:cloud
Boys Basketball,2013,1A,Dunbar,Cyrus Jones,,,54-52,,,,pdfs/Winter record book.pdf,16,2026-08-02T19:27:40Z,glm-5.2:cloud
Boys Basketball,2014,4A,Dr. Henry A. Wise,Robert Garner,,,70-43,,,,pdfs/Winter record book.pdf,16,2026-08-02T19:27:40Z,glm-5.2:cloud
Boys Basketball,2014,3A,City College,Daryl Wade,,,59-48,,,,pdfs/Winter record book.pdf,16,2026-08-02T19:27:40Z,glm-5.2:cloud
Boys Basketball,2014,2A,Potomac,Renard Johnson,,,64-51,,,,pdfs/Winter record book.pdf,16,2026-08-02T19:27:40Z,glm-5.2:cloud
Boys Basketball,2014,1A,Edmondson/Westside,Darnell Dantzler,,,54-51,,,,pdfs/Winter record book.pdf,16,2026-08-02T19:27:40Z,glm-5.2:cloud
Boys Basketball,2015,4A,Meade,Pete Corriero,,,80-45,,,,pdfs/Winter record book.pdf,16,2026-08-02T19:27:40Z,glm-5.2:cloud
Boys Basketball,2015,3A,Centennial,Chad Hollwedel,,,57-43,,,,pdfs/Winter record book.pdf,16,2026-08-02T19:27:40Z,glm-5.2:cloud
Boys Basketball,2015,2A,Oakland Mills,Jon Browne,,,64-55,,,,pdfs/Winter record book.pdf,16,2026-08-02T19:27:40Z,glm-5.2:cloud
Boys Basketball,2015,1A,New Town,Mike Daniel,,,55-51,,,,pdfs/Winter record book.pdf,16,2026-08-02T19:27:40Z,glm-5.2:cloud
Boys Basketball,2016,4A,Eleanor Roosevelt,Brendan O'Connell,,,72-39,,,,pdfs/Winter record book.pdf,16,2026-08-02T19:27:40Z,glm-5.2:cloud
Boys Basketball,2016,3A,C. Milton Wright,Jon Stefanides,,,51-49 OT,,,,pdfs/Winter record book.pdf,16,2026-08-02T19:27:40Z,glm-5.2:cloud
Boys Basketball,2016,2A,New Town,Mike Daniel,,,56-52,,,,pdfs/Winter record book.pdf,16,2026-08-02T19:27:40Z,glm-5.2:cloud
Boys Basketball,2016,1A,Pocomoke,Derrick Fooks,,,64-56,,,,pdfs/Winter record book.pdf,16,2026-08-02T19:27:40Z,glm-5.2:cloud
Boys Basketball,2017,4A,Perry Hall,George Panageotou,,,59-56 OT,,,,pdfs/Winter record book.pdf,16,2026-08-02T19:27:40Z,glm-5.2:cloud
Boys Basketball,2017,3A,Baltimore Polytechnic,Samuel Brand,,,64-63,,,,pdfs/Winter record book.pdf,16,2026-08-02T19:27:40Z,glm-5.2:cloud
Boys Basketball,2017,2A,Patterson,Harry Martin,,,49-43,,,,pdfs/Winter record book.pdf,16,2026-08-02T19:27:40Z,glm-5.2:cloud
Boys Basketball,2017,1A,Fairmont Heights,Chuck Henry,,,65-52,,,,pdfs/Winter record book.pdf,16,2026-08-02T19:27:40Z,glm-5.2:cloud
Boys Basketball,2018,4A,Perry Hall,George Panageotou,,,56-52,,,,pdfs/Winter record book.pdf,16,2026-08-02T19:27:40Z,glm-5.2:cloud
Boys Basketball,2018,3A,Baltimore Polytechnic,Samuel Brand,,,49-47,,,,pdfs/Winter record book.pdf,16,2026-08-02T19:27:40Z,glm-5.2:cloud
Boys Basketball,2018,2A,Lake Clifton,Herman Harried,,,63-55,,,,pdfs/Winter record book.pdf,16,2026-08-02T19:27:40Z,glm-5.2:cloud
Boys Basketball,2018,1A,Paul Laurence Dunbar,"Cyrus Jones, Sr.",,,59-48,,,,pdfs/Winter record book.pdf,16,2026-08-02T19:27:40Z,glm-5.2:cloud
Boys Basketball,2019,4A,Eleanor Roosevelt,Brendan O'Connell,,,77-48,,,,pdfs/Winter record book.pdf,16,2026-08-02T19:27:40Z,glm-5.2:cloud
Boys Basketball,2019,3A,Baltimore Polytechnic,Samuel Brand,,,69-41,,,,pdfs/Winter record book.pdf,16,2026-08-02T19:27:40Z,glm-5.2:cloud
Boys Basketball,2019,2A,Patterson,Harry Martin,,,79-56,,,,pdfs/Winter record book.pdf,16,2026-08-02T19:27:40Z,glm-5.2:cloud
Boys Basketball,2019,1A,Lake Clifton,Herman Harried,,,64-46,,,,pdfs/Winter record book.pdf,16,2026-08-02T19:27:40Z,glm-5.2:cloud
Boys Basketball,2022,4A,Eleanor Roosevelt,Brendan O'Connell,,,54-49 2OT,,,,pdfs/Winter record book.pdf,16,2026-08-02T19:27:40Z,glm-5.2:cloud
Boys Basketball,2022,3A,Oakdale,Brandon Long,,,61-40,,,,pdfs/Winter record book.pdf,16,2026-08-02T19:27:40Z,glm-5.2:cloud
Boys Basketball,2022,2A,Westlake,Ed Mouton,,,63-61,,,,pdfs/Winter record book.pdf,16,2026-08-02T19:27:40Z,glm-5.2:cloud
Boys Basketball,2022,1A,Lake Clifton,Herman Harried,,,60-46,,,,pdfs/Winter record book.pdf,16,2026-08-02T19:27:40Z,glm-5.2:cloud
Boys Basketball,2023,4A,Parkville,Josh Czerski,,,72-56,,,,pdfs/Winter record book.pdf,16,2026-08-02T19:27:40Z,glm-5.2:cloud
Boys Basketball,2023,3A,Baltimore City College,Omarr Smith,,,67-54,,,,pdfs/Winter record book.pdf,16,2026-08-02T19:27:40Z,glm-5.2:cloud
Boys Basketball,2023,2A,New Town,Derek Wise,,,64-57,,,,pdfs/Winter record book.pdf,16,2026-08-02T19:27:40Z,glm-5.2:cloud
Boys Basketball,2023,1A,Edmondson/Westside,Darnell Dantzler,,,56-48,,,,pdfs/Winter record book.pdf,16,2026-08-02T19:27:40Z,glm-5.2:cloud
Boys Basketball,2024,4A,Frederick,Emonte Hill,,,74-49,,,,pdfs/Winter record book.pdf,16,2026-08-02T19:27:40Z,glm-5.2:cloud
Boys Basketball,2024,3A,Northeast-AA,Roger O'Dea,,,69-66,,,,pdfs/Winter record book.pdf,16,2026-08-02T19:27:40Z,glm-5.2:cloud
Boys Basketball,2024,2A,Largo,Rodney Ward,,,66-52,,,,pdfs/Winter record book.pdf,16,2026-08-02T19:27:40Z,glm-5.2:cloud
Boys Basketball,2024,1A,Edmondson/Westside,Darnell Dantzler,,,69-65,,,,pdfs/Winter record book.pdf,16,2026-08-02T19:27:40Z,glm-5.2:cloud
Boys Basketball,2025,4A,Laurel,Eric Hines,,,68-53,,,,pdfs/Winter record book.pdf,16,2026-08-02T19:27:40Z,glm-5.2:cloud
Boys Basketball,2025,3A,Baltimore City College,Omarr Smith,,,70-61,,,,pdfs/Winter record book.pdf,16,2026-08-02T19:27:40Z,glm-5.2:cloud
Boys Basketball,2025,2A,Largo,Rodney Ward,,,50-48,,,,pdfs/Winter record book.pdf,16,2026-08-02T19:27:40Z,glm-5.2:cloud
Boys Basketball,2025,1A,Cambridge-S. Dorchester,Shawn Tucker,,,36-33 OT,,,,pdfs/Winter record book.pdf,16,2026-08-02T19:27:40Z,glm-5.2:cloud
Girls Indoor Track,1977,AA,Severna Park,Dick Barto,Crossland,Lindsay Thomas,40.33-33,,,,pdfs/Winter record book.pdf,23; 24,2026-08-02T19:28:44Z,glm-5.2:cloud
Girls Indoor Track,1977,ABC,Central-PG,Ed Bowie,Walter Johnson,Al Bellman,51-35,,,,pdfs/Winter record book.pdf,23; 24,2026-08-02T19:28:44Z,glm-5.2:cloud
Girls Indoor Track,1978,AA,Crossland,Larry Layman,Severna Park,Don Gregg,89-33,,,,pdfs/Winter record book.pdf,23; 24,2026-08-02T19:28:44Z,glm-5.2:cloud
Girls Indoor Track,1978,ABC,Eleanor Roosevelt,Ralph White,Central-PG,Dennis Green,62-48,,,,pdfs/Winter record book.pdf,23; 24,2026-08-02T19:28:44Z,glm-5.2:cloud
Girls Indoor Track,1979,AA,Crossland,Larry Layman,Dulaney,Kathy Schmidt,44-38,,,,pdfs/Winter record book.pdf,23; 24,2026-08-02T19:28:44Z,glm-5.2:cloud
Girls Indoor Track,1979,ABC,Eleanor Roosevelt,Ralph White,Central-PG,Dennis Green,63-56,,,,pdfs/Winter record book.pdf,23; 24,2026-08-02T19:28:44Z,glm-5.2:cloud
Girls Indoor Track,1980,AA,Crossland,Larry Layman,Eleanor Roosevelt,Sandra Serf,55-44,,,,pdfs/Winter record book.pdf,23; 24,2026-08-02T19:28:44Z,glm-5.2:cloud
Girls Indoor Track,1980,A,B-CC,Kerry Ward,Central-PG,Ed Bowie,68-55.5,,,,pdfs/Winter record book.pdf,23; 24,2026-08-02T19:28:44Z,glm-5.2:cloud
Girls Indoor Track,1980,B-C,Frederick,Jack Griffin,Hereford,Elma Fromm,81-49,,,,pdfs/Winter record book.pdf,23; 24,2026-08-02T19:28:44Z,glm-5.2:cloud
Girls Indoor Track,1981,AA,Friendly,John Gretz,Bladensburg,Tom Rogers,56-50,,,,pdfs/Winter record book.pdf,23; 24,2026-08-02T19:28:44Z,glm-5.2:cloud
Girls Indoor Track,1981,A,Central-PG,Ed Bowie,Seneca Valley,Steve Robertson,94.5-56,,,,pdfs/Winter record book.pdf,23; 24,2026-08-02T19:28:44Z,glm-5.2:cloud
Girls Indoor Track,1981,B-C,Frederick,Jack Griffin,Centennial,Bruce Smith,,,,,pdfs/Winter record book.pdf,23; 24,2026-08-02T19:28:44Z,glm-5.2:cloud
Girls Indoor Track,1982,AA,Crossland,Bill Smith,Dulaney,Kathy Schmidt,68-45,,,,pdfs/Winter record book.pdf,23; 24,2026-08-02T19:28:44Z,glm-5.2:cloud
Girls Indoor Track,1982,A,Central-PG,Ed Bowie,Fairmont Heights,Ron Anderson,112-54,,,,pdfs/Winter record book.pdf,23; 24,2026-08-02T19:28:44Z,glm-5.2:cloud
Girls Indoor Track,1982,B-C,Frederick,Jack Griffin,Middletown,Don Boyer,66-33,,,,pdfs/Winter record book.pdf,23; 24,2026-08-02T19:28:44Z,glm-5.2:cloud
Girls Indoor Track,1983,AA,Crossland,Bill Smith,Largo,Ray McGinnis,67-54,,,,pdfs/Winter record book.pdf,23; 24,2026-08-02T19:28:44Z,glm-5.2:cloud
Girls Indoor Track,1983,A,Central-PG,Ed Bowie,Catonsville,Judy Boire,117-56,,,,pdfs/Winter record book.pdf,23; 24,2026-08-02T19:28:44Z,glm-5.2:cloud
Girls Indoor Track,1983,B-C,Frederick,Jack Griffin,J.M. Bennett,Tom Bailey,72-33.25,,,,pdfs/Winter record book.pdf,23; 24,2026-08-02T19:28:44Z,glm-5.2:cloud
Girls Indoor Track,1984,AA,Suitland,Fletcher James,Oxon Hill,Bernard Burns,78-52,,,,pdfs/Winter record book.pdf,23; 24,2026-08-02T19:28:44Z,glm-5.2:cloud
Girls Indoor Track,1984,A,Central-PG,Ed Bowie,Catonsville,Ed Bury,83-49,,,,pdfs/Winter record book.pdf,23; 24,2026-08-02T19:28:44Z,glm-5.2:cloud
Girls Indoor Track,1984,B-C,Milford Mill,Carolyn Renaud,Middletown,Don Boyer,50-42,,,,pdfs/Winter record book.pdf,23; 24,2026-08-02T19:28:44Z,glm-5.2:cloud
Girls Indoor Track,1985,AA,Suitland,Fletcher James,High Point,Gary Wrenn,71-36,,,,pdfs/Winter record book.pdf,23; 24,2026-08-02T19:28:44Z,glm-5.2:cloud
Girls Indoor Track,1985,A,Central-PG,Ed Bowie,McDonough,Larry Johnson,74-50,,,,pdfs/Winter record book.pdf,23; 24,2026-08-02T19:28:44Z,glm-5.2:cloud
Girls Indoor Track,1985,B-C,Milford Mill,Jesse Hannon,Woodward,Greg Dunston,75.5-50,,,,pdfs/Winter record book.pdf,23; 24,2026-08-02T19:28:44Z,glm-5.2:cloud
Girls Indoor Track,1986,Combined,Douglass-PG,Vaughn Johnson,Central-PG,Ed Bowie,40-36,,,,pdfs/Winter record book.pdf,23; 24,2026-08-02T19:28:44Z,glm-5.2:cloud
Girls Indoor Track,1987,AA,Northwestern-PG,Mike Roberts,Old Mill,Ron Evans,67-61,,,,pdfs/Winter record book.pdf,23; 24,2026-08-02T19:28:44Z,glm-5.2:cloud
Girls Indoor Track,1987,A,Magruder,Dan Gooden,McDonough,Larry Johnson,64-60,,,,pdfs/Winter record book.pdf,23; 24,2026-08-02T19:28:44Z,glm-5.2:cloud
Girls Indoor Track,1987,B-C,Central-PG,Ed Bowie,Milford Mill,Jesse Hannon,102-83,,,,pdfs/Winter record book.pdf,23; 24,2026-08-02T19:28:44Z,glm-5.2:cloud
Girls Indoor Track,1988,AA,Old Mill,Ron Evans,Largo,Chris Parker,88-44,,,,pdfs/Winter record book.pdf,23; 24,2026-08-02T19:28:44Z,glm-5.2:cloud
Girls Indoor Track,1988,A,Linganore,John Grim,Douglass-PG,Vaughn Johnson,98-54,,,,pdfs/Winter record book.pdf,23; 24,2026-08-02T19:28:44Z,glm-5.2:cloud
Girls Indoor Track,1988,B-C,Central-PG,Ed Bowie,Milford Mill,Jesse Hannon,94-57,,,,pdfs/Winter record book.pdf,23; 24,2026-08-02T19:28:44Z,glm-5.2:cloud
Girls Indoor Track,1989,4A,Old Mill,Ron Evans,Eleanor Roosevelt,Robert Stanley,67-48,,,,pdfs/Winter record book.pdf,23; 24,2026-08-02T19:28:44Z,glm-5.2:cloud
Girls Indoor Track,1989,3A,Linganore,John Grim,Paint Branch,Ken Kave,84-40,,,,pdfs/Winter record book.pdf,23; 24,2026-08-02T19:28:44Z,glm-5.2:cloud
Girls Indoor Track,1989,2A-1A,Central-PG,Ed Bowie,Centennial,Dale Huting,92-42,,,,pdfs/Winter record book.pdf,23; 24,2026-08-02T19:28:44Z,glm-5.2:cloud
Girls Indoor Track,1990,4A,Eleanor Roosevelt,Diane Gentile,Oxon Hill,Bernard Burns,70-53,,,,pdfs/Winter record book.pdf,23; 24,2026-08-02T19:28:44Z,glm-5.2:cloud
Girls Indoor Track,1990,3A,Linganore,John Grim,Bladensburg,Darryl Hamilton,62.5-40,,,,pdfs/Winter record book.pdf,23; 24,2026-08-02T19:28:44Z,glm-5.2:cloud
Girls Indoor Track,1990,2A-1A,Central-PG,Ed Bowie,Hammond,Pete Hughes,98-42,,,,pdfs/Winter record book.pdf,23; 24,2026-08-02T19:28:44Z,glm-5.2:cloud
Girls Indoor Track,1991,4A,Eleanor Roosevelt,Debbie McCracken,Meade,Jay Cuthbert,67-44,,,,pdfs/Winter record book.pdf,23; 24,2026-08-02T19:28:44Z,glm-5.2:cloud
Girls Indoor Track,1991,3A,Linganore,John Grim,Catonsville,Jeff McDaniel,48-47,,,,pdfs/Winter record book.pdf,23; 24,2026-08-02T19:28:44Z,glm-5.2:cloud
Girls Indoor Track,1991,2A-1A,Central-PG,Ed Bowie,Hammond,Pete Hughes,95.33-48,,,,pdfs/Winter record book.pdf,23; 24,2026-08-02T19:28:44Z,glm-5.2:cloud
Girls Indoor Track,1992,4A,Eleanor Roosevelt,Larry Colbert,Dulaney,Bob Dean,87-39,,,,pdfs/Winter record book.pdf,23; 24,2026-08-02T19:28:44Z,glm-5.2:cloud
Girls Indoor Track,1992,3A,Bladensburg & Catonsville,Darryl Hamilton & Jeff McDaniels,,,61-61,,True,,pdfs/Winter record book.pdf,23; 24,2026-08-02T19:28:44Z,glm-5.2:cloud
Girls Indoor Track,1992,2A-1A,Central-PG,Ed Bowie,Hammond,Pete Hughes,94.3-50.3,,,,pdfs/Winter record book.pdf,23; 24,2026-08-02T19:28:44Z,glm-5.2:cloud
Girls Indoor Track,1993,4A,Eleanor Roosevelt,Larry Colbert,Old Mill,Ron Evans,89-56,,,,pdfs/Winter record book.pdf,23; 24,2026-08-02T19:28:44Z,glm-5.2:cloud
Girls Indoor Track,1993,3A,Watkins Mill,Al Bellman,Linganore,John Grim,49-46,,,,pdfs/Winter record book.pdf,23; 24,2026-08-02T19:28:44Z,glm-5.2:cloud
Girls Indoor Track,1993,2A-1A,Glenelg,Pete Adams,Central-PG,Ed Bowie,58-51,,,,pdfs/Winter record book.pdf,23; 24,2026-08-02T19:28:44Z,glm-5.2:cloud
Girls Indoor Track,1994,4A,Old Mill,Mike Marcus,Eleanor Roosevelt,Larry Colbert,58-55,,,,pdfs/Winter record book.pdf,23; 24,2026-08-02T19:28:44Z,glm-5.2:cloud
Girls Indoor Track,1994,3A,Linganore,John Grim,Whitman,Mike Denny,86-40,,,,pdfs/Winter record book.pdf,23; 24,2026-08-02T19:28:44Z,glm-5.2:cloud
Girls Indoor Track,1994,2A-1A,Hammond,Pete Hughes,Central-PG,Ed Bowie,50.5-49,,,,pdfs/Winter record book.pdf,23; 24,2026-08-02T19:28:44Z,glm-5.2:cloud
Girls Indoor Track,1995,4A,Eleanor Roosevelt,Larry Colbert,Old Mill,Mike Marcus,72-44.5,,,,pdfs/Winter record book.pdf,23; 24,2026-08-02T19:28:44Z,glm-5.2:cloud
Girls Indoor Track,1995,3A,Linganore,John Grim,Paint Branch,Ken Kave,60-42,,,,pdfs/Winter record book.pdf,23; 24,2026-08-02T19:28:44Z,glm-5.2:cloud
Girls Indoor Track,1995,2A-1A,Fairmont Heights,Vaughn Johnson,Central-PG,Ed Bowie,60-54,,,,pdfs/Winter record book.pdf,23; 24,2026-08-02T19:28:44Z,glm-5.2:cloud
Girls Indoor Track,1996,4A,Eleanor Roosevelt,Larry Colbert,Arundel,Tut O'Hara,63-47,,,,pdfs/Winter record book.pdf,23; 24,2026-08-02T19:28:44Z,glm-5.2:cloud
Girls Indoor Track,1996,3A,Frederick,Frank Strakonsky,Walter Johnson,Tom Rogers,80-48,,,,pdfs/Winter record book.pdf,23; 24,2026-08-02T19:28:44Z,glm-5.2:cloud
Girls Indoor Track,1996,2A-1A,Fairmont Heights,Vaughn Johnson,Central-PG,Ed Bowie,72-55,,,,pdfs/Winter record book.pdf,23; 24,2026-08-02T19:28:44Z,glm-5.2:cloud
Girls Indoor Track,1997,4A-3A,Eleanor Roosevelt,Larry Colbert,Oxon Hill,Bernard Burns,81-45,,,,pdfs/Winter record book.pdf,23; 24,2026-08-02T19:28:44Z,glm-5.2:cloud
Girls Indoor Track,1997,3A-2A,Damascus,Robert Youngblood,Douglass-PG,Jim Storey,48-47,,,,pdfs/Winter record book.pdf,23; 24,2026-08-02T19:28:44Z,glm-5.2:cloud
Girls Indoor Track,1997,2A-1A,Central-PG,Ed Bowie,River Hill,Norman Belden,83-45,,,,pdfs/Winter record book.pdf,23; 24,2026-08-02T19:28:44Z,glm-5.2:cloud
Girls Indoor Track,1998,4A-3A,Eleanor Roosevelt,Larry Colbert,Quince Orchard,Jerry Link,56-44,,,,pdfs/Winter record book.pdf,23; 24,2026-08-02T19:28:44Z,glm-5.2:cloud
Girls Indoor Track,1998,3A-2A,Douglass-PG,Jim Storey,Thomas Johnson,Jason Anderson,54-45,,,,pdfs/Winter record book.pdf,23; 24,2026-08-02T19:28:44Z,glm-5.2:cloud
Girls Indoor Track,1998,2A-1A,Oakland Mills,Bryan Winfield,Glenelg,Mike Selmer,50-45,,,,pdfs/Winter record book.pdf,23; 24,2026-08-02T19:28:44Z,glm-5.2:cloud
Girls Indoor Track,1999,4A-3A,Eleanor Roosevelt,Mary Wilkins,Dulaney,Don Metil,71-44,,,,pdfs/Winter record book.pdf,23; 24,2026-08-02T19:28:44Z,glm-5.2:cloud
Girls Indoor Track,1999,3A-2A,Central-PG,Ed Bowie,River Hill,Norman Belden,51-41,,,,pdfs/Winter record book.pdf,23; 24,2026-08-02T19:28:44Z,glm-5.2:cloud
Girls Indoor Track,1999,2A-1A,Glenelg,Mike Selmer,Middletown,Jan Zeltwanger,69-43,,,,pdfs/Winter record book.pdf,23; 24,2026-08-02T19:28:44Z,glm-5.2:cloud
Girls Indoor Track,2000,4A-3A,Largo,Darryl Hamilton,Dulaney,Don Metil,65-54,,,,pdfs/Winter record book.pdf,23; 24,2026-08-02T19:28:44Z,glm-5.2:cloud
Girls Indoor Track,2000,3A-2A,Central-PG & Long Reach,Ed Bowie & Joe Thomas,,,56-56,,True,,pdfs/Winter record book.pdf,23; 24,2026-08-02T19:28:44Z,glm-5.2:cloud
Girls Indoor Track,2000,2A-1A,Oakland Mills,Bryan Winfield,Middletown,Jen Zeltwanger,88.5-57.75,,,,pdfs/Winter record book.pdf,23; 24,2026-08-02T19:28:44Z,glm-5.2:cloud
Girls Indoor Track,2001,4A-3A,Eleanor Roosevelt,Katrina Allen,Largo,Darryl Hamilton,65-51,,,,pdfs/Winter record book.pdf,23; 24,2026-08-02T19:28:44Z,glm-5.2:cloud
Girls Indoor Track,2001,3A-2A,Long Reach,Leslie Thomas,River Hill,Norman Belden,43-33,,,,pdfs/Winter record book.pdf,23; 24,2026-08-02T19:28:44Z,glm-5.2:cloud
Girls Indoor Track,2001,2A-1A,Poolesville,Scott Mathias,Middletown,Jen Zeltwanger,53-45,,,,pdfs/Winter record book.pdf,23; 24,2026-08-02T19:28:44Z,glm-5.2:cloud
Girls Indoor Track,2002,4A-3A,Eleanor Roosevelt,Katrina Allen,Largo,Darryl Hamilton,73-56,,,,pdfs/Winter record book.pdf,23; 24,2026-08-02T19:28:44Z,glm-5.2:cloud
Girls Indoor Track,2002,3A-2A,Milford Mill,Mike Jones,Mount Hebron,Christine Rosendorf,43.5-38,,,,pdfs/Winter record book.pdf,23; 24,2026-08-02T19:28:44Z,glm-5.2:cloud
Girls Indoor Track,2002,2A-1A,Poolesville,Scott Mathias,Glenelg,Mike Selmer,69-48,,,,pdfs/Winter record book.pdf,23; 24,2026-08-02T19:28:44Z,glm-5.2:cloud
Girls Indoor Track,2003,4A-3A,Eleanor Roosevelt,Larry Colbert,Largo,Darryl Hamilton,62-58,,,,pdfs/Winter record book.pdf,23; 24,2026-08-02T19:28:44Z,glm-5.2:cloud
Girls Indoor Track,2003,3A-2A,Milford Mill,Sharon Johnson,Bethesda-CC,Tim Gilmore,47-30,,,,pdfs/Winter record book.pdf,23; 24,2026-08-02T19:28:44Z,glm-5.2:cloud
Girls Indoor Track,2003,2A-1A,Poolesville,Scott Mathias,Glenelg,Mike Selmer,88-26,,,,pdfs/Winter record book.pdf,23; 24,2026-08-02T19:28:44Z,glm-5.2:cloud
Girls Indoor Track,2004,4A-3A,Eleanor Roosevelt,Larry Colbert,Charles H. Flowers,Carlyle Rose,93-48,,,,pdfs/Winter record book.pdf,23; 24,2026-08-02T19:28:44Z,glm-5.2:cloud
Girls Indoor Track,2004,3A-2A,Westlake,Beth Shook,Mount Hebron,Mark Reedy,50-35,,,,pdfs/Winter record book.pdf,23; 24,2026-08-02T19:28:44Z,glm-5.2:cloud
Girls Indoor Track,2004,2A-1A,Poolesville,Scott Mathias,Boonsboro,Jason Orendi,83-36.33,,,,pdfs/Winter record book.pdf,23; 24,2026-08-02T19:28:44Z,glm-5.2:cloud
Girls Indoor Track,2005,4A-3A,Eleanor Roosevelt,Larry Colbert,Largo,Darryl Hamilton,95-53,,,,pdfs/Winter record book.pdf,23; 24,2026-08-02T19:28:44Z,glm-5.2:cloud
Girls Indoor Track,2005,3A-2A,Fallston,Dave Fender,Mergenthaler,Ron Neal,46-38,,,,pdfs/Winter record book.pdf,23; 24,2026-08-02T19:28:44Z,glm-5.2:cloud
Girls Indoor Track,2005,2A-1A,Edmondson,Amili Lumumba,Atholton,Brian Funk,60-48,,,,pdfs/Winter record book.pdf,23; 24,2026-08-02T19:28:44Z,glm-5.2:cloud
Girls Indoor Track,2006,4A-3A,Eleanor Roosevelt,Larry Colbert,Largo,Darryl Hamilton,89-62,,,,pdfs/Winter record book.pdf,23; 24,2026-08-02T19:28:44Z,glm-5.2:cloud
Girls Indoor Track,2006,3A-2A,Linganore,John Grim/Alvin Pridgeon,J. M. Bennett,Michael Orr,40-37,,,,pdfs/Winter record book.pdf,23; 24,2026-08-02T19:28:44Z,glm-5.2:cloud
Girls Indoor Track,2006,2A-1A,Central-PG,Ed Bowie,Poolesville,Scott Mathias,52-38,,,,pdfs/Winter record book.pdf,23; 24,2026-08-02T19:28:44Z,glm-5.2:cloud
Girls Indoor Track,2007,4A-3A,Eleanor Roosevelt,Desmond Dunham,Winston Churchill,Scott Silverstein,82-50,,,,pdfs/Winter record book.pdf,23; 24,2026-08-02T19:28:44Z,glm-5.2:cloud
Girls Indoor Track,2007,3A-2A,North Carroll,Jim MacDonald,Annapolis,Brian Brown,50-34,,,,pdfs/Winter record book.pdf,23; 24,2026-08-02T19:28:44Z,glm-5.2:cloud
Girls Indoor Track,2007,2A-1A,Digital Harbor,Lutalo Bakari/S. Darby,Poolesville,Bryan Blessing,50-43,,,,pdfs/Winter record book.pdf,23; 24,2026-08-02T19:28:44Z,glm-5.2:cloud
Girls Indoor Track,2008,4A,Eleanor Roosevelt,Desmond Dunham,Charles H. FLowers,Carlyle Rose,88-50,,,,pdfs/Winter record book.pdf,23; 24,2026-08-02T19:28:44Z,glm-5.2:cloud
Girls Indoor Track,2008,3A,Bethesda-CC,Nathan Herchenroeder,Westlake,Beth Shook,43-42,,,,pdfs/Winter record book.pdf,23; 24,2026-08-02T19:28:44Z,glm-5.2:cloud
Girls Indoor Track,2008,2A,Middletown,Frank Davis,Loch Raven,Adam Hittner,48-31,,,,pdfs/Winter record book.pdf,23; 24,2026-08-02T19:28:44Z,glm-5.2:cloud
Girls Indoor Track,2008,1A,Poolesville,Mike Trumbeull,Williamsport,Cindy Mease,53-51,,,,pdfs/Winter record book.pdf,23; 24,2026-08-02T19:28:44Z,glm-5.2:cloud
Girls Indoor Track,2009,4A,Eleanor Roosevelt,Gregory Johnson,Oxon Hill,Walter Cross,95-59,,,,pdfs/Winter record book.pdf,23; 24,2026-08-02T19:28:44Z,glm-5.2:cloud
Girls Indoor Track,2009,3A,Paint Branch,Lynette Hopkins,Hereford,Sam Bowen,54-51,,,,pdfs/Winter record book.pdf,23; 24,2026-08-02T19:28:44Z,glm-5.2:cloud
Girls Indoor Track,2009,2A,Middletown,Frank Davis,River Hill,Earl Lauer,68-60,,,,pdfs/Winter record book.pdf,23; 24,2026-08-02T19:28:44Z,glm-5.2:cloud
Girls Indoor Track,2009,1A,Williamsport,John Bailey,Digital Harbor,Lutalo Bakari,78.5-73,,,,pdfs/Winter record book.pdf,23; 24,2026-08-02T19:28:44Z,glm-5.2:cloud
Girls Indoor Track,2010,4A,Charles H. Flowers,Carlyle Rose,Northwest,Beth Muehl,66-56,,,,pdfs/Winter record book.pdf,23; 24,2026-08-02T19:28:44Z,glm-5.2:cloud
Girls Indoor Track,2010,3A,Western-B,Alicia Williams,Damascus,Robert Youngblood,51-50,,,,pdfs/Winter record book.pdf,23; 24,2026-08-02T19:28:44Z,glm-5.2:cloud
Girls Indoor Track,2010,2A,Century,Anthony Griner,North Hagerstown,Lindsey Zerance,47.5-45,,,,pdfs/Winter record book.pdf,23; 24,2026-08-02T19:28:44Z,glm-5.2:cloud
Girls Indoor Track,2010,1A,Western STES,Amy Horvitz,Smithsburg,Ray Shriver,62-58,,,,pdfs/Winter record book.pdf,23; 24,2026-08-02T19:28:44Z,glm-5.2:cloud
Girls Indoor Track,2011,4A,Northwest,Beth Muehl,Thomas Johnson,Becky Somerville,69-47,False,False,,pdfs/Winter record book.pdf,25; 26,2026-08-02T12:16:28Z,glm-5.2:cloud
Girls Indoor Track,2011,3A,Damascus,Jason Bozicevich,Mt. Hebron,Teyarnte Carter,40.5-39,False,False,,pdfs/Winter record book.pdf,25; 26,2026-08-02T12:16:28Z,glm-5.2:cloud
Girls Indoor Track,2011,2A,Century,Anthony Griner,Liberty,Bobby Ward/Brandon Lutz,52-51,False,False,,pdfs/Winter record book.pdf,25; 26,2026-08-02T12:16:28Z,glm-5.2:cloud
Girls Indoor Track,2011,1A,Western STES,Amy Horvitz,Boonsboro,Rebecca Walter,81-49,False,False,,pdfs/Winter record book.pdf,25; 26,2026-08-02T12:16:28Z,glm-5.2:cloud
Girls Indoor Track,2012,4A,Eleanor Roosevelt,Louis Sales,Northwest,Lexi Knight/Dave Knight,49-46,False,False,,pdfs/Winter record book.pdf,25; 26,2026-08-02T12:16:28Z,glm-5.2:cloud
Girls Indoor Track,2012,3A,Hereford,Brad Duvall/Sam Bowen,Milford Mill,James Simms,65-54,False,False,,pdfs/Winter record book.pdf,25; 26,2026-08-02T12:16:28Z,glm-5.2:cloud
Girls Indoor Track,2012,2A,Liberty,Bobby Ward/Brandon Lutz,Largo,Darryl Hamilton/Mike Roberts,80-44,False,False,,pdfs/Winter record book.pdf,25; 26,2026-08-02T12:16:28Z,glm-5.2:cloud
Girls Indoor Track,2012,1A,Boonsboro,Rebecca Walter/Shawn Cutsail,Northwestern-B,Jerry Molyneaux,108-79,False,False,,pdfs/Winter record book.pdf,25; 26,2026-08-02T12:16:28Z,glm-5.2:cloud
Girls Indoor Track,2013,4A,Bowie,Rich Andrulonis,North Point,Debra Hall,54-51,False,False,,pdfs/Winter record book.pdf,25; 26,2026-08-02T12:16:28Z,glm-5.2:cloud
Girls Indoor Track,2013,3A,Hereford,Brad Duvall/Weston Fellows,Thomas Stone,Paul Jenkins,66.66-52,False,False,,pdfs/Winter record book.pdf,25; 26,2026-08-02T12:16:28Z,glm-5.2:cloud
Girls Indoor Track,2013,2A,Largo,Darryl Hamilton,Liberty,Bobby Ward/Brandon Lutz,59-55,False,False,,pdfs/Winter record book.pdf,25; 26,2026-08-02T12:16:28Z,glm-5.2:cloud
Girls Indoor Track,2013,1A,Boonsboro,Rebecca Walter/Shawn Cutsail,Western STES,Amy Horvitz,111.5-94,False,False,,pdfs/Winter record book.pdf,25; 26,2026-08-02T12:16:28Z,glm-5.2:cloud
Girls Indoor Track,2014,4A,South River,Hugh Harris/Josh Carroll,Clarksburg,Scott Mathias,43.5-34.5,False,False,,pdfs/Winter record book.pdf,25; 26,2026-08-02T12:16:28Z,glm-5.2:cloud
Girls Indoor Track,2014,3A,Huntingtown,Valerie Harrington,Milford Mill,James Simms,67.5-67,False,False,,pdfs/Winter record book.pdf,25; 26,2026-08-02T12:16:28Z,glm-5.2:cloud
Girls Indoor Track,2014,2A,Western STES,"Sheldrick Elliott, III",Largo,Darryl Hamilton,64-61,False,False,,pdfs/Winter record book.pdf,25; 26,2026-08-02T12:16:28Z,glm-5.2:cloud
Girls Indoor Track,2014,1A,Pikesville,Greg Hrinda/David Kreller,Manchester Valley,Eric Baumgardner,70-66,False,False,,pdfs/Winter record book.pdf,25; 26,2026-08-02T12:16:28Z,glm-5.2:cloud
Girls Indoor Track,2015,4A,Clarksburg,Scott Mathias/Rob Burke,Bowie & South River,Rich Andrulonis & Hugh Harris/Josh Carroll,46-35,False,False,Tied for 2nd place,pdfs/Winter record book.pdf,25; 26,2026-08-02T12:16:28Z,glm-5.2:cloud
Girls Indoor Track,2015,3A,Franklin,Paul Hannsen,Milford Mill,James Simms,48-46,False,False,,pdfs/Winter record book.pdf,25; 26,2026-08-02T12:16:28Z,glm-5.2:cloud
Girls Indoor Track,2015,2A,Oakdale,Chris Lewis,Liberty,Donnie Richmond,73-45,False,False,,pdfs/Winter record book.pdf,25; 26,2026-08-02T12:16:28Z,glm-5.2:cloud
Girls Indoor Track,2015,1A,Manchester Valley,Eric Baumgardner,Smithsburg,T.J. Hood/Ray Shriver,96-86,False,False,,pdfs/Winter record book.pdf,25; 26,2026-08-02T12:16:28Z,glm-5.2:cloud
Girls Indoor Track,2016,4A,Charles H. Flowers,Henry Brady,Northwest,Robt. Youngblood/Thea LaFond,66-48,False,False,,pdfs/Winter record book.pdf,25; 26,2026-08-02T12:16:28Z,glm-5.2:cloud
Girls Indoor Track,2016,3A,Northern-Cal,Josh Dawson,Urbana,C.J. Ecalono,39-37.5,False,False,,pdfs/Winter record book.pdf,25; 26,2026-08-02T12:16:28Z,glm-5.2:cloud
Girls Indoor Track,2016,2A,Hereford,Brad Duvall/Weston Fellows,Henry E. Lackey,Jimari Jones/Cornell Wade,59-56,False,False,,pdfs/Winter record book.pdf,25; 26,2026-08-02T12:16:28Z,glm-5.2:cloud
Girls Indoor Track,2016,1A,Boonsboro,Rebecca Walter/Shawn Cutsail,Smithsburg,Ray Shriver,127.5-87.5,False,False,,pdfs/Winter record book.pdf,25; 26,2026-08-02T12:16:28Z,glm-5.2:cloud
Girls Indoor Track,2017,4A,Charles H. Flowers,Henry Brady/Bryan Brown,Northwest,Robt. Youngblood/Fran Parry,95-70.5,False,False,,pdfs/Winter record book.pdf,25; 26,2026-08-02T12:16:28Z,glm-5.2:cloud
Girls Indoor Track,2017,3A,Franklin,Paul Hannsen,Urbana,C.J. Ecalono,73-66,False,False,,pdfs/Winter record book.pdf,25; 26,2026-08-02T12:16:28Z,glm-5.2:cloud
Girls Indoor Track,2017,2A,Hereford,Brad Duvall/Adam Hittner,Friendly,Daryal Spencer,89.5-73,False,False,,pdfs/Winter record book.pdf,25; 26,2026-08-02T12:16:28Z,glm-5.2:cloud
Girls Indoor Track,2017,1A,Boonsboro,Rebecca Walter,Smithsburg,Ray Shriver,160-87.5,False,False,,pdfs/Winter record book.pdf,25; 26,2026-08-02T12:16:28Z,glm-5.2:cloud
Girls Indoor Track,2018,4A,Walter Johnson,Bryan Hoffman/Tom Martin,Severna Park,Josh Alcombright,55-49,False,False,,pdfs/Winter record book.pdf,25; 26,2026-08-02T12:16:28Z,glm-5.2:cloud
Girls Indoor Track,2018,3A,Franklin,Paul Hannsen,Northern-Cal,Josh Dawson,72.5-51,False,False,,pdfs/Winter record book.pdf,25; 26,2026-08-02T12:16:28Z,glm-5.2:cloud
Girls Indoor Track,2018,2A,River Hill,Donnie Richmond/Paul Hugus,South Carroll,Kevin Selby,75-60,False,False,,pdfs/Winter record book.pdf,25; 26,2026-08-02T12:16:28Z,glm-5.2:cloud
Girls Indoor Track,2018,1A,Henry E. Lackey,Jimari Jones,Boonsboro,Rebecca Walter Ward,85-68,False,False,,pdfs/Winter record book.pdf,25; 26,2026-08-02T12:16:28Z,glm-5.2:cloud
Girls Indoor Track,2019,4A,Urbana,C.J. Ecalono,Northwest,Robt. Youngblood/Nathan Parry,68-40,False,False,,pdfs/Winter record book.pdf,25; 26,2026-08-02T12:16:28Z,glm-5.2:cloud
Girls Indoor Track,2019,3A,Northen-Cal,Josh Dawson,Mount Hebron,Teyarnte Carter,65-43.5,False,False,,pdfs/Winter record book.pdf,25; 26,2026-08-02T12:16:28Z,glm-5.2:cloud
Girls Indoor Track,2019,2A,Hereford,Brad Duvall/Adam Hittner,Harford Technical,Darrell Diamond/Murray Davis,60-58,False,False,,pdfs/Winter record book.pdf,25; 26,2026-08-02T12:16:28Z,glm-5.2:cloud
Girls Indoor Track,2019,1A,Frederick Douglass-PG,Darryl Haraway,Boonsboro,Rebecca Ward/Shawn Cutsail,76.5-48.5,False,False,,pdfs/Winter record book.pdf,25; 26,2026-08-02T12:16:28Z,glm-5.2:cloud
Girls Indoor Track,2020,4A,Urbana,C.J. Ecalono,Charles H. Flowers,Henry Brady,77-32,False,False,,pdfs/Winter record book.pdf,25; 26,2026-08-02T12:16:28Z,glm-5.2:cloud
Girls Indoor Track,2020,3A,Hereford,Brad Duvall/Adam Hittner,Northen-Cal,Josh Dawson,54-49.5,False,False,,pdfs/Winter record book.pdf,25; 26,2026-08-02T12:16:28Z,glm-5.2:cloud
Girls Indoor Track,2020,2A,South Carroll,Joe Murray,Harford Technical,Darrell Diamond/Murray Davis,46-45.5,False,False,,pdfs/Winter record book.pdf,25; 26,2026-08-02T12:16:28Z,glm-5.2:cloud
Girls Indoor Track,2020,1A,Largo,Darryl Hamilton/Haywood Vaughn,Brunswick,Anne Zumbach,71-60,False,False,,pdfs/Winter record book.pdf,25; 26,2026-08-02T12:16:28Z,glm-5.2:cloud
Girls Indoor Track,2022,4A,Urbana,C.J. Ecalono,Northwest,Bryant Adams,91.5-53,False,False,,pdfs/Winter record book.pdf,25; 26,2026-08-02T12:16:28Z,glm-5.2:cloud
Girls Indoor Track,2022,3A,Northern-Cal,Josh Dawson,Howard,Zack Dickerson,67-65,False,False,,pdfs/Winter record book.pdf,25; 26,2026-08-02T12:16:28Z,glm-5.2:cloud
Girls Indoor Track,2022,2A,Hereford,Brad Duvall/Adam Hittner,Century,Dyron Johnson,95-69,False,False,,pdfs/Winter record book.pdf,25; 26,2026-08-02T12:16:28Z,glm-5.2:cloud
Girls Indoor Track,2022,1A,Largo,Darryl Hamilton/Haywood Vaughn,Boonsboro,Rebecca Ward/Shawn Cutsail,80-77,False,False,,pdfs/Winter record book.pdf,25; 26,2026-08-02T12:16:28Z,glm-5.2:cloud
Girls Indoor Track,2023,4A,Urbana,C.J. Ecalono,James Hubert Blake,Darius Oxley,65-38,False,False,,pdfs/Winter record book.pdf,25; 26,2026-08-02T12:16:28Z,glm-5.2:cloud
Girls Indoor Track,2023,3A,Northern-Cal,Josh Dawson,Mount Hebron,Teyarnte Carter,60-49,False,False,,pdfs/Winter record book.pdf,25; 26,2026-08-02T12:16:28Z,glm-5.2:cloud
Girls Indoor Track,2023,2A,Oakland Mills,Renato Gonzales,Century,Alexis Daniel,61.5-58.5,False,False,,pdfs/Winter record book.pdf,25; 26,2026-08-02T12:16:28Z,glm-5.2:cloud
Girls Indoor Track,2023,1A,Smithsburg,Adam Rudy,Largo,Darryl Hamilton/Haywood Vaughn,98.5-58,False,False,,pdfs/Winter record book.pdf,25; 26,2026-08-02T12:16:28Z,glm-5.2:cloud
Girls Indoor Track,2024,4A,Woodlawn,Joey Young,Charles H. Flowers,Bryan Brown/Terence Sheppard,72-37,False,False,,pdfs/Winter record book.pdf,25; 26,2026-08-02T12:16:28Z,glm-5.2:cloud
Girls Indoor Track,2024,3A,Northern-Cal,Josh Dawson,James Hubert Blake,Darius Oxley,45-39,False,False,,pdfs/Winter record book.pdf,25; 26,2026-08-02T12:16:28Z,glm-5.2:cloud
Girls Indoor Track,2024,2A,Hereford,,Southern-AA,,61.5-46,False,False,,pdfs/Winter record book.pdf,25; 26,2026-08-02T12:16:28Z,glm-5.2:cloud
Girls Indoor Track,2024,1A,Smithsburg,Adam Rudy,Harford Technical,Darrell Diamond,92-76.33,False,False,,pdfs/Winter record book.pdf,25; 26,2026-08-02T12:16:28Z,glm-5.2:cloud
Girls Indoor Track,2025,4A,Urbana & Woodlawn,C.J. Ecalono & Joey Young,Walt Whitman,Ted Lewis,58.5-34.5,False,True,,pdfs/Winter record book.pdf,25; 26,2026-08-02T12:16:28Z,glm-5.2:cloud
Girls Indoor Track,2025,3A,Oxon Hill,Tim Riley,Howard,Erik Jenks/Ed Wilson,67-41.5,False,False,,pdfs/Winter record book.pdf,25; 26,2026-08-02T12:16:28Z,glm-5.2:cloud
Girls Indoor Track,2025,2A,Century,Alexis Daniel,Hereford,Brad Duvall/Adam Hittner,72-70,False,False,,pdfs/Winter record book.pdf,25; 26,2026-08-02T12:16:28Z,glm-5.2:cloud
Girls Indoor Track,2025,1A,Harford Technical & Smithsburg,Darrell Diamond & Stacy Crawford,,,79,False,True,,pdfs/Winter record book.pdf,25; 26,2026-08-02T12:16:28Z,glm-5.2:cloud
Boys Indoor Track,1972,,Fairmont Heights,Bob Rothenberg,Bethesda-Chevy Chase,Kerry Ward,57-42,False,False,,pdfs/Winter record book.pdf,42; 43,2026-08-02T12:18:23Z,glm-5.2:cloud
Boys Indoor Track,1973,AA,Severna Park,Andy Borland,Parkdale,Ed McGhee,44-39.5,False,False,,pdfs/Winter record book.pdf,42; 43,2026-08-02T12:18:23Z,glm-5.2:cloud
Boys Indoor Track,1973,ABC,Woodward,Greg Dunston,Walter Johnson,Jerry Kline/Chauncey Ford,34-29,False,False,,pdfs/Winter record book.pdf,42; 43,2026-08-02T12:18:23Z,glm-5.2:cloud
Boys Indoor Track,1974,AA,Crossland,Larry Layman,Wheaton,Wayne Boor,61-54,False,False,,pdfs/Winter record book.pdf,42; 43,2026-08-02T12:18:23Z,glm-5.2:cloud
Boys Indoor Track,1974,ABC,Fairmont Heights,Bob Rothenberg,Friendly,Dick Knode,54-52,False,False,,pdfs/Winter record book.pdf,42; 43,2026-08-02T12:18:23Z,glm-5.2:cloud
Boys Indoor Track,1975,AA,Crossland,Larry Layman,Arundel,Ron Evans,98-38.5,False,False,,pdfs/Winter record book.pdf,42; 43,2026-08-02T12:18:23Z,glm-5.2:cloud
Boys Indoor Track,1975,ABC,Friendly & Fairmont Heights,,,,,False,True,,pdfs/Winter record book.pdf,42; 43,2026-08-02T12:18:23Z,glm-5.2:cloud
Boys Indoor Track,1976,AA,Churchill,Sonny Coble,Northwestern-PG,Joe Hairston,65-43,False,False,,pdfs/Winter record book.pdf,42; 43,2026-08-02T12:18:23Z,glm-5.2:cloud
Boys Indoor Track,1976,ABC,Fairmont Heights,William Wax,Williamsport,Curtis Graff,49-35,False,False,,pdfs/Winter record book.pdf,42; 43,2026-08-02T12:18:23Z,glm-5.2:cloud
Boys Indoor Track,1977,AA,Crossland,Jim Abbott,Churchill,Sonny Coble,49-38,False,False,,pdfs/Winter record book.pdf,42; 43,2026-08-02T12:18:23Z,glm-5.2:cloud
Boys Indoor Track,1977,ABC,Fairmont Heights,William Wax,Old Mill,Roy Payne,60-44,False,False,,pdfs/Winter record book.pdf,42; 43,2026-08-02T12:18:23Z,glm-5.2:cloud
Boys Indoor Track,1978,AA,Old Mill,Ron Evans,Crossland,Larry Layman,65-38,False,False,,pdfs/Winter record book.pdf,42; 43,2026-08-02T12:18:23Z,glm-5.2:cloud
Boys Indoor Track,1978,ABC,Fairmont Heights,Bob Rothenberg,Eleanor Roosevelt,Ralph White,72-30,False,False,,pdfs/Winter record book.pdf,42; 43,2026-08-02T12:18:23Z,glm-5.2:cloud
Boys Indoor Track,1979,AA,Old Mill,Ron Evans,Perry Hall,Jerry Martin,46-39,False,False,,pdfs/Winter record book.pdf,42; 43,2026-08-02T12:18:23Z,glm-5.2:cloud
Boys Indoor Track,1979,ABC,Fairmont Heights,Bob Rothenberg,Eleanor Roosevelt,Ralph White,63-45,False,False,,pdfs/Winter record book.pdf,42; 43,2026-08-02T12:18:23Z,glm-5.2:cloud
Boys Indoor Track,1980,AA,Peary,Tom Nawrocki,Dundalk,Jim McCoach,39-28,False,False,,pdfs/Winter record book.pdf,42; 43,2026-08-02T12:18:23Z,glm-5.2:cloud
Boys Indoor Track,1980,A,Fairmont Heights,Bob Rothenberg,South Carroll,Henry Adami,85-59,False,False,,pdfs/Winter record book.pdf,42; 43,2026-08-02T12:18:23Z,glm-5.2:cloud
Boys Indoor Track,1980,B-C,Hereford,Sam Bowen,Eastern Vo-Tech,Louis Clark,41-40,False,False,,pdfs/Winter record book.pdf,42; 43,2026-08-02T12:18:23Z,glm-5.2:cloud
Boys Indoor Track,1981,AA,Friendly,John Gretz,Oxon Hill,Bernard Burns,58-46,False,False,,pdfs/Winter record book.pdf,42; 43,2026-08-02T12:18:23Z,glm-5.2:cloud
Boys Indoor Track,1981,A,Einstein & Milford Mill,,,,,False,True,,pdfs/Winter record book.pdf,42; 43,2026-08-02T12:18:23Z,glm-5.2:cloud
Boys Indoor Track,1981,B-C,Joppatowne,Ron Bishop,Oakland Mills,Ivan Walker,58-43,False,False,,pdfs/Winter record book.pdf,42; 43,2026-08-02T12:18:23Z,glm-5.2:cloud
Boys Indoor Track,1982,AA,Suitland,Bob Rothenberg,Dulaney,Bob Dean,67-39,False,False,,pdfs/Winter record book.pdf,42; 43,2026-08-02T12:18:23Z,glm-5.2:cloud
Boys Indoor Track,1982,A,Fairmont Heights,Ron Anderson,Paint Branch,Larry Watson,49-45,False,False,,pdfs/Winter record book.pdf,42; 43,2026-08-02T12:18:23Z,glm-5.2:cloud
Boys Indoor Track,1982,B-C,Milford Mill,Ed Bury,Einstein & Middletown,,74-39,False,False,,pdfs/Winter record book.pdf,42; 43,2026-08-02T12:18:23Z,glm-5.2:cloud
Boys Indoor Track,1983,AA,Largo,Raymond McGinnis,Suitland,Bob Rothenberg,46-44.33,False,False,,pdfs/Winter record book.pdf,42; 43,2026-08-02T12:18:23Z,glm-5.2:cloud
Boys Indoor Track,1983,A,Northern-Cal,Stan Soper,Peary,Ron McGaw,60-41,False,False,,pdfs/Winter record book.pdf,42; 43,2026-08-02T12:18:23Z,glm-5.2:cloud
Boys Indoor Track,1983,B-C,Milford Mill,Ed Bury,Oakland Mills,Ivan Walker,56-45,False,False,,pdfs/Winter record book.pdf,42; 43,2026-08-02T12:18:23Z,glm-5.2:cloud
Boys Indoor Track,1984,AA,Bladensburg,Mary Phillips,Old Mill,Ron Evans,61.5-56,False,False,,pdfs/Winter record book.pdf,42; 43,2026-08-02T12:18:23Z,glm-5.2:cloud
Boys Indoor Track,1984,A,Central-PG,Ed Bowie,Douglass-PG,Vaughn Johnson,103-41,False,False,,pdfs/Winter record book.pdf,42; 43,2026-08-02T12:18:23Z,glm-5.2:cloud
Boys Indoor Track,1984,B-C,Howard,Dan Ross,Glenelg,Roger Volrath,68-53,False,False,,pdfs/Winter record book.pdf,42; 43,2026-08-02T12:18:23Z,glm-5.2:cloud
Boys Indoor Track,1985,AA,Eleanor Roosevelt,Dan Rincon,Friendly,Dick Knode,64-60,False,False,,pdfs/Winter record book.pdf,42; 43,2026-08-02T12:18:23Z,glm-5.2:cloud
Boys Indoor Track,1985,A,Central-PG,Ed Bowie,Paint Branch,Larry Watson,111-57,False,False,,pdfs/Winter record book.pdf,42; 43,2026-08-02T12:18:23Z,glm-5.2:cloud
Boys Indoor Track,1985,B-C,Howard,Dan Ross,Wicomico,George Schoepf,68-64,False,False,,pdfs/Winter record book.pdf,42; 43,2026-08-02T12:18:23Z,glm-5.2:cloud
Boys Indoor Track,1986,Comb.,Largo,Chris Parker,Old Mill,Ron Evans,61-41,False,False,,pdfs/Winter record book.pdf,42; 43,2026-08-02T12:18:23Z,glm-5.2:cloud
Boys Indoor Track,1987,AA,Woodlawn,Richard Estes,Meade,Jay Cuthbert,77-42,False,False,,pdfs/Winter record book.pdf,42; 43,2026-08-02T12:18:23Z,glm-5.2:cloud
Boys Indoor Track,1987,A,Einstein,Jim Brown,Chesapeake-AA,John Gray,54-48,False,False,,pdfs/Winter record book.pdf,42; 43,2026-08-02T12:18:23Z,glm-5.2:cloud
Boys Indoor Track,1987,B-C,Milford Mill,Jeff McDaniel,Oakland Mills,Caskie Lewis,52.5-51,False,False,,pdfs/Winter record book.pdf,42; 43,2026-08-02T12:18:23Z,glm-5.2:cloud
Boys Indoor Track,1988,AA,Woodlawn,Richard Estes,Meade,Jay Cuthbert,77-63,False,False,,pdfs/Winter record book.pdf,42; 43,2026-08-02T12:18:23Z,glm-5.2:cloud
Boys Indoor Track,1988,A,Laurel,Pete Adams,Parkville,Don Wann,75-37,False,False,,pdfs/Winter record book.pdf,42; 43,2026-08-02T12:18:23Z,glm-5.2:cloud
Boys Indoor Track,1988,B-C,Central-PG,Ed Bowie,Glenelg,Roger Volrath,45-44,False,False,,pdfs/Winter record book.pdf,42; 43,2026-08-02T12:18:23Z,glm-5.2:cloud
Boys Indoor Track,1989,4A,Meade,Jay Cuthbert,Suitland,Fletcher James,68-42,False,False,,pdfs/Winter record book.pdf,42; 43,2026-08-02T12:18:23Z,glm-5.2:cloud
Boys Indoor Track,1989,3A,Potomac,Stephen Wiggins,Linganore,Barbara Leishman,70-48,False,False,,pdfs/Winter record book.pdf,42; 43,2026-08-02T12:18:23Z,glm-5.2:cloud
Boys Indoor Track,1989,2A-1A,Howard,Dan Ross,Oakland Mills,Caskie Lewis,66-64,False,False,,pdfs/Winter record book.pdf,42; 43,2026-08-02T12:18:23Z,glm-5.2:cloud
Boys Indoor Track,1990,4A,Meade,Jay Cuthbert,Old Mill,Ron Evans,49.5-44,False,False,,pdfs/Winter record book.pdf,42; 43,2026-08-02T12:18:23Z,glm-5.2:cloud
Boys Indoor Track,1990,3A,Dundalk,Barry Hollinger,Great Mills,Tim Sandstrom,48-44,False,False,,pdfs/Winter record book.pdf,42; 43,2026-08-02T12:18:23Z,glm-5.2:cloud
Boys Indoor Track,1990,2A-1A,Glenelg,Roger Volrath,Damascus,Joe Tiso,42-41,False,False,,pdfs/Winter record book.pdf,42; 43,2026-08-02T12:18:23Z,glm-5.2:cloud
Boys Indoor Track,1991,4A,Eleanor Roosevelt,Diane Gentile,Meade,Jay Cuthbert,56-50.5,False,False,,pdfs/Winter record book.pdf,42; 43,2026-08-02T12:18:23Z,glm-5.2:cloud
Boys Indoor Track,1991,3A,Oakland Mills,Caskie Lewis-Clapper,Leonardtown,Valerie Coffey,86-58,False,False,,pdfs/Winter record book.pdf,42; 43,2026-08-02T12:18:23Z,glm-5.2:cloud
Boys Indoor Track,1991,2A-1A,Glenelg,Roger Volrath,Fairmont Heights,Vaughn Johnson,87-52,False,False,,pdfs/Winter record book.pdf,42; 43,2026-08-02T12:18:23Z,glm-5.2:cloud
Boys Indoor Track,1992,4A,Old Mill,Ron Evans,Eleanor Roosevelt,Larry Colbert,49.5-44,False,False,,pdfs/Winter record book.pdf,42; 43,2026-08-02T12:18:23Z,glm-5.2:cloud
Boys Indoor Track,1992,3A,Potomac,Mervin Watford,DuVal,David Vroonland,48-39,False,False,,pdfs/Winter record book.pdf,42; 43,2026-08-02T12:18:23Z,glm-5.2:cloud
Boys Indoor Track,1992,2A-1A,Glenelg,Roger Volrath,Milford Mill,Jesse Hannon,63-52,False,False,,pdfs/Winter record book.pdf,42; 43,2026-08-02T12:18:23Z,glm-5.2:cloud
Boys Indoor Track,1993,4A,Old Mill,Ron Evans,Eleanor Roosevelt,Larry Colbert,50-49,False,False,,pdfs/Winter record book.pdf,42; 43,2026-08-02T12:18:23Z,glm-5.2:cloud
Boys Indoor Track,1993,3A,DuVal,Troy Shockley,Howard,Dan Ross,59-38,False,False,,pdfs/Winter record book.pdf,42; 43,2026-08-02T12:18:23Z,glm-5.2:cloud
Boys Indoor Track,1993,2A-1A,Oakland Mills,Sam Singleton,Central-PG,Ed Bowie,51-39,False,False,,pdfs/Winter record book.pdf,42; 43,2026-08-02T12:18:23Z,glm-5.2:cloud
Boys Indoor Track,1994,4A,Old Mill,Mike Marcus,Eleanor Roosevelt,Larry Colbert,88-56,False,False,,pdfs/Winter record book.pdf,42; 43,2026-08-02T12:18:23Z,glm-5.2:cloud
Boys Indoor Track,1994,3A,DuVal,Troy Shockley,Linganore,Barbara Leishman,47-39,False,False,,pdfs/Winter record book.pdf,42; 43,2026-08-02T12:18:23Z,glm-5.2:cloud
Boys Indoor Track,1994,2A-1A,Oakland Mills,Sam Singleton,South River,Scott Baker,81-53,False,False,,pdfs/Winter record book.pdf,42; 43,2026-08-02T12:18:23Z,glm-5.2:cloud
Boys Indoor Track,1995,4A,Eleanor Roosevelt,Larry Colbert,Perry Hall,Jerry Martin,54-44,False,False,,pdfs/Winter record book.pdf,42; 43,2026-08-02T12:18:23Z,glm-5.2:cloud
Boys Indoor Track,1995,3A,Linganore,Barbara Leishman,Seneca Valley,Steve Robertson,57-52,False,False,,pdfs/Winter record book.pdf,42; 43,2026-08-02T12:18:23Z,glm-5.2:cloud
Boys Indoor Track,1995,2A-1A,Atholton,Pat Saunderson,Oakland Mills,Sam Singleton,62-43,False,False,,pdfs/Winter record book.pdf,42; 43,2026-08-02T12:18:23Z,glm-5.2:cloud
Boys Indoor Track,1996,4A,Eleanor Roosevelt,Larry Colbert,Mergenthaler,Fred Hendricks,64-57,False,False,,pdfs/Winter record book.pdf,42; 43,2026-08-02T12:18:23Z,glm-5.2:cloud
Boys Indoor Track,1996,3A,R. Montgomery,Ben Opipari,Atholton,Pat Saunderson,72-41,False,False,,pdfs/Winter record book.pdf,42; 43,2026-08-02T12:18:23Z,glm-5.2:cloud
Boys Indoor Track,1996,2A-1A,Surrattsville,Glen Jones,Wilde Lake,Charles Shoemaker,62-46,False,False,,pdfs/Winter record book.pdf,42; 43,2026-08-02T12:18:23Z,glm-5.2:cloud
Boys Indoor Track,1997,4A-3A,Mergenthaler,Fred Hendricks,High Point,Scott Smith,52-45.5,False,False,,pdfs/Winter record book.pdf,42; 43,2026-08-02T12:18:23Z,glm-5.2:cloud
Boys Indoor Track,1997,3A-2A,Milford Mill,Joe Sargent,Centennial,Al Dodds,38-34,False,False,,pdfs/Winter record book.pdf,42; 43,2026-08-02T12:18:23Z,glm-5.2:cloud
Boys Indoor Track,1997,2A-1A,Atholton,Chris Rohde,Glenelg,Roger Volrath,53-46,False,False,,pdfs/Winter record book.pdf,42; 43,2026-08-02T12:18:23Z,glm-5.2:cloud
Boys Indoor Track,1998,4A-3A,High Point,Scott Smith,R. Montgomery,Ben Opipari,66-40,False,False,,pdfs/Winter record book.pdf,42; 43,2026-08-02T12:18:23Z,glm-5.2:cloud
Boys Indoor Track,1998,3A-2A,Woodlawn,Michael Sye,Wilde Lake,Charles Shoemaker,50-43,False,False,,pdfs/Winter record book.pdf,42; 43,2026-08-02T12:18:23Z,glm-5.2:cloud
Boys Indoor Track,1998,2A-1A,Atholton,Eddie Ivory,Oakland Mills,Sam Singleton,68-46,False,False,,pdfs/Winter record book.pdf,42; 43,2026-08-02T12:18:23Z,glm-5.2:cloud
Boys Indoor Track,1999,4A-3A,High Point,Scott Smith,Northwestern-PG,Marie Graham,79-56,False,False,,pdfs/Winter record book.pdf,42; 43,2026-08-02T12:18:23Z,glm-5.2:cloud
Boys Indoor Track,1999,3A-2A,DuVal,Carl Rose,Woodlawn,Michael Sye,60-58.25,False,False,,pdfs/Winter record book.pdf,42; 43,2026-08-02T12:18:23Z,glm-5.2:cloud
Boys Indoor Track,1999,2A-1A,Oakland Mills,Sam Singleton,Middletown,Don Boyer,62-61,False,False,,pdfs/Winter record book.pdf,42; 43,2026-08-02T12:18:23Z,glm-5.2:cloud
Boys Indoor Track,2000,4A-3A,Westminster,Jim Shank,Woodlawn,Michael Sye,47.5-45.33,False,False,,pdfs/Winter record book.pdf,42; 43,2026-08-02T12:18:23Z,glm-5.2:cloud
Boys Indoor Track,2000,3A-2A,River Hill,Todd Wright,Catonsville,Carrie Hunt,41-28.5,False,False,,pdfs/Winter record book.pdf,42; 43,2026-08-02T12:18:23Z,glm-5.2:cloud
Boys Indoor Track,2000,2A-1A,Oakland Mills,Sam Singleton,Surrattsville,Nathan Dinkins,57-54,False,False,,pdfs/Winter record book.pdf,42; 43,2026-08-02T12:18:23Z,glm-5.2:cloud
Boys Indoor Track,2001,4A-3A,Eleanor Roosevelt,Larry Colbert,Suitland,Troy Shockley,56-26,False,False,,pdfs/Winter record book.pdf,42; 43,2026-08-02T12:18:23Z,glm-5.2:cloud
Boys Indoor Track,2001,3A-2A,River Hill,Todd Wright,La Plata,Rich Williams,48-38,False,False,,pdfs/Winter record book.pdf,42; 43,2026-08-02T12:18:23Z,glm-5.2:cloud
Boys Indoor Track,2001,2A-1A,Oakland Mills,Sam Singleton,Middletown,Don Boyer,79-60,False,False,,pdfs/Winter record book.pdf,42; 43,2026-08-02T12:18:23Z,glm-5.2:cloud
Boys Indoor Track,2002,4A-3A,Oxon Hill,Nathaniel Laney,Suitland,Troy Shockley,54-48,False,False,,pdfs/Winter record book.pdf,42; 43,2026-08-02T12:18:23Z,glm-5.2:cloud
Boys Indoor Track,2002,3A-2A,Annapolis,Mike Ballard,Gwynn Park,Maurice Wright,52-43,False,False,,pdfs/Winter record book.pdf,42; 43,2026-08-02T12:18:23Z,glm-5.2:cloud
Boys Indoor Track,2002,2A-1A,Oakland Mills,Sam Singleton,Middletown,Don Boyer,88.5-35,False,False,,pdfs/Winter record book.pdf,42; 43,2026-08-02T12:18:23Z,glm-5.2:cloud
Boys Indoor Track,2003,4A-3A,Suitland,Troy Shockley,Charles H. Flowers,Carlyle Rose,72-42,False,False,,pdfs/Winter record book.pdf,42; 43,2026-08-02T12:18:23Z,glm-5.2:cloud
Boys Indoor Track,2003,3A-2A,Paint Branch,Steve Bettis,Annapolis,Charles Gross,60-48,False,False,,pdfs/Winter record book.pdf,42; 43,2026-08-02T12:18:23Z,glm-5.2:cloud
Boys Indoor Track,2003,2A-1A,Middletown,Don Boyer,Loch Raven,Eric Depkin,41-39,False,False,,pdfs/Winter record book.pdf,42; 43,2026-08-02T12:18:23Z,glm-5.2:cloud
Boys Indoor Track,2004,4A-3A,Suitland,Troy Shockley,Old Mill,Janet Liimatta,74-50,False,False,,pdfs/Winter record book.pdf,42; 43,2026-08-02T12:18:23Z,glm-5.2:cloud
Boys Indoor Track,2004,3A-2A,Mergenthaler,Garfield Thompson,Middletown,Don Boyer,59-39,False,False,,pdfs/Winter record book.pdf,42; 43,2026-08-02T12:18:23Z,glm-5.2:cloud
Boys Indoor Track,2004,2A-1A,Oakland Mills,Bryan Winfield,Glenelg,Phil Johnson,64-57,False,False,,pdfs/Winter record book.pdf,42; 43,2026-08-02T12:18:23Z,glm-5.2:cloud
Boys Indoor Track,2005,4A-3A,Charles H. Flowers,Carlyle Rose,Eleanor Roosevelt,Larry Colbert,64-62,False,False,,pdfs/Winter record book.pdf,42; 43,2026-08-02T12:18:23Z,glm-5.2:cloud
Boys Indoor Track,2005,3A-2A,Westlake,Beth Shook,Mt. Hebron,Matt Gitterman,40-32,False,False,,pdfs/Winter record book.pdf,42; 43,2026-08-02T12:18:23Z,glm-5.2:cloud
Boys Indoor Track,2005,2A-1A,Glenelg,Phil Johnson,Winters Mill,Jim Shank,46-39,False,False,,pdfs/Winter record book.pdf,42; 43,2026-08-02T12:18:23Z,glm-5.2:cloud
Boys Indoor Track,2006,4A-3A,Eleanor Roosevelt,Larry Colbert,Oxon Hill,Ricky Williams,45-41,False,False,,pdfs/Winter record book.pdf,42; 43,2026-08-02T12:18:23Z,glm-5.2:cloud
Boys Indoor Track,2006,3A-2A,Atholton,M. Sydnor/D. Bowler,Mergenthaler,Ronald Neal,52-36,False,False,,pdfs/Winter record book.pdf,42; 43,2026-08-02T12:18:23Z,glm-5.2:cloud
Boys Indoor Track,2006,2A-1A,Forestville,Austin Gibbs,Liberty,Robert Ward,58-48,False,False,,pdfs/Winter record book.pdf,42; 43,2026-08-02T12:18:23Z,glm-5.2:cloud
Boys Indoor Track,2007,4A-3A,Eleanor Roosevelt,Desmond Dunham,Westlake,Beth Shook,60-42,False,False,,pdfs/Winter record book.pdf,42; 43,2026-08-02T12:18:23Z,glm-5.2:cloud
Boys Indoor Track,2007,3A-2A,La Plata & Middletown,,,,,False,True,,pdfs/Winter record book.pdf,42; 43,2026-08-02T12:18:23Z,glm-5.2:cloud
Boys Indoor Track,2007,2A-1A,Polytechnic,Steve Williams,Liberty,Robert Ward,52-44,False,False,,pdfs/Winter record book.pdf,42; 43,2026-08-02T12:18:23Z,glm-5.2:cloud
Boys Indoor Track,2008,4A,Quince Orchard,Seann Pelkey,Linganore,Alvin Pridgeon,53-43,False,False,,pdfs/Winter record book.pdf,42; 43,2026-08-02T12:18:23Z,glm-5.2:cloud
Boys Indoor Track,2008,3A,Meade,Nigel Holder,Westlake,Beth Shook,70-51,False,False,,pdfs/Winter record book.pdf,42; 43,2026-08-02T12:18:23Z,glm-5.2:cloud
Boys Indoor Track,2008,2A,Polytechnic,Steve Williams,Clarksburg,Scott Mathias,54-40,False,False,,pdfs/Winter record book.pdf,42; 43,2026-08-02T12:18:23Z,glm-5.2:cloud
Boys Indoor Track,2008,1A,Digital Harbor,Lutalo Bakari,Western STES,"Shedrick Elliott, III",70-51,False,False,,pdfs/Winter record book.pdf,42; 43,2026-08-02T12:18:23Z,glm-5.2:cloud
Boys Indoor Track,2009,4A,Thomas Johnson & Gaithersburg,"Nicholas Snyder & Francis Parry, Jr.",,,,False,True,"TIE for 1st place, both scored 38",pdfs/Winter record book.pdf,44; 45,2026-08-02T19:39:44Z,glm-5.2:cloud
Boys Indoor Track,2009,3A,Westlake,Beth Shook,Atholton,Dwight Bowler,65-49,False,False,,pdfs/Winter record book.pdf,44; 45,2026-08-02T19:39:44Z,glm-5.2:cloud
Boys Indoor Track,2009,2A,North Point,Kevin Reisinger,Polytechnic,Steve Williams,50-41,False,False,,pdfs/Winter record book.pdf,44; 45,2026-08-02T19:39:44Z,glm-5.2:cloud
Boys Indoor Track,2009,1A,Western STES,"Shedrick Elliott, III",Glenelg,Phil Johnson,69-56,False,False,,pdfs/Winter record book.pdf,44; 45,2026-08-02T19:39:44Z,glm-5.2:cloud
Boys Indoor Track,2010,4A,Thomas Johnson,Nicholas Snyder,Suitland,Anthony Brown,73.66-67,False,False,,pdfs/Winter record book.pdf,44; 45,2026-08-02T19:39:44Z,glm-5.2:cloud
Boys Indoor Track,2010,3A,Damascus,Robert Youngblood,Reservoir,Phil Rogers/Jud Lincoln,51.5-46,False,False,,pdfs/Winter record book.pdf,44; 45,2026-08-02T19:39:44Z,glm-5.2:cloud
Boys Indoor Track,2010,2A,Walkersville,Lee Palmer,Oakland Mills,Bryan Winfield,62-38,False,False,,pdfs/Winter record book.pdf,44; 45,2026-08-02T19:39:44Z,glm-5.2:cloud
Boys Indoor Track,2010,1A,Carver Vo-Tech,Stephen Kimes,Northwestern-B,Vaughn DeVaughn,69.83-63,False,False,,pdfs/Winter record book.pdf,44; 45,2026-08-02T19:39:44Z,glm-5.2:cloud
Boys Indoor Track,2011,4A,DuVal,Deborah Reid,Thomas Johnson,Nicholas Snyder,54-73.66,False,False,,pdfs/Winter record book.pdf,44; 45,2026-08-02T19:39:44Z,glm-5.2:cloud
Boys Indoor Track,2011,3A,Atholton,Elbert Robinson,Linganore,Alvin Pridgeon,62-44,False,False,,pdfs/Winter record book.pdf,44; 45,2026-08-02T19:39:44Z,glm-5.2:cloud
Boys Indoor Track,2011,2A,Century,Anthony Griner,Oakland Mills,Bryan Winfield,47-45,False,False,,pdfs/Winter record book.pdf,44; 45,2026-08-02T19:39:44Z,glm-5.2:cloud
Boys Indoor Track,2011,1A,Carver Vo-Tech,Stephen Kimes,Catoctin,Terri Gibbons,80.5-79,False,False,,pdfs/Winter record book.pdf,44; 45,2026-08-02T19:39:44Z,glm-5.2:cloud
Boys Indoor Track,2012,4A,Dr. Henry A. Wise,Fardan Carter/Darryl Spruill,Suitland,Anthony Brown/Malcolm Walker,52-39,False,False,,pdfs/Winter record book.pdf,44; 45,2026-08-02T19:39:44Z,glm-5.2:cloud
Boys Indoor Track,2012,3A,Thomas Johnson,Drew Irving,Potomac,Stan Mullins,46.5-43,False,False,,pdfs/Winter record book.pdf,44; 45,2026-08-02T19:39:44Z,glm-5.2:cloud
Boys Indoor Track,2012,2A,Douglass-PG,"Malcolm Drewery, Jr.",Walkersville,Lee Palmer,56-43,False,False,,pdfs/Winter record book.pdf,44; 45,2026-08-02T19:39:44Z,glm-5.2:cloud
Boys Indoor Track,2012,1A,Smithsburg,Ray Shriver,Northwestern-B & Boonsboro,Jabari Bush & Rebecca Walter/Shawn Cutsail,80.5-55,False,False,"TIE for 2nd place between Northwestern-B and Boonsboro, both scored 55",pdfs/Winter record book.pdf,44; 45,2026-08-02T19:39:44Z,glm-5.2:cloud
Boys Indoor Track,2013,4A,Clarksburg,Scott Mathias,Northwest,Robert Youngblood,67-53.5,False,False,,pdfs/Winter record book.pdf,44; 45,2026-08-02T19:39:44Z,glm-5.2:cloud
Boys Indoor Track,2013,3A,Digital Harbor,Michael Rose/David Adams,Hereford,Jason Bowman/John Roemer IV,49-45,False,False,,pdfs/Winter record book.pdf,44; 45,2026-08-02T19:39:44Z,glm-5.2:cloud
Boys Indoor Track,2013,2A,Century,Anthony Griner,Long Reach,Pete Hughes,84-45,False,False,,pdfs/Winter record book.pdf,44; 45,2026-08-02T19:39:44Z,glm-5.2:cloud
Boys Indoor Track,2013,1A,Pikesville,Adam Hittner,Boonsboro,Rebecca Walter/Shawn Cutsail,110-103,False,False,,pdfs/Winter record book.pdf,44; 45,2026-08-02T19:39:44Z,glm-5.2:cloud
Boys Indoor Track,2014,4A,Northwest,Robert Youngblood,Paint Branch,Dessalyn Dillard,48-46,False,False,,pdfs/Winter record book.pdf,44; 45,2026-08-02T19:39:44Z,glm-5.2:cloud
Boys Indoor Track,2014,3A,Long Reach,Pete Hughes,Centennial,Kevin McCoy,42-36,False,False,,pdfs/Winter record book.pdf,44; 45,2026-08-02T19:39:44Z,glm-5.2:cloud
Boys Indoor Track,2014,2A,Douglass-PG,Kori Green,Century,Anthony Griner,65-60,False,False,,pdfs/Winter record book.pdf,44; 45,2026-08-02T19:39:44Z,glm-5.2:cloud
Boys Indoor Track,2014,1A,Smithsburg,Ray Shriver,Pikesville,Adam Hittner,79.5-75,False,False,,pdfs/Winter record book.pdf,44; 45,2026-08-02T19:39:44Z,glm-5.2:cloud
Boys Indoor Track,2015,4A,Northwest,Robert Youngblood/Taylor Colbert,Bowie,Rich Andrulonis,73-55,False,False,,pdfs/Winter record book.pdf,44; 45,2026-08-02T19:39:44Z,glm-5.2:cloud
Boys Indoor Track,2015,3A,Milford Mill,Sharon Johnson,Mount Hebron,Teyarnte Carter/Paul Ulrich,56-47,False,False,,pdfs/Winter record book.pdf,44; 45,2026-08-02T19:39:44Z,glm-5.2:cloud
Boys Indoor Track,2015,2A,Oakdale,David Lillard/Dave Beech,Century,Anthony Griner,49-45,False,False,,pdfs/Winter record book.pdf,44; 45,2026-08-02T19:39:44Z,glm-5.2:cloud
Boys Indoor Track,2015,1A,Smithsburg,T.J. Hood/Ray Shriver,Fairmont Hts.,Vaughn Johnson/Marcello Virgil,72-65,False,False,,pdfs/Winter record book.pdf,44; 45,2026-08-02T19:39:44Z,glm-5.2:cloud
Boys Indoor Track,2016,4A,Northwest,Robert Youngblood/Thea LaFond,C.H. Flowers,Henry Brady,65-54,False,False,,pdfs/Winter record book.pdf,44; 45,2026-08-02T19:39:44Z,glm-5.2:cloud
Boys Indoor Track,2016,3A,Oxon Hill,Derell Quick,Oakdale,David Lillard,72.5-50.5,False,False,,pdfs/Winter record book.pdf,44; 45,2026-08-02T19:39:44Z,glm-5.2:cloud
Boys Indoor Track,2016,2A,Westlake,Beth Shook,Century,Anthony Griner,78-54,False,False,,pdfs/Winter record book.pdf,44; 45,2026-08-02T19:39:44Z,glm-5.2:cloud
Boys Indoor Track,2016,1A,Fairmont Hts.,Vaughn Johnson,Smithsburg,Ray Shriver,89-78,False,False,,pdfs/Winter record book.pdf,44; 45,2026-08-02T19:39:44Z,glm-5.2:cloud
Boys Indoor Track,2017,4A,Northwest,Robert Youngblood/Fran Parry,Dulaney,Chad Boyle/Eric Benjamin,81.5-28,False,False,,pdfs/Winter record book.pdf,44; 45,2026-08-02T19:39:44Z,glm-5.2:cloud
Boys Indoor Track,2017,3A,Oxon Hill,Derell Quick/Timothy Riley,Oakdale,David Lillard,61-51.5,False,False,,pdfs/Winter record book.pdf,44; 45,2026-08-02T19:39:44Z,glm-5.2:cloud
Boys Indoor Track,2017,2A,Century,Anthony Griner,Westlake,Beth Shook,69.5-65,False,False,,pdfs/Winter record book.pdf,44; 45,2026-08-02T19:39:44Z,glm-5.2:cloud
Boys Indoor Track,2017,1A,Boonsboro,Rebecca Walter,Pikesville,Greg Hrinda,127-70,False,False,,pdfs/Winter record book.pdf,44; 45,2026-08-02T19:39:44Z,glm-5.2:cloud
Boys Indoor Track,2018,4A,Northwest,Robert Youngblood,"Dr. Henry A. Wise, Jr.","Gideon Tinch, Jr.",52-43,False,False,,pdfs/Winter record book.pdf,44; 45,2026-08-02T19:39:44Z,glm-5.2:cloud
Boys Indoor Track,2018,3A,Linganore,William Eckard,Reservoir,Philip Rogers,54-53,False,False,,pdfs/Winter record book.pdf,44; 45,2026-08-02T19:39:44Z,glm-5.2:cloud
Boys Indoor Track,2018,2A,Century,Dyron Johnson,Middletown,Paul Spurrier,50-49,False,False,,pdfs/Winter record book.pdf,44; 45,2026-08-02T19:39:44Z,glm-5.2:cloud
Boys Indoor Track,2018,1A,Boonsboro,Rebecca Walter,Henry E. Lackey,Jimari Jones,69-66,False,False,,pdfs/Winter record book.pdf,44; 45,2026-08-02T19:39:44Z,glm-5.2:cloud
Boys Indoor Track,2019,4A,Paint Branch,Dessalyn Dillard,"Dr. Henry A. Wise, Jr.","Gideon Tinch, Jr.",62-41,False,False,,pdfs/Winter record book.pdf,44; 45,2026-08-02T19:39:44Z,glm-5.2:cloud
Boys Indoor Track,2019,3A,Linganore,William Eckard,Chopticon,Kelly Schmidt,72.5-41,False,False,,pdfs/Winter record book.pdf,44; 45,2026-08-02T19:39:44Z,glm-5.2:cloud
Boys Indoor Track,2019,2A,Oakdale,David Lillard,Century,Dyron Johnson,81-77,False,False,,pdfs/Winter record book.pdf,44; 45,2026-08-02T19:39:44Z,glm-5.2:cloud
Boys Indoor Track,2019,1A,Boonsboro,Rebecca Ward/Shawn Cutsail,Henry E. Lackey,Jimari Jones,68-64,False,False,,pdfs/Winter record book.pdf,44; 45,2026-08-02T19:39:44Z,glm-5.2:cloud
Boys Indoor Track,2020,4A,Paint Branch,Dessalyn Dillard,Richard Montgomery.,Davy Rogers,53-52,False,False,,pdfs/Winter record book.pdf,44; 45,2026-08-02T19:39:44Z,glm-5.2:cloud
Boys Indoor Track,2020,3A,Huntingtown,Valerie Harrington,North Point,Debra Hall,55-47,False,False,,pdfs/Winter record book.pdf,44; 45,2026-08-02T19:39:44Z,glm-5.2:cloud
Boys Indoor Track,2020,2A,Oakdale,David Lillard,Milford Mill Academy,Sharon Johnson,84-62.5,False,False,,pdfs/Winter record book.pdf,44; 45,2026-08-02T19:39:44Z,glm-5.2:cloud
Boys Indoor Track,2020,1A,Largo,Darryl Hamilton/Haywood Vaughn,Pikesville,Greg Hrinda,59-53,False,False,,pdfs/Winter record book.pdf,44; 45,2026-08-02T19:39:44Z,glm-5.2:cloud
Boys Indoor Track,2022,4A,Severna Park,Josh Alcombright,Dulaney,Emily Kachik,55-45,False,False,,pdfs/Winter record book.pdf,44; 45,2026-08-02T19:39:44Z,glm-5.2:cloud
Boys Indoor Track,2022,3A,Huntingtown,Valerie Harrington,Baltimore Polytechnic & Mergenthaler Vo-Tech,James A. Davis & Vaughn Devaughn/Shaw Snell,48.5-37,False,False,"TIE for 2nd place between Baltimore Polytechnic and Mergenthaler Vo-Tech, both scored 37",pdfs/Winter record book.pdf,44; 45,2026-08-02T19:39:44Z,glm-5.2:cloud
Boys Indoor Track,2022,2A,Oakland Mills,Chris Brewington,Walkersville,Marisa Hombach,109-38,False,False,,pdfs/Winter record book.pdf,44; 45,2026-08-02T19:39:44Z,glm-5.2:cloud
Boys Indoor Track,2022,1A,Catoctin,David Lillard,Smithsburg,Stacey Crawford,72-63,False,False,,pdfs/Winter record book.pdf,44; 45,2026-08-02T19:39:44Z,glm-5.2:cloud
Boys Indoor Track,2023,4A,Severna Park,Josh Alcombright,Montgomery Blair,Terry Johnson,46.5-45,False,False,,pdfs/Winter record book.pdf,44; 45,2026-08-02T19:39:44Z,glm-5.2:cloud
Boys Indoor Track,2023,3A,Northern-Calvert,Josh Dawson,Mergenthaler Vo-Tech,Vaughn Devaughn,39-37.5,False,False,,pdfs/Winter record book.pdf,44; 45,2026-08-02T19:39:44Z,glm-5.2:cloud
Boys Indoor Track,2023,2A,Oakland Mills,Chris Brewington,Liberty,Trent Rose,110-49,False,False,,pdfs/Winter record book.pdf,44; 45,2026-08-02T19:39:44Z,glm-5.2:cloud
Boys Indoor Track,2023,1A,Catoctin,David Lillard,Cambridge-South Dorchester,Clint Falduto,79-51,False,False,,pdfs/Winter record book.pdf,44; 45,2026-08-02T19:39:44Z,glm-5.2:cloud
Boys Indoor Track,2024,4A,Gov. Thomas Johnson,Larry O'Hara,Bowie,Richard Andrulonis,78-48,False,False,,pdfs/Winter record book.pdf,44; 45,2026-08-02T19:39:44Z,glm-5.2:cloud
Boys Indoor Track,2024,3A,Digital Harbor,Lutalo Barkari,Northern-Calvert,Josh Dawson,67-42,False,False,,pdfs/Winter record book.pdf,44; 45,2026-08-02T19:39:44Z,glm-5.2:cloud
Boys Indoor Track,2024,2A,Hereford,,La Plata,,53.5-46,False,False,,pdfs/Winter record book.pdf,44; 45,2026-08-02T19:39:44Z,glm-5.2:cloud
Boys Indoor Track,2024,1A,Catoctin,David Lillard,Harford Technical & Liberty,Eric Baranoski & Trent Rose & Brooks Chaney,62-54,False,False,"TIE for 2nd place between Harford Technical and Liberty, both scored 54",pdfs/Winter record book.pdf,44; 45,2026-08-02T19:39:44Z,glm-5.2:cloud
Boys Indoor Track,2025,4A,Paint Branch,Funmi Daramola,Crofton,Stacy Severtson,42-37,False,False,,pdfs/Winter record book.pdf,44; 45,2026-08-02T19:39:44Z,glm-5.2:cloud
Boys Indoor Track,2025,3A,Oakland Mills,Chris Brewington,Digital Harbor,Lutalo Barkari,64.25-62,False,False,,pdfs/Winter record book.pdf,44; 45,2026-08-02T19:39:44Z,glm-5.2:cloud
Boys Indoor Track,2025,2A,Westlake,Adano Murray,Middletown,William Bell,58-48,False,False,,pdfs/Winter record book.pdf,44; 45,2026-08-02T19:39:44Z,glm-5.2:cloud
Boys Indoor Track,2025,1A,Harford Technical,Eric Baranoski,Liberty,Trent Rose & Brooks Chaney,59-54,False,False,,pdfs/Winter record book.pdf,44; 45,2026-08-02T19:39:44Z,glm-5.2:cloud
Girls Swimming & Diving,2007,4A-3A,Severna Park,Kacie Owens,E. Roosevelt,Anne Koraknay,330.5-281,False,False,,pdfs/Winter record book.pdf,62; 63,2026-08-02T19:51:46Z,glm-5.2:cloud
Girls Swimming & Diving,2007,3A-2A-1A,Urbana,Brooke Reinsfelder,Middletown,Stacy MacMillan,291-233,False,False,,pdfs/Winter record book.pdf,62; 63,2026-08-02T19:51:46Z,glm-5.2:cloud
Girls Swimming & Diving,2008,4A-3A,Eleanor Roosevelt,Anne Koraknay,Severna Park,Mike McTammany,273-249,False,False,,pdfs/Winter record book.pdf,62; 63,2026-08-02T19:51:46Z,glm-5.2:cloud
Girls Swimming & Diving,2008,3A-2A-1A,Middletown,Stacy MacMillan,Frederick,Renee Huffer,230.5-181,False,False,,pdfs/Winter record book.pdf,62; 63,2026-08-02T19:51:46Z,glm-5.2:cloud
Girls Swimming & Diving,2009,4A-3A,Severna Park,Mike McTammany,Urbana,Brooke Reinsfelder,334-275.5,False,False,,pdfs/Winter record book.pdf,62; 63,2026-08-02T19:51:46Z,glm-5.2:cloud
Girls Swimming & Diving,2009,3A-2A-1A,Queen Anne's,Matt Moore,Frederick,Renee Brandenburg-Huffer,233-221,False,False,,pdfs/Winter record book.pdf,62; 63,2026-08-02T19:51:46Z,glm-5.2:cloud
Girls Swimming & Diving,2010,4A-3A,Severna Park,Mike McTammany,Urbana,Brooke Reinsfelder,331-300,False,False,,pdfs/Winter record book.pdf,62; 63,2026-08-02T19:51:46Z,glm-5.2:cloud
Girls Swimming & Diving,2010,3A-2A-1A,Frederick,Renee Huffer,Middletown,Stacy MacMillan,238-233,False,False,,pdfs/Winter record book.pdf,62; 63,2026-08-02T19:51:46Z,glm-5.2:cloud
Girls Swimming & Diving,2011,4A-3A,Urbana,Brooke Reinsfelder,Severna Park,Mike McTammany,325.5-300,False,False,,pdfs/Winter record book.pdf,62; 63,2026-08-02T19:51:46Z,glm-5.2:cloud
Girls Swimming & Diving,2011,3A-2A-1A,Frederick,Renee Huffer,Middletown,Stacy MacMillan,271-210,False,False,,pdfs/Winter record book.pdf,62; 63,2026-08-02T19:51:46Z,glm-5.2:cloud
Girls Swimming & Diving,2012,4A-3A,Whitman,Geoff Schaefer,Wootton,Howard Blume,321-290.5,False,False,,pdfs/Winter record book.pdf,62; 63,2026-08-02T19:51:46Z,glm-5.2:cloud
Girls Swimming & Diving,2012,3A-2A-1A,C.M. Wright,Debbie King/Cathy Bendis,Poolesville,Jon Leong,315.5-283,False,False,,pdfs/Winter record book.pdf,62; 63,2026-08-02T19:51:46Z,glm-5.2:cloud
Girls Swimming & Diving,2013,4A-3A,Wootton,Jackie Emr,Sherwood,Brendan Lees,329-255.5,False,False,,pdfs/Winter record book.pdf,62; 63,2026-08-02T19:51:46Z,glm-5.2:cloud
Girls Swimming & Diving,2013,3A-2A-1A,Poolesville,Jon Leong,C.M. Wright,Debbie King/Cathy Bendis,313.5-255,False,False,,pdfs/Winter record book.pdf,62; 63,2026-08-02T19:51:46Z,glm-5.2:cloud
Girls Swimming & Diving,2014,4A-3A,Wootton,Jackie Emr/Sarah Casey,Churchill,Brendan Roddy,292.5-290.5,False,False,,pdfs/Winter record book.pdf,62; 63,2026-08-02T19:51:46Z,glm-5.2:cloud
Girls Swimming & Diving,2014,3A-2A-1A,C.M. Wright,Debbie King/Cathy Bendis,Poolesville,Jon Leong,327.5-297.5,False,False,,pdfs/Winter record book.pdf,62; 63,2026-08-02T19:51:46Z,glm-5.2:cloud
Girls Swimming & Diving,2015,4A-3A,W. Churchill,Christopher Tappis,Sherwood,Brendan Lees,288.5-249,False,False,,pdfs/Winter record book.pdf,62; 63,2026-08-02T19:51:46Z,glm-5.2:cloud
Girls Swimming & Diving,2015,3A-2A-1A,Poolesville,Jon Leong,Easton,Kara Erskine,386-181,False,False,,pdfs/Winter record book.pdf,62; 63,2026-08-02T19:51:46Z,glm-5.2:cloud
Girls Swimming & Diving,2016,4A-3A,Sherwood,Brendan Lees,Walter Johnson,Jamie Grimes,310.5-237,False,False,,pdfs/Winter record book.pdf,62; 63,2026-08-02T19:51:46Z,glm-5.2:cloud
Girls Swimming & Diving,2016,3A-2A-1A,Poolesville,Jon Leong,Easton,Kara Erskine,370-265,False,False,,pdfs/Winter record book.pdf,62; 63,2026-08-02T19:51:46Z,glm-5.2:cloud
Girls Swimming & Diving,2017,4A-3A,Walter Johnson,Jamie Grimes,Sherwood,Brendan Lees,292-246,False,False,,pdfs/Winter record book.pdf,62; 63,2026-08-02T19:51:46Z,glm-5.2:cloud
Girls Swimming & Diving,2017,3A-2A-1A,Poolesville,Jon Leong,Easton,Kara Erskine,363-233,False,False,,pdfs/Winter record book.pdf,62; 63,2026-08-02T19:51:46Z,glm-5.2:cloud
Girls Swimming & Diving,2018,4A-3A,Sherwood,Brendan Lees,Montgomery Blair,Alison Zick,339-246,False,False,,pdfs/Winter record book.pdf,62; 63,2026-08-02T19:51:46Z,glm-5.2:cloud
Girls Swimming & Diving,2018,3A-2A-1A,Poolesville,Jon Leong,Easton,Kara Erskine,365-213,False,False,,pdfs/Winter record book.pdf,62; 63,2026-08-02T19:51:46Z,glm-5.2:cloud
Girls Swimming & Diving,2019,4A-3A,Sherwood,Brendan Lees,Bethesda-Chevy Chase,Jason Blanken,285.5-259,False,False,,pdfs/Winter record book.pdf,62; 63,2026-08-02T19:51:46Z,glm-5.2:cloud
Girls Swimming & Diving,2019,3A-2A-1A,Poolesville,Jon Leong,Damascus,Kevin Beabout,344-281,False,False,,pdfs/Winter record book.pdf,62; 63,2026-08-02T19:51:46Z,glm-5.2:cloud
Girls Swimming & Diving,2020,4A-3A,Bethesda-Chevy Chase,Jason Blanken,Walter Johnson,Jamie Grimes,314.5-284.5,False,False,,pdfs/Winter record book.pdf,62; 63,2026-08-02T19:51:46Z,glm-5.2:cloud
Girls Swimming & Diving,2020,3A-2A-1A,Poolesville,Jon Leong,Damascus,Kevin Beabout,338.5-280,False,False,,pdfs/Winter record book.pdf,62; 63,2026-08-02T19:51:46Z,glm-5.2:cloud
Girls Swimming & Diving,2022,4A-3A,Walter Johnson,Jamie Grimes,Bethesda-Chevy Chase,Jason Blanken,,False,False,,pdfs/Winter record book.pdf,62; 63,2026-08-02T19:51:46Z,glm-5.2:cloud
Girls Swimming & Diving,2022,3A-2A-1A,Damascus,Kevin Beabout,Poolesville,Jon Leong,,False,False,,pdfs/Winter record book.pdf,62; 63,2026-08-02T19:51:46Z,glm-5.2:cloud
Girls Swimming & Diving,2023,4A-3A,Walter Johnson,Jamie Grimes,Bethesda-Chevy Chase,Jason Blanken,,False,False,,pdfs/Winter record book.pdf,62; 63,2026-08-02T19:51:46Z,glm-5.2:cloud
Girls Swimming & Diving,2023,3A-2A-1A,Easton,Mary Gibson,Poolesville,Jon Leong,,False,False,,pdfs/Winter record book.pdf,62; 63,2026-08-02T19:51:46Z,glm-5.2:cloud
Girls Swimming & Diving,2024,4A-3A,Richard Montgomery,Akshay Gandhi,Walter Johnson,Jamie Grimes,,False,False,,pdfs/Winter record book.pdf,62; 63,2026-08-02T19:51:46Z,glm-5.2:cloud
Girls Swimming & Diving,2024,3A-2A-1A,Northern-Cal,Margaret O'Grady,Damascus,Kevin Beabout,,False,False,,pdfs/Winter record book.pdf,62; 63,2026-08-02T19:51:46Z,glm-5.2:cloud
Girls Swimming & Diving,2025,4A-3A,Walter Johnson,Jamie Grimes,Montgomery Blair,Kelly Labriola,,False,False,,pdfs/Winter record book.pdf,62; 63,2026-08-02T19:51:46Z,glm-5.2:cloud
Girls Swimming & Diving,2025,3A-2A-1A,Damascus,Kevin Beabout,Poolesville,Jon Leong,,False,False,,pdfs/Winter record book.pdf,62; 63,2026-08-02T19:51:46Z,glm-5.2:cloud
Boys Swimming & Diving,2007,4A-3A,Fallston,Sheri Huppenthal,Thomas Johnson,Kevin Conley,323-225,False,False,,pdfs/Winter record book.pdf,71; 72,2026-08-02T19:54:24Z,glm-5.2:cloud
Boys Swimming & Diving,2007,3A-2A-1A,Urbana,Jim Kinsey,Middletown,Casey Rogers,298.5-192,False,False,,pdfs/Winter record book.pdf,71; 72,2026-08-02T19:54:24Z,glm-5.2:cloud
Boys Swimming & Diving,2008,4A-3A,Broadneck,Colleen Winans,Urbana,Jim Kinsey,225-193,False,False,,pdfs/Winter record book.pdf,71; 72,2026-08-02T19:54:24Z,glm-5.2:cloud
Boys Swimming & Diving,2008,3A-2A-1A,Fallston,Sheri Huppenthal,Annapolis,Emily Coleman,341.5-209,False,False,,pdfs/Winter record book.pdf,71; 72,2026-08-02T19:54:24Z,glm-5.2:cloud
Boys Swimming & Diving,2009,4A-3A,Broadneck,Colleen Winans,Severna Park,Mike McTammany,294-239,False,False,,pdfs/Winter record book.pdf,71; 72,2026-08-02T19:54:24Z,glm-5.2:cloud
Boys Swimming & Diving,2009,3A-2A-1A,Fallston,Siona Walsh/Derrick Jackson,Walkersville,Peggy Patschak,221.5-210.5,False,False,,pdfs/Winter record book.pdf,71; 72,2026-08-02T19:54:24Z,glm-5.2:cloud
Boys Swimming & Diving,2010,4A-3A,Severna Park,Mike McTammany,South River,Dave Fusick,245-207,False,False,,pdfs/Winter record book.pdf,71; 72,2026-08-02T19:54:24Z,glm-5.2:cloud
Boys Swimming & Diving,2010,3A-2A-1A,Walkersville,Peggy Patschak,North Harford,Melissa Winter/Jessica Lewis,269-259,False,False,,pdfs/Winter record book.pdf,71; 72,2026-08-02T19:54:24Z,glm-5.2:cloud
Boys Swimming & Diving,2011,4A-3A,Severna Park,Mike McTammany,Broadneck,Colleen Winans,281-235,False,False,,pdfs/Winter record book.pdf,71; 72,2026-08-02T19:54:24Z,glm-5.2:cloud
Boys Swimming & Diving,2011,3A-2A-1A,Fallston,Siona Walsh/Derrick Jackson,Steph. Decatur,Gwen Trice/Richard Cawthern,284-282.5,False,False,,pdfs/Winter record book.pdf,71; 72,2026-08-02T19:54:24Z,glm-5.2:cloud
Boys Swimming & Diving,2012,4A-3A,Walter Johnson,Jamie Grimes,Churchill,Brendan Roddy,268-223,False,False,,pdfs/Winter record book.pdf,71; 72,2026-08-02T19:54:24Z,glm-5.2:cloud
Boys Swimming & Diving,2012,3A-2A-1A,Poolesville,Jon Leong,C.M. Wright,Lisa King,301-211,False,False,,pdfs/Winter record book.pdf,71; 72,2026-08-02T19:54:24Z,glm-5.2:cloud
Boys Swimming & Diving,2013,4A-3A,Walter Johnson,Jamie Grimes,Blair,Kelly Crowder/Charlie Demma,274-204,False,False,,pdfs/Winter record book.pdf,71; 72,2026-08-02T19:54:24Z,glm-5.2:cloud
Boys Swimming & Diving,2013,3A-2A-1A,Poolesville,Jon Leong,Damascus,Kevin Beabout,327-160,False,False,,pdfs/Winter record book.pdf,71; 72,2026-08-02T19:54:24Z,glm-5.2:cloud
Boys Swimming & Diving,2014,4A-3A,R. Montgomery,Aryn Wheeler,Wootton,Jackie Emr/Sarah Casey,267.5-225,False,False,,pdfs/Winter record book.pdf,71; 72,2026-08-02T19:54:24Z,glm-5.2:cloud
Boys Swimming & Diving,2014,3A-2A-1A,Poolesville,Jon Leong,Queen Anne's,Margaret Macedonia/David Wagner,346-182,False,False,,pdfs/Winter record book.pdf,71; 72,2026-08-02T19:54:24Z,glm-5.2:cloud
Boys Swimming & Diving,2015,4A-3A,Walter Johnson,Jamie Grimes,R. Montgomery,Aryn Wheeler,272-238,False,False,,pdfs/Winter record book.pdf,71; 72,2026-08-02T19:54:24Z,glm-5.2:cloud
Boys Swimming & Diving,2015,3A-2A-1A,Poolesville,Jon Leong,Damascus,Kevin Beabout,317.5-181,False,False,,pdfs/Winter record book.pdf,71; 72,2026-08-02T19:54:24Z,glm-5.2:cloud
Boys Swimming & Diving,2016,4A-3A,R. Montgomery,Aryn Wheeler,W. Churchill,Christopher Tappis,319-265.5,False,False,,pdfs/Winter record book.pdf,71; 72,2026-08-02T19:54:24Z,glm-5.2:cloud
Boys Swimming & Diving,2016,3A-2A-1A,Poolesville,Jon Leong,Rockville,Jim Castonguay,325-198,False,False,,pdfs/Winter record book.pdf,71; 72,2026-08-02T19:54:24Z,glm-5.2:cloud
Boys Swimming & Diving,2017,4A-3A,R. Montgomery,Aryn Wheeler,W. Churchill,Christopher Tappis,289-287,False,False,,pdfs/Winter record book.pdf,71; 72,2026-08-02T19:54:24Z,glm-5.2:cloud
Boys Swimming & Diving,2017,3A-2A-1A,Poolesville,Jon Leong,Middletown,Eileen Chestnutt,347.5-220,False,False,,pdfs/Winter record book.pdf,71; 72,2026-08-02T19:54:24Z,glm-5.2:cloud
Boys Swimming & Diving,2018,4A-3A,Winston Churchill,Christopher Tappis,R. Montgomery,Aryn Wheeler,255-230,False,False,,pdfs/Winter record book.pdf,71; 72,2026-08-02T19:54:24Z,glm-5.2:cloud
Boys Swimming & Diving,2018,3A-2A-1A,Poolesville,Jon Leong,Patterson Mill,Dan Colopietro/Mary Woomer,323-200,False,False,,pdfs/Winter record book.pdf,71; 72,2026-08-02T19:54:24Z,glm-5.2:cloud
Boys Swimming & Diving,2019,4A-3A,Winston Churchill,Christopher Tappis,R. Montgomery,Aryn Wheeler,312-279,False,False,,pdfs/Winter record book.pdf,71; 72,2026-08-02T19:54:24Z,glm-5.2:cloud
Boys Swimming & Diving,2019,3A-2A-1A,Poolesville,Jon Leong,Damascus,Kevin Beabout,317-242,False,False,,pdfs/Winter record book.pdf,71; 72,2026-08-02T19:54:24Z,glm-5.2:cloud
Boys Swimming & Diving,2020,4A-3A,Walt Whitman,Chris Schlegel,Winston Churchill,Christopher Tappis,338-275,False,False,,pdfs/Winter record book.pdf,71; 72,2026-08-02T19:54:24Z,glm-5.2:cloud
Boys Swimming & Diving,2020,3A-2A-1A,Poolesville,Jon Leong,Damascus,Kevin Beabout,374-259,False,False,,pdfs/Winter record book.pdf,71; 72,2026-08-02T19:54:24Z,glm-5.2:cloud
Boys Swimming & Diving,2022,4A-3A,Winston Churchill,Kevin Mackenzie,Walt Whitman,Chris Schlegel/Mira Chung,340.5-273,False,False,,pdfs/Winter record book.pdf,71; 72,2026-08-02T19:54:24Z,glm-5.2:cloud
Boys Swimming & Diving,2022,3A-2A-1A,Poolesville,Jon Leong,Rockville,Jim Castonguay,372-235,False,False,,pdfs/Winter record book.pdf,71; 72,2026-08-02T19:54:24Z,glm-5.2:cloud
Boys Swimming & Diving,2023,4A-3A,Walt Whitman,Theresa Vaghi,Winston Churchill,Dennis Witol,293.16-274,False,False,,pdfs/Winter record book.pdf,71; 72,2026-08-02T19:54:24Z,glm-5.2:cloud
Boys Swimming & Diving,2023,3A-2A-1A,Rockville,Jim Castonguay,Poolesville,Jon Leong,318-306,False,False,,pdfs/Winter record book.pdf,71; 72,2026-08-02T19:54:24Z,glm-5.2:cloud
Boys Swimming & Diving,2024,4A-3A,Winston Churchill,Dennis Witol,Thomas S. Wootton,Kevin Fisher/Patrick Winter,377-228,False,False,,pdfs/Winter record book.pdf,71; 72,2026-08-02T19:54:24Z,glm-5.2:cloud
Boys Swimming & Diving,2024,3A-2A-1A,Poolesville,Jon Leong,Rockville,Jim Castonguay,325-247.50,False,False,,pdfs/Winter record book.pdf,71; 72,2026-08-02T19:54:24Z,glm-5.2:cloud
Boys Swimming & Diving,2025,4A-3A,Walter Johnson,Jamie Grimes,Walt Whitman,Theresa Vaghi,315-245.5,False,False,,pdfs/Winter record book.pdf,71; 72,2026-08-02T19:54:24Z,glm-5.2:cloud
Boys Swimming & Diving,2025,3A-2A-1A,Poolesville,Jon Leong,Rockville,Jim Castonguay,365-224,False,False,,pdfs/Winter record book.pdf,71; 72,2026-08-02T19:54:24Z,glm-5.2:cloud
Wrestling,1970,Combined,Hereford,Larry Ikeler,Laurel,Beryle Cohen,39-38,False,False,,pdfs/Winter record book.pdf,88; 89,2026-08-02T12:22:35Z,glm-5.2:cloud
Wrestling,1971,Combined,Laurel,Beryle Cohen,Catonsville,Tom Crain,50-24,False,False,,pdfs/Winter record book.pdf,88; 89,2026-08-02T12:22:35Z,glm-5.2:cloud
Wrestling,1972,Combined,Laurel,Beryle Cohen,Gaithersburg & High Point & Peary & Perry Hall,Andy Haba & Tom Schleicher & Duane Black & Jerry Chiapparelli,31.5-22,False,False,,pdfs/Winter record book.pdf,88; 89,2026-08-02T12:22:35Z,glm-5.2:cloud
Wrestling,1973,Combined,Bel Air,Bob Heagy,Overlea,Ron Belinko,30-25.5,False,False,,pdfs/Winter record book.pdf,88; 89,2026-08-02T12:22:35Z,glm-5.2:cloud
Wrestling,1974,Combined,Parkdale,John McNelis,Westminster,Wes Keffer,42-32,False,False,,pdfs/Winter record book.pdf,88; 89,2026-08-02T12:22:35Z,glm-5.2:cloud
Wrestling,1975,Combined,Westminster,Wes Keffer,Laurel,Beryle Cohen,33-31,False,False,,pdfs/Winter record book.pdf,88; 89,2026-08-02T12:22:35Z,glm-5.2:cloud
Wrestling,1976,Combined,Northeast-AA,Alan Kohlhafer,Severna Park,Ed Gilson,44-40,False,False,,pdfs/Winter record book.pdf,88; 89,2026-08-02T12:22:35Z,glm-5.2:cloud
Wrestling,1977,Combined,High Point,Steve Ruckert,Overlea,Ron Belinko,59.5-58,False,False,,pdfs/Winter record book.pdf,88; 89,2026-08-02T12:22:35Z,glm-5.2:cloud
Wrestling,1978,Combined,Paint Branch,Dave Simon,Seneca Valley,Ben Thomas,51-46,False,False,,pdfs/Winter record book.pdf,88; 89,2026-08-02T12:22:35Z,glm-5.2:cloud
Wrestling,1979,Combined,Largo,Richard Julian,Bowie,Dave Phillips,91.5-78,False,False,,pdfs/Winter record book.pdf,88; 89,2026-08-02T12:22:35Z,glm-5.2:cloud
Wrestling,1980,AA-A,Bowie,Dave Phillips,Paint Branch,Butch Hilliard,113-82.5,False,False,,pdfs/Winter record book.pdf,88; 89,2026-08-02T12:22:35Z,glm-5.2:cloud
Wrestling,1980,B-C,Oakland Mills,Steve Carnahan,Francis Scott Key,Bill Hyson,64-61,False,False,,pdfs/Winter record book.pdf,88; 89,2026-08-02T12:22:35Z,glm-5.2:cloud
Wrestling,1981,AA-A,Bowie & Chesapeake-AA,Dave Phillips & Ed Gilson,,,,False,True,,pdfs/Winter record book.pdf,88; 89,2026-08-02T12:22:35Z,glm-5.2:cloud
Wrestling,1981,B-C,Centennial,Al Dodd,Fort Hill,Steve Lewis,65-49,False,False,,pdfs/Winter record book.pdf,88; 89,2026-08-02T12:22:35Z,glm-5.2:cloud
Wrestling,1982,AA-A,DuVal,Blaine Adams,Paint Branch,Butch Hilliard,59-58,False,False,,pdfs/Winter record book.pdf,88; 89,2026-08-02T12:22:35Z,glm-5.2:cloud
Wrestling,1982,B-C,Beall & Oakland Mills,Gary Davis & Steve Carnahan,,,,False,True,,pdfs/Winter record book.pdf,88; 89,2026-08-02T12:22:35Z,glm-5.2:cloud
Wrestling,1983,AA-A,Bowie,Dave Phillips,Old Mill,Mike Hampe,81.5-68.5,False,False,,pdfs/Winter record book.pdf,88; 89,2026-08-02T12:22:35Z,glm-5.2:cloud
Wrestling,1983,B-C,Beall,Gary Davis,North Carroll,Dick Bauerlein,111.5-58,False,False,,pdfs/Winter record book.pdf,88; 89,2026-08-02T12:22:35Z,glm-5.2:cloud
Wrestling,1984,AA-A,Bowie,Dave Phillips,Old Mill,Mike Hampe,73.5-63.5,False,False,,pdfs/Winter record book.pdf,88; 89,2026-08-02T12:22:35Z,glm-5.2:cloud
Wrestling,1984,B-C,Beall,Gary Davis,Smithsburg,Joe Dietrich,90-66.5,False,False,,pdfs/Winter record book.pdf,88; 89,2026-08-02T12:22:35Z,glm-5.2:cloud
Wrestling,1985,AA-A,Arundel,Buddy Hepfer,Randallstown,John Lowe,77.5-74,False,False,,pdfs/Winter record book.pdf,88; 89,2026-08-02T12:22:35Z,glm-5.2:cloud
Wrestling,1985,B-C,Wicomico,Dave Underwood,Aberdeen,Dick Slutzky,76-69,False,False,,pdfs/Winter record book.pdf,88; 89,2026-08-02T12:22:35Z,glm-5.2:cloud
Wrestling,1986,AA-A,Westminster,Jim LeDane,Perry Hall,Al Miller,85-71,False,False,,pdfs/Winter record book.pdf,88; 89,2026-08-02T12:22:35Z,glm-5.2:cloud
Wrestling,1986,B-C,Oakland Mills & Wicomico,Steve Carnahan & Dave Underwood,,,,False,True,,pdfs/Winter record book.pdf,88; 89,2026-08-02T12:22:35Z,glm-5.2:cloud
Wrestling,1987,AA-A,Eastern Technical,Joe Gast,Old Mill,Mike Hampe,99-59.5,False,False,,pdfs/Winter record book.pdf,88; 89,2026-08-02T12:22:35Z,glm-5.2:cloud
Wrestling,1987,B-C,Beall,Gary Davis,Lackey,Glenn Jones,84.5-84,False,False,,pdfs/Winter record book.pdf,88; 89,2026-08-02T12:22:35Z,glm-5.2:cloud
Wrestling,1988,AA-A,Broadneck,John Mayberry,Old Mill,Mike Hampe,81.5-71.5,False,False,,pdfs/Winter record book.pdf,88; 89,2026-08-02T12:22:35Z,glm-5.2:cloud
Wrestling,1988,B-C,Aberdeen,Dick Slutzky,Eastern Technical,Joe Gast,87-69.5,False,False,,pdfs/Winter record book.pdf,88; 89,2026-08-02T12:22:35Z,glm-5.2:cloud
Wrestling,1989,4A-3A,Old Mill,Mike Hampe,North Carroll,Dick Bauerlein,62.5-61.5,False,False,,pdfs/Winter record book.pdf,88; 89,2026-08-02T12:22:35Z,glm-5.2:cloud
Wrestling,1989,2A-1A,Aberdeen,Dick Slutzky,Hereford,Jim Long,96.5-64,False,False,,pdfs/Winter record book.pdf,88; 89,2026-08-02T12:22:35Z,glm-5.2:cloud
Wrestling,1990,4A-3A,Old Mill,Mike Hampe,Annapolis,Dave Gehrdes,107.5-86.5,False,False,,pdfs/Winter record book.pdf,88; 89,2026-08-02T12:22:35Z,glm-5.2:cloud
Wrestling,1990,2A-1A,Aberdeen,Dick Slutzky,North East-Cec,Dennis Miller,110-81,False,False,,pdfs/Winter record book.pdf,88; 89,2026-08-02T12:22:35Z,glm-5.2:cloud
Wrestling,1991,4A-3A,Old Mill,Mike Hampe,North Carroll,Dick Bauerlein,130.5-99.5,False,False,,pdfs/Winter record book.pdf,88; 89,2026-08-02T12:22:35Z,glm-5.2:cloud
Wrestling,1991,2A-1A,Owings Mills,Guy Pritzker,Southern-AA,Tyrone Neal,125-82,False,False,,pdfs/Winter record book.pdf,88; 89,2026-08-02T12:22:35Z,glm-5.2:cloud
Wrestling,1992,4A-3A,Old Mill,Mike Hampe,McDonough,Dominic Zaccarelli,116-99.5,False,False,,pdfs/Winter record book.pdf,88; 89,2026-08-02T12:22:35Z,glm-5.2:cloud
Wrestling,1992,2A-1A,Owings Mills,Guy Pritzker,Smithsburg,Joe Dietrich,91.5-85.5,False,False,,pdfs/Winter record book.pdf,88; 89,2026-08-02T12:22:35Z,glm-5.2:cloud
Wrestling,1993,4A-3A,Old Mill,Mike Hampe,Randallstown,Jeffrey Langrehr,101.5-88,False,False,,pdfs/Winter record book.pdf,88; 89,2026-08-02T12:22:35Z,glm-5.2:cloud
Wrestling,1993,2A-1A,Northeast-AA,Al Kohlhafer,Smithsburg,Joe Dietrich,120-87,False,False,,pdfs/Winter record book.pdf,88; 89,2026-08-02T12:22:35Z,glm-5.2:cloud
Wrestling,1994,4A-3A,Northern-Cal,Dennis Nosker,Frederick,Yank Strube,76.5-76,False,False,,pdfs/Winter record book.pdf,88; 89,2026-08-02T12:22:35Z,glm-5.2:cloud
Wrestling,1994,2A-1A,Damascus,Dave Hopkins,Northeast-AA,Al Kohlhafer,93.5-93,False,False,,pdfs/Winter record book.pdf,88; 89,2026-08-02T12:22:35Z,glm-5.2:cloud
Wrestling,1995,4A-3A,Old Mill,Mike Hampe,La Plata,Cliff Nagle,90.5-64,False,False,,pdfs/Winter record book.pdf,88; 89,2026-08-02T12:22:35Z,glm-5.2:cloud
Wrestling,1995,2A-1A,Owings Mills,Guy Pritzker,Damascus,Dave Hopkins,91.5-90,False,False,,pdfs/Winter record book.pdf,88; 89,2026-08-02T12:22:35Z,glm-5.2:cloud
Wrestling,1996,4A-3A,Damascus,Dave Hopkins,Northern-Cal,Blaine Adams,152.5-82,False,False,,pdfs/Winter record book.pdf,88; 89,2026-08-02T12:22:35Z,glm-5.2:cloud
Wrestling,1996,2A-1A,Owings Mills,Guy Pritzker,Lackey,Glenn Jones,142.5-78.5,False,False,,pdfs/Winter record book.pdf,88; 89,2026-08-02T12:22:35Z,glm-5.2:cloud
Wrestling,1997,4A-3A,Sherwood,Scott Beattie,Frederick,Andre Jackson,116-103,False,False,,pdfs/Winter record book.pdf,88; 89,2026-08-02T12:22:35Z,glm-5.2:cloud
Wrestling,1997,2A-1A,Lackey,Terry Green,Owings Mills,Guy Pritzker,99.5-82,False,False,,pdfs/Winter record book.pdf,88; 89,2026-08-02T12:22:35Z,glm-5.2:cloud
Wrestling,1998,4A-3A,Arundel,Frank Hepfer,Sherwood,Scott Beattie,93-86,False,False,,pdfs/Winter record book.pdf,88; 89,2026-08-02T12:22:35Z,glm-5.2:cloud
Wrestling,1998,2A-1A,Hammond,Bill Smith,Williamsport,Chuck Martin,93.5-83,False,False,,pdfs/Winter record book.pdf,88; 89,2026-08-02T12:22:35Z,glm-5.2:cloud
Wrestling,1999,4A-3A,Damascus,Dave Hopkins,South Carroll,Peter Olson,112-95.5,False,False,,pdfs/Winter record book.pdf,88; 89,2026-08-02T12:22:35Z,glm-5.2:cloud
Wrestling,1999,2A-1A,Franklin,Scott Delpo,Northern-G,Scott Stough,106.5-102,False,False,,pdfs/Winter record book.pdf,88; 89,2026-08-02T12:22:35Z,glm-5.2:cloud
Wrestling,2000,4A-3A,Chesapeake-AA,Tom Slichter,Old Mill & Damascus,Vern Hines & Dave Hopkins,96-69,False,False,,pdfs/Winter record book.pdf,88; 89,2026-08-02T12:22:35Z,glm-5.2:cloud
Wrestling,2000,2A-1A,Northern Garrett,Scott Stough,Kent County,Dan Zottarelli,173-153,False,False,,pdfs/Winter record book.pdf,88; 89,2026-08-02T12:22:35Z,glm-5.2:cloud
Wrestling,2001,4A-3A,Paint Branch,Rick Smith,South Carroll,Peter Olson,98.5-82,False,False,,pdfs/Winter record book.pdf,88; 89,2026-08-02T12:22:35Z,glm-5.2:cloud
Wrestling,2001,2A-1A,Kent County,Dan Zottarelli,Hammond & Northern-G,Pedro Barbosa & Scott Stough,128-127.5,False,False,,pdfs/Winter record book.pdf,88; 89,2026-08-02T12:22:35Z,glm-5.2:cloud
Wrestling,2002,4A-3A,Chesapeake-AA,Rex Miller,McDonough,Donnie Meyers,124.5-70.5,False,False,,pdfs/Winter record book.pdf,88; 89,2026-08-02T12:22:35Z,glm-5.2:cloud
Wrestling,2002,2A-1A,Kent County,Dan Zottarelli,Eastern Tech,Joe Gast,129-98.5,False,False,,pdfs/Winter record book.pdf,88; 89,2026-08-02T12:22:35Z,glm-5.2:cloud
Wrestling,2003,4A-3A,Old Mill,Jim Grim,Chesapeake-AA,Rex Miller,73-62.5,False,False,,pdfs/Winter record book.pdf,88; 89,2026-08-02T12:22:35Z,glm-5.2:cloud
Wrestling,2003,2A-1A,Owings Mills,Guy Pritzker,Harford Tech,Gary Siler,103-83,False,False,,pdfs/Winter record book.pdf,88; 89,2026-08-02T12:22:35Z,glm-5.2:cloud
Wrestling,2004,4A-3A,Chopticon,Dan Kramer,Calvert,Dave Kistler,103-80.5,False,False,,pdfs/Winter record book.pdf,88; 89,2026-08-02T12:22:35Z,glm-5.2:cloud
Wrestling,2004,2A-1A,Owings Mills,Guy Pritzker,Harford Tech,Gary Siler,133.5-99,False,False,,pdfs/Winter record book.pdf,88; 89,2026-08-02T12:22:35Z,glm-5.2:cloud
Wrestling,2005,4A-3A,Walt Whitman,Andy Wetzel,Magruder,Max Sartoph,115-96.5,False,False,,pdfs/Winter record book.pdf,88; 89,2026-08-02T12:22:35Z,glm-5.2:cloud
Wrestling,2005,2A-1A,Owings Mills,Guy Pritzker,Hammond,Pedro Barbosa,115.5-103,False,False,,pdfs/Winter record book.pdf,88; 89,2026-08-02T12:22:35Z,glm-5.2:cloud
Wrestling,2006,4A-3A,La Plata,Todd Sharp,North Carroll,David Dodson,101.5-92,False,False,,pdfs/Winter record book.pdf,88; 89,2026-08-02T12:22:35Z,glm-5.2:cloud
Wrestling,2006,2A-1A,Harford Tech,Gary Siler,Hammond,Pedro Barbosa,114-112.5,False,False,,pdfs/Winter record book.pdf,88; 89,2026-08-02T12:22:35Z,glm-5.2:cloud
Wrestling,2007,4A-3A,Old Mill,Jim Grim,La Plata,Todd Sharp,108.5-99.5,False,False,,pdfs/Winter record book.pdf,88; 89,2026-08-02T12:22:35Z,glm-5.2:cloud
Wrestling,2007,2A-1A,Rising Sun,Dean Cox,Southern-Garrett,Dave Taylor,110-108,False,False,,pdfs/Winter record book.pdf,88; 89,2026-08-02T12:22:35Z,glm-5.2:cloud
Wrestling,2008,4A-3A,La Plata,Todd Sharp,Urbana,Ben Arneson,107.5-78,False,False,,pdfs/Winter record book.pdf,88; 89,2026-08-02T12:22:35Z,glm-5.2:cloud
Wrestling,2008,2A-1A,Glenelg,Scott Delpo,Southern-Garrett,Dave Taylor,134.5-105,False,False,,pdfs/Winter record book.pdf,88; 89,2026-08-02T12:22:35Z,glm-5.2:cloud
Wrestling,2009,4A-3A,Old Mill,Dan Youngblood,Walt Whitman,Derek Manon,91-87,False,False,,pdfs/Winter record book.pdf,88; 89,2026-08-02T12:22:35Z,glm-5.2:cloud
Wrestling,2009,2A-1A,Southern-Garrett,Dave Taylor,River Hill,Brandon Lauer,142.5-132.5,False,False,,pdfs/Winter record book.pdf,88; 89,2026-08-02T12:22:35Z,glm-5.2:cloud
Wrestling,2010,4A-3A,Reservoir,Ryan Kanaskie,La Plata,Todd Sharp,106-80,False,False,,pdfs/Winter record book.pdf,88; 89,2026-08-02T12:22:35Z,glm-5.2:cloud
Wrestling,2010,2A-1A,Southern-Garrett,Dave Taylor,Glenelg,Scott Delpo,142.5-104,False,False,,pdfs/Winter record book.pdf,88; 89,2026-08-02T12:22:35Z,glm-5.2:cloud
Wrestling,2011,4A-3A,La Plata,Todd Sharp,Reservoir,Ryan Kanaskie,132.5-79,False,False,,pdfs/Winter record book.pdf,88; 89,2026-08-02T12:22:35Z,glm-5.2:cloud
Wrestling,2011,2A-1A,Winters Mill,John Lowe,Owings Mills,Guy Pritzker,126.5-107.5,False,False,,pdfs/Winter record book.pdf,88; 89,2026-08-02T12:22:35Z,glm-5.2:cloud
Wrestling,2012,4A-3A,River Hill,Brandon Lauer,Perry Hall,Jake Roche,91-82,False,False,,pdfs/Winter record book.pdf,88; 89,2026-08-02T12:22:35Z,glm-5.2:cloud
Wrestling,2012,2A-1A,Winters Mill,John Lowe,Parkside,Jeff Thamert,115-92,False,False,,pdfs/Winter record book.pdf,88; 89,2026-08-02T12:22:35Z,glm-5.2:cloud
Wrestling,2013,4A-3A,Urbana,Ben Arneson,River Hill,Brandon Lauer,97.5-89,False,False,,pdfs/Winter record book.pdf,88; 89,2026-08-02T12:22:35Z,glm-5.2:cloud
Wrestling,2013,2A-1A,Winters Mill,John Lowe,Owings Mills,Guy Pritzker,121-87.5,False,False,,pdfs/Winter record book.pdf,88; 89,2026-08-02T12:22:35Z,glm-5.2:cloud
Wrestling,2014,4A-3A,North Hagerstown,Greg Slick,River Hill,Brandon Lauer,96.5-92.5,False,False,,pdfs/Winter record book.pdf,88; 89,2026-08-02T12:22:35Z,glm-5.2:cloud
Wrestling,2014,2A-1A,Kent Island & South Carroll,Rusty Smith & Bryan Hamper,,,,False,True,,pdfs/Winter record book.pdf,88; 89,2026-08-02T12:22:35Z,glm-5.2:cloud
Wrestling,2015,4A-3A,Damascus,John Furgeson,North Hagerstown,Greg Slick,146-122,False,False,,pdfs/Winter record book.pdf,88; 89,2026-08-02T12:22:35Z,glm-5.2:cloud
Wrestling,2015,2A-1A,South Carroll,Bryan Hamper,Oakland Mills,Brad Howell,123.5-114,False,False,,pdfs/Winter record book.pdf,88; 89,2026-08-02T12:22:35Z,glm-5.2:cloud
Wrestling,2016,4A-3A,Damascus,John Furgeson,Oakdale,William Swaney,128-113.5,False,False,,pdfs/Winter record book.pdf,88; 89,2026-08-02T12:22:35Z,glm-5.2:cloud
Wrestling,2016,2A-1A,South Carroll,Bryan Hamper,Middletown,Jim Shartner,119-116,False,False,,pdfs/Winter record book.pdf,88; 89,2026-08-02T12:22:35Z,glm-5.2:cloud
Wrestling,2017,4A-3A,Damascus,John Furgeson,Urbana,Justin Krop,123.5-99.0,False,False,,pdfs/Winter record book.pdf,88; 89,2026-08-02T12:22:35Z,glm-5.2:cloud
Wrestling,2017,2A-1A,South Carroll,Bryan Hamper,Middletown,Jim Shartner,166-140,False,False,,pdfs/Winter record book.pdf,88; 89,2026-08-02T12:22:35Z,glm-5.2:cloud
Wrestling,1994,4A-3A,Frederick,Yank Strube,Old Mill,Mike Hampe,30-27,False,False,Dual Meet Championship,pdfs/Winter record book.pdf,93; 94,2026-08-02T12:23:13Z,glm-5.2:cloud
Wrestling,1994,2A-1A,North Carroll,Dick Bauerlein,Damascus,Dave Hopkins,34-19,False,False,Dual Meet Championship,pdfs/Winter record book.pdf,93; 94,2026-08-02T12:23:13Z,glm-5.2:cloud
Wrestling,1995,4A-3A,Northern-Calvert Co.,Blaine Adams,Quince Orchard,Jeff Marker,46-21,False,False,Dual Meet Championship,pdfs/Winter record book.pdf,93; 94,2026-08-02T12:23:13Z,glm-5.2:cloud
Wrestling,1995,2A-1A,Damascus,Dave Hopkins,Northeast-AA,Al Kohlhafer,34-20,False,False,Dual Meet Championship,pdfs/Winter record book.pdf,93; 94,2026-08-02T12:23:13Z,glm-5.2:cloud
Wrestling,1996,4A-3A,Frederick,Andre Jackson,Northern-Calvert,Blaine Adams,32-28,False,False,Dual Meet Championship,pdfs/Winter record book.pdf,93; 94,2026-08-02T12:23:13Z,glm-5.2:cloud
Wrestling,1996,2A-1A,Hammond,Jeff Starnes,Francis Scott Key,Bill Hyson,35-26,False,False,Dual Meet Championship,pdfs/Winter record book.pdf,93; 94,2026-08-02T12:23:13Z,glm-5.2:cloud
Wrestling,1997,4A-3A,Arundel,Frank Hepfer,Westminster,Henry Mohlhenrich,36-17,False,False,Dual Meet Championship,pdfs/Winter record book.pdf,93; 94,2026-08-02T12:23:13Z,glm-5.2:cloud
Wrestling,1997,2A-1A,Henry E. Lackey,Terry Green,Owings Mills,Guy Pritzker,54-17,False,False,Dual Meet Championship,pdfs/Winter record book.pdf,93; 94,2026-08-02T12:23:13Z,glm-5.2:cloud
Wrestling,1998,4A-3A,Old Mill,Mike Hampe,Westminster,Henry Mohlhenrich,32-21,False,False,Dual Meet Championship,pdfs/Winter record book.pdf,93; 94,2026-08-02T12:23:13Z,glm-5.2:cloud
Wrestling,1999,2A-1A,Overlea,Bruce Malinowski,Hammond,Scott Farrow/Paul DiRienzo,41-20,False,False,Dual Meet Championship,pdfs/Winter record book.pdf,93; 94,2026-08-02T12:23:13Z,glm-5.2:cloud
Wrestling,2000,4A-3A,Old Mill,Vern Hines,River Hill,Earl Lauer,30-28,False,False,Dual Meet Championship,pdfs/Winter record book.pdf,93; 94,2026-08-02T12:23:13Z,glm-5.2:cloud
Wrestling,2002,4A-3A,Mount Hebron,Michael Duffy,Annapolis,Thomas Seakiyanudis,44-15,False,False,Dual Meet Championship,pdfs/Winter record book.pdf,93; 94,2026-08-02T12:23:13Z,glm-5.2:cloud
Wrestling,2002,2A-1A,Owings Mills,Guy Pritzker,Kent County,Dan Zottarelli,36-25,False,False,Dual Meet Championship,pdfs/Winter record book.pdf,93; 94,2026-08-02T12:23:13Z,glm-5.2:cloud
Wrestling,2003,4A-3A,River Hill,Earl Lauer,La Plata,Todd Sharp,31-18,False,False,Dual Meet Championship,pdfs/Winter record book.pdf,93; 94,2026-08-02T12:23:13Z,glm-5.2:cloud
Wrestling,2004,4A-3A,Calvert,Dave Kistler,River Hill,Earl Lauer,38-28,False,False,Dual Meet Championship,pdfs/Winter record book.pdf,93; 94,2026-08-02T12:23:13Z,glm-5.2:cloud
Wrestling,2005,2A-1A,Hammond,Pedro Barbosa,South Carroll,Dennis Frazier,35-31,False,False,Dual Meet Championship,pdfs/Winter record book.pdf,93; 94,2026-08-02T12:23:13Z,glm-5.2:cloud
Wrestling,2006,2A-1A,Hammond,Pedro Barbosa,Hereford,Ron Causey,35-30,False,False,Dual Meet Championship,pdfs/Winter record book.pdf,93; 94,2026-08-02T12:23:13Z,glm-5.2:cloud
Wrestling,2007,4A-3A,La Plata,Todd Sharp,Damascus,Dave Hopkins,39-28,False,False,Dual Meet Championship,pdfs/Winter record book.pdf,93; 94,2026-08-02T12:23:13Z,glm-5.2:cloud
Wrestling,2008,4A-3A,Stephen Decatur,Kevin Gilligan,North Carroll,Dave Dodson,33-26,False,False,Dual Meet Championship,pdfs/Winter record book.pdf,93; 94,2026-08-02T12:23:13Z,glm-5.2:cloud
Wrestling,2008,2A-1A,Owings Mills,Guy Pritzker,Glenelg,Scott Delpo,35-33,False,False,Dual Meet Championship,pdfs/Winter record book.pdf,93; 94,2026-08-02T12:23:13Z,glm-5.2:cloud
Wrestling,2010,2A-1A,Bel Air,Craig Reddish,Glenelg,Scott Delpo,32-23,False,False,Dual Meet Championship,pdfs/Winter record book.pdf,93; 94,2026-08-02T12:23:13Z,glm-5.2:cloud
Wrestling,2011,4A-3A,LaPlata,Todd Sharp,Urbana,Ben Arneson,51-19,False,False,Dual Meet Championship,pdfs/Winter record book.pdf,93; 94,2026-08-02T12:23:13Z,glm-5.2:cloud
Wrestling,2011,2A-1A,Glenelg,Chris Rosas,Winters Mill,John Lowe,35-25,False,False,Dual Meet Championship,pdfs/Winter record book.pdf,93; 94,2026-08-02T12:23:13Z,glm-5.2:cloud
Wrestling,2012,4A-3A,Urbana,Ben Arneson,River Hill,Brandon Lauer,36-28,False,False,Dual Meet Championship,pdfs/Winter record book.pdf,93; 94,2026-08-02T12:23:13Z,glm-5.2:cloud
Wrestling,2013,4A-3A,Damascus,John Furgeson,Urbana,Ben Arneson,37-28,False,False,Dual Meet Championship,pdfs/Winter record book.pdf,93; 94,2026-08-02T12:23:13Z,glm-5.2:cloud
Wrestling,2014,4A-3A,Damascus,John Furgeson,North Hagerstown,Greg Slick,30-29,False,False,Dual Meet Championship,pdfs/Winter record book.pdf,93; 94,2026-08-02T12:23:13Z,glm-5.2:cloud
Wrestling,2014,2A-1A,Kent Island,Rusty Smith,Hereford,Ron Causey,35-33,False,False,Dual Meet Championship,pdfs/Winter record book.pdf,93; 94,2026-08-02T12:23:13Z,glm-5.2:cloud
Wrestling,2015,2A-1A,Oakland Mills,Brad Howell,Middletown,Jim Schartner,30-27,False,False,Dual Meet Championship,pdfs/Winter record book.pdf,93; 94,2026-08-02T12:23:13Z,glm-5.2:cloud
Wrestling,2016,2A-1A,Middletown,Jim Schartner,Dunbar,Dwight Warren,36-25,False,False,Dual Meet Championship,pdfs/Winter record book.pdf,93; 94,2026-08-02T12:23:13Z,glm-5.2:cloud
Wrestling,2017,2A-1A,Middletown,Jim Schartner,Sparrows Point,Mike Whisner,56-19,False,False,Dual Meet Championship,pdfs/Winter record book.pdf,93; 94,2026-08-02T12:23:13Z,glm-5.2:cloud
Wrestling,2018,4A,Urbana,Justin Krop,Winston Churchill,Tim Love/Tony Howard,41-27,False,False,Dual Meet Championship,pdfs/Winter record book.pdf,93; 94,2026-08-02T12:23:13Z,glm-5.2:cloud
Wrestling,2018,3A,Huntingtown,Stephen Gilligan,Mount Hebron,Daniel Harman,46-18,False,False,Dual Meet Championship,pdfs/Winter record book.pdf,93; 94,2026-08-02T12:23:13Z,glm-5.2:cloud
Wrestling,2018,2A,Damascus,John Furgeson,Glenelg,Matt Bichner,49-16,False,False,Dual Meet Championship,pdfs/Winter record book.pdf,93; 94,2026-08-02T12:23:13Z,glm-5.2:cloud
Wrestling,2018,1A,Southern-Garrett,Dave Taylor,Sparrows Point,Mike Whisner,58-15,False,False,Dual Meet Championship,pdfs/Winter record book.pdf,93; 94,2026-08-02T12:23:13Z,glm-5.2:cloud
Wrestling,2019,4A,Springbrook,Rob Whittles,South River,John Klessinger,36-18,False,False,Dual Meet Championship,pdfs/Winter record book.pdf,93; 94,2026-08-02T12:23:13Z,glm-5.2:cloud
Wrestling,2019,3A,Stephen Decatur,Todd Martinek,Linganore,Ben Arneson,28-27,False,False,Dual Meet Championship,pdfs/Winter record book.pdf,93; 94,2026-08-02T12:23:13Z,glm-5.2:cloud
Wrestling,2019,2A,Damascus,John Furgeson,Glenelg,Matt Bichner,45-16,False,False,Dual Meet Championship,pdfs/Winter record book.pdf,93; 94,2026-08-02T12:23:13Z,glm-5.2:cloud
Wrestling,2019,1A,Southern-Garrett,Dave Taylor,Sparrows Point,Mike Whisner,36-30,False,False,Dual Meet Championship,pdfs/Winter record book.pdf,93; 94,2026-08-02T12:23:13Z,glm-5.2:cloud
Wrestling,2020,4A,Springbrook,Rob Whittles,Annapolis,Tom Sfakiyanudis,40-27,False,False,Dual Meet Championship,pdfs/Winter record book.pdf,93; 94,2026-08-02T12:23:13Z,glm-5.2:cloud
Wrestling,2020,3A,Damascus,John Furgeson,Manchester Valley,Dave Dodson,42-26,False,False,Dual Meet Championship,pdfs/Winter record book.pdf,93; 94,2026-08-02T12:23:13Z,glm-5.2:cloud
Wrestling,2020,2A,Stephen Dacatur,Todd Martinek,Glenelg,Matt Bichner,42-24,False,False,Dual Meet Championship,pdfs/Winter record book.pdf,93; 94,2026-08-02T12:23:13Z,glm-5.2:cloud
Wrestling,2020,1A,Southern-Garrett,Dave Taylor,Paul Laurence Dunbar,Douglas McClain,55-21,False,False,Dual Meet Championship,pdfs/Winter record book.pdf,93; 94,2026-08-02T12:23:13Z,glm-5.2:cloud
Wrestling,2022,4A,South River,John Klessinger,Winston Churchill,Tim Lowe,46-24,False,False,Dual Meet Championship,pdfs/Winter record book.pdf,93; 94,2026-08-02T12:23:13Z,glm-5.2:cloud
Wrestling,2022,3A,Chesapeake-AA,Randy Curtin,Springbrook,Rob Wendel,54-14,False,False,Dual Meet Championship,pdfs/Winter record book.pdf,93; 94,2026-08-02T12:23:13Z,glm-5.2:cloud
Wrestling,2022,2A,Stephen Decatur,Todd Martinek,Middletown,Chad Strube,30-27,False,False,Dual Meet Championship,pdfs/Winter record book.pdf,93; 94,2026-08-02T12:23:13Z,glm-5.2:cloud
Wrestling,2022,1A,South Carroll,Matt Thomas,Northern-Garrett,Casey Kamp,45-25,False,False,Dual Meet Championship,pdfs/Winter record book.pdf,93; 94,2026-08-02T12:23:13Z,glm-5.2:cloud
Wrestling,2023,4A,South River,John Klessinger,Urbana,Kevin Caudell,42-28,False,False,Dual Meet Championship,pdfs/Winter record book.pdf,93; 94,2026-08-02T12:23:13Z,glm-5.2:cloud
Wrestling,2023,3A,Linganore,Ben Arneson,North Point,Wilbur Leonard,49-21,False,False,Dual Meet Championship,pdfs/Winter record book.pdf,93; 94,2026-08-02T12:23:13Z,glm-5.2:cloud
Wrestling,2023,2A,Stephen Decatur,Josh August,Sparrows Point,Mike Whisner,49-18,False,False,Dual Meet Championship,pdfs/Winter record book.pdf,93; 94,2026-08-02T12:23:13Z,glm-5.2:cloud
Wrestling,2023,1A,South Carroll,Anthony Winfield,Northern-Garrett,Casey Kamp,46-30,False,False,Dual Meet Championship,pdfs/Winter record book.pdf,93; 94,2026-08-02T12:23:13Z,glm-5.2:cloud
Wrestling,2024,4A,Walt Whitman,Derek Manon,Broadneck,Reid Bloomfield,33-31,False,False,Dual Meet Championship,pdfs/Winter record book.pdf,93; 94,2026-08-02T12:23:13Z,glm-5.2:cloud
Wrestling,2024,3A,Linganore,Ben Arneson,South River,John Klessinger,34-31,False,False,Dual Meet Championship,pdfs/Winter record book.pdf,93; 94,2026-08-02T12:23:13Z,glm-5.2:cloud
Wrestling,2024,2A,Stephen Decatur,Josh August,Damascus,John Furgeson,50-22,False,False,Dual Meet Championship,pdfs/Winter record book.pdf,93; 94,2026-08-02T12:23:13Z,glm-5.2:cloud
Wrestling,2024,1A,South Carroll,Bryan Hamper,Middletown,Chad Strube,40-30,False,False,Dual Meet Championship,pdfs/Winter record book.pdf,93; 94,2026-08-02T12:23:13Z,glm-5.2:cloud
Wrestling,2025,4A,Walt Whitman,Derek Manon,Bethesda-CC,Mynor Herrera,50-29,False,False,Dual Meet Championship,pdfs/Winter record book.pdf,93; 94,2026-08-02T12:23:13Z,glm-5.2:cloud
Wrestling,2025,3A,Chesapeake-AA,Randy Curtin,Linganore,Ben Arneson,31-30,False,False,Dual Meet Championship,pdfs/Winter record book.pdf,93; 94,2026-08-02T12:23:13Z,glm-5.2:cloud
Wrestling,2025,2A,Huntingtown,Jacob Cramer,Stephen Decatur,Josh August,51-22,False,False,Dual Meet Championship,pdfs/Winter record book.pdf,93; 94,2026-08-02T12:23:13Z,glm-5.2:cloud
Wrestling,2025,1A,South Carroll,Bryan Hamper,Middletown,Chad Strube,58-12,False,False,Dual Meet Championship,pdfs/Winter record book.pdf,93; 94,2026-08-02T12:23:13Z,glm-5.2:cloud
