sport,event,year,classification,name,school,mark,source_pdf,source_pages,extracted_at,extraction_model
Girls Indoor Track,55 m,1977,AA,Carolyn Duke,Severna Park,7.2,pdfs/Winter record book.pdf,32,2026-08-02T19:29:24Z,glm-5.2:cloud
Girls Indoor Track,55 m,1977,ABC,Renita Dingle,Douglass,7.0,pdfs/Winter record book.pdf,32,2026-08-02T19:29:24Z,glm-5.2:cloud
Girls Indoor Track,55 m,1978,AA,Dorothy Gladden,Crossland,7.2,pdfs/Winter record book.pdf,32,2026-08-02T19:29:24Z,glm-5.2:cloud
Girls Indoor Track,55 m,1978,ABC,Renita Dingle,Douglass,6.9,pdfs/Winter record book.pdf,32,2026-08-02T19:29:24Z,glm-5.2:cloud
Girls Indoor Track,55 m,1979,AA,Debbie Murphy,Blair,7.0,pdfs/Winter record book.pdf,32,2026-08-02T19:29:24Z,glm-5.2:cloud
Girls Indoor Track,55 m,1979,ABC,Darlene Jefferson,E. Roosevelt,6.9,pdfs/Winter record book.pdf,32,2026-08-02T19:29:24Z,glm-5.2:cloud
Girls Indoor Track,55 m,1980,AA,Paula Hines,Bladensburg,6.7,pdfs/Winter record book.pdf,32,2026-08-02T19:29:24Z,glm-5.2:cloud
Girls Indoor Track,55 m,1980,A,Cathy Rattray,B-CC,7.2,pdfs/Winter record book.pdf,32,2026-08-02T19:29:24Z,glm-5.2:cloud
Girls Indoor Track,55 m,1980,BC,Jackie Mowatt,Hammond,7.4,pdfs/Winter record book.pdf,32,2026-08-02T19:29:24Z,glm-5.2:cloud
Girls Indoor Track,55 m,1981,AA,Sheryl Walker,Largo,7.0,pdfs/Winter record book.pdf,32,2026-08-02T19:29:24Z,glm-5.2:cloud
Girls Indoor Track,55 m,1981,A,Pam Carter,Central,7.1,pdfs/Winter record book.pdf,32,2026-08-02T19:29:24Z,glm-5.2:cloud
Girls Indoor Track,55 m,1981,BC,Jennifer Costello,Frederick,7.3,pdfs/Winter record book.pdf,32,2026-08-02T19:29:24Z,glm-5.2:cloud
Girls Indoor Track,55 m,1982,AA,Jan Harris,Oxon Hill,7.01,pdfs/Winter record book.pdf,32,2026-08-02T19:29:24Z,glm-5.2:cloud
Girls Indoor Track,55 m,1982,A,Robin Benjamin,Central,7.12,pdfs/Winter record book.pdf,32,2026-08-02T19:29:24Z,glm-5.2:cloud
Girls Indoor Track,55 m,1982,BC,Diane Thomas,Frederick,7.36,pdfs/Winter record book.pdf,32,2026-08-02T19:29:24Z,glm-5.2:cloud
Girls Indoor Track,55 m,1983,AA,Sonora Clark,Oxon Hill,7.29,pdfs/Winter record book.pdf,32,2026-08-02T19:29:24Z,glm-5.2:cloud
Girls Indoor Track,55 m,1983,A,Robin Benjamin,Central,7.18,pdfs/Winter record book.pdf,32,2026-08-02T19:29:24Z,glm-5.2:cloud
Girls Indoor Track,55 m,1983,BC,Leila Odom,Hammond,7.39,pdfs/Winter record book.pdf,32,2026-08-02T19:29:24Z,glm-5.2:cloud
Girls Indoor Track,55 m,1984,AA,Sonora Clark,Oxon Hill,7.0,pdfs/Winter record book.pdf,32,2026-08-02T19:29:24Z,glm-5.2:cloud
Girls Indoor Track,55 m,1984,A,Nikki Young,Central,7.3,pdfs/Winter record book.pdf,32,2026-08-02T19:29:24Z,glm-5.2:cloud
Girls Indoor Track,55 m,1984,BC,Leila Odom,Hammond,7.5,pdfs/Winter record book.pdf,32,2026-08-02T19:29:24Z,glm-5.2:cloud
Girls Indoor Track,55 m,1985,AA,Lashawn Haythe,Gaithersburg,7.2,pdfs/Winter record book.pdf,32,2026-08-02T19:29:24Z,glm-5.2:cloud
Girls Indoor Track,55 m,1985,A,Nikki Young,Central,7.1,pdfs/Winter record book.pdf,32,2026-08-02T19:29:24Z,glm-5.2:cloud
Girls Indoor Track,55 m,1985,BC,Darlene Brown,N Caroline,7.5,pdfs/Winter record book.pdf,32,2026-08-02T19:29:24Z,glm-5.2:cloud
Girls Indoor Track,55 m,1986,Combined,Wanda Evans,Magruder,7.2,pdfs/Winter record book.pdf,32,2026-08-02T19:29:24Z,glm-5.2:cloud
Girls Indoor Track,55 m,1987,AA,Leslie Dancy,Northwestern-PG,7.3,pdfs/Winter record book.pdf,32,2026-08-02T19:29:24Z,glm-5.2:cloud
Girls Indoor Track,55 m,1987,A,Wanda Evans,Magruder,7.2,pdfs/Winter record book.pdf,32,2026-08-02T19:29:24Z,glm-5.2:cloud
Girls Indoor Track,55 m,1987,BC,Jackie Johnson,Central-PG,7.4,pdfs/Winter record book.pdf,32,2026-08-02T19:29:24Z,glm-5.2:cloud
Girls Indoor Track,55 m,1988,AA,Twanna Shields,Northwestern-PG,7.0,pdfs/Winter record book.pdf,32,2026-08-02T19:29:24Z,glm-5.2:cloud
Girls Indoor Track,55 m,1988,A,Rhonda Burroughs,Lackey,7.4,pdfs/Winter record book.pdf,32,2026-08-02T19:29:24Z,glm-5.2:cloud
Girls Indoor Track,55 m,1988,BC,Naceema Thompson,Atholton,7.4,pdfs/Winter record book.pdf,32,2026-08-02T19:29:24Z,glm-5.2:cloud
Girls Indoor Track,55 m,1989,4A,Twanna Shields,Northwestern-PG,7.16,pdfs/Winter record book.pdf,32,2026-08-02T19:29:24Z,glm-5.2:cloud
Girls Indoor Track,55 m,1989,3A,Teresa Israel,Paint Branch,7.37,pdfs/Winter record book.pdf,32,2026-08-02T19:29:24Z,glm-5.2:cloud
Girls Indoor Track,55 m,1989,2A-1A,René Pope,JM Bennett,7.54,pdfs/Winter record book.pdf,32,2026-08-02T19:29:24Z,glm-5.2:cloud
Girls Indoor Track,55 m,1990,4A,Ebony Robinson,Eleanor Roosevelt,7.24,pdfs/Winter record book.pdf,32,2026-08-02T19:29:24Z,glm-5.2:cloud
Girls Indoor Track,55 m,1990,3A,Flirtisha Harris,Calvert,7.45,pdfs/Winter record book.pdf,32,2026-08-02T19:29:24Z,glm-5.2:cloud
Girls Indoor Track,55 m,1990,2A-1A,Sharon Barton,Milford Mill,7.2,pdfs/Winter record book.pdf,32,2026-08-02T19:29:24Z,glm-5.2:cloud
Girls Indoor Track,55 m,1991,4A,Ebony Robinson,Eleanor Roosevelt,7.0,pdfs/Winter record book.pdf,32,2026-08-02T19:29:24Z,glm-5.2:cloud
Girls Indoor Track,55 m,1991,3A,Tanya Green,Parkville,7.1,pdfs/Winter record book.pdf,32,2026-08-02T19:29:24Z,glm-5.2:cloud
Girls Indoor Track,55 m,1991,2A-1A,Charmaine Field,Central,7.1,pdfs/Winter record book.pdf,32,2026-08-02T19:29:24Z,glm-5.2:cloud
Girls Indoor Track,55 m,1992,4A,Ebony Robinson,Eleanor Roosevelt,7.14,pdfs/Winter record book.pdf,32,2026-08-02T19:29:24Z,glm-5.2:cloud
Girls Indoor Track,55 m,1992,3A,Robin Smith,Walter Johnson,7.4,pdfs/Winter record book.pdf,32,2026-08-02T19:29:24Z,glm-5.2:cloud
Girls Indoor Track,55 m,1992,2A-1A,Kisha Jett,Hammond,7.2,pdfs/Winter record book.pdf,32,2026-08-02T19:29:24Z,glm-5.2:cloud
Girls Indoor Track,55 m,1993,4A,Angie Vaughn,Laurel,7.36,pdfs/Winter record book.pdf,32,2026-08-02T19:29:24Z,glm-5.2:cloud
Girls Indoor Track,55 m,1993,3A,Robin Smith,Walter Johnson,7.49,pdfs/Winter record book.pdf,32,2026-08-02T19:29:24Z,glm-5.2:cloud
Girls Indoor Track,55 m,1993,2A-1A,Kisha Jett,Hammond,7.24,pdfs/Winter record book.pdf,32,2026-08-02T19:29:24Z,glm-5.2:cloud
Girls Indoor Track,55 m,1994,4A,Dakhia Smith,Northwestern-PG,7.39,pdfs/Winter record book.pdf,32,2026-08-02T19:29:24Z,glm-5.2:cloud
Girls Indoor Track,55 m,1994,3A,Natalie Johnson,Paint Branch,7.3,pdfs/Winter record book.pdf,32,2026-08-02T19:29:24Z,glm-5.2:cloud
Girls Indoor Track,55 m,1994,2A-1A,Kisha Jett,Hammond,7.17,pdfs/Winter record book.pdf,32,2026-08-02T19:29:24Z,glm-5.2:cloud
Girls Indoor Track,55 m,1995,4A,Latia Holloman,Eleanor Roosevelt,7.36,pdfs/Winter record book.pdf,32,2026-08-02T19:29:24Z,glm-5.2:cloud
Girls Indoor Track,55 m,1995,3A,Kym Morehouse,Howard,7.43,pdfs/Winter record book.pdf,32,2026-08-02T19:29:24Z,glm-5.2:cloud
Girls Indoor Track,55 m,1995,2A-1A,Sirena Williams,Central-PG,7.4,pdfs/Winter record book.pdf,32,2026-08-02T19:29:24Z,glm-5.2:cloud
Girls Indoor Track,55 m,1996,4A,Amber Robinson,Eleanor Roosevelt,7.22,pdfs/Winter record book.pdf,32,2026-08-02T19:29:24Z,glm-5.2:cloud
Girls Indoor Track,55 m,1996,3A,Valerie Williams,Frederick,7.25,pdfs/Winter record book.pdf,32,2026-08-02T19:29:24Z,glm-5.2:cloud
Girls Indoor Track,55 m,1996,2A-1A,Debbie Dunn,Fairmont Heights,7.30,pdfs/Winter record book.pdf,32,2026-08-02T19:29:24Z,glm-5.2:cloud
Girls Indoor Track,55 m,1997,4A-3A,Mechelle Lewis,Oxon Hill,6.9,pdfs/Winter record book.pdf,32,2026-08-02T19:29:24Z,glm-5.2:cloud
Girls Indoor Track,55 m,1997,3A-2A,Sharell Augusta,Douglass-PG,7.45,pdfs/Winter record book.pdf,32,2026-08-02T19:29:24Z,glm-5.2:cloud
Girls Indoor Track,55 m,1997,2A-1A,Teyarnte Carter,Long Reach,7.1,pdfs/Winter record book.pdf,32,2026-08-02T19:29:24Z,glm-5.2:cloud
Girls Indoor Track,55 m,1998,4A-3A,Amber Robinson,Eleanor Roosevelt,7.14,pdfs/Winter record book.pdf,32,2026-08-02T19:29:24Z,glm-5.2:cloud
Girls Indoor Track,55 m,1998,3A-2A,Sharell Augusta,Douglass-PG,7.25,pdfs/Winter record book.pdf,32,2026-08-02T19:29:24Z,glm-5.2:cloud
Girls Indoor Track,55 m,1998,2A-1A,Kathy Messner,Catoctin,7.37,pdfs/Winter record book.pdf,32,2026-08-02T19:29:24Z,glm-5.2:cloud
Girls Indoor Track,55 m,1999,4A-3A,Jessica Defrietas,Eleanor Roosevelt,7.1,pdfs/Winter record book.pdf,32,2026-08-02T19:29:24Z,glm-5.2:cloud
Girls Indoor Track,55 m,1999,3A-2A,Teyarnte Carter,Long Reach,7.0,pdfs/Winter record book.pdf,32,2026-08-02T19:29:24Z,glm-5.2:cloud
Girls Indoor Track,55 m,1999,2A-1A,Michelle Nelson,Atholton,7.3,pdfs/Winter record book.pdf,32,2026-08-02T19:29:24Z,glm-5.2:cloud
Girls Indoor Track,55 m,2000,4A-3A,Chiqita Stephens,Largo,7.25,pdfs/Winter record book.pdf,32,2026-08-02T19:29:24Z,glm-5.2:cloud
Girls Indoor Track,55 m,2000,3A-2A,Teyarnte Carter,Long Reach,7.28,pdfs/Winter record book.pdf,32,2026-08-02T19:29:24Z,glm-5.2:cloud
Girls Indoor Track,55 m,2000,2A-1A,Emilie Bonano,South Hagerstown,7.63,pdfs/Winter record book.pdf,32,2026-08-02T19:29:24Z,glm-5.2:cloud
Girls Indoor Track,55 m,2001,4A-3A,Imani White,Frederick,7.10,pdfs/Winter record book.pdf,32,2026-08-02T19:29:24Z,glm-5.2:cloud
Girls Indoor Track,55 m,2001,3A-2A,Ramera Nero,Northern-Cal,7.37,pdfs/Winter record book.pdf,32,2026-08-02T19:29:24Z,glm-5.2:cloud
Girls Indoor Track,55 m,2001,2A-1A,Ebony Lucas,Lackey,7.41,pdfs/Winter record book.pdf,32,2026-08-02T19:29:24Z,glm-5.2:cloud
Girls Indoor Track,55 m,2002,4A-3A,India Ransom,Largo,7.08,pdfs/Winter record book.pdf,32,2026-08-02T19:29:24Z,glm-5.2:cloud
Girls Indoor Track,55 m,2002,3A-2A,Shadé Smith,Hammond,7.40,pdfs/Winter record book.pdf,32,2026-08-02T19:29:24Z,glm-5.2:cloud
Girls Indoor Track,55 m,2002,2A-1A,Crista Brown,Central-PG,7.37,pdfs/Winter record book.pdf,32,2026-08-02T19:29:24Z,glm-5.2:cloud
Girls Indoor Track,55 m,2003,4A-3A,Natalie McKenzie,Largo,7.18,pdfs/Winter record book.pdf,32,2026-08-02T19:29:24Z,glm-5.2:cloud
Girls Indoor Track,55 m,2003,3A-2A,Shadé Smith,Hammond,7.25,pdfs/Winter record book.pdf,32,2026-08-02T19:29:24Z,glm-5.2:cloud
Girls Indoor Track,55 m,2003,2A-1A,Cierra Lane,Edmondson,7.37,pdfs/Winter record book.pdf,32,2026-08-02T19:29:24Z,glm-5.2:cloud
Girls Indoor Track,55 m,2004,4A-3A,Waquesha Canty,C.H. Flowers,7.20,pdfs/Winter record book.pdf,32,2026-08-02T19:29:24Z,glm-5.2:cloud
Girls Indoor Track,55 m,2004,3A-2A,Jacquay Evans,Westlake,7.13,pdfs/Winter record book.pdf,32,2026-08-02T19:29:24Z,glm-5.2:cloud
Girls Indoor Track,55 m,2004,2A-1A,Phoenix Ruff,Reginald F. Lewis,7.34,pdfs/Winter record book.pdf,32,2026-08-02T19:29:24Z,glm-5.2:cloud
Girls Indoor Track,55 m,2005,4A-3A,Theresa Lewis,Western-B,7.13,pdfs/Winter record book.pdf,32,2026-08-02T19:29:24Z,glm-5.2:cloud
Girls Indoor Track,55 m,2005,3A-2A,Brittany Brady,Friendly,7.20,pdfs/Winter record book.pdf,32,2026-08-02T19:29:24Z,glm-5.2:cloud
Girls Indoor Track,55 m,2005,2A-1A,Cierra Layne,Edmondson,7.40,pdfs/Winter record book.pdf,32,2026-08-02T19:29:24Z,glm-5.2:cloud
Girls Indoor Track,55 m,2006,4A-3A,Theresa Lewis,Western-B,7.16,pdfs/Winter record book.pdf,32,2026-08-02T19:29:24Z,glm-5.2:cloud
Girls Indoor Track,55 m,2006,3A-2A,Alexis Booker,Friendly,7.24,pdfs/Winter record book.pdf,32,2026-08-02T19:29:24Z,glm-5.2:cloud
Girls Indoor Track,55 m,2006,2A-1A,Chaniece Chambers,Dunbar,7.30,pdfs/Winter record book.pdf,32,2026-08-02T19:29:24Z,glm-5.2:cloud
Girls Indoor Track,55 m,2007,4A-3A,Letecia Wright,Western-B,7.08,pdfs/Winter record book.pdf,32,2026-08-02T19:29:24Z,glm-5.2:cloud
Girls Indoor Track,55 m,2007,3A-2A,Jessica Tongue,Annapolis,7.14,pdfs/Winter record book.pdf,32,2026-08-02T19:29:24Z,glm-5.2:cloud
Girls Indoor Track,55 m,2007,2A-1A,Auneye Boone,Calvert,7.24,pdfs/Winter record book.pdf,32,2026-08-02T19:29:24Z,glm-5.2:cloud
Girls Indoor Track,55 m,2008,4A,Olivia Ekponé,Wootton,7.05,pdfs/Winter record book.pdf,32,2026-08-02T19:29:24Z,glm-5.2:cloud
Girls Indoor Track,55 m,2008,3A,Funmi Alabi,Long Reach,7.00,pdfs/Winter record book.pdf,32,2026-08-02T19:29:24Z,glm-5.2:cloud
Girls Indoor Track,55 m,2008,2A,Angela Humpbert,Hammond,7.41,pdfs/Winter record book.pdf,32,2026-08-02T19:29:24Z,glm-5.2:cloud
Girls Indoor Track,55 m,2008,1A,Alyssa McClure,Digital Harbor,7.23,pdfs/Winter record book.pdf,32,2026-08-02T19:29:24Z,glm-5.2:cloud
Girls Indoor Track,55 m,2009,4A,Aurieyall Scott,Eleanor Roosevelt,7.07,pdfs/Winter record book.pdf,32,2026-08-02T19:29:24Z,glm-5.2:cloud
Girls Indoor Track,55 m,2009,3A,Arielle Statham,Paint Branch,7.11,pdfs/Winter record book.pdf,32,2026-08-02T19:29:24Z,glm-5.2:cloud
Girls Indoor Track,55 m,2009,2A,Janiera Jackson,Polytechnic,7.34,pdfs/Winter record book.pdf,32,2026-08-02T19:29:24Z,glm-5.2:cloud
Girls Indoor Track,55 m,2009,1A,Chelsea Walker,Digital Harbor,7.33,pdfs/Winter record book.pdf,32,2026-08-02T19:29:24Z,glm-5.2:cloud
Girls Indoor Track,55 m,2010,4A,Aurieyall Scott,Eleanor Roosevelt,6.93,pdfs/Winter record book.pdf,32,2026-08-02T19:29:24Z,glm-5.2:cloud
Girls Indoor Track,55 m,2010,3A,Daquanya Byrd-West,Westlake,7.10,pdfs/Winter record book.pdf,32,2026-08-02T19:29:24Z,glm-5.2:cloud
Girls Indoor Track,55 m,2010,2A,Alyssa McClure,Digital Harbor,7.17,pdfs/Winter record book.pdf,32,2026-08-02T19:29:24Z,glm-5.2:cloud
Girls Indoor Track,55 m,2010,1A,Erika Hurd,Manchester Valley,7.51,pdfs/Winter record book.pdf,32,2026-08-02T19:29:24Z,glm-5.2:cloud
Girls Indoor Track,55 m,2011,4A,Olivia Ekponé,Northwest,7.05,pdfs/Winter record book.pdf,32,2026-08-02T19:29:24Z,glm-5.2:cloud
Girls Indoor Track,55 m,2011,3A,Mercedes Jackson,Huntingtown,7.09,pdfs/Winter record book.pdf,32,2026-08-02T19:29:24Z,glm-5.2:cloud
Girls Indoor Track,55 m,2011,2A,Aneesha Scott,Long Reach,7.22,pdfs/Winter record book.pdf,32,2026-08-02T19:29:24Z,glm-5.2:cloud
Girls Indoor Track,55 m,2011,1A,Andrea Fields,Surrattsville,7.32,pdfs/Winter record book.pdf,32,2026-08-02T19:29:24Z,glm-5.2:cloud
Girls Indoor Track,55 m,2012,4A,Mobolaji Adeokun,DuVal,7.07,pdfs/Winter record book.pdf,32,2026-08-02T19:29:24Z,glm-5.2:cloud
Girls Indoor Track,55 m,2012,3A,Rachel Watkins,Tuscarora,7.21,pdfs/Winter record book.pdf,32,2026-08-02T19:29:24Z,glm-5.2:cloud
Girls Indoor Track,55 m,2012,2A,Markeisha Creek,Calvert,7.24,pdfs/Winter record book.pdf,32,2026-08-02T19:29:24Z,glm-5.2:cloud
Girls Indoor Track,55 m,2012,1A,Abby Duncan,Boonsboro,7.32,pdfs/Winter record book.pdf,32,2026-08-02T19:29:24Z,glm-5.2:cloud
Girls Indoor Track,55 m,2013,4A,Mercedes Tillman,North Point,7.20,pdfs/Winter record book.pdf,32,2026-08-02T19:29:24Z,glm-5.2:cloud
Girls Indoor Track,55 m,2013,3A,Kiara Parker,Westlake,7.19,pdfs/Winter record book.pdf,32,2026-08-02T19:29:24Z,glm-5.2:cloud
Girls Indoor Track,55 m,2013,2A,Alexis Murry,Lackey,7.28,pdfs/Winter record book.pdf,32,2026-08-02T19:29:24Z,glm-5.2:cloud
Girls Indoor Track,55 m,2013,1A,Valerie Mizansky,North Carroll,7.46,pdfs/Winter record book.pdf,32,2026-08-02T19:29:24Z,glm-5.2:cloud
Girls Indoor Track,55 m,2014,4A,Bethany White,Magruder,7.07,pdfs/Winter record book.pdf,32,2026-08-02T19:29:24Z,glm-5.2:cloud
Girls Indoor Track,55 m,2014,3A,Shania Collins,Huntingtown,7.01,pdfs/Winter record book.pdf,32,2026-08-02T19:29:24Z,glm-5.2:cloud
Girls Indoor Track,55 m,2014,2A,Kara Patrice,Liberty,7.24,pdfs/Winter record book.pdf,32,2026-08-02T19:29:24Z,glm-5.2:cloud
Girls Indoor Track,55 m,2014,1A,Gabbyriell Reason,Smithsburg,7.41,pdfs/Winter record book.pdf,32,2026-08-02T19:29:24Z,glm-5.2:cloud
Girls Indoor Track,55 m,2015,4A,Adassa Phillips,Paint Branch,7.18,pdfs/Winter record book.pdf,32,2026-08-02T19:29:24Z,glm-5.2:cloud
Girls Indoor Track,55 m,2015,3A,Kiara Parker,Westlake,7.06,pdfs/Winter record book.pdf,32,2026-08-02T19:29:24Z,glm-5.2:cloud
Girls Indoor Track,55 m,2015,2A,Erin Patrice,Liberty,7.30,pdfs/Winter record book.pdf,32,2026-08-02T19:29:24Z,glm-5.2:cloud
Girls Indoor Track,55 m,2015,1A,Gabbriell Reason,Smithsburg,7.36,pdfs/Winter record book.pdf,32,2026-08-02T19:29:24Z,glm-5.2:cloud
Girls Indoor Track,55 m,2016,4A,Madeleine Akobundu,DuVal,7.14,pdfs/Winter record book.pdf,32,2026-08-02T19:29:24Z,glm-5.2:cloud
Girls Indoor Track,55 m,2016,3A,Jaida Smith,Frederick,7.04,pdfs/Winter record book.pdf,32,2026-08-02T19:29:24Z,glm-5.2:cloud
Girls Indoor Track,55 m,2016,2A,Mary Foday,Central-PG,7.17,pdfs/Winter record book.pdf,32,2026-08-02T19:29:24Z,glm-5.2:cloud
Girls Indoor Track,55 m,2016,1A,Lauryn Daniels,Smithsburg,7.47,pdfs/Winter record book.pdf,32,2026-08-02T19:29:24Z,glm-5.2:cloud
Girls Indoor Track,55 m,2017,4A,Pharist O'Neal,Charles H. Flowers,7.08,pdfs/Winter record book.pdf,32,2026-08-02T19:29:24Z,glm-5.2:cloud
Girls Indoor Track,55 m,2017,3A,Jaida Smith,Frederick,7.15,pdfs/Winter record book.pdf,32,2026-08-02T19:29:24Z,glm-5.2:cloud
Girls Indoor Track,55 m,2017,2A,Janiya Valentine,New Town,7.21,pdfs/Winter record book.pdf,32,2026-08-02T19:29:24Z,glm-5.2:cloud
Girls Indoor Track,55 m,2017,1A,Rakiya Taylor,Surrattsville,7.43,pdfs/Winter record book.pdf,32,2026-08-02T19:29:24Z,glm-5.2:cloud
Girls Indoor Track,55 m,2018,4A,Carmen Henderson,North Point,7.21,pdfs/Winter record book.pdf,32,2026-08-02T19:29:24Z,glm-5.2:cloud
Girls Indoor Track,55 m,2018,3A,Jaida Smith,Frederick,7.01,pdfs/Winter record book.pdf,32,2026-08-02T19:29:24Z,glm-5.2:cloud
Girls Indoor Track,55 m,2018,2A,Janiya Valentine,New Town,7.16,pdfs/Winter record book.pdf,32,2026-08-02T19:29:24Z,glm-5.2:cloud
Girls Indoor Track,55 m,2018,1A,Destiny Thompson,Henry E. Lackey,7.22,pdfs/Winter record book.pdf,32,2026-08-02T19:29:24Z,glm-5.2:cloud
Girls Indoor Track,55 m,2019,4A,Taylor Wright,Northwest,7.15,pdfs/Winter record book.pdf,32,2026-08-02T19:29:24Z,glm-5.2:cloud
Girls Indoor Track,55 m,2019,3A,Jada Sobratti,Frederick,7.17,pdfs/Winter record book.pdf,32,2026-08-02T19:29:24Z,glm-5.2:cloud
Girls Indoor Track,55 m,2019,2A,Olivia Garner,Westlake,7.15,pdfs/Winter record book.pdf,32,2026-08-02T19:29:24Z,glm-5.2:cloud
Girls Indoor Track,55 m,2019,1A,Malia Watkins,Frederick Douglass-PG,7.18,pdfs/Winter record book.pdf,32,2026-08-02T19:29:24Z,glm-5.2:cloud
Girls Indoor Track,55 m,2020,4A,Madison Depry,Wheaton,7.19,pdfs/Winter record book.pdf,32,2026-08-02T19:29:24Z,glm-5.2:cloud
Girls Indoor Track,55 m,2020,3A,Janasia Buckner,River Hill,7.21,pdfs/Winter record book.pdf,32,2026-08-02T19:29:24Z,glm-5.2:cloud
Girls Indoor Track,55 m,2020,2A,Aaliyah Harris,Wicomico,7.13,pdfs/Winter record book.pdf,32,2026-08-02T19:29:24Z,glm-5.2:cloud
Girls Indoor Track,55 m,2020,1A,Diamond Richardson,Surrattsville,7.20,pdfs/Winter record book.pdf,32,2026-08-02T19:29:24Z,glm-5.2:cloud
Girls Indoor Track,55 m,2022,4A,Saniya Simmons,Henry A. Wise,7.26,pdfs/Winter record book.pdf,32,2026-08-02T19:29:24Z,glm-5.2:cloud
Girls Indoor Track,55 m,2022,3A,Janasia Buckner,River Hill,7.22,pdfs/Winter record book.pdf,32,2026-08-02T19:29:24Z,glm-5.2:cloud
Girls Indoor Track,55 m,2022,2A,Jasmine Stanton,Century,7.37,pdfs/Winter record book.pdf,32,2026-08-02T19:29:24Z,glm-5.2:cloud
Girls Indoor Track,55 m,2022,1A,Diamond Richardson,Surrattsville,7.43,pdfs/Winter record book.pdf,32,2026-08-02T19:29:24Z,glm-5.2:cloud
Girls Indoor Track,55 m,2023,4A,Jasmine Cook,Old Mill,7.16,pdfs/Winter record book.pdf,32,2026-08-02T19:29:24Z,glm-5.2:cloud
Girls Indoor Track,55 m,2023,3A,Arayana Ladson,Mount Hebron,7.14,pdfs/Winter record book.pdf,32,2026-08-02T19:29:24Z,glm-5.2:cloud
Girls Indoor Track,55 m,2023,2A,Oluwasemilore Olakunle,Oakland Mills,7.07,pdfs/Winter record book.pdf,32,2026-08-02T19:29:24Z,glm-5.2:cloud
Girls Indoor Track,55 m,2023,1A,Enazajah Young,Cambridge-South Dorchester,7.37,pdfs/Winter record book.pdf,32,2026-08-02T19:29:24Z,glm-5.2:cloud
Girls Indoor Track,55 m,2024,4A,Iyanni Daley,Wheaton,7.08,pdfs/Winter record book.pdf,32,2026-08-02T19:29:24Z,glm-5.2:cloud
Girls Indoor Track,55 m,2024,3A,Sydney Rhodes,Howard,7.13,pdfs/Winter record book.pdf,32,2026-08-02T19:29:24Z,glm-5.2:cloud
Girls Indoor Track,55 m,2024,2A,Gabrielle Garner,Westlake,7.22,pdfs/Winter record book.pdf,32,2026-08-02T19:29:24Z,glm-5.2:cloud
Girls Indoor Track,55 m,2024,1A,Enazajah Young,Cambridge-South Dorchester,7.27,pdfs/Winter record book.pdf,32,2026-08-02T19:29:24Z,glm-5.2:cloud
Girls Indoor Track,55 m,2025,4A,Cohren Corbin,North Point,6.96,pdfs/Winter record book.pdf,32,2026-08-02T19:29:24Z,glm-5.2:cloud
Girls Indoor Track,55 m,2025,3A,Bianca Durant,Howard,7.27,pdfs/Winter record book.pdf,32,2026-08-02T19:29:24Z,glm-5.2:cloud
Girls Indoor Track,55 m,2025,2A,Alicia Smith,Frederick Douglass-PG,7.30,pdfs/Winter record book.pdf,32,2026-08-02T19:29:24Z,glm-5.2:cloud
Girls Indoor Track,55 m,2025,1A,Tressia Davis,Friendly,7.14,pdfs/Winter record book.pdf,32,2026-08-02T19:29:24Z,glm-5.2:cloud
Girls Indoor Track,300 m,1983,AA,Monica Taylor,Largo,37.1y,pdfs/Winter record book.pdf,32,2026-08-02T19:29:24Z,glm-5.2:cloud
Girls Indoor Track,300 m,1983,A,Robin Benjamin,Central-PG,36.22y,pdfs/Winter record book.pdf,32,2026-08-02T19:29:24Z,glm-5.2:cloud
Girls Indoor Track,300 m,1983,BC,Diane Thomas,Frederick,38.10y,pdfs/Winter record book.pdf,32,2026-08-02T19:29:24Z,glm-5.2:cloud
Girls Indoor Track,300 m,1984,AA,Lorraine Pierre,Suitland,42.5,pdfs/Winter record book.pdf,32,2026-08-02T19:29:24Z,glm-5.2:cloud
Girls Indoor Track,300 m,1984,A,Robin Benjamin,Central-PG,42.0,pdfs/Winter record book.pdf,32,2026-08-02T19:29:24Z,glm-5.2:cloud
Girls Indoor Track,300 m,1984,BC,Leila Odom,Hammond,43.5,pdfs/Winter record book.pdf,32,2026-08-02T19:29:24Z,glm-5.2:cloud
Girls Indoor Track,300 m,1985,AA,Ernestine Marxh,Northwestern-PG,42.4,pdfs/Winter record book.pdf,32,2026-08-02T19:29:24Z,glm-5.2:cloud
Girls Indoor Track,300 m,1985,A,Sharon Spriggs,Central,43.4,pdfs/Winter record book.pdf,32,2026-08-02T19:29:24Z,glm-5.2:cloud
Girls Indoor Track,300 m,1985,BC,Lori Amos,Milford Mill,43.1,pdfs/Winter record book.pdf,32,2026-08-02T19:29:24Z,glm-5.2:cloud
Girls Indoor Track,300 m,1986,Combined,Kellie Roberts,Central-PG,41.2,pdfs/Winter record book.pdf,32,2026-08-02T19:29:24Z,glm-5.2:cloud
Girls Indoor Track,300 m,1987,AA,Camille Phillips,Largo,41.5,pdfs/Winter record book.pdf,32,2026-08-02T19:29:24Z,glm-5.2:cloud
Girls Indoor Track,300 m,1987,A,Wanda Evans,Magruder,42.9,pdfs/Winter record book.pdf,32,2026-08-02T19:29:24Z,glm-5.2:cloud
Girls Indoor Track,300 m,1987,BC,Kellie Roberts,Central-PG,40.2,pdfs/Winter record book.pdf,32,2026-08-02T19:29:24Z,glm-5.2:cloud
Girls Indoor Track,300 m,1988,AA,Camille Phillips,Largo,41.8,pdfs/Winter record book.pdf,32,2026-08-02T19:29:24Z,glm-5.2:cloud
Girls Indoor Track,300 m,1988,A,Rhonda Williams,Douglass-PG,43.1,pdfs/Winter record book.pdf,32,2026-08-02T19:29:24Z,glm-5.2:cloud
Girls Indoor Track,300 m,1988,BC,Sheree Beardon,Central-PG,43.0,pdfs/Winter record book.pdf,32,2026-08-02T19:29:24Z,glm-5.2:cloud
Girls Indoor Track,300 m,1989,4A,Judith Owen,Einstein,42.4,pdfs/Winter record book.pdf,32,2026-08-02T19:29:24Z,glm-5.2:cloud
Girls Indoor Track,300 m,1989,3A,Marcia Lambert,Bladensburg,42.4,pdfs/Winter record book.pdf,32,2026-08-02T19:29:24Z,glm-5.2:cloud
Girls Indoor Track,300 m,1989,2A-1A,Shelley Lowman,Centennial,43.32,pdfs/Winter record book.pdf,32,2026-08-02T19:29:24Z,glm-5.2:cloud
Girls Indoor Track,300 m,1990,4A,Ebony Robinson,Eleanor Roosevelt,42.5,pdfs/Winter record book.pdf,32,2026-08-02T19:29:24Z,glm-5.2:cloud
Girls Indoor Track,300 m,1990,3A,Teresa Israel,Paint Branch,42.7,pdfs/Winter record book.pdf,32,2026-08-02T19:29:24Z,glm-5.2:cloud
Girls Indoor Track,300 m,1990,2A-1A,Stephanie Love,Central-PG,41.2,pdfs/Winter record book.pdf,32,2026-08-02T19:29:24Z,glm-5.2:cloud
Girls Indoor Track,300 m,1991,4A,Ebony Robinson,Eleanor Roosevelt,40.9,pdfs/Winter record book.pdf,32,2026-08-02T19:29:24Z,glm-5.2:cloud
Girls Indoor Track,300 m,1991,3A,Tanya Green,Parkville,43.0,pdfs/Winter record book.pdf,32,2026-08-02T19:29:24Z,glm-5.2:cloud
Girls Indoor Track,300 m,1991,2A-1A,Charmaine Field,Central-PG,41.5,pdfs/Winter record book.pdf,32,2026-08-02T19:29:24Z,glm-5.2:cloud
Girls Indoor Track,300 m,1992,4A,Ebony Robinson,Eleanor Roosevelt,40.59,pdfs/Winter record book.pdf,32,2026-08-02T19:29:24Z,glm-5.2:cloud
Girls Indoor Track,300 m,1992,3A,Tanya Green,Parkville,43.0,pdfs/Winter record book.pdf,32,2026-08-02T19:29:24Z,glm-5.2:cloud
Girls Indoor Track,300 m,1992,2A-1A,Kisha Jett,Hammond,41.1,pdfs/Winter record book.pdf,32,2026-08-02T19:29:24Z,glm-5.2:cloud
Girls Indoor Track,300 m,1993,4A,Suziann Reid,Eleanor Roosevelt,40.9,pdfs/Winter record book.pdf,32,2026-08-02T19:29:24Z,glm-5.2:cloud
Girls Indoor Track,300 m,1993,3A,Tamika Coombs,Bladensburg,42.53,pdfs/Winter record book.pdf,32,2026-08-02T19:29:24Z,glm-5.2:cloud
Girls Indoor Track,300 m,1993,2A-1A,Kisha Jett,Hammond,41.78,pdfs/Winter record book.pdf,32,2026-08-02T19:29:24Z,glm-5.2:cloud
Girls Indoor Track,300 m,1994,4A,Suziann Reid,Eleanor Roosevelt,40.94,pdfs/Winter record book.pdf,32,2026-08-02T19:29:24Z,glm-5.2:cloud
Girls Indoor Track,300 m,1994,3A,Natalie Johnson,Paint Branch,44.1,pdfs/Winter record book.pdf,32,2026-08-02T19:29:24Z,glm-5.2:cloud
Girls Indoor Track,300 m,1994,2A-1A,Kisha Jett,Hammond,40.99,pdfs/Winter record book.pdf,32,2026-08-02T19:29:24Z,glm-5.2:cloud
Girls Indoor Track,300 m,1995,4A,Suziann Reid,Eleanor Roosevelt,39.8,pdfs/Winter record book.pdf,32,2026-08-02T19:29:24Z,glm-5.2:cloud
Girls Indoor Track,300 m,1995,3A,Sharkara Grant,Wheaton,41.8,pdfs/Winter record book.pdf,32,2026-08-02T19:29:24Z,glm-5.2:cloud
Girls Indoor Track,300 m,1995,2A-1A,Debbie Dunn,Fairmont Heights,41.9,pdfs/Winter record book.pdf,32,2026-08-02T19:29:24Z,glm-5.2:cloud
Girls Indoor Track,300 m,1996,4A,Mechelle Lewis,Oxon Hill,41.2,pdfs/Winter record book.pdf,32,2026-08-02T19:29:24Z,glm-5.2:cloud
Girls Indoor Track,300 m,1996,3A,Michelle Higginbottom,Frederick,42.2,pdfs/Winter record book.pdf,32,2026-08-02T19:29:24Z,glm-5.2:cloud
Girls Indoor Track,300 m,1996,2A-1A,Debbie Dunn,Fairmont Heights,40.2,pdfs/Winter record book.pdf,32,2026-08-02T19:29:24Z,glm-5.2:cloud
Girls Indoor Track,300 m,1997,4A-3A,Amber Robinson,Eleanor Roosevelt,40.6,pdfs/Winter record book.pdf,32,2026-08-02T19:29:24Z,glm-5.2:cloud
Girls Indoor Track,300 m,1997,3A-2A,Nyjla Littlejohn,Wilde Lake,43.4,pdfs/Winter record book.pdf,32,2026-08-02T19:29:24Z,glm-5.2:cloud
Girls Indoor Track,300 m,1997,2A-1A,Sirena Williams,Central-PG,42.2,pdfs/Winter record book.pdf,32,2026-08-02T19:29:24Z,glm-5.2:cloud
Girls Indoor Track,300 m,1998,4A-3A,Amber Robinson,Eleanor Roosevelt,41.0,pdfs/Winter record book.pdf,32,2026-08-02T19:29:24Z,glm-5.2:cloud
Girls Indoor Track,300 m,1998,3A-2A,Teyarnte Carter,Long Reach,42.0,pdfs/Winter record book.pdf,32,2026-08-02T19:29:24Z,glm-5.2:cloud
Girls Indoor Track,300 m,1998,2A-1A,Kathy Messner,Catoctin,41.8,pdfs/Winter record book.pdf,32,2026-08-02T19:29:24Z,glm-5.2:cloud
Girls Indoor Track,300 m,1999,4A-3A,Kimberley Jones,Eleanor Roosevelt,42.8,pdfs/Winter record book.pdf,32,2026-08-02T19:29:24Z,glm-5.2:cloud
Girls Indoor Track,300 m,1999,3A-2A,Channelle Simmons,Central-PG,42.3,pdfs/Winter record book.pdf,32,2026-08-02T19:29:24Z,glm-5.2:cloud
Girls Indoor Track,300 m,1999,2A-1A,Shamika Griffen,Fairmont Heights,42.5,pdfs/Winter record book.pdf,32,2026-08-02T19:29:24Z,glm-5.2:cloud
Girls Indoor Track,300 m,2000,4A-3A,Schnavia Felder,Suitland,42.0,pdfs/Winter record book.pdf,32,2026-08-02T19:29:24Z,glm-5.2:cloud
Girls Indoor Track,300 m,2000,3A-2A,Channelle Simmons,Central-PG,43.1,pdfs/Winter record book.pdf,32,2026-08-02T19:29:24Z,glm-5.2:cloud
Girls Indoor Track,300 m,2000,2A-1A,Emilie Bonano,South Hagerstown,43.0,pdfs/Winter record book.pdf,32,2026-08-02T19:29:24Z,glm-5.2:cloud
Girls Indoor Track,300 m,2001,4A-3A,Imani White,Frederick,40.3,pdfs/Winter record book.pdf,32,2026-08-02T19:29:24Z,glm-5.2:cloud
Girls Indoor Track,300 m,2001,3A-2A,April Butler,Gwynn Park,40.5,pdfs/Winter record book.pdf,32,2026-08-02T19:29:24Z,glm-5.2:cloud
Girls Indoor Track,300 m,2001,2A-1A,Maisha Pinkard,B-CC,41.5,pdfs/Winter record book.pdf,32,2026-08-02T19:29:24Z,glm-5.2:cloud
Girls Indoor Track,300 m,2002,4A-3A,Lakisha Brooks,Largo,39.8,pdfs/Winter record book.pdf,32,2026-08-02T19:29:24Z,glm-5.2:cloud
Girls Indoor Track,300 m,2002,3A-2A,Novia Brown,Milford Mill,40.8,pdfs/Winter record book.pdf,32,2026-08-02T19:29:24Z,glm-5.2:cloud
Girls Indoor Track,300 m,2002,2A-1A,Christina Mann,Poolesville,40.7,pdfs/Winter record book.pdf,32,2026-08-02T19:29:24Z,glm-5.2:cloud
Girls Indoor Track,300 m,2003,4A-3A,Tiandra Ponteen,Eleanor Roosevelt,39.19,pdfs/Winter record book.pdf,32,2026-08-02T19:29:24Z,glm-5.2:cloud
Girls Indoor Track,300 m,2003,3A-2A,Novia Brown,Milford Mill,39.70,pdfs/Winter record book.pdf,32,2026-08-02T19:29:24Z,glm-5.2:cloud
Girls Indoor Track,300 m,2003,2A-1A,Christina Mann,Poolesville,41.80,pdfs/Winter record book.pdf,32,2026-08-02T19:29:24Z,glm-5.2:cloud
Girls Indoor Track,300 m,2004,4A-3A,Takecia Jameson,Eleanor Roosevelt,39.74,pdfs/Winter record book.pdf,32,2026-08-02T19:29:24Z,glm-5.2:cloud
Girls Indoor Track,300 m,2004,3A-2A,Kathryne Carter,Westlake,41.20,pdfs/Winter record book.pdf,32,2026-08-02T19:29:24Z,glm-5.2:cloud
Girls Indoor Track,300 m,2004,2A-1A,Diane Hunter,Edmondson,42.34,pdfs/Winter record book.pdf,32,2026-08-02T19:29:24Z,glm-5.2:cloud
Girls Indoor Track,300 m,2005,4A-3A,Michaylin Golliday,Largo,39.35,pdfs/Winter record book.pdf,33,2026-08-02T19:30:36Z,glm-5.2:cloud
Girls Indoor Track,300 m,2005,3A-2A,Alyssa Evening,Fallston,40.80,pdfs/Winter record book.pdf,33,2026-08-02T19:30:36Z,glm-5.2:cloud
Girls Indoor Track,300 m,2005,2A-1A,Diane Hunter,Edmondson,40.90,pdfs/Winter record book.pdf,33,2026-08-02T19:30:36Z,glm-5.2:cloud
Girls Indoor Track,300 m,2006,4A-3A,Robyn Chapman,Douglass-PG,39.90,pdfs/Winter record book.pdf,33,2026-08-02T19:30:36Z,glm-5.2:cloud
Girls Indoor Track,300 m,2006,3A-2A,Jasmine Ingram,Tuscarora,41.47,pdfs/Winter record book.pdf,33,2026-08-02T19:30:36Z,glm-5.2:cloud
Girls Indoor Track,300 m,2006,2A-1A,Meghan Rose,Poolesville,40.91,pdfs/Winter record book.pdf,33,2026-08-02T19:30:36Z,glm-5.2:cloud
Girls Indoor Track,300 m,2007,4A-3A,Letecia Wright,Western-B,39.70,pdfs/Winter record book.pdf,33,2026-08-02T19:30:36Z,glm-5.2:cloud
Girls Indoor Track,300 m,2007,3A-2A,Parris Williams,Aberdeen,40.79,pdfs/Winter record book.pdf,33,2026-08-02T19:30:36Z,glm-5.2:cloud
Girls Indoor Track,300 m,2007,2A-1A,Auneye Boone,Calvert,40.70,pdfs/Winter record book.pdf,33,2026-08-02T19:30:36Z,glm-5.2:cloud
Girls Indoor Track,300 m,2008,4A,Doris Anyanwu,Eleanor Roosevelt,39.34,pdfs/Winter record book.pdf,33,2026-08-02T19:30:36Z,glm-5.2:cloud
Girls Indoor Track,300 m,2008,3A,Danielle Brock,Westlake,39.79,pdfs/Winter record book.pdf,33,2026-08-02T19:30:36Z,glm-5.2:cloud
Girls Indoor Track,300 m,2008,2A,Auneye Boone,Calvert,40.08,pdfs/Winter record book.pdf,33,2026-08-02T19:30:36Z,glm-5.2:cloud
Girls Indoor Track,300 m,2008,1A,Alyssa McClure,Digital Harbor,41.01,pdfs/Winter record book.pdf,33,2026-08-02T19:30:36Z,glm-5.2:cloud
Girls Indoor Track,300 m,2009,4A,Olivia Ekponé,Wootton,39.20,pdfs/Winter record book.pdf,33,2026-08-02T19:30:36Z,glm-5.2:cloud
Girls Indoor Track,300 m,2009,3A,Xauddina Whittington,Catonsville,39.94,pdfs/Winter record book.pdf,33,2026-08-02T19:30:36Z,glm-5.2:cloud
Girls Indoor Track,300 m,2009,2A,Dorehn Coleman,River Hill,41.60,pdfs/Winter record book.pdf,33,2026-08-02T19:30:36Z,glm-5.2:cloud
Girls Indoor Track,300 m,2009,1A,Chelsea Walker,Digital Harbor,41.61,pdfs/Winter record book.pdf,33,2026-08-02T19:30:36Z,glm-5.2:cloud
Girls Indoor Track,300 m,2010,4A,Aurieyall Scott,Eleanor Roosevelt,38.83,pdfs/Winter record book.pdf,33,2026-08-02T19:30:36Z,glm-5.2:cloud
Girls Indoor Track,300 m,2010,3A,Mercedes Jackson,Huntingtown,40.75,pdfs/Winter record book.pdf,33,2026-08-02T19:30:36Z,glm-5.2:cloud
Girls Indoor Track,300 m,2010,2A,Aneesha Scott,Long Reach,41.64,pdfs/Winter record book.pdf,33,2026-08-02T19:30:36Z,glm-5.2:cloud
Girls Indoor Track,300 m,2010,1A,Ekundayo Sogbesan,Forestville,40.67,pdfs/Winter record book.pdf,33,2026-08-02T19:30:36Z,glm-5.2:cloud
Girls Indoor Track,300 m,2011,4A,Olivia Ekponé,Northwest,39.32,pdfs/Winter record book.pdf,33,2026-08-02T19:30:36Z,glm-5.2:cloud
Girls Indoor Track,300 m,2011,3A,Lequisha Parker,Northwood,40.06,pdfs/Winter record book.pdf,33,2026-08-02T19:30:36Z,glm-5.2:cloud
Girls Indoor Track,300 m,2011,2A,Aneesha Scott,Long Reach,40.53,pdfs/Winter record book.pdf,33,2026-08-02T19:30:36Z,glm-5.2:cloud
Girls Indoor Track,300 m,2011,1A,Lauren Johnson,Williamsport,41.18,pdfs/Winter record book.pdf,33,2026-08-02T19:30:36Z,glm-5.2:cloud
Girls Indoor Track,300 m,2012,4A,Alexis Franklin,Old Mill,39.62,pdfs/Winter record book.pdf,33,2026-08-02T19:30:36Z,glm-5.2:cloud
Girls Indoor Track,300 m,2012,3A,Raquel Moses,Milford Mill,40.31,pdfs/Winter record book.pdf,33,2026-08-02T19:30:36Z,glm-5.2:cloud
Girls Indoor Track,300 m,2012,2A,Ashley Ross,Liberty,40.99,pdfs/Winter record book.pdf,33,2026-08-02T19:30:36Z,glm-5.2:cloud
Girls Indoor Track,300 m,2012,1A,Elizabeth Harper,Northwestern-B,41.25,pdfs/Winter record book.pdf,33,2026-08-02T19:30:36Z,glm-5.2:cloud
Girls Indoor Track,300 m,2013,4A,Gwen Shaw,Wootton,39.72,pdfs/Winter record book.pdf,33,2026-08-02T19:30:36Z,glm-5.2:cloud
Girls Indoor Track,300 m,2013,3A,Nailah Johnson,Friendly,40.92,pdfs/Winter record book.pdf,33,2026-08-02T19:30:36Z,glm-5.2:cloud
Girls Indoor Track,300 m,2013,2A,Alexis Murry,Lackey,41.05,pdfs/Winter record book.pdf,33,2026-08-02T19:30:36Z,glm-5.2:cloud
Girls Indoor Track,300 m,2013,1A,Imani Daye,Northwestern-B,41.56,pdfs/Winter record book.pdf,33,2026-08-02T19:30:36Z,glm-5.2:cloud
Girls Indoor Track,300 m,2014,4A,Martha Sam,James H. Blake,40.01,pdfs/Winter record book.pdf,33,2026-08-02T19:30:36Z,glm-5.2:cloud
Girls Indoor Track,300 m,2014,3A,Shania Collins,Huntingtown,39.29,pdfs/Winter record book.pdf,33,2026-08-02T19:30:36Z,glm-5.2:cloud
Girls Indoor Track,300 m,2014,2A,Sharon Dorsey,Western STES,40.96,pdfs/Winter record book.pdf,33,2026-08-02T19:30:36Z,glm-5.2:cloud
Girls Indoor Track,300 m,2014,1A,Mary Foday,Central-PG,42.10,pdfs/Winter record book.pdf,33,2026-08-02T19:30:36Z,glm-5.2:cloud
Girls Indoor Track,300 m,2015,4A,Martha Sam,James H. Blake,39.28,pdfs/Winter record book.pdf,33,2026-08-02T19:30:36Z,glm-5.2:cloud
Girls Indoor Track,300 m,2015,3A,Kiara Parker,Westlake,39.89,pdfs/Winter record book.pdf,33,2026-08-02T19:30:36Z,glm-5.2:cloud
Girls Indoor Track,300 m,2015,2A,Kylie Davis,Century,40.77,pdfs/Winter record book.pdf,33,2026-08-02T19:30:36Z,glm-5.2:cloud
Girls Indoor Track,300 m,2015,1A,Gabbriell Reason,Smithsburg,42.04,pdfs/Winter record book.pdf,33,2026-08-02T19:30:36Z,glm-5.2:cloud
Girls Indoor Track,300 m,2016,4A,Cori Brown,Northwest,41.22,pdfs/Winter record book.pdf,33,2026-08-02T19:30:36Z,glm-5.2:cloud
Girls Indoor Track,300 m,2016,3A,Jamila Brown,Wilde Lake,39.92,pdfs/Winter record book.pdf,33,2026-08-02T19:30:36Z,glm-5.2:cloud
Girls Indoor Track,300 m,2016,2A,Micah Meekins,Marriotts Ridge,39.83,pdfs/Winter record book.pdf,33,2026-08-02T19:30:36Z,glm-5.2:cloud
Girls Indoor Track,300 m,2016,1A,Lauryn Daniels,Smithsburg,41.69,pdfs/Winter record book.pdf,33,2026-08-02T19:30:36Z,glm-5.2:cloud
Girls Indoor Track,300 m,2017,4A,Pharist O'Neal,Charles H. Flowers,40.49,pdfs/Winter record book.pdf,33,2026-08-02T19:30:36Z,glm-5.2:cloud
Girls Indoor Track,300 m,2017,3A,Cameron Hinton,Franklin,39.59,pdfs/Winter record book.pdf,33,2026-08-02T19:30:36Z,glm-5.2:cloud
Girls Indoor Track,300 m,2017,2A,Dominique Jeffery,Henry E. Lackey,40.46,pdfs/Winter record book.pdf,33,2026-08-02T19:30:36Z,glm-5.2:cloud
Girls Indoor Track,300 m,2017,1A,Lauryn Daniels,Smithsburg,41.67,pdfs/Winter record book.pdf,33,2026-08-02T19:30:36Z,glm-5.2:cloud
Girls Indoor Track,300 m,2018,4A,Taylor Wright,Northwest,40.96,pdfs/Winter record book.pdf,33,2026-08-02T19:30:36Z,glm-5.2:cloud
Girls Indoor Track,300 m,2018,3A,Cameron Hinton,Franklin,39.37,pdfs/Winter record book.pdf,33,2026-08-02T19:30:36Z,glm-5.2:cloud
Girls Indoor Track,300 m,2018,2A,Sydney Robinson,River Hill,40.88,pdfs/Winter record book.pdf,33,2026-08-02T19:30:36Z,glm-5.2:cloud
Girls Indoor Track,300 m,2018,1A,Dominique Jeffery,Henry E. Lackey,40.45,pdfs/Winter record book.pdf,33,2026-08-02T19:30:36Z,glm-5.2:cloud
Girls Indoor Track,300 m,2019,4A,Caia Gelli,Richard Montgomery,40.94,pdfs/Winter record book.pdf,33,2026-08-02T19:30:36Z,glm-5.2:cloud
Girls Indoor Track,300 m,2019,3A,Dardlie Lefevre,Tuscarora,40.29,pdfs/Winter record book.pdf,33,2026-08-02T19:30:36Z,glm-5.2:cloud
Girls Indoor Track,300 m,2019,2A,Caitlin Bobb,Harford Technical,40.54,pdfs/Winter record book.pdf,33,2026-08-02T19:30:36Z,glm-5.2:cloud
Girls Indoor Track,300 m,2019,1A,Malia Watkins,Frederick Douglass-PG,40.26,pdfs/Winter record book.pdf,33,2026-08-02T19:30:36Z,glm-5.2:cloud
Girls Indoor Track,300 m,2020,4A,Caia Gelli,Richard Montgomery,38.89,pdfs/Winter record book.pdf,33,2026-08-02T19:30:36Z,glm-5.2:cloud
Girls Indoor Track,300 m,2020,3A,Sierrah Matthews,Mount Hebron,40.69,pdfs/Winter record book.pdf,33,2026-08-02T19:30:36Z,glm-5.2:cloud
Girls Indoor Track,300 m,2020,2A,Caitlin Bobb,Harford Technical,38.93,pdfs/Winter record book.pdf,33,2026-08-02T19:30:36Z,glm-5.2:cloud
Girls Indoor Track,300 m,2020,1A,Chandler Ransome,Central-PG,40.26,pdfs/Winter record book.pdf,33,2026-08-02T19:30:36Z,glm-5.2:cloud
Girls Indoor Track,300 m,2022,4A,Saniya Simmons,Henry A. Wise,42.38,pdfs/Winter record book.pdf,33,2026-08-02T19:30:36Z,glm-5.2:cloud
Girls Indoor Track,300 m,2022,3A,Lauryn Clarke,Damascus,42.87,pdfs/Winter record book.pdf,33,2026-08-02T19:30:36Z,glm-5.2:cloud
Girls Indoor Track,300 m,2022,2A,Ty'Liyah Hannah,Friendly,43.72,pdfs/Winter record book.pdf,33,2026-08-02T19:30:36Z,glm-5.2:cloud
Girls Indoor Track,300 m,2022,1A,Laila Gaynor,Western STES,41.46,pdfs/Winter record book.pdf,33,2026-08-02T19:30:36Z,glm-5.2:cloud
Girls Indoor Track,300 m,2023,4A,Brooke Cochran,James H. Blake,39.85,pdfs/Winter record book.pdf,33,2026-08-02T19:30:36Z,glm-5.2:cloud
Girls Indoor Track,300 m,2023,3A,Nikiyah Williams,Woodlawn,40.60,pdfs/Winter record book.pdf,33,2026-08-02T19:30:36Z,glm-5.2:cloud
Girls Indoor Track,300 m,2023,2A,Chloe Williams,Hammond,41.77,pdfs/Winter record book.pdf,33,2026-08-02T19:30:36Z,glm-5.2:cloud
Girls Indoor Track,300 m,2023,1A,Lauren Chesney,South Carroll,42.29,pdfs/Winter record book.pdf,33,2026-08-02T19:30:36Z,glm-5.2:cloud
Girls Indoor Track,300 m,2024,4A,Nikiyah Williams,Woodlawn,40.29,pdfs/Winter record book.pdf,33,2026-08-02T19:30:36Z,glm-5.2:cloud
Girls Indoor Track,300 m,2024,3A,Brooke Cochran,James H. Blake,39.80,pdfs/Winter record book.pdf,33,2026-08-02T19:30:36Z,glm-5.2:cloud
Girls Indoor Track,300 m,2024,2A,Kaylyn Johnson,New Town,40.57,pdfs/Winter record book.pdf,33,2026-08-02T19:30:36Z,glm-5.2:cloud
Girls Indoor Track,300 m,2024,1A,Tressia Davis,Friendly,39.64,pdfs/Winter record book.pdf,33,2026-08-02T19:30:36Z,glm-5.2:cloud
Girls Indoor Track,300 m,2025,4A,Cohren Corbin,North Point,37.95,pdfs/Winter record book.pdf,33,2026-08-02T19:30:36Z,glm-5.2:cloud
Girls Indoor Track,300 m,2025,3A,Gillian Stephens,Oxon Hill,40.36,pdfs/Winter record book.pdf,33,2026-08-02T19:30:36Z,glm-5.2:cloud
Girls Indoor Track,300 m,2025,2A,Danielle Perez,Randallstown,41.32,pdfs/Winter record book.pdf,33,2026-08-02T19:30:36Z,glm-5.2:cloud
Girls Indoor Track,300 m,2025,1A,Tressia Davis,Friendly,38.88,pdfs/Winter record book.pdf,33,2026-08-02T19:30:36Z,glm-5.2:cloud
Girls Indoor Track,500 m,1984,AA,Demetria Walls,Largo,1:14.5,pdfs/Winter record book.pdf,33,2026-08-02T19:30:36Z,glm-5.2:cloud
Girls Indoor Track,500 m,1984,A,Sabrae Hilliard,Central-PG,1:19.6,pdfs/Winter record book.pdf,33,2026-08-02T19:30:36Z,glm-5.2:cloud
Girls Indoor Track,500 m,1984,BC,Stacey Barnum,Oakland Mills,1:19.9,pdfs/Winter record book.pdf,33,2026-08-02T19:30:36Z,glm-5.2:cloud
Girls Indoor Track,500 m,1985,AA,Demetria Walls,Largo,1:19.1,pdfs/Winter record book.pdf,33,2026-08-02T19:30:36Z,glm-5.2:cloud
Girls Indoor Track,500 m,1985,A,Sharon Spriggs,Central-PG,1:20.9,pdfs/Winter record book.pdf,33,2026-08-02T19:30:36Z,glm-5.2:cloud
Girls Indoor Track,500 m,1985,BC,Lori Amos,Milford Mill,1:21.8,pdfs/Winter record book.pdf,33,2026-08-02T19:30:36Z,glm-5.2:cloud
Girls Indoor Track,500 m,1986,Combined,Kellie Roberts,Central-PG,1:14.7,pdfs/Winter record book.pdf,33,2026-08-02T19:30:36Z,glm-5.2:cloud
Girls Indoor Track,500 m,1987,AA,Lori Bruce,Whitman,1:18.1,pdfs/Winter record book.pdf,33,2026-08-02T19:30:36Z,glm-5.2:cloud
Girls Indoor Track,500 m,1987,A,Kristina Williams,Paint Branch,1:23.1,pdfs/Winter record book.pdf,33,2026-08-02T19:30:36Z,glm-5.2:cloud
Girls Indoor Track,500 m,1987,BC,Kellie Roberts,Central-PG,1:18.4,pdfs/Winter record book.pdf,33,2026-08-02T19:30:36Z,glm-5.2:cloud
Girls Indoor Track,500 m,1988,AA,Camille Phillips,Largo,1:18.6,pdfs/Winter record book.pdf,33,2026-08-02T19:30:36Z,glm-5.2:cloud
Girls Indoor Track,500 m,1988,A,Rhonda Williams,Douglass-PG,1:19.1,pdfs/Winter record book.pdf,33,2026-08-02T19:30:36Z,glm-5.2:cloud
Girls Indoor Track,500 m,1988,BC,Indira Hamilton,Central-PG,1:18.4,pdfs/Winter record book.pdf,33,2026-08-02T19:30:36Z,glm-5.2:cloud
Girls Indoor Track,500 m,1989,4A,Judith Owen,Einstein,1:21.66,pdfs/Winter record book.pdf,33,2026-08-02T19:30:36Z,glm-5.2:cloud
Girls Indoor Track,500 m,1989,3A,Jami McKenna,Andover,1:22.04,pdfs/Winter record book.pdf,33,2026-08-02T19:30:36Z,glm-5.2:cloud
Girls Indoor Track,500 m,1989,2A-1A,Indira Hamilton,Central-PG,1:18.86,pdfs/Winter record book.pdf,33,2026-08-02T19:30:36Z,glm-5.2:cloud
Girls Indoor Track,500 m,1990,4A,Sherl Jones,Eleanor Roosevelt,1:20.7,pdfs/Winter record book.pdf,33,2026-08-02T19:30:36Z,glm-5.2:cloud
Girls Indoor Track,500 m,1990,3A,Amanda Walburn,Centennial,1:22.3,pdfs/Winter record book.pdf,33,2026-08-02T19:30:36Z,glm-5.2:cloud
Girls Indoor Track,500 m,1990,2A-1A,Michelle Edwards,Central-PG,1:18.9,pdfs/Winter record book.pdf,33,2026-08-02T19:30:36Z,glm-5.2:cloud
Girls Indoor Track,500 m,1991,4A,Adrienne McCray,North County,1:21.2,pdfs/Winter record book.pdf,33,2026-08-02T19:30:36Z,glm-5.2:cloud
Girls Indoor Track,500 m,1991,3A,Trina Hines,Bladensburg,1:22.4,pdfs/Winter record book.pdf,33,2026-08-02T19:30:36Z,glm-5.2:cloud
Girls Indoor Track,500 m,1991,2A-1A,Patrina Medley,Central-PG,1:22.9,pdfs/Winter record book.pdf,33,2026-08-02T19:30:36Z,glm-5.2:cloud
Girls Indoor Track,500 m,1992,4A,Suziann Reid,Eleanor Roosevelt,1:19.72,pdfs/Winter record book.pdf,33,2026-08-02T19:30:36Z,glm-5.2:cloud
Girls Indoor Track,500 m,1992,3A,Tamika Coombs,Bladensburg,1:22.0,pdfs/Winter record book.pdf,33,2026-08-02T19:30:36Z,glm-5.2:cloud
Girls Indoor Track,500 m,1992,2A-1A,Tahira Anderson,Central-PG,1:19.8,pdfs/Winter record book.pdf,33,2026-08-02T19:30:36Z,glm-5.2:cloud
Girls Indoor Track,500 m,1993,4A,Suziann Reid,Eleanor Roosevelt,1:17.8,pdfs/Winter record book.pdf,33,2026-08-02T19:30:36Z,glm-5.2:cloud
Girls Indoor Track,500 m,1993,3A,Tamika Coombs,Bladensburg,1:18.7,pdfs/Winter record book.pdf,33,2026-08-02T19:30:36Z,glm-5.2:cloud
Girls Indoor Track,500 m,1993,2A-1A,Tahira Anderson,Central-PG,1:17.8,pdfs/Winter record book.pdf,33,2026-08-02T19:30:36Z,glm-5.2:cloud
Girls Indoor Track,500 m,1994,4A,Tamika Coombs,Northwestern-PG,1:17.54,pdfs/Winter record book.pdf,33,2026-08-02T19:30:36Z,glm-5.2:cloud
Girls Indoor Track,500 m,1994,3A,Cecily Galluo,Whitman,1:23.1,pdfs/Winter record book.pdf,33,2026-08-02T19:30:36Z,glm-5.2:cloud
Girls Indoor Track,500 m,1994,2A-1A,Tahira Anderson,Central-PG,1:18.7,pdfs/Winter record book.pdf,33,2026-08-02T19:30:36Z,glm-5.2:cloud
Girls Indoor Track,500 m,1995,4A,Suziann Reid,Eleanor Roosevelt,1:14.3,pdfs/Winter record book.pdf,33,2026-08-02T19:30:36Z,glm-5.2:cloud
Girls Indoor Track,500 m,1995,3A,Sharkara Grant,Wheaton,1:18.2,pdfs/Winter record book.pdf,33,2026-08-02T19:30:36Z,glm-5.2:cloud
Girls Indoor Track,500 m,1995,2A-1A,Debbie Dunn,Fairmont Heights,1:19.5,pdfs/Winter record book.pdf,33,2026-08-02T19:30:36Z,glm-5.2:cloud
Girls Indoor Track,500 m,1996,4A,Shartisa McNair,Eleanor Roosevelt,1:19.7,pdfs/Winter record book.pdf,33,2026-08-02T19:30:36Z,glm-5.2:cloud
Girls Indoor Track,500 m,1996,3A,Michelle Higginbottom,Frederick,1:21.2,pdfs/Winter record book.pdf,33,2026-08-02T19:30:36Z,glm-5.2:cloud
Girls Indoor Track,500 m,1996,2A-1A,Debbie Dunn,Fairmont Heights,1:16,pdfs/Winter record book.pdf,33,2026-08-02T19:30:36Z,glm-5.2:cloud
Girls Indoor Track,500 m,1997,4A-3A,Mikisha Lewis,Oxon Hill,1:17.7,pdfs/Winter record book.pdf,33,2026-08-02T19:30:36Z,glm-5.2:cloud
Girls Indoor Track,500 m,1997,3A-2A,Lisa Lushbaugh,Thomas Johnson,1:20.8,pdfs/Winter record book.pdf,33,2026-08-02T19:30:36Z,glm-5.2:cloud
Girls Indoor Track,500 m,1997,2A-1A,Shamika Griffin,Fairmont Heights,1:21.1,pdfs/Winter record book.pdf,33,2026-08-02T19:30:36Z,glm-5.2:cloud
Girls Indoor Track,500 m,1998,4A-3A,Mikisha Lewis,Oxon Hill,1:18.7,pdfs/Winter record book.pdf,33,2026-08-02T19:30:36Z,glm-5.2:cloud
Girls Indoor Track,500 m,1998,3A-2A,Catrice Jefferson,Woodlawn,1:17.4,pdfs/Winter record book.pdf,33,2026-08-02T19:30:36Z,glm-5.2:cloud
Girls Indoor Track,500 m,1998,2A-1A,Shamika Griffin,Fairmont Heights,1:20.5,pdfs/Winter record book.pdf,33,2026-08-02T19:30:36Z,glm-5.2:cloud
Girls Indoor Track,500 m,1999,4A-3A,Ndidi Obichere,Springbrook,1:21.0,pdfs/Winter record book.pdf,33,2026-08-02T19:30:36Z,glm-5.2:cloud
Girls Indoor Track,500 m,1999,3A-2A,Jennifer Spivey,Thomas Johnson,1:19.9,pdfs/Winter record book.pdf,33,2026-08-02T19:30:36Z,glm-5.2:cloud
Girls Indoor Track,500 m,1999,2A-1A,Shamika Griffin,Fairmont Heights,1:20.3,pdfs/Winter record book.pdf,33,2026-08-02T19:30:36Z,glm-5.2:cloud
Girls Indoor Track,500 m,2000,4A-3A,Antoinette Gorham,Eleanor Roosevelt,1:19.3,pdfs/Winter record book.pdf,33,2026-08-02T19:30:36Z,glm-5.2:cloud
Girls Indoor Track,500 m,2000,3A-2A,April Butler,Gwynn Park,1:19.5,pdfs/Winter record book.pdf,33,2026-08-02T19:30:36Z,glm-5.2:cloud
Girls Indoor Track,500 m,2000,2A-1A,Danielle Stoddart,Oakland Mills,1:20.8,pdfs/Winter record book.pdf,33,2026-08-02T19:30:36Z,glm-5.2:cloud
Girls Indoor Track,500 m,2001,4A-3A,Antoinette Gorham,El. Roosevelt,1:15.32,pdfs/Winter record book.pdf,33,2026-08-02T19:30:36Z,glm-5.2:cloud
Girls Indoor Track,500 m,2001,3A-2A,April Butler,Gwynn Park,1:15.46,pdfs/Winter record book.pdf,33,2026-08-02T19:30:36Z,glm-5.2:cloud
Girls Indoor Track,500 m,2001,2A-1A,Randy Buzzell,Middletown,1:19.30,pdfs/Winter record book.pdf,33,2026-08-02T19:30:36Z,glm-5.2:cloud
Girls Indoor Track,500 m,2002,4A-3A,Renée Clark,Eleanor Roosevelt,1:14.87,pdfs/Winter record book.pdf,33,2026-08-02T19:30:36Z,glm-5.2:cloud
Girls Indoor Track,500 m,2002,3A-2A,Novia Brown,Milford Mill,1:17.97,pdfs/Winter record book.pdf,33,2026-08-02T19:30:36Z,glm-5.2:cloud
Girls Indoor Track,500 m,2002,2A-1A,Erin Moore,Poolesville,1:18.30,pdfs/Winter record book.pdf,33,2026-08-02T19:30:36Z,glm-5.2:cloud
Girls Indoor Track,500 m,2003,4A-3A,Tiandra Ponteen,Eleanor Roosevelt,1:15.73,pdfs/Winter record book.pdf,33,2026-08-02T19:30:36Z,glm-5.2:cloud
Girls Indoor Track,500 m,2003,3A-2A,Novia Brown,Milford Mill,1:17.17,pdfs/Winter record book.pdf,33,2026-08-02T19:30:36Z,glm-5.2:cloud
Girls Indoor Track,500 m,2003,2A-1A,Christina Mann,Poolesville,1:20.00,pdfs/Winter record book.pdf,33,2026-08-02T19:30:36Z,glm-5.2:cloud
Girls Indoor Track,500 m,2004,4A-3A,Takecia Jameson,Eleanor Roosevelt,1:15.70,pdfs/Winter record book.pdf,33,2026-08-02T19:30:36Z,glm-5.2:cloud
Girls Indoor Track,500 m,2004,3A-2A,Quantikia Stepney,Mergenthaler,1:17.82,pdfs/Winter record book.pdf,33,2026-08-02T19:30:36Z,glm-5.2:cloud
Girls Indoor Track,500 m,2004,2A-1A,Erin Moore,Poolesville,1:18.57,pdfs/Winter record book.pdf,33,2026-08-02T19:30:36Z,glm-5.2:cloud
Girls Indoor Track,500 m,2005,4A-3A,Samantha Flood,Douglass-PG,1:16.98,pdfs/Winter record book.pdf,33,2026-08-02T19:30:36Z,glm-5.2:cloud
Girls Indoor Track,500 m,2005,3A-2A,Lauren McClenney,Mount Hebron,1:18.58,pdfs/Winter record book.pdf,33,2026-08-02T19:30:36Z,glm-5.2:cloud
Girls Indoor Track,500 m,2005,2A-1A,Megan Rose,Poolesville,1:19.79,pdfs/Winter record book.pdf,33,2026-08-02T19:30:36Z,glm-5.2:cloud
Girls Indoor Track,500 m,2006,4A-3A,Tameka Jameson,El. Roosevelt,1:14.53,pdfs/Winter record book.pdf,33,2026-08-02T19:30:36Z,glm-5.2:cloud
Girls Indoor Track,500 m,2006,3A-2A,Parris Williams,Aberdeen,1:18.03,pdfs/Winter record book.pdf,33,2026-08-02T19:30:36Z,glm-5.2:cloud
Girls Indoor Track,500 m,2006,2A-1A,Meghan Rose,Poolesville,1:18.94,pdfs/Winter record book.pdf,33,2026-08-02T19:30:36Z,glm-5.2:cloud
Girls Indoor Track,500 m,2007,4A-3A,Tameka Jameson,El. Roosevelt,1:15.63,pdfs/Winter record book.pdf,33,2026-08-02T19:30:36Z,glm-5.2:cloud
Girls Indoor Track,500 m,2007,3A-2A,Parris Williams,Aberdeen,1:14.58,pdfs/Winter record book.pdf,33,2026-08-02T19:30:36Z,glm-5.2:cloud
Girls Indoor Track,500 m,2007,2A-1A,Eunice Jones,Central-PG,1:18.47,pdfs/Winter record book.pdf,33,2026-08-02T19:30:36Z,glm-5.2:cloud
Girls Indoor Track,500 m,2008,4A,Tasha Stanley,Eleanor Roosevelt,1:13.62,pdfs/Winter record book.pdf,33,2026-08-02T19:30:36Z,glm-5.2:cloud
Girls Indoor Track,500 m,2008,3A,Kitra Stewart,Mergenthaler,1:16.92,pdfs/Winter record book.pdf,33,2026-08-02T19:30:36Z,glm-5.2:cloud
Girls Indoor Track,500 m,2008,2A,Auneye Boone,Calvert,1:16.65,pdfs/Winter record book.pdf,33,2026-08-02T19:30:36Z,glm-5.2:cloud
Girls Indoor Track,500 m,2008,1A,Tyshia Oliver,Reginald Lewis,1:16.94,pdfs/Winter record book.pdf,33,2026-08-02T19:30:36Z,glm-5.2:cloud
Girls Indoor Track,500 m,2009,4A,Afia Charles,Eleanor Roosevelt,1:14.99,pdfs/Winter record book.pdf,33,2026-08-02T19:30:36Z,glm-5.2:cloud
Girls Indoor Track,500 m,2009,3A,Xauddina Whittington,Catonsville,1:15.24,pdfs/Winter record book.pdf,33,2026-08-02T19:30:36Z,glm-5.2:cloud
Girls Indoor Track,500 m,2009,2A,Tonney Smith,Polytechnic,1:17.60,pdfs/Winter record book.pdf,33,2026-08-02T19:30:36Z,glm-5.2:cloud
Girls Indoor Track,500 m,2009,1A,Amy Taylor,Williamsport,1:19.92,pdfs/Winter record book.pdf,33,2026-08-02T19:30:36Z,glm-5.2:cloud
Girls Indoor Track,500 m,2010,4A,Deseree King,Oxon Hill,1:14.89,pdfs/Winter record book.pdf,33,2026-08-02T19:30:36Z,glm-5.2:cloud
Girls Indoor Track,500 m,2010,3A,Brinae Robinson,Western-B,1:18.13,pdfs/Winter record book.pdf,33,2026-08-02T19:30:36Z,glm-5.2:cloud
Girls Indoor Track,500 m,2010,2A,Delainey Price,Douglass-PG,1:19.87,pdfs/Winter record book.pdf,33,2026-08-02T19:30:36Z,glm-5.2:cloud
Girls Indoor Track,500 m,2010,1A,Ekundayo Sogbesan,Forestville,1:18.80,pdfs/Winter record book.pdf,33,2026-08-02T19:30:36Z,glm-5.2:cloud
Girls Indoor Track,500 m,2011,4A,Udeme Akpaete,Springbrook,1:15.27,pdfs/Winter record book.pdf,33,2026-08-02T19:30:36Z,glm-5.2:cloud
Girls Indoor Track,500 m,2011,3A,Michaela Wilkins,Mt. Hebron,1:18.91,pdfs/Winter record book.pdf,33,2026-08-02T19:30:36Z,glm-5.2:cloud
Girls Indoor Track,500 m,2011,2A,Regina Summerville,Digital Harbor,1:18.94,pdfs/Winter record book.pdf,33,2026-08-02T19:30:36Z,glm-5.2:cloud
Girls Indoor Track,500 m,2011,1A,Sharon Dorsey,Western STES,1:19.26,pdfs/Winter record book.pdf,33,2026-08-02T19:30:36Z,glm-5.2:cloud
Girls Indoor Track,500 m,2012,4A,Alexis Franklin,Old Mill,1:14.46,pdfs/Winter record book.pdf,33,2026-08-02T19:30:36Z,glm-5.2:cloud
Girls Indoor Track,500 m,2012,3A,Ashley Brannock,Franklin,1:17.73,pdfs/Winter record book.pdf,33,2026-08-02T19:30:36Z,glm-5.2:cloud
Girls Indoor Track,500 m,2012,2A,Tianya Hankerson,Parkside,1:18.03,pdfs/Winter record book.pdf,33,2026-08-02T19:30:36Z,glm-5.2:cloud
Girls Indoor Track,500 m,2012,1A,Imani Daye,Northwestern-B,1:20.58,pdfs/Winter record book.pdf,33,2026-08-02T19:30:36Z,glm-5.2:cloud
Girls Indoor Track,500 m,2013,4A,Sylvia Deppen,Wootton,1:18.41,pdfs/Winter record book.pdf,33,2026-08-02T19:30:36Z,glm-5.2:cloud
Girls Indoor Track,500 m,2013,3A,Rachel Halmon,Thomas Stone,1:19.38,pdfs/Winter record book.pdf,33,2026-08-02T19:30:36Z,glm-5.2:cloud
Girls Indoor Track,500 m,2013,2A,Devonni Farrar,Largo,1:16.41,pdfs/Winter record book.pdf,33,2026-08-02T19:30:36Z,glm-5.2:cloud
Girls Indoor Track,500 m,2013,1A,Sharon Dorsey,Western STES,1:16.16,pdfs/Winter record book.pdf,33,2026-08-02T19:30:36Z,glm-5.2:cloud
Girls Indoor Track,500 m,2014,4A,Valencia McDowell,North Point,1:18.02,pdfs/Winter record book.pdf,33,2026-08-02T19:30:36Z,glm-5.2:cloud
Girls Indoor Track,500 m,2014,3A,Adaeze Amaefule,Milford Mill,1:18.44,pdfs/Winter record book.pdf,33,2026-08-02T19:30:36Z,glm-5.2:cloud
Girls Indoor Track,500 m,2014,2A,Sharon Dorsey,Western STES,1:17.17,pdfs/Winter record book.pdf,33,2026-08-02T19:30:36Z,glm-5.2:cloud
Girls Indoor Track,500 m,2014,1A,Senait Weaver,Pikesville,1:21.63,pdfs/Winter record book.pdf,33,2026-08-02T19:30:36Z,glm-5.2:cloud
Girls Indoor Track,500 m,2015,4A,Taylor Williams,Bowie,1:15.51,pdfs/Winter record book.pdf,33,2026-08-02T19:30:36Z,glm-5.2:cloud
Girls Indoor Track,500 m,2015,3A,Nyjari McNeil,Franklin,1:15.29,pdfs/Winter record book.pdf,33,2026-08-02T19:30:36Z,glm-5.2:cloud
Girls Indoor Track,500 m,2015,2A,Cayla Coleman,Largo,1:18.05,pdfs/Winter record book.pdf,33,2026-08-02T19:30:36Z,glm-5.2:cloud
Girls Indoor Track,500 m,2015,1A,Senait Weaver,Pikesville,1:21.38,pdfs/Winter record book.pdf,33,2026-08-02T19:30:36Z,glm-5.2:cloud
Girls Indoor Track,500 m,2016,4A,Felicia Haidara,Bowie,1:17.92,pdfs/Winter record book.pdf,33,2026-08-02T19:30:36Z,glm-5.2:cloud
Girls Indoor Track,500 m,2016,3A,Nyjari McNeil,Franklin,1:14.89,pdfs/Winter record book.pdf,33,2026-08-02T19:30:36Z,glm-5.2:cloud
Girls Indoor Track,500 m,2016,2A,Allison Zolkiewicz,South Carroll,1:17.88,pdfs/Winter record book.pdf,33,2026-08-02T19:30:36Z,glm-5.2:cloud
Girls Indoor Track,500 m,2016,1A,Camryn Harper,Boonsboro,1:22.14,pdfs/Winter record book.pdf,33,2026-08-02T19:30:36Z,glm-5.2:cloud
Girls Indoor Track,500 m,2017,4A,Emily Knight,Severna Park,1:16.67,pdfs/Winter record book.pdf,33,2026-08-02T19:30:36Z,glm-5.2:cloud
Girls Indoor Track,500 m,2017,3A,Nyjari McNeil,Franklin,1:15.13,pdfs/Winter record book.pdf,33,2026-08-02T19:30:36Z,glm-5.2:cloud
Girls Indoor Track,500 m,2017,2A,Antoinette Bradley,Friendly,1:17.13,pdfs/Winter record book.pdf,33,2026-08-02T19:30:36Z,glm-5.2:cloud
Girls Indoor Track,500 m,2017,1A,Camryn Harper,Boonsboro,1:20.91,pdfs/Winter record book.pdf,33,2026-08-02T19:30:36Z,glm-5.2:cloud
Girls Indoor Track,500 m,2018,4A,Emily Knight,Severna Park,1:15.74,pdfs/Winter record book.pdf,33,2026-08-02T19:30:36Z,glm-5.2:cloud
Girls Indoor Track,500 m,2018,3A,Nyjari McNeil,Franklin,1:13.30,pdfs/Winter record book.pdf,33,2026-08-02T19:30:36Z,glm-5.2:cloud
Girls Indoor Track,500 m,2018,2A,Allison Zolkiewicz,South Carroll,1:17.28,pdfs/Winter record book.pdf,33,2026-08-02T19:30:36Z,glm-5.2:cloud
Girls Indoor Track,500 m,2018,1A,Camryn Harper,Boonsboro,1:19.80,pdfs/Winter record book.pdf,33,2026-08-02T19:30:36Z,glm-5.2:cloud
Girls Indoor Track,500 m,2019,4A,Ella Auderset,Urbana,1:15.39,pdfs/Winter record book.pdf,33,2026-08-02T19:30:36Z,glm-5.2:cloud
Girls Indoor Track,500 m,2019,3A,Sierrah Matthews,Mount Hebron,1:15.85,pdfs/Winter record book.pdf,33,2026-08-02T19:30:36Z,glm-5.2:cloud
Girls Indoor Track,500 m,2019,2A,Caitlyn Bobb,Harford Technical,1:16.30,pdfs/Winter record book.pdf,33,2026-08-02T19:30:36Z,glm-5.2:cloud
Girls Indoor Track,500 m,2019,1A,Autumn Winston,Frederick Douglass-PG,1:19.38,pdfs/Winter record book.pdf,33,2026-08-02T19:30:36Z,glm-5.2:cloud
Girls Indoor Track,500 m,2020,4A,K.C. Ashiogwu,Gaithersburg,1:16.76,pdfs/Winter record book.pdf,33,2026-08-02T19:30:36Z,glm-5.2:cloud
Girls Indoor Track,500 m,2020,3A,Jasmine Johnson,Franklin,1:17.64,pdfs/Winter record book.pdf,33,2026-08-02T19:30:36Z,glm-5.2:cloud
Girls Indoor Track,500 m,2020,2A,Caitlyn Bobb,Harford Technical,1:16.63,pdfs/Winter record book.pdf,33,2026-08-02T19:30:36Z,glm-5.2:cloud
Girls Indoor Track,500 m,2020,1A,Chandler Ransome,Central-PG,1:19.41,pdfs/Winter record book.pdf,33,2026-08-02T19:30:36Z,glm-5.2:cloud
Girls Indoor Track,500 m,2022,4A,Emma Kothari,Walter Johnson,1:21.74,pdfs/Winter record book.pdf,33,2026-08-02T19:30:36Z,glm-5.2:cloud
Girls Indoor Track,500 m,2022,3A,Mikayla Moxley,Linganore,1:20.38,pdfs/Winter record book.pdf,33,2026-08-02T19:30:36Z,glm-5.2:cloud
Girls Indoor Track,500 m,2022,2A,Finley Lavin,North Harford,1:22.71,pdfs/Winter record book.pdf,33,2026-08-02T19:30:36Z,glm-5.2:cloud
Girls Indoor Track,500 m,2022,1A,Madelyn Boyce,South Carroll,1:23.67,pdfs/Winter record book.pdf,33,2026-08-02T19:30:36Z,glm-5.2:cloud
Girls Indoor Track,500 m,2023,4A,Noel Evans,Arundel,1:17.96,pdfs/Winter record book.pdf,33,2026-08-02T19:30:36Z,glm-5.2:cloud
Girls Indoor Track,500 m,2023,3A,Genelle Stephens,Oxon Hill,1:16.34,pdfs/Winter record book.pdf,33,2026-08-02T19:30:36Z,glm-5.2:cloud
Girls Indoor Track,500 m,2023,2A,Rilyn Heyliger,Kent Island,1:18.46,pdfs/Winter record book.pdf,33,2026-08-02T19:30:36Z,glm-5.2:cloud
Girls Indoor Track,500 m,2023,1A,Grace Ellis,Smithsburg,1:19.15,pdfs/Winter record book.pdf,33,2026-08-02T19:30:36Z,glm-5.2:cloud
Girls Indoor Track,500 m,2024,4A,Nikiyah Williams,Woodlawn,1:16.46,pdfs/Winter record book.pdf,33,2026-08-02T19:30:36Z,glm-5.2:cloud
Girls Indoor Track,500 m,2024,3A,Taylor Riley,Oxon Hill,1:18.07,pdfs/Winter record book.pdf,33,2026-08-02T19:30:36Z,glm-5.2:cloud
Girls Indoor Track,500 m,2024,2A,Cailyn Stine,Century,1:19.62,pdfs/Winter record book.pdf,33,2026-08-02T19:30:36Z,glm-5.2:cloud
Girls Indoor Track,500 m,2024,1A,Tressia Davis,Friendly,1:19.08,pdfs/Winter record book.pdf,33,2026-08-02T19:30:36Z,glm-5.2:cloud
Girls Indoor Track,500 m,2025,4A,Kenya Merritt,Woodlawn,1:18.08,pdfs/Winter record book.pdf,33,2026-08-02T19:30:36Z,glm-5.2:cloud
Girls Indoor Track,500 m,2025,3A,Taylor Riley,Oxon Hill,1:16.08,pdfs/Winter record book.pdf,33,2026-08-02T19:30:36Z,glm-5.2:cloud
Girls Indoor Track,500 m,2025,2A,Cailyn Stine,Century,1:17.50,pdfs/Winter record book.pdf,33,2026-08-02T19:30:36Z,glm-5.2:cloud
Girls Indoor Track,500 m,2025,1A,Tressia Davis,Friendly,1:17.16,pdfs/Winter record book.pdf,33,2026-08-02T19:30:36Z,glm-5.2:cloud
Girls Indoor Track,600 Yard,1977,AA,Sophia Sandifer,Annapolis,1:28.7,pdfs/Winter record book.pdf,33,2026-08-02T19:30:36Z,glm-5.2:cloud
Girls Indoor Track,600 Yard,1977,ABC,Joan Giebel,W Johnson,1:25.3,pdfs/Winter record book.pdf,33,2026-08-02T19:30:36Z,glm-5.2:cloud
Girls Indoor Track,600 Yard,1978,AA,Adrienne Hunt,Severna Park,1:28.3,pdfs/Winter record book.pdf,33,2026-08-02T19:30:36Z,glm-5.2:cloud
Girls Indoor Track,600 Yard,1978,ABC,Jennifer Whitfield,Oakland Mills,1:27.0,pdfs/Winter record book.pdf,33,2026-08-02T19:30:36Z,glm-5.2:cloud
Girls Indoor Track,600 Yard,1979,AA,Cindy Davis,Dulaney,1:28.6,pdfs/Winter record book.pdf,33,2026-08-02T19:30:36Z,glm-5.2:cloud
Girls Indoor Track,600 Yard,1979,ABC,Rachel Clary,Sparrows Point,1:26.3,pdfs/Winter record book.pdf,33,2026-08-02T19:30:36Z,glm-5.2:cloud
Girls Indoor Track,600 Yard,1980,AA,Tracey Edwards,Northwestern,1:25.3,pdfs/Winter record book.pdf,34,2026-08-02T19:31:44Z,glm-5.2:cloud
Girls Indoor Track,600 Yard,1980,A,Cathy Rattray,B-CC,1:27.8,pdfs/Winter record book.pdf,34,2026-08-02T19:31:44Z,glm-5.2:cloud
Girls Indoor Track,600 Yard,1980,BC,Rachel Clary,Sparrows Point,1:17.1,pdfs/Winter record book.pdf,34,2026-08-02T19:31:44Z,glm-5.2:cloud
Girls Indoor Track,600 Yard,1981,AA,Sonja Bell,Friendly,1:26.6,pdfs/Winter record book.pdf,34,2026-08-02T19:31:44Z,glm-5.2:cloud
Girls Indoor Track,600 Yard,1981,A,Pam Carter,Central-PG,1:27.4,pdfs/Winter record book.pdf,34,2026-08-02T19:31:44Z,glm-5.2:cloud
Girls Indoor Track,600 Yard,1981,BC,Donna Neale,Oakland Mills,1:25.8,pdfs/Winter record book.pdf,34,2026-08-02T19:31:44Z,glm-5.2:cloud
Girls Indoor Track,600 Yard,1982,AA,Karen Taylor,Severna Park,1:26.6,pdfs/Winter record book.pdf,34,2026-08-02T19:31:44Z,glm-5.2:cloud
Girls Indoor Track,600 Yard,1982,A,Karen Woods,Central-PG,1:24.8,pdfs/Winter record book.pdf,34,2026-08-02T19:31:44Z,glm-5.2:cloud
Girls Indoor Track,600 Yard,1982,BC,Donna Neale,Oakland Mills,1:24.1,pdfs/Winter record book.pdf,34,2026-08-02T19:31:44Z,glm-5.2:cloud
Girls Indoor Track,600 Yard,1983,AA,Monica Taylor,Largo,1:27.5,pdfs/Winter record book.pdf,34,2026-08-02T19:31:44Z,glm-5.2:cloud
Girls Indoor Track,600 Yard,1983,A,Sabrae Hilliard,Central-PG,1:26.8,pdfs/Winter record book.pdf,34,2026-08-02T19:31:44Z,glm-5.2:cloud
Girls Indoor Track,600 Yard,1983,BC,Stacey Barnum,Oakland Mills,1:26.6,pdfs/Winter record book.pdf,34,2026-08-02T19:31:44Z,glm-5.2:cloud
Girls Indoor Track,800 m,1980,BC,Rachel Clary,Sparrows Point,2:27.2,pdfs/Winter record book.pdf,34,2026-08-02T19:31:44Z,glm-5.2:cloud
Girls Indoor Track,800 m,1984,AA,Debbie Nathan,Crossland,2:21.4,pdfs/Winter record book.pdf,34,2026-08-02T19:31:44Z,glm-5.2:cloud
Girls Indoor Track,800 m,1984,A,Paula Bryant,Central-PG,2:24.9,pdfs/Winter record book.pdf,34,2026-08-02T19:31:44Z,glm-5.2:cloud
Girls Indoor Track,800 m,1984,BC,Stacey Barnum,Oakland Mills,2:29.6,pdfs/Winter record book.pdf,34,2026-08-02T19:31:44Z,glm-5.2:cloud
Girls Indoor Track,800 m,1985,AA,Alicia Jackson,Suitland,2:23.9,pdfs/Winter record book.pdf,34,2026-08-02T19:31:44Z,glm-5.2:cloud
Girls Indoor Track,800 m,1985,A,Sharon Spriggs,Central-PG,2:31.5,pdfs/Winter record book.pdf,34,2026-08-02T19:31:44Z,glm-5.2:cloud
Girls Indoor Track,800 m,1985,BC,Elaine Duck,Middletown,2:32.6,pdfs/Winter record book.pdf,34,2026-08-02T19:31:44Z,glm-5.2:cloud
Girls Indoor Track,800 m,1986,Combined,Kellie Roberts,Central-PG,2:21.0,pdfs/Winter record book.pdf,34,2026-08-02T19:31:44Z,glm-5.2:cloud
Girls Indoor Track,800 m,1987,AA,Shauna Clark,Northwestern-PG,2:24.1,pdfs/Winter record book.pdf,34,2026-08-02T19:31:44Z,glm-5.2:cloud
Girls Indoor Track,800 m,1987,A,Jodi McKinnon,South River,2:27.1,pdfs/Winter record book.pdf,34,2026-08-02T19:31:44Z,glm-5.2:cloud
Girls Indoor Track,800 m,1987,BC,Karmen Roberts,Central-PG,2:19.4,pdfs/Winter record book.pdf,34,2026-08-02T19:31:44Z,glm-5.2:cloud
Girls Indoor Track,800 m,1988,AA,Donna Zubalick,Old Mill,2:26.3,pdfs/Winter record book.pdf,34,2026-08-02T19:31:44Z,glm-5.2:cloud
Girls Indoor Track,800 m,1988,A,Rhonda Williams,Douglass-PG,2:28.1,pdfs/Winter record book.pdf,34,2026-08-02T19:31:44Z,glm-5.2:cloud
Girls Indoor Track,800 m,1988,BC,Karmen Roberts,Central-PG,2:21.5,pdfs/Winter record book.pdf,34,2026-08-02T19:31:44Z,glm-5.2:cloud
Girls Indoor Track,800 m,1989,4A,Cetenia Howard,Largo,2:31.89,pdfs/Winter record book.pdf,34,2026-08-02T19:31:44Z,glm-5.2:cloud
Girls Indoor Track,800 m,1989,3A,Joanna Boettinger,Linganore,2:30.95,pdfs/Winter record book.pdf,34,2026-08-02T19:31:44Z,glm-5.2:cloud
Girls Indoor Track,800 m,1989,2A-1A,Karmen Roberts,Central-PG,2:20.34,pdfs/Winter record book.pdf,34,2026-08-02T19:31:44Z,glm-5.2:cloud
Girls Indoor Track,800 m,1990,4A,Mary Matthews,Old Mill,2:26.7,pdfs/Winter record book.pdf,34,2026-08-02T19:31:44Z,glm-5.2:cloud
Girls Indoor Track,800 m,1990,3A,Christine Barr,Northern-C,2:29.1,pdfs/Winter record book.pdf,34,2026-08-02T19:31:44Z,glm-5.2:cloud
Girls Indoor Track,800 m,1990,2A-1A,Michelle Edwards,Central-PG,2:28.1,pdfs/Winter record book.pdf,34,2026-08-02T19:31:44Z,glm-5.2:cloud
Girls Indoor Track,800 m,1991,4A,Nikki Matters,Old Mill,2:31.6,pdfs/Winter record book.pdf,34,2026-08-02T19:31:44Z,glm-5.2:cloud
Girls Indoor Track,800 m,1991,3A,Joanna Boettinger,Linganore,2:29.5,pdfs/Winter record book.pdf,34,2026-08-02T19:31:44Z,glm-5.2:cloud
Girls Indoor Track,800 m,1991,2A-1A,Patrina Medley,Central-PG,2:29.1,pdfs/Winter record book.pdf,34,2026-08-02T19:31:44Z,glm-5.2:cloud
Girls Indoor Track,800 m,1992,4A,Kristine Jost,Queen Anne's,2:20.46,pdfs/Winter record book.pdf,34,2026-08-02T19:31:44Z,glm-5.2:cloud
Girls Indoor Track,800 m,1992,3A,Tamika Coombs,Bladensburg,2:27.0,pdfs/Winter record book.pdf,34,2026-08-02T19:31:44Z,glm-5.2:cloud
Girls Indoor Track,800 m,1992,2A-1A,Patrina Medley,Central-PG,2:24.0,pdfs/Winter record book.pdf,34,2026-08-02T19:31:44Z,glm-5.2:cloud
Girls Indoor Track,800 m,1993,4A,Kristine Jost,Queen Anne's,2:17.1,pdfs/Winter record book.pdf,34,2026-08-02T19:31:44Z,glm-5.2:cloud
Girls Indoor Track,800 m,1993,3A,Desiree Ficker,Whitman,2:22.7,pdfs/Winter record book.pdf,34,2026-08-02T19:31:44Z,glm-5.2:cloud
Girls Indoor Track,800 m,1993,2A-1A,Tahira Anderson,Central-PG,2:24.9,pdfs/Winter record book.pdf,34,2026-08-02T19:31:44Z,glm-5.2:cloud
Girls Indoor Track,800 m,1994,4A,Kristen Nicolini,Annapolis,2:18.2,pdfs/Winter record book.pdf,34,2026-08-02T19:31:44Z,glm-5.2:cloud
Girls Indoor Track,800 m,1994,3A,Sally Glynn,Walter Johnson,2:20.4,pdfs/Winter record book.pdf,34,2026-08-02T19:31:44Z,glm-5.2:cloud
Girls Indoor Track,800 m,1994,2A-1A,Tahira Anderson,Central-PG,2:23.5,pdfs/Winter record book.pdf,34,2026-08-02T19:31:44Z,glm-5.2:cloud
Girls Indoor Track,800 m,1995,4A,Kristen Nicolini,Annapolis,2:14.5,pdfs/Winter record book.pdf,34,2026-08-02T19:31:44Z,glm-5.2:cloud
Girls Indoor Track,800 m,1995,3A,Sally Glynn,Walter Johnson,2:17.0,pdfs/Winter record book.pdf,34,2026-08-02T19:31:44Z,glm-5.2:cloud
Girls Indoor Track,800 m,1995,2A-1A,Leigh Hancil,Fairmont Heights,2:22.6,pdfs/Winter record book.pdf,34,2026-08-02T19:31:44Z,glm-5.2:cloud
Girls Indoor Track,800 m,1996,4A,Christy Nichols,Arundel,2:23.1,pdfs/Winter record book.pdf,34,2026-08-02T19:31:44Z,glm-5.2:cloud
Girls Indoor Track,800 m,1996,3A,Sally Glynn,Walter Johnson,2:20.7,pdfs/Winter record book.pdf,34,2026-08-02T19:31:44Z,glm-5.2:cloud
Girls Indoor Track,800 m,1996,2A-1A,Kristen Ritter,Linganore,2:19.2,pdfs/Winter record book.pdf,34,2026-08-02T19:31:44Z,glm-5.2:cloud
Girls Indoor Track,800 m,1997,4A-3A,Shartisha McNair,El. Roosevelt,2:22.6,pdfs/Winter record book.pdf,34,2026-08-02T19:31:44Z,glm-5.2:cloud
Girls Indoor Track,800 m,1997,3A-2A,Eden Rellihan,Catonsville,2:27.3,pdfs/Winter record book.pdf,34,2026-08-02T19:31:44Z,glm-5.2:cloud
Girls Indoor Track,800 m,1997,2A-1A,Beth Santilli,River Hill,2:26.2,pdfs/Winter record book.pdf,34,2026-08-02T19:31:44Z,glm-5.2:cloud
Girls Indoor Track,800 m,1998,4A-3A,Cecily Garber,R. Montgomery,2:25.0,pdfs/Winter record book.pdf,34,2026-08-02T19:31:44Z,glm-5.2:cloud
Girls Indoor Track,800 m,1998,3A-2A,Catrice Jefferson,Woodlawn,2:21.9,pdfs/Winter record book.pdf,34,2026-08-02T19:31:44Z,glm-5.2:cloud
Girls Indoor Track,800 m,1998,2A-1A,Katie Stevenson,Kent,2:25.1,pdfs/Winter record book.pdf,34,2026-08-02T19:31:44Z,glm-5.2:cloud
Girls Indoor Track,800 m,1999,4A-3A,Erin Masterson,Annapolis,2:25.0,pdfs/Winter record book.pdf,34,2026-08-02T19:31:44Z,glm-5.2:cloud
Girls Indoor Track,800 m,1999,3A-2A,Jenny Bodine,Walter Johnson,2:27.1,pdfs/Winter record book.pdf,34,2026-08-02T19:31:44Z,glm-5.2:cloud
Girls Indoor Track,800 m,1999,2A-1A,Danielle Stoddart,Oakland Mills,2:26.3,pdfs/Winter record book.pdf,34,2026-08-02T19:31:44Z,glm-5.2:cloud
Girls Indoor Track,800 m,2000,4A-3A,Laurie Twardzik,Dulaney,2:25.5,pdfs/Winter record book.pdf,34,2026-08-02T19:31:44Z,glm-5.2:cloud
Girls Indoor Track,800 m,2000,3A-2A,Denise Montgomery,Central-PG,2:29.9,pdfs/Winter record book.pdf,34,2026-08-02T19:31:44Z,glm-5.2:cloud
Girls Indoor Track,800 m,2000,2A-1A,Danielle Stoddart,Oakland Mills,2:26.2,pdfs/Winter record book.pdf,34,2026-08-02T19:31:44Z,glm-5.2:cloud
Girls Indoor Track,800 m,2001,4A-3A,Keiona Frenche,Laurel,2:17.00,pdfs/Winter record book.pdf,34,2026-08-02T19:31:44Z,glm-5.2:cloud
Girls Indoor Track,800 m,2001,3A-2A,April Butler,Gwynn Park,2:19.6,pdfs/Winter record book.pdf,34,2026-08-02T19:31:44Z,glm-5.2:cloud
Girls Indoor Track,800 m,2001,2A-1A,Randy Buzzell,Middletown,2:20.8,pdfs/Winter record book.pdf,34,2026-08-02T19:31:44Z,glm-5.2:cloud
Girls Indoor Track,800 m,2002,4A-3A,Krystal Anyanwu,Eleanor Roosevelt,2:16.8,pdfs/Winter record book.pdf,34,2026-08-02T19:31:44Z,glm-5.2:cloud
Girls Indoor Track,800 m,2002,3A-2A,Jamie Smith,Paint Branch,2:23.2,pdfs/Winter record book.pdf,34,2026-08-02T19:31:44Z,glm-5.2:cloud
Girls Indoor Track,800 m,2002,2A-1A,Erin Moore,Poolesville,2:21.3,pdfs/Winter record book.pdf,34,2026-08-02T19:31:44Z,glm-5.2:cloud
Girls Indoor Track,800 m,2003,4A-3A,Krystal Anyanwu,Eleanor Roosevelt,2:18.88,pdfs/Winter record book.pdf,34,2026-08-02T19:31:44Z,glm-5.2:cloud
Girls Indoor Track,800 m,2003,3A-2A,McKenzie Fox,North Hagerstown,2:25.98,pdfs/Winter record book.pdf,34,2026-08-02T19:31:44Z,glm-5.2:cloud
Girls Indoor Track,800 m,2003,2A-1A,Erin Moore,Poolesville,2:27.56,pdfs/Winter record book.pdf,34,2026-08-02T19:31:44Z,glm-5.2:cloud
Girls Indoor Track,800 m,2004,4A-3A,Kafi Pollard,Eleanor Roosevelt,2:21.18,pdfs/Winter record book.pdf,34,2026-08-02T19:31:44Z,glm-5.2:cloud
Girls Indoor Track,800 m,2004,3A-2A,Quantikia Stepney,Mergenthaler,2:24.56,pdfs/Winter record book.pdf,34,2026-08-02T19:31:44Z,glm-5.2:cloud
Girls Indoor Track,800 m,2004,2A-1A,Erin Moore,Poolesville,2:22.52,pdfs/Winter record book.pdf,34,2026-08-02T19:31:44Z,glm-5.2:cloud
Girls Indoor Track,800 m,2005,4A-3A,Tasha Stanley,Eleanor Roosevelt,2:17.79,pdfs/Winter record book.pdf,34,2026-08-02T19:31:44Z,glm-5.2:cloud
Girls Indoor Track,800 m,2005,3A-2A,Emily Saltsman,Fallston,2:25.42,pdfs/Winter record book.pdf,34,2026-08-02T19:31:44Z,glm-5.2:cloud
Girls Indoor Track,800 m,2005,2A-1A,Alison Smith,Atholton,2:22.74,pdfs/Winter record book.pdf,34,2026-08-02T19:31:44Z,glm-5.2:cloud
Girls Indoor Track,800 m,2006,4A-3A,Tasha Stanley,Eleanor Roosevelt,2:20.64,pdfs/Winter record book.pdf,34,2026-08-02T19:31:44Z,glm-5.2:cloud
Girls Indoor Track,800 m,2006,3A-2A,Liz McCarter,Mount Hebron,2:21.31,pdfs/Winter record book.pdf,34,2026-08-02T19:31:44Z,glm-5.2:cloud
Girls Indoor Track,800 m,2006,2A-1A,Meghan Rose,Poolesville,2:23.65,pdfs/Winter record book.pdf,34,2026-08-02T19:31:44Z,glm-5.2:cloud
Girls Indoor Track,800 m,2007,4A-3A,Tasha Stanley,Eleanor Roosevelt,2:15.54,pdfs/Winter record book.pdf,34,2026-08-02T19:31:44Z,glm-5.2:cloud
Girls Indoor Track,800 m,2007,3A-2A,Liz McCarter,Mount Hebron,2:20.85,pdfs/Winter record book.pdf,34,2026-08-02T19:31:44Z,glm-5.2:cloud
Girls Indoor Track,800 m,2007,2A-1A,Eunice Jones,Central-PG,2:25.35,pdfs/Winter record book.pdf,34,2026-08-02T19:31:44Z,glm-5.2:cloud
Girls Indoor Track,800 m,2008,4A,Morgane Gay,Walt Whitman,2:19.03,pdfs/Winter record book.pdf,34,2026-08-02T19:31:44Z,glm-5.2:cloud
Girls Indoor Track,800 m,2008,3A,Nicole Franklin,Largo,2:22.64,pdfs/Winter record book.pdf,34,2026-08-02T19:31:44Z,glm-5.2:cloud
Girls Indoor Track,800 m,2008,2A,Charlotte Staver,Queen Anne's,2:20.65,pdfs/Winter record book.pdf,34,2026-08-02T19:31:44Z,glm-5.2:cloud
Girls Indoor Track,800 m,2008,1A,Tyshia Oliver,Reginald Lewis,2:26.88,pdfs/Winter record book.pdf,34,2026-08-02T19:31:44Z,glm-5.2:cloud
Girls Indoor Track,800 m,2009,4A,Amirah Johnson,Eleanor Roosevelt,2:18.66,pdfs/Winter record book.pdf,34,2026-08-02T19:31:44Z,glm-5.2:cloud
Girls Indoor Track,800 m,2009,3A,Jenna Cimino,Hereford,2:21.40,pdfs/Winter record book.pdf,34,2026-08-02T19:31:44Z,glm-5.2:cloud
Girls Indoor Track,800 m,2009,2A,Brittney Caudle,Middletown,2:16.85,pdfs/Winter record book.pdf,34,2026-08-02T19:31:44Z,glm-5.2:cloud
Girls Indoor Track,800 m,2009,1A,Morgan Keplinger,Williamsport,2:24.58,pdfs/Winter record book.pdf,34,2026-08-02T19:31:44Z,glm-5.2:cloud
Girls Indoor Track,800 m,2010,4A,Deseree King,Oxon Hill,2:18.60,pdfs/Winter record book.pdf,34,2026-08-02T19:31:44Z,glm-5.2:cloud
Girls Indoor Track,800 m,2010,3A,Lauren Sumner,Clarksburg,2:24.42,pdfs/Winter record book.pdf,34,2026-08-02T19:31:44Z,glm-5.2:cloud
Girls Indoor Track,800 m,2010,2A,Gloria Roberts,Douglass-PG,2:23.30,pdfs/Winter record book.pdf,34,2026-08-02T19:31:44Z,glm-5.2:cloud
Girls Indoor Track,800 m,2010,1A,Ekundayo Sogbesan,Forestville,2:27.68,pdfs/Winter record book.pdf,34,2026-08-02T19:31:44Z,glm-5.2:cloud
Girls Indoor Track,800 m,2011,4A,Savanna Plombon,Thomas Johnson,2:20.91,pdfs/Winter record book.pdf,34,2026-08-02T19:31:44Z,glm-5.2:cloud
Girls Indoor Track,800 m,2011,3A,Alex Carroll,Damascus,2:23.03,pdfs/Winter record book.pdf,34,2026-08-02T19:31:44Z,glm-5.2:cloud
Girls Indoor Track,800 m,2011,2A,Charlotte Staver,Queen Anne's,2:23.02,pdfs/Winter record book.pdf,34,2026-08-02T19:31:44Z,glm-5.2:cloud
Girls Indoor Track,800 m,2011,1A,Ashley Linton,Western STES,2:29.38,pdfs/Winter record book.pdf,34,2026-08-02T19:31:44Z,glm-5.2:cloud
Girls Indoor Track,800 m,2012,4A,Brittney Wade,Bethesda-CC,2:17.27,pdfs/Winter record book.pdf,34,2026-08-02T19:31:44Z,glm-5.2:cloud
Girls Indoor Track,800 m,2012,3A,Michaela Wilkins,Mount Hebron,2:25.17,pdfs/Winter record book.pdf,34,2026-08-02T19:31:44Z,glm-5.2:cloud
Girls Indoor Track,800 m,2012,2A,Savannah Steinly,Catoctin,2:19.68,pdfs/Winter record book.pdf,34,2026-08-02T19:31:44Z,glm-5.2:cloud
Girls Indoor Track,800 m,2012,1A,Jordan Dodson,Perryville,2:29.52,pdfs/Winter record book.pdf,34,2026-08-02T19:31:44Z,glm-5.2:cloud
Girls Indoor Track,800 m,2013,4A,Brittney Wade,Bethesda-CC,2:20.31,pdfs/Winter record book.pdf,34,2026-08-02T19:31:44Z,glm-5.2:cloud
Girls Indoor Track,800 m,2013,3A,Emily Ward,North Hagerstown,2:23.51,pdfs/Winter record book.pdf,34,2026-08-02T19:31:44Z,glm-5.2:cloud
Girls Indoor Track,800 m,2013,2A,Zoe Wolfe,Middletown,2:21.48,pdfs/Winter record book.pdf,34,2026-08-02T19:31:44Z,glm-5.2:cloud
Girls Indoor Track,800 m,2013,1A,Sharon Dorsey,Western STES,2:20.88,pdfs/Winter record book.pdf,34,2026-08-02T19:31:44Z,glm-5.2:cloud
Girls Indoor Track,800 m,2014,4A,Clare Severe,Whitman,2:18.83,pdfs/Winter record book.pdf,34,2026-08-02T19:31:44Z,glm-5.2:cloud
Girls Indoor Track,800 m,2014,3A,Karli Smiraglia,Reservoir,2:20.93,pdfs/Winter record book.pdf,34,2026-08-02T19:31:44Z,glm-5.2:cloud
Girls Indoor Track,800 m,2014,2A,Madison Offstein,Mountain Ridge,2:18.02,pdfs/Winter record book.pdf,34,2026-08-02T19:31:44Z,glm-5.2:cloud
Girls Indoor Track,800 m,2014,1A,Molly Walsch,North Carroll,2:28.09,pdfs/Winter record book.pdf,34,2026-08-02T19:31:44Z,glm-5.2:cloud
Girls Indoor Track,800 m,2015,4A,Clare Severe,Whitman,2:15.30,pdfs/Winter record book.pdf,34,2026-08-02T19:31:44Z,glm-5.2:cloud
Girls Indoor Track,800 m,2015,3A,Jennifer Bleakney,Atholton,2:18.90,pdfs/Winter record book.pdf,34,2026-08-02T19:31:44Z,glm-5.2:cloud
Girls Indoor Track,800 m,2015,2A,Charlotte Kowalk,Oakdale,2:19.67,pdfs/Winter record book.pdf,34,2026-08-02T19:31:44Z,glm-5.2:cloud
Girls Indoor Track,800 m,2015,1A,Molly Walsch,North Carroll,2:30.30,pdfs/Winter record book.pdf,34,2026-08-02T19:31:44Z,glm-5.2:cloud
Girls Indoor Track,800 m,2016,4A,Oluchi Ike,Charles H. Flowers,2:24.19,pdfs/Winter record book.pdf,34,2026-08-02T19:31:44Z,glm-5.2:cloud
Girls Indoor Track,800 m,2016,3A,Nyjari McNeil,Franklin,2:17.07,pdfs/Winter record book.pdf,34,2026-08-02T19:31:44Z,glm-5.2:cloud
Girls Indoor Track,800 m,2016,2A,Molly Offstein,Mountain Ridge,2:18.37,pdfs/Winter record book.pdf,34,2026-08-02T19:31:44Z,glm-5.2:cloud
Girls Indoor Track,800 m,2016,1A,Haley Wright,Boonsboro,2:27.40,pdfs/Winter record book.pdf,34,2026-08-02T19:31:44Z,glm-5.2:cloud
Girls Indoor Track,800 m,2017,4A,Gwenyth Asbury,Winston Churchill,2:22.29,pdfs/Winter record book.pdf,34,2026-08-02T19:31:44Z,glm-5.2:cloud
Girls Indoor Track,800 m,2017,3A,Nyjari McNeil,Franklin,2:17.24,pdfs/Winter record book.pdf,34,2026-08-02T19:31:44Z,glm-5.2:cloud
Girls Indoor Track,800 m,2017,2A,Hayley Jackson,Patuxent,2:15.45,pdfs/Winter record book.pdf,34,2026-08-02T19:31:44Z,glm-5.2:cloud
Girls Indoor Track,800 m,2017,1A,Emily McAllister,Snow Hill,2:28.51,pdfs/Winter record book.pdf,34,2026-08-02T19:31:44Z,glm-5.2:cloud
Girls Indoor Track,800 m,2018,4A,Emily Knight,Severna Park,2:20.11,pdfs/Winter record book.pdf,34,2026-08-02T19:31:44Z,glm-5.2:cloud
Girls Indoor Track,800 m,2018,3A,Nyjari McNeil,Franklin,2:17.21,pdfs/Winter record book.pdf,34,2026-08-02T19:31:44Z,glm-5.2:cloud
Girls Indoor Track,800 m,2018,2A,Allison Zolkiewicz,South Carroll,2:22.00,pdfs/Winter record book.pdf,34,2026-08-02T19:31:44Z,glm-5.2:cloud
Girls Indoor Track,800 m,2018,1A,Emma Strickland,Catoctin,2:27.22,pdfs/Winter record book.pdf,34,2026-08-02T19:31:44Z,glm-5.2:cloud
Girls Indoor Track,800 m,2019,4A,Bronwyn Patterson,South River,2:20.09,pdfs/Winter record book.pdf,34,2026-08-02T19:31:44Z,glm-5.2:cloud
Girls Indoor Track,800 m,2019,3A,Lindsay Perry,C. Milton Wright,2:22.88,pdfs/Winter record book.pdf,34,2026-08-02T19:31:44Z,glm-5.2:cloud
Girls Indoor Track,800 m,2019,2A,Melissa Kameka,Damascus,2:19.11,pdfs/Winter record book.pdf,34,2026-08-02T19:31:44Z,glm-5.2:cloud
Girls Indoor Track,800 m,2019,1A,Emma Strickland,Catoctin,2:23.68,pdfs/Winter record book.pdf,34,2026-08-02T19:31:44Z,glm-5.2:cloud
Girls Indoor Track,800 m,2020,4A,Bronwyn Patterson,South River,2:20.04,pdfs/Winter record book.pdf,34,2026-08-02T19:31:44Z,glm-5.2:cloud
Girls Indoor Track,800 m,2020,3A,Mikayla Moxley,Linganore,2:21.19,pdfs/Winter record book.pdf,34,2026-08-02T19:31:44Z,glm-5.2:cloud
Girls Indoor Track,800 m,2020,2A,Nia Warren,Digital Harbor,2:21.47,pdfs/Winter record book.pdf,34,2026-08-02T19:31:44Z,glm-5.2:cloud
Girls Indoor Track,800 m,2020,1A,Emma Strickland,Catoctin,2:24.05,pdfs/Winter record book.pdf,34,2026-08-02T19:31:44Z,glm-5.2:cloud
Girls Indoor Track,800 m,2022,4A,Mollie Fenn,Broadneck,2:23.60,pdfs/Winter record book.pdf,34,2026-08-02T19:31:44Z,glm-5.2:cloud
Girls Indoor Track,800 m,2022,3A,Mikayla Moxley,Linganore,2:21.12,pdfs/Winter record book.pdf,34,2026-08-02T19:31:44Z,glm-5.2:cloud
Girls Indoor Track,800 m,2022,2A,Piper Lentz,Hereford,2:26.11,pdfs/Winter record book.pdf,34,2026-08-02T19:31:44Z,glm-5.2:cloud
Girls Indoor Track,800 m,2022,1A,Mary Delaney,Mountain Ridge,2:26.03,pdfs/Winter record book.pdf,34,2026-08-02T19:31:44Z,glm-5.2:cloud
Girls Indoor Track,800 m,2023,4A,Lexi Ensor,Severna Park,2:19.53,pdfs/Winter record book.pdf,34,2026-08-02T19:31:44Z,glm-5.2:cloud
Girls Indoor Track,800 m,2023,3A,Hannah Toth,Westminster,2:19.03,pdfs/Winter record book.pdf,34,2026-08-02T19:31:44Z,glm-5.2:cloud
Girls Indoor Track,800 m,2023,2A,Alayna Gifford,Century,2:20.66,pdfs/Winter record book.pdf,34,2026-08-02T19:31:44Z,glm-5.2:cloud
Girls Indoor Track,800 m,2023,1A,Mary Delaney,Mountain Ridge,2:17.37,pdfs/Winter record book.pdf,34,2026-08-02T19:31:44Z,glm-5.2:cloud
Girls Indoor Track,800 m,2024,4A,Grace Finnegan,Richard Montgomery,2:17.77,pdfs/Winter record book.pdf,34,2026-08-02T19:31:44Z,glm-5.2:cloud
Girls Indoor Track,800 m,2024,3A,Kathleen Schwaner,Chopticon,2:17.11,pdfs/Winter record book.pdf,34,2026-08-02T19:31:44Z,glm-5.2:cloud
Girls Indoor Track,800 m,2024,2A,Riley Herdson,Centennial,2:19.50,pdfs/Winter record book.pdf,34,2026-08-02T19:31:44Z,glm-5.2:cloud
Girls Indoor Track,800 m,2024,1A,Grace Ellis,Smithsburg,2:25.10,pdfs/Winter record book.pdf,34,2026-08-02T19:31:44Z,glm-5.2:cloud
Girls Indoor Track,800 m,2025,4A,Megan Raue,Walter Johnson,2:18.69,pdfs/Winter record book.pdf,34,2026-08-02T19:31:44Z,glm-5.2:cloud
Girls Indoor Track,800 m,2025,3A,Elizabeth Szybalski,Manchester Valley,2:16.00,pdfs/Winter record book.pdf,34,2026-08-02T19:31:44Z,glm-5.2:cloud
Girls Indoor Track,800 m,2025,2A,Riley Herdson,Centennial,2:20.32,pdfs/Winter record book.pdf,34,2026-08-02T19:31:44Z,glm-5.2:cloud
Girls Indoor Track,800 m,2025,1A,Leila Sollas,Patterson Mill,2:21.89,pdfs/Winter record book.pdf,34,2026-08-02T19:31:44Z,glm-5.2:cloud
Girls Indoor Track,1000 Yard,1978,AA,Adrienne Hunt,Severna Park,2:48.2,pdfs/Winter record book.pdf,34,2026-08-02T19:31:44Z,glm-5.2:cloud
Girls Indoor Track,1000 Yard,1978,ABC,Beverly Stell,Eleanor Roosevelt,2:47.0,pdfs/Winter record book.pdf,34,2026-08-02T19:31:44Z,glm-5.2:cloud
Girls Indoor Track,1000 Yard,1979,AA,Laurie Taylor,Annapolis,2:45.4,pdfs/Winter record book.pdf,34,2026-08-02T19:31:44Z,glm-5.2:cloud
Girls Indoor Track,1000 Yard,1979,ABC,Carolyn Hughes,B-CC,2:50.2,pdfs/Winter record book.pdf,34,2026-08-02T19:31:44Z,glm-5.2:cloud
Girls Indoor Track,1000 Yard,1980,AA,Jeannie Day,Annapolis,2:43.2,pdfs/Winter record book.pdf,34,2026-08-02T19:31:44Z,glm-5.2:cloud
Girls Indoor Track,1000 Yard,1980,A,Sheila Harris,Central-PG,2:44.8,pdfs/Winter record book.pdf,34,2026-08-02T19:31:44Z,glm-5.2:cloud
Girls Indoor Track,1000 Yard,1980,BC,Rachel Clary,Sparrows Point,2:27.2,pdfs/Winter record book.pdf,34,2026-08-02T19:31:44Z,glm-5.2:cloud
Girls Indoor Track,1000 Yard,1981,AA,Debbie Dohmeir,Parkville,2:34.0,pdfs/Winter record book.pdf,34,2026-08-02T19:31:44Z,glm-5.2:cloud
Girls Indoor Track,1000 Yard,1981,A,Theresa Brown,Seneca Valley,2:44.6,pdfs/Winter record book.pdf,34,2026-08-02T19:31:44Z,glm-5.2:cloud
Girls Indoor Track,1000 Yard,1981,BC,Donna Neale,Oakland Mills,2:45.5,pdfs/Winter record book.pdf,34,2026-08-02T19:31:44Z,glm-5.2:cloud
Girls Indoor Track,1000 Yard,1982,AA,Andrina Green,Crossland,2:47.5,pdfs/Winter record book.pdf,34,2026-08-02T19:31:44Z,glm-5.2:cloud
Girls Indoor Track,1000 Yard,1982,A,Karen Woods,Central-PG,2:45.7,pdfs/Winter record book.pdf,34,2026-08-02T19:31:44Z,glm-5.2:cloud
Girls Indoor Track,1000 Yard,1982,BC,Donna Neale,Oakland Mills,2:43.5,pdfs/Winter record book.pdf,34,2026-08-02T19:31:44Z,glm-5.2:cloud
Girls Indoor Track,1000 Yard,1983,AA,Becky Nathan,Crossland,2:44.7,pdfs/Winter record book.pdf,34,2026-08-02T19:31:44Z,glm-5.2:cloud
Girls Indoor Track,1000 Yard,1983,A,Paulette Turner,Central-PG,2:42.9,pdfs/Winter record book.pdf,34,2026-08-02T19:31:44Z,glm-5.2:cloud
Girls Indoor Track,1000 Yard,1983,BC,Karen Tossey,J.M. Bennett,2:47.8,pdfs/Winter record book.pdf,34,2026-08-02T19:31:44Z,glm-5.2:cloud
Girls Indoor Track,1600 m,1977,AA,Debbie Pavick,Dulaney,5:22.2,pdfs/Winter record book.pdf,34,2026-08-02T19:31:44Z,glm-5.2:cloud
Girls Indoor Track,1600 m,1977,ABC,Ruth Drengwitz,Northwood,5:20.3,pdfs/Winter record book.pdf,34,2026-08-02T19:31:44Z,glm-5.2:cloud
Girls Indoor Track,1600 m,1978,AA,Martha Bromley,Crossland,5:11.7,pdfs/Winter record book.pdf,34,2026-08-02T19:31:44Z,glm-5.2:cloud
Girls Indoor Track,1600 m,1978,ABC,Jan Hargrove,Oxon Hill,5:16.4,pdfs/Winter record book.pdf,34,2026-08-02T19:31:44Z,glm-5.2:cloud
Girls Indoor Track,1600 m,1979,AA,Laurie Taylor,Annapolis,5:09.6,pdfs/Winter record book.pdf,34,2026-08-02T19:31:44Z,glm-5.2:cloud
Girls Indoor Track,1600 m,1979,ABC,Jill Cotten,Eleanor Roosevelt,5:11.1,pdfs/Winter record book.pdf,34,2026-08-02T19:31:44Z,glm-5.2:cloud
Girls Indoor Track,1600 m,1980,AA,Karin Wagner,Lansdowne,5:13.7,pdfs/Winter record book.pdf,34,2026-08-02T19:31:44Z,glm-5.2:cloud
Girls Indoor Track,1600 m,1980,A,Theresa Brown,Seneca Valley,5:17.1,pdfs/Winter record book.pdf,34,2026-08-02T19:31:44Z,glm-5.2:cloud
Girls Indoor Track,1600 m,1980,BC,Grace DeFries,Glenelg,5:17.1,pdfs/Winter record book.pdf,34,2026-08-02T19:31:44Z,glm-5.2:cloud
Girls Indoor Track,1600 m,1981,AA,Karin Wagner,Lansdowne,5:06.7,pdfs/Winter record book.pdf,34,2026-08-02T19:31:44Z,glm-5.2:cloud
Girls Indoor Track,1600 m,1981,A,Theresa Brown,Seneca Valley,5:10.4,pdfs/Winter record book.pdf,34,2026-08-02T19:31:44Z,glm-5.2:cloud
Girls Indoor Track,1600 m,1981,BC,Cindy Stover,North Carroll,5:19.9,pdfs/Winter record book.pdf,34,2026-08-02T19:31:44Z,glm-5.2:cloud
Girls Indoor Track,1600 m,1982,AA,Jenny Marks,Crossland,5:17.2,pdfs/Winter record book.pdf,34,2026-08-02T19:31:44Z,glm-5.2:cloud
Girls Indoor Track,1600 m,1982,A,Megin Jensen,Towson,5:19.0,pdfs/Winter record book.pdf,34,2026-08-02T19:31:44Z,glm-5.2:cloud
Girls Indoor Track,1600 m,1982,BC,Tammy Walder,Hereford,5:09.3,pdfs/Winter record book.pdf,34,2026-08-02T19:31:44Z,glm-5.2:cloud
Girls Indoor Track,1600 m,1983,AA,Kathy Raisbeck,High Point,5:21.6,pdfs/Winter record book.pdf,34,2026-08-02T19:31:44Z,glm-5.2:cloud
Girls Indoor Track,1600 m,1983,A,Megin Jensen,Towson,5:13.6,pdfs/Winter record book.pdf,34,2026-08-02T19:31:44Z,glm-5.2:cloud
Girls Indoor Track,1600 m,1983,BC,Karen Tossey,J.M. Bennett,5:19.2,pdfs/Winter record book.pdf,34,2026-08-02T19:31:44Z,glm-5.2:cloud
Girls Indoor Track,1600 m,1984,AA,Alicia Jackson,Suitland,5:18.6,pdfs/Winter record book.pdf,34,2026-08-02T19:31:44Z,glm-5.2:cloud
Girls Indoor Track,1600 m,1984,A,Beth Hanlon,Sherwood,5:26.1,pdfs/Winter record book.pdf,34,2026-08-02T19:31:44Z,glm-5.2:cloud
Girls Indoor Track,1600 m,1984,BC,Jennifer Amyx,Walkersville,5:29.6,pdfs/Winter record book.pdf,34,2026-08-02T19:31:44Z,glm-5.2:cloud
Girls Indoor Track,1600 m,1985,AA,Alicia Jackson,Suitland,5:13.3,pdfs/Winter record book.pdf,34,2026-08-02T19:31:44Z,glm-5.2:cloud
Girls Indoor Track,1600 m,1985,A,Beth Jacobsen,Kennedy,5:16.8,pdfs/Winter record book.pdf,34,2026-08-02T19:31:44Z,glm-5.2:cloud
Girls Indoor Track,1600 m,1985,BC,Jennifer Amyx,Walkersville,5:35.7,pdfs/Winter record book.pdf,34,2026-08-02T19:31:44Z,glm-5.2:cloud
Girls Indoor Track,1600 m,1986,Combined,Ashley Riggs,Severna Park,5:17.4,pdfs/Winter record book.pdf,34,2026-08-02T19:31:44Z,glm-5.2:cloud
Girls Indoor Track,1600 m,1987,AA,Lynn Scopel,Bowie,5:19.0,pdfs/Winter record book.pdf,34,2026-08-02T19:31:44Z,glm-5.2:cloud
Girls Indoor Track,1600 m,1987,A,Audrey Cole,Chesapeake-AA,5:32.7,pdfs/Winter record book.pdf,34,2026-08-02T19:31:44Z,glm-5.2:cloud
Girls Indoor Track,1600 m,1987,BC,Dawn Burse,Milford Mill,5:35.8,pdfs/Winter record book.pdf,34,2026-08-02T19:31:44Z,glm-5.2:cloud
Girls Indoor Track,1600 m,1988,AA,Kim Many,Kennedy,5:16.6,pdfs/Winter record book.pdf,34,2026-08-02T19:31:44Z,glm-5.2:cloud
Girls Indoor Track,1600 m,1988,A,Jenny Athey,Laurel,5:32.0,pdfs/Winter record book.pdf,34,2026-08-02T19:31:44Z,glm-5.2:cloud
Girls Indoor Track,1600 m,1988,BC,Steffi Rausch,Howard,5:25.6,pdfs/Winter record book.pdf,34,2026-08-02T19:31:44Z,glm-5.2:cloud
Girls Indoor Track,1600 m,1989,4A,Kendra Hickman,Eleanor Roosevelt,5:19.67,pdfs/Winter record book.pdf,34,2026-08-02T19:31:44Z,glm-5.2:cloud
Girls Indoor Track,1600 m,1989,3A,Christine Barr,Northern-C,5:44.94,pdfs/Winter record book.pdf,34,2026-08-02T19:31:44Z,glm-5.2:cloud
Girls Indoor Track,1600 m,1989,2A-1A,Dana Colligan,Centennial,5:40.40,pdfs/Winter record book.pdf,34,2026-08-02T19:31:44Z,glm-5.2:cloud
Girls Indoor Track,1600 m,1990,4A,Laura Herath,Severna Park,5:25.2,pdfs/Winter record book.pdf,34,2026-08-02T19:31:44Z,glm-5.2:cloud
Girls Indoor Track,1600 m,1990,3A,Christine Barr,Northern-C,5:49.4,pdfs/Winter record book.pdf,34,2026-08-02T19:31:44Z,glm-5.2:cloud
Girls Indoor Track,1600 m,1990,2A-1A,Lora Price,Brunswick,5:39.8,pdfs/Winter record book.pdf,34,2026-08-02T19:31:44Z,glm-5.2:cloud
Girls Indoor Track,1600 m,1991,4A,Tracy Webb,Oxon Hill,5:23.2,pdfs/Winter record book.pdf,34,2026-08-02T19:31:44Z,glm-5.2:cloud
Girls Indoor Track,1600 m,1991,3A,Alexandra Clark,Catonsville,5:33.1,pdfs/Winter record book.pdf,34,2026-08-02T19:31:44Z,glm-5.2:cloud
Girls Indoor Track,1600 m,1991,2A-1A,Lora Price,Brunswick,5:34.0,pdfs/Winter record book.pdf,34,2026-08-02T19:31:44Z,glm-5.2:cloud
Girls Indoor Track,1600 m,1992,4A,Amanda White,Dulaney,5:04.7,pdfs/Winter record book.pdf,34,2026-08-02T19:31:44Z,glm-5.2:cloud
Girls Indoor Track,1600 m,1992,3A,Carol Bartosiewicz,Whitman,5:26.8,pdfs/Winter record book.pdf,34,2026-08-02T19:31:44Z,glm-5.2:cloud
Girls Indoor Track,1600 m,1992,2A-1A,Lora Price,Brunswick,5:26.2,pdfs/Winter record book.pdf,34,2026-08-02T19:31:44Z,glm-5.2:cloud
Girls Indoor Track,1600 m,1993,4A,Amanda White,Dulaney,5:02.3,pdfs/Winter record book.pdf,34,2026-08-02T19:31:44Z,glm-5.2:cloud
Girls Indoor Track,1600 m,1993,3A,Rebeccah Wassner,Watkins Mill,5:20.5,pdfs/Winter record book.pdf,34,2026-08-02T19:31:44Z,glm-5.2:cloud
Girls Indoor Track,1600 m,1993,2A-1A,Lora Price,Brunswick,5:23.7,pdfs/Winter record book.pdf,34,2026-08-02T19:31:44Z,glm-5.2:cloud
Girls Indoor Track,1600 m,1994,4A,Christy Nichols,Arundel,5:21.1,pdfs/Winter record book.pdf,34,2026-08-02T19:31:44Z,glm-5.2:cloud
Girls Indoor Track,1600 m,1994,3A,Sally Glynn,Walter Johnson,5:12.5,pdfs/Winter record book.pdf,34,2026-08-02T19:31:44Z,glm-5.2:cloud
Girls Indoor Track,1600 m,1994,2A-1A,Alicia Adams,Glenelg,5:24.6,pdfs/Winter record book.pdf,34,2026-08-02T19:31:44Z,glm-5.2:cloud
Girls Indoor Track,1600 m,1995,4A,Krissy Jost,Perry Hall,5:01.9,pdfs/Winter record book.pdf,35,2026-08-02T19:32:45Z,glm-5.2:cloud
Girls Indoor Track,1600 m,1995,3A,Sally Glynn,Walter Johnson,5:31.0,pdfs/Winter record book.pdf,35,2026-08-02T19:32:45Z,glm-5.2:cloud
Girls Indoor Track,1600 m,1995,2A-1A,Leigh Hancil,Fairmont Heights,5:23.6,pdfs/Winter record book.pdf,35,2026-08-02T19:32:45Z,glm-5.2:cloud
Girls Indoor Track,1600 m,1996,4A,Christy Nichols,Arundel,5:15.3,pdfs/Winter record book.pdf,35,2026-08-02T19:32:45Z,glm-5.2:cloud
Girls Indoor Track,1600 m,1996,3A,Sally Glynn,Walter Johnson,5:10.9,pdfs/Winter record book.pdf,35,2026-08-02T19:32:45Z,glm-5.2:cloud
Girls Indoor Track,1600 m,1996,2A-1A,Kristen Ritter,Linganore,5:19.3,pdfs/Winter record book.pdf,35,2026-08-02T19:32:45Z,glm-5.2:cloud
Girls Indoor Track,1600 m,1997,4A-3A,Jennifer Ng,Arundel,5:16.6,pdfs/Winter record book.pdf,35,2026-08-02T19:32:45Z,glm-5.2:cloud
Girls Indoor Track,1600 m,1997,3A-2A,Jennifer Ford,Thomas Johnson,5:18.4,pdfs/Winter record book.pdf,35,2026-08-02T19:32:45Z,glm-5.2:cloud
Girls Indoor Track,1600 m,1997,2A-1A,Beth Santilli,River Hill,5:13.0,pdfs/Winter record book.pdf,35,2026-08-02T19:32:45Z,glm-5.2:cloud
Girls Indoor Track,1600 m,1998,4A-3A,Katie Sloan,Glen Burnie,5:21.6,pdfs/Winter record book.pdf,35,2026-08-02T19:32:45Z,glm-5.2:cloud
Girls Indoor Track,1600 m,1998,3A-2A,Jennifer Ford,Thomas Johnson,5:13.7,pdfs/Winter record book.pdf,35,2026-08-02T19:32:45Z,glm-5.2:cloud
Girls Indoor Track,1600 m,1998,2A-1A,Beth Santilli,River Hill,5:29.3,pdfs/Winter record book.pdf,35,2026-08-02T19:32:45Z,glm-5.2:cloud
Girls Indoor Track,1600 m,1999,4A-3A,Cecily Garber,Richard Montgomery,5:20.7,pdfs/Winter record book.pdf,35,2026-08-02T19:32:45Z,glm-5.2:cloud
Girls Indoor Track,1600 m,1999,3A-2A,Lee McDuff,River Hill,5:25.7,pdfs/Winter record book.pdf,35,2026-08-02T19:32:45Z,glm-5.2:cloud
Girls Indoor Track,1600 m,1999,2A-1A,Katie Stevenson,Kent County,5:15.5,pdfs/Winter record book.pdf,35,2026-08-02T19:32:45Z,glm-5.2:cloud
Girls Indoor Track,1600 m,2000,4A-3A,Cara Wettlaufer,C.M. Wright,5:22.1,pdfs/Winter record book.pdf,35,2026-08-02T19:32:45Z,glm-5.2:cloud
Girls Indoor Track,1600 m,2000,3A-2A,Lee McDuff,River Hill,5:28.9,pdfs/Winter record book.pdf,35,2026-08-02T19:32:45Z,glm-5.2:cloud
Girls Indoor Track,1600 m,2000,2A-1A,Katie Stevenson,Kent County,5:14.7,pdfs/Winter record book.pdf,35,2026-08-02T19:32:45Z,glm-5.2:cloud
Girls Indoor Track,1600 m,2001,4A-3A,Karen Pulliam,Quince Orchard,5:07.1,pdfs/Winter record book.pdf,35,2026-08-02T19:32:45Z,glm-5.2:cloud
Girls Indoor Track,1600 m,2001,3A-2A,Katie Poole,Damascus,5:22.4,pdfs/Winter record book.pdf,35,2026-08-02T19:32:45Z,glm-5.2:cloud
Girls Indoor Track,1600 m,2001,2A-1A,Randy Buzzell,Middletown,5:14.6,pdfs/Winter record book.pdf,35,2026-08-02T19:32:45Z,glm-5.2:cloud
Girls Indoor Track,1600 m,2002,4A-3A,Lauren Centrowitz,Broadneck,5:03.2,pdfs/Winter record book.pdf,35,2026-08-02T19:32:45Z,glm-5.2:cloud
Girls Indoor Track,1600 m,2002,3A-2A,Alana Black,Wilde Lake,5:20.0,pdfs/Winter record book.pdf,35,2026-08-02T19:32:45Z,glm-5.2:cloud
Girls Indoor Track,1600 m,2002,2A-1A,Katie Pencek,Glenelg,5:25.5,pdfs/Winter record book.pdf,35,2026-08-02T19:32:45Z,glm-5.2:cloud
Girls Indoor Track,1600 m,2003,4A-3A,Lauren Centrowitz,Broadneck,5:02.54,pdfs/Winter record book.pdf,35,2026-08-02T19:32:45Z,glm-5.2:cloud
Girls Indoor Track,1600 m,2003,3A-2A,Beth Catherwood,B-CC,5:14.10,pdfs/Winter record book.pdf,35,2026-08-02T19:32:45Z,glm-5.2:cloud
Girls Indoor Track,1600 m,2003,2A-1A,Ashley Lockard,Clear Spring,5:25.60,pdfs/Winter record book.pdf,35,2026-08-02T19:32:45Z,glm-5.2:cloud
Girls Indoor Track,1600 m,2004,4A-3A,Lauren Centrowitz,Broadneck,5:02.52,pdfs/Winter record book.pdf,35,2026-08-02T19:32:45Z,glm-5.2:cloud
Girls Indoor Track,1600 m,2004,3A-2A,Keely Murphy,Northern-C,5:19.76,pdfs/Winter record book.pdf,35,2026-08-02T19:32:45Z,glm-5.2:cloud
Girls Indoor Track,1600 m,2004,2A-1A,Janelle Thompson,Poolesville,5:22.43,pdfs/Winter record book.pdf,35,2026-08-02T19:32:45Z,glm-5.2:cloud
Girls Indoor Track,1600 m,2005,4A-3A,Veronia Salcido,Wootton,5:06.13,pdfs/Winter record book.pdf,35,2026-08-02T19:32:45Z,glm-5.2:cloud
Girls Indoor Track,1600 m,2005,3A-2A,Keely Murphy,Northern-C,5:17.05,pdfs/Winter record book.pdf,35,2026-08-02T19:32:45Z,glm-5.2:cloud
Girls Indoor Track,1600 m,2005,2A-1A,Alison Smith,Atholton,5:15.62,pdfs/Winter record book.pdf,35,2026-08-02T19:32:45Z,glm-5.2:cloud
Girls Indoor Track,1600 m,2006,4A-3A,Dominique Lockhart,El. Roosevelt,5:10.18,pdfs/Winter record book.pdf,35,2026-08-02T19:32:45Z,glm-5.2:cloud
Girls Indoor Track,1600 m,2006,3A-2A,Keely Murphy,Northern-C,5:08.12,pdfs/Winter record book.pdf,35,2026-08-02T19:32:45Z,glm-5.2:cloud
Girls Indoor Track,1600 m,2006,2A-1A,Kathleen Hertsch,Winters Mill,5:29.08,pdfs/Winter record book.pdf,35,2026-08-02T19:32:45Z,glm-5.2:cloud
Girls Indoor Track,1600 m,2007,4A-3A,Marika Walker,Eleanor Roosevelt,5:00.59,pdfs/Winter record book.pdf,35,2026-08-02T19:32:45Z,glm-5.2:cloud
Girls Indoor Track,1600 m,2007,3A-2A,Katie Hursey,North Carroll,5:06.42,pdfs/Winter record book.pdf,35,2026-08-02T19:32:45Z,glm-5.2:cloud
Girls Indoor Track,1600 m,2007,2A-1A,Amanda Wright,Parkside,5:29.84,pdfs/Winter record book.pdf,35,2026-08-02T19:32:45Z,glm-5.2:cloud
Girls Indoor Track,1600 m,2008,4A,Amirah Johnson,Eleanor Roosevelt,5:06.01,pdfs/Winter record book.pdf,35,2026-08-02T19:32:45Z,glm-5.2:cloud
Girls Indoor Track,1600 m,2008,3A,Alex Doll,B-CC,5:16.41,pdfs/Winter record book.pdf,35,2026-08-02T19:32:45Z,glm-5.2:cloud
Girls Indoor Track,1600 m,2008,2A,Katie Harman,River Hill,5:18.83,pdfs/Winter record book.pdf,35,2026-08-02T19:32:45Z,glm-5.2:cloud
Girls Indoor Track,1600 m,2008,1A,Jenny Reid,Poolesville,5:36.62,pdfs/Winter record book.pdf,35,2026-08-02T19:32:45Z,glm-5.2:cloud
Girls Indoor Track,1600 m,2009,4A,Amirah Johnson,Eleanor Roosevelt,5:06.42,pdfs/Winter record book.pdf,35,2026-08-02T19:32:45Z,glm-5.2:cloud
Girls Indoor Track,1600 m,2009,3A,Jenna Cimino,Hereford,5:15.94,pdfs/Winter record book.pdf,35,2026-08-02T19:32:45Z,glm-5.2:cloud
Girls Indoor Track,1600 m,2009,2A,Brittney Caudle,Middletown,5:10.19,pdfs/Winter record book.pdf,35,2026-08-02T19:32:45Z,glm-5.2:cloud
Girls Indoor Track,1600 m,2009,1A,Rachel Sykes,South Carroll,5:22.26,pdfs/Winter record book.pdf,35,2026-08-02T19:32:45Z,glm-5.2:cloud
Girls Indoor Track,1600 m,2010,4A,Stephanie Bryan,Thomas Johnson,5:03.22,pdfs/Winter record book.pdf,35,2026-08-02T19:32:45Z,glm-5.2:cloud
Girls Indoor Track,1600 m,2010,3A,Abbey Daley,Clarksburg,5:28.43,pdfs/Winter record book.pdf,35,2026-08-02T19:32:45Z,glm-5.2:cloud
Girls Indoor Track,1600 m,2010,2A,Maura Linde,Century,5:13.17,pdfs/Winter record book.pdf,35,2026-08-02T19:32:45Z,glm-5.2:cloud
Girls Indoor Track,1600 m,2010,1A,Jennifer Cleary,Bohemia Manor,5:29.41,pdfs/Winter record book.pdf,35,2026-08-02T19:32:45Z,glm-5.2:cloud
Girls Indoor Track,1600 m,2011,4A,Amirah Johnson,El. Roosevelt,5:02.13,pdfs/Winter record book.pdf,35,2026-08-02T19:32:45Z,glm-5.2:cloud
Girls Indoor Track,1600 m,2011,3A,Abbey Daley,Clarksburg,5:19.27,pdfs/Winter record book.pdf,35,2026-08-02T19:32:45Z,glm-5.2:cloud
Girls Indoor Track,1600 m,2011,2A,Hannah Oneda,Winters Mill,5:07.35,pdfs/Winter record book.pdf,35,2026-08-02T19:32:45Z,glm-5.2:cloud
Girls Indoor Track,1600 m,2011,1A,Sarah Zielinski,Boonsboro,5:33.31,pdfs/Winter record book.pdf,35,2026-08-02T19:32:45Z,glm-5.2:cloud
Girls Indoor Track,1600 m,2012,4A,Lucy Srour,Churchill,5:15.38,pdfs/Winter record book.pdf,35,2026-08-02T19:32:45Z,glm-5.2:cloud
Girls Indoor Track,1600 m,2012,3A,Sarah Ashwood,Hereford,5:16.33,pdfs/Winter record book.pdf,35,2026-08-02T19:32:45Z,glm-5.2:cloud
Girls Indoor Track,1600 m,2012,2A,Hannah Oneda,Winters Mill,5:04.66,pdfs/Winter record book.pdf,35,2026-08-02T19:32:45Z,glm-5.2:cloud
Girls Indoor Track,1600 m,2012,1A,Jordan Dodson,Perryville,5:20.97,pdfs/Winter record book.pdf,35,2026-08-02T19:32:45Z,glm-5.2:cloud
Girls Indoor Track,1600 m,2013,4A,Clare Severe,Whitman,5:10.23,pdfs/Winter record book.pdf,35,2026-08-02T19:32:45Z,glm-5.2:cloud
Girls Indoor Track,1600 m,2013,3A,Sarah Ashwood,Hereford,5:15.94,pdfs/Winter record book.pdf,35,2026-08-02T19:32:45Z,glm-5.2:cloud
Girls Indoor Track,1600 m,2013,2A,Julia Nardone,Glenelg,5:09.75,pdfs/Winter record book.pdf,35,2026-08-02T19:32:45Z,glm-5.2:cloud
Girls Indoor Track,1600 m,2013,1A,Sarah Zielinski,Boonsboro,5:21.54,pdfs/Winter record book.pdf,35,2026-08-02T19:32:45Z,glm-5.2:cloud
Girls Indoor Track,1600 m,2014,4A,Kiernan Keller,Walter Johnson,5:07.39,pdfs/Winter record book.pdf,35,2026-08-02T19:32:45Z,glm-5.2:cloud
Girls Indoor Track,1600 m,2014,3A,Karli Smiraglia,Reservoir,5:16.46,pdfs/Winter record book.pdf,35,2026-08-02T19:32:45Z,glm-5.2:cloud
Girls Indoor Track,1600 m,2014,2A,Sarah Rinehart,Liberty,5:04.53,pdfs/Winter record book.pdf,35,2026-08-02T19:32:45Z,glm-5.2:cloud
Girls Indoor Track,1600 m,2014,1A,Katie Leisher,Manchester Valley,5:21.98,pdfs/Winter record book.pdf,35,2026-08-02T19:32:45Z,glm-5.2:cloud
Girls Indoor Track,1600 m,2015,4A,Kiernan Keller,Walter Johnson,5:01.47,pdfs/Winter record book.pdf,35,2026-08-02T19:32:45Z,glm-5.2:cloud
Girls Indoor Track,1600 m,2015,3A,Emily Mulhern,Urbana,5:02.06,pdfs/Winter record book.pdf,35,2026-08-02T19:32:45Z,glm-5.2:cloud
Girls Indoor Track,1600 m,2015,2A,Hayley Jackson,Patuxent,5:01.95,pdfs/Winter record book.pdf,35,2026-08-02T19:32:45Z,glm-5.2:cloud
Girls Indoor Track,1600 m,2015,1A,Katie Leisher,Manchester Valley,5:23.48,pdfs/Winter record book.pdf,35,2026-08-02T19:32:45Z,glm-5.2:cloud
Girls Indoor Track,1600 m,2016,4A,Maria Coffin,Annapolis,5:03.14,pdfs/Winter record book.pdf,35,2026-08-02T19:32:45Z,glm-5.2:cloud
Girls Indoor Track,1600 m,2016,3A,Annie Imhof,Great Mills,5:19.73,pdfs/Winter record book.pdf,35,2026-08-02T19:32:45Z,glm-5.2:cloud
Girls Indoor Track,1600 m,2016,2A,Hayley Jackson,Patuxent,5:02.04,pdfs/Winter record book.pdf,35,2026-08-02T19:32:45Z,glm-5.2:cloud
Girls Indoor Track,1600 m,2016,1A,Haley Wright,Boonsboro,5:06.36,pdfs/Winter record book.pdf,35,2026-08-02T19:32:45Z,glm-5.2:cloud
Girls Indoor Track,1600 m,2017,4A,Maria Coffin,Annapolis,4:58.99,pdfs/Winter record book.pdf,35,2026-08-02T19:32:45Z,glm-5.2:cloud
Girls Indoor Track,1600 m,2017,3A,Annie Imhof,Great Mills,5:10.71,pdfs/Winter record book.pdf,35,2026-08-02T19:32:45Z,glm-5.2:cloud
Girls Indoor Track,1600 m,2017,2A,Hayley Jackson,Patuxent,4:45.55,pdfs/Winter record book.pdf,35,2026-08-02T19:32:45Z,glm-5.2:cloud
Girls Indoor Track,1600 m,2017,1A,Emily McAllister,Snow Hill,5:28.69,pdfs/Winter record book.pdf,35,2026-08-02T19:32:45Z,glm-5.2:cloud
Girls Indoor Track,1600 m,2018,4A,Abigail Green,Walter Johnson,5:05.30,pdfs/Winter record book.pdf,35,2026-08-02T19:32:45Z,glm-5.2:cloud
Girls Indoor Track,1600 m,2018,3A,Sarah Deresky,Northern-Calvert,5:08.06,pdfs/Winter record book.pdf,35,2026-08-02T19:32:45Z,glm-5.2:cloud
Girls Indoor Track,1600 m,2018,2A,Faith Meininger,River Hill,5:14.09,pdfs/Winter record book.pdf,35,2026-08-02T19:32:45Z,glm-5.2:cloud
Girls Indoor Track,1600 m,2018,1A,Kelsey Hall,Snow Hill,5:29.80,pdfs/Winter record book.pdf,35,2026-08-02T19:32:45Z,glm-5.2:cloud
Girls Indoor Track,1600 m,2019,4A,Bronwyn Patterson,South River,5:03.88,pdfs/Winter record book.pdf,35,2026-08-02T19:32:45Z,glm-5.2:cloud
Girls Indoor Track,1600 m,2019,3A,Oakley Olson,Northern-Calvert,5:12.27,pdfs/Winter record book.pdf,35,2026-08-02T19:32:45Z,glm-5.2:cloud
Girls Indoor Track,1600 m,2019,2A,Nandini Satsangi,Poolesville,5:15.58,pdfs/Winter record book.pdf,35,2026-08-02T19:32:45Z,glm-5.2:cloud
Girls Indoor Track,1600 m,2019,1A,Brooke Walz,Bohemia Manor,5:23.25,pdfs/Winter record book.pdf,35,2026-08-02T19:32:45Z,glm-5.2:cloud
Girls Indoor Track,1600 m,2020,4A,Bronwyn Patterson,South River,5:07.34,pdfs/Winter record book.pdf,35,2026-08-02T19:32:45Z,glm-5.2:cloud
Girls Indoor Track,1600 m,2020,3A,Oakley Olson,Northern-Calvert,5:10.33,pdfs/Winter record book.pdf,35,2026-08-02T19:32:45Z,glm-5.2:cloud
Girls Indoor Track,1600 m,2020,2A,Grace Siehler,South Carroll,5:13.77,pdfs/Winter record book.pdf,35,2026-08-02T19:32:45Z,glm-5.2:cloud
Girls Indoor Track,1600 m,2020,1A,Brooke Walz,Bohemia Manor,5:26.25,pdfs/Winter record book.pdf,35,2026-08-02T19:32:45Z,glm-5.2:cloud
Girls Indoor Track,1600 m,2022,4A,Grace M. Finnegan,Richard Montgomery,5:09.34,pdfs/Winter record book.pdf,35,2026-08-02T19:32:45Z,glm-5.2:cloud
Girls Indoor Track,1600 m,2022,3A,Nimrit Ahuja,Howard,5:18.49,pdfs/Winter record book.pdf,35,2026-08-02T19:32:45Z,glm-5.2:cloud
Girls Indoor Track,1600 m,2022,2A,Piper Lentz,Hereford,5:27.88,pdfs/Winter record book.pdf,35,2026-08-02T19:32:45Z,glm-5.2:cloud
Girls Indoor Track,1600 m,2022,1A,Mary Delaney,Mountain Ridge,5:34.44,pdfs/Winter record book.pdf,35,2026-08-02T19:32:45Z,glm-5.2:cloud
Girls Indoor Track,1600 m,2023,4A,Victoria Ketzler,Thomas S. Wootton,5:05.08,pdfs/Winter record book.pdf,35,2026-08-02T19:32:45Z,glm-5.2:cloud
Girls Indoor Track,1600 m,2023,3A,Hannah Toth,Westminster,5:04.17,pdfs/Winter record book.pdf,35,2026-08-02T19:32:45Z,glm-5.2:cloud
Girls Indoor Track,1600 m,2023,2A,Temi Ariyo,Overlea,5:18.63,pdfs/Winter record book.pdf,35,2026-08-02T19:32:45Z,glm-5.2:cloud
Girls Indoor Track,1600 m,2023,1A,Mary Delaney,Mountain Ridge,5:20.81,pdfs/Winter record book.pdf,35,2026-08-02T19:32:45Z,glm-5.2:cloud
Girls Indoor Track,1600 m,2024,4A,Katherine Morey,Winston Churchill,5:03.10,pdfs/Winter record book.pdf,35,2026-08-02T19:32:45Z,glm-5.2:cloud
Girls Indoor Track,1600 m,2024,3A,Brielle Whitworth,Edgewood,5:03.46,pdfs/Winter record book.pdf,35,2026-08-02T19:32:45Z,glm-5.2:cloud
Girls Indoor Track,1600 m,2024,2A,Rebekka Hillier,Hereford,5:13.58,pdfs/Winter record book.pdf,35,2026-08-02T19:32:45Z,glm-5.2:cloud
Girls Indoor Track,1600 m,2024,1A,Cora Gentzel,Smithsburg,5:20.92,pdfs/Winter record book.pdf,35,2026-08-02T19:32:45Z,glm-5.2:cloud
Girls Indoor Track,1600 m,2025,4A,Katherine Greenwald,Walt Whitman,5:02.24,pdfs/Winter record book.pdf,35,2026-08-02T19:32:45Z,glm-5.2:cloud
Girls Indoor Track,1600 m,2025,3A,Marella Virmani,River Hill,4:58.18,pdfs/Winter record book.pdf,35,2026-08-02T19:32:45Z,glm-5.2:cloud
Girls Indoor Track,1600 m,2025,2A,Sylvia Snider,Hereford,5:06.83,pdfs/Winter record book.pdf,35,2026-08-02T19:32:45Z,glm-5.2:cloud
Girls Indoor Track,1600 m,2025,1A,Ava Snyder,Liberty,5:18.17,pdfs/Winter record book.pdf,35,2026-08-02T19:32:45Z,glm-5.2:cloud
Girls Indoor Track,3200 m,1978,AA,Ann Curry,Crossland,11:35.1,pdfs/Winter record book.pdf,35,2026-08-02T19:32:45Z,glm-5.2:cloud
Girls Indoor Track,3200 m,1978,ABC,Dena Higdon,Williamsport,11:47.4,pdfs/Winter record book.pdf,35,2026-08-02T19:32:45Z,glm-5.2:cloud
Girls Indoor Track,3200 m,1979,AA,Laurie Taylor,Annapolis,11:31.1,pdfs/Winter record book.pdf,35,2026-08-02T19:32:45Z,glm-5.2:cloud
Girls Indoor Track,3200 m,1979,ABC,Jill Cotten,E Roosevelt,11:23.6,pdfs/Winter record book.pdf,35,2026-08-02T19:32:45Z,glm-5.2:cloud
Girls Indoor Track,3200 m,1980,AA,Sue Waddington,Crossland,11:40.5,pdfs/Winter record book.pdf,35,2026-08-02T19:32:45Z,glm-5.2:cloud
Girls Indoor Track,3200 m,1980,A,Stacey Browne,B-CC,11:33.1,pdfs/Winter record book.pdf,35,2026-08-02T19:32:45Z,glm-5.2:cloud
Girls Indoor Track,3200 m,1980,BC,Stacey Nicholson,Hereford,11:33.1,pdfs/Winter record book.pdf,35,2026-08-02T19:32:45Z,glm-5.2:cloud
Girls Indoor Track,3200 m,1981,AA,Karin Wagner,Lansdowne,11:17.3,pdfs/Winter record book.pdf,35,2026-08-02T19:32:45Z,glm-5.2:cloud
Girls Indoor Track,3200 m,1981,A,Peggy Hoppes,Seneca Valley,11:40.1,pdfs/Winter record book.pdf,35,2026-08-02T19:32:45Z,glm-5.2:cloud
Girls Indoor Track,3200 m,1981,BC,Alyssa Terry,Wilde Lake,11:10.8,pdfs/Winter record book.pdf,35,2026-08-02T19:32:45Z,glm-5.2:cloud
Girls Indoor Track,3200 m,1982,AA,Sue Dockstader,Meade,11:30.0,pdfs/Winter record book.pdf,35,2026-08-02T19:32:45Z,glm-5.2:cloud
Girls Indoor Track,3200 m,1982,A,Stephanie Green,DuVal,12:08.3,pdfs/Winter record book.pdf,35,2026-08-02T19:32:45Z,glm-5.2:cloud
Girls Indoor Track,3200 m,1982,BC,Tammy Walder,Hereford,11:10.8,pdfs/Winter record book.pdf,35,2026-08-02T19:32:45Z,glm-5.2:cloud
Girls Indoor Track,3200 m,1983,AA,Kathy Raisbeck,High Point,11:40.5,pdfs/Winter record book.pdf,35,2026-08-02T19:32:45Z,glm-5.2:cloud
Girls Indoor Track,3200 m,1983,A,Maureen Conroy,Kennedy,11:42.2,pdfs/Winter record book.pdf,35,2026-08-02T19:32:45Z,glm-5.2:cloud
Girls Indoor Track,3200 m,1983,BC,Vera Thornhill,Linganore,11:57.1,pdfs/Winter record book.pdf,35,2026-08-02T19:32:45Z,glm-5.2:cloud
Girls Indoor Track,3200 m,1984,AA,Johanna Mansilla,High Point,11:32.4,pdfs/Winter record book.pdf,35,2026-08-02T19:32:45Z,glm-5.2:cloud
Girls Indoor Track,3200 m,1984,A,Michelle Connell,Andover,12:12.5,pdfs/Winter record book.pdf,35,2026-08-02T19:32:45Z,glm-5.2:cloud
Girls Indoor Track,3200 m,1984,BC,Jennifer Amyx,Walkersville,11:54.2,pdfs/Winter record book.pdf,35,2026-08-02T19:32:45Z,glm-5.2:cloud
Girls Indoor Track,3200 m,1985,AA,Tammy Devore,Churchill,11:28.4,pdfs/Winter record book.pdf,35,2026-08-02T19:32:45Z,glm-5.2:cloud
Girls Indoor Track,3200 m,1985,A,Krista Pierpont,Broadneck,11:59.1,pdfs/Winter record book.pdf,35,2026-08-02T19:32:45Z,glm-5.2:cloud
Girls Indoor Track,3200 m,1985,BC,Jennifer Amyx,Walkersville,12:24.6,pdfs/Winter record book.pdf,35,2026-08-02T19:32:45Z,glm-5.2:cloud
Girls Indoor Track,3200 m,1986,Combined,Virginia Mattingly,Whitman,11:22.1,pdfs/Winter record book.pdf,35,2026-08-02T19:32:45Z,glm-5.2:cloud
Girls Indoor Track,3200 m,1987,AA,Robin Quinlan,Bowie,11:40.7,pdfs/Winter record book.pdf,35,2026-08-02T19:32:45Z,glm-5.2:cloud
Girls Indoor Track,3200 m,1987,A,Audrey Cole,Chesapeake-AA,12:37.8,pdfs/Winter record book.pdf,35,2026-08-02T19:32:45Z,glm-5.2:cloud
Girls Indoor Track,3200 m,1987,BC,Dawn Burse,Milford Mill,12:53.2,pdfs/Winter record book.pdf,35,2026-08-02T19:32:45Z,glm-5.2:cloud
Girls Indoor Track,3200 m,1988,AA,Kim Many,Kennedy,11:20.3,pdfs/Winter record book.pdf,35,2026-08-02T19:32:45Z,glm-5.2:cloud
Girls Indoor Track,3200 m,1988,A,Jenny Athey,Laurel,12:02.0,pdfs/Winter record book.pdf,35,2026-08-02T19:32:45Z,glm-5.2:cloud
Girls Indoor Track,3200 m,1988,BC,Steffi Rausch,Howard,11:43.0,pdfs/Winter record book.pdf,35,2026-08-02T19:32:45Z,glm-5.2:cloud
Girls Indoor Track,3200 m,1989,4A,Kim Many,Kennedy,11:49.68,pdfs/Winter record book.pdf,35,2026-08-02T19:32:45Z,glm-5.2:cloud
Girls Indoor Track,3200 m,1989,3A,Norah Storey,Douglass-PG,12:32.15,pdfs/Winter record book.pdf,35,2026-08-02T19:32:45Z,glm-5.2:cloud
Girls Indoor Track,3200 m,1989,2A-1A,Meredith McMahon,Mt. Hebron,12:26.91,pdfs/Winter record book.pdf,35,2026-08-02T19:32:45Z,glm-5.2:cloud
Girls Indoor Track,3200 m,1990,4A,Tracy Webb,Oxon Hill,12:00.0,pdfs/Winter record book.pdf,35,2026-08-02T19:32:45Z,glm-5.2:cloud
Girls Indoor Track,3200 m,1990,3A,Kelly Smith,South River,12:41.1,pdfs/Winter record book.pdf,35,2026-08-02T19:32:45Z,glm-5.2:cloud
Girls Indoor Track,3200 m,1990,2A-1A,Norah Storey,Douglass-PG,12:11.2,pdfs/Winter record book.pdf,35,2026-08-02T19:32:45Z,glm-5.2:cloud
Girls Indoor Track,3200 m,1991,4A,Tracy Webb,Oxon Hill,11:53.1,pdfs/Winter record book.pdf,35,2026-08-02T19:32:45Z,glm-5.2:cloud
Girls Indoor Track,3200 m,1991,3A,Alexandra Clark,Catonsville,12:33.2,pdfs/Winter record book.pdf,35,2026-08-02T19:32:45Z,glm-5.2:cloud
Girls Indoor Track,3200 m,1991,2A-1A,Lora Price,Brunswick,12:05.5,pdfs/Winter record book.pdf,35,2026-08-02T19:32:45Z,glm-5.2:cloud
Girls Indoor Track,3200 m,1992,4A,Amanda White,Dulaney,10:47.1,pdfs/Winter record book.pdf,35,2026-08-02T19:32:45Z,glm-5.2:cloud
Girls Indoor Track,3200 m,1992,3A,Carol Bartosiewicz,Whitman,11:54.8,pdfs/Winter record book.pdf,35,2026-08-02T19:32:45Z,glm-5.2:cloud
Girls Indoor Track,3200 m,1992,2A-1A,Christiana Ober,Walkersville,11:52.1,pdfs/Winter record book.pdf,35,2026-08-02T19:32:45Z,glm-5.2:cloud
Girls Indoor Track,3200 m,1993,4A,Amanda White,Dulaney,10:49.5,pdfs/Winter record book.pdf,35,2026-08-02T19:32:45Z,glm-5.2:cloud
Girls Indoor Track,3200 m,1993,3A,Claire Torchia,B-CC,11:42.2,pdfs/Winter record book.pdf,35,2026-08-02T19:32:45Z,glm-5.2:cloud
Girls Indoor Track,3200 m,1993,2A-1A,Lora Price,Brunswick,12:03.1,pdfs/Winter record book.pdf,35,2026-08-02T19:32:45Z,glm-5.2:cloud
Girls Indoor Track,3200 m,1994,4A,Christy Nichols,Arundel,11:08.3,pdfs/Winter record book.pdf,35,2026-08-02T19:32:45Z,glm-5.2:cloud
Girls Indoor Track,3200 m,1994,3A,Sally Glynn,Walter Johnson,11:23.9,pdfs/Winter record book.pdf,35,2026-08-02T19:32:45Z,glm-5.2:cloud
Girls Indoor Track,3200 m,1994,2A-1A,Terry Hancil,Fairmont Heights,11:55.2,pdfs/Winter record book.pdf,35,2026-08-02T19:32:45Z,glm-5.2:cloud
Girls Indoor Track,3200 m,1995,4A,Krissy Jost,Perry Hall,10:47.5,pdfs/Winter record book.pdf,35,2026-08-02T19:32:45Z,glm-5.2:cloud
Girls Indoor Track,3200 m,1995,3A,Sally Glynn,Walter Johnson,11:50.6,pdfs/Winter record book.pdf,35,2026-08-02T19:32:45Z,glm-5.2:cloud
Girls Indoor Track,3200 m,1995,2A-1A,Adrian Unger,Brunswick,11:57.8,pdfs/Winter record book.pdf,35,2026-08-02T19:32:45Z,glm-5.2:cloud
Girls Indoor Track,3200 m,1996,4A,Christy Nichols,Arundel,10:30.7,pdfs/Winter record book.pdf,35,2026-08-02T19:32:45Z,glm-5.2:cloud
Girls Indoor Track,3200 m,1996,3A,Sally Glynn,Walter Johnson,11:49.5,pdfs/Winter record book.pdf,35,2026-08-02T19:32:45Z,glm-5.2:cloud
Girls Indoor Track,3200 m,1996,2A-1A,Liz Lowrie,Urbana,11:55.5,pdfs/Winter record book.pdf,35,2026-08-02T19:32:45Z,glm-5.2:cloud
Girls Indoor Track,3200 m,1997,4A-3A,Megan White,Dulaney,11:31.3,pdfs/Winter record book.pdf,35,2026-08-02T19:32:45Z,glm-5.2:cloud
Girls Indoor Track,3200 m,1997,3A-2A,Jen Geroux,Parkville,11:43.8,pdfs/Winter record book.pdf,35,2026-08-02T19:32:45Z,glm-5.2:cloud
Girls Indoor Track,3200 m,1997,2A-1A,Beth Santilli,River Hill,11:51.7,pdfs/Winter record book.pdf,35,2026-08-02T19:32:45Z,glm-5.2:cloud
Girls Indoor Track,3200 m,1998,4A-3A,Katie Sloan,Glen Burnie,11:54.8,pdfs/Winter record book.pdf,35,2026-08-02T19:32:45Z,glm-5.2:cloud
Girls Indoor Track,3200 m,1998,3A-2A,Jennifer Ford,Thomas Johnson,11:26.6,pdfs/Winter record book.pdf,35,2026-08-02T19:32:45Z,glm-5.2:cloud
Girls Indoor Track,3200 m,1998,2A-1A,Beth Santilli,Glenelg,12:06.5,pdfs/Winter record book.pdf,35,2026-08-02T19:32:45Z,glm-5.2:cloud
Girls Indoor Track,3200 m,1999,4A-3A,Tenke Zoltani,Dulaney,11:31.7,pdfs/Winter record book.pdf,35,2026-08-02T19:32:45Z,glm-5.2:cloud
Girls Indoor Track,3200 m,1999,3A-2A,Lee McDuff,River Hill,11:51.3,pdfs/Winter record book.pdf,35,2026-08-02T19:32:45Z,glm-5.2:cloud
Girls Indoor Track,3200 m,1999,2A-1A,Blair Heinke,Glenelg,12:12.9,pdfs/Winter record book.pdf,35,2026-08-02T19:32:45Z,glm-5.2:cloud
Girls Indoor Track,3200 m,2000,4A-3A,Tenke Zoltani,Dulaney,11:42.0,pdfs/Winter record book.pdf,35,2026-08-02T19:32:45Z,glm-5.2:cloud
Girls Indoor Track,3200 m,2000,3A-2A,Lee McDuff,River Hill,12:07.5,pdfs/Winter record book.pdf,35,2026-08-02T19:32:45Z,glm-5.2:cloud
Girls Indoor Track,3200 m,2000,2A-1A,Katie Stevenson,Kent County,11:31.1,pdfs/Winter record book.pdf,35,2026-08-02T19:32:45Z,glm-5.2:cloud
Girls Indoor Track,3200 m,2001,4A-3A,Karen Pulliam,Quince Orchard,11:18.5,pdfs/Winter record book.pdf,35,2026-08-02T19:32:45Z,glm-5.2:cloud
Girls Indoor Track,3200 m,2001,3A-2A,Lee McDuff,River Hill,11:51.1,pdfs/Winter record book.pdf,35,2026-08-02T19:32:45Z,glm-5.2:cloud
Girls Indoor Track,3200 m,2001,2A-1A,Cori Koch,Towson,11:24.9,pdfs/Winter record book.pdf,35,2026-08-02T19:32:45Z,glm-5.2:cloud
Girls Indoor Track,3200 m,2002,4A-3A,Tenke Zoltani,Dulaney,11:27.2,pdfs/Winter record book.pdf,35,2026-08-02T19:32:45Z,glm-5.2:cloud
Girls Indoor Track,3200 m,2002,3A-2A,Cori Koch,Towson,11:40.3,pdfs/Winter record book.pdf,35,2026-08-02T19:32:45Z,glm-5.2:cloud
Girls Indoor Track,3200 m,2002,2A-1A,Michele Freda,Atholton,11:54.8,pdfs/Winter record book.pdf,35,2026-08-02T19:32:45Z,glm-5.2:cloud
Girls Indoor Track,3200 m,2003,4A-3A,Kelli Buck,C.M. Wright,11:36.58,pdfs/Winter record book.pdf,35,2026-08-02T19:32:45Z,glm-5.2:cloud
Girls Indoor Track,3200 m,2003,3A-2A,Beth Catherwood,B-CC,11:47.60,pdfs/Winter record book.pdf,35,2026-08-02T19:32:45Z,glm-5.2:cloud
Girls Indoor Track,3200 m,2003,2A-1A,Raquel Morgan,Middletown,11:54.10,pdfs/Winter record book.pdf,35,2026-08-02T19:32:45Z,glm-5.2:cloud
Girls Indoor Track,3200 m,2004,4A-3A,Halsey Sinclair,Blair,11:27.84,pdfs/Winter record book.pdf,35,2026-08-02T19:32:45Z,glm-5.2:cloud
Girls Indoor Track,3200 m,2004,3A-2A,Lauren Capone,Towson,11:27.43,pdfs/Winter record book.pdf,35,2026-08-02T19:32:45Z,glm-5.2:cloud
Girls Indoor Track,3200 m,2004,2A-1A,Janelle Thompson,Poolesville,11:49.68,pdfs/Winter record book.pdf,35,2026-08-02T19:32:45Z,glm-5.2:cloud
Girls Indoor Track,3200 m,2005,4A-3A,Trisha Repster,Westminster,11:15.84,pdfs/Winter record book.pdf,35,2026-08-02T19:32:45Z,glm-5.2:cloud
Girls Indoor Track,3200 m,2005,3A-2A,Lauren Capone,Towson,11:33.39,pdfs/Winter record book.pdf,35,2026-08-02T19:32:45Z,glm-5.2:cloud
Girls Indoor Track,3200 m,2005,2A-1A,Ashley Lockard,Clear Spring,11:46.63,pdfs/Winter record book.pdf,35,2026-08-02T19:32:45Z,glm-5.2:cloud
Girls Indoor Track,3200 m,2006,4A-3A,Marika Walker,Eleanor Roosevelt,11:14.46,pdfs/Winter record book.pdf,35,2026-08-02T19:32:45Z,glm-5.2:cloud
Girls Indoor Track,3200 m,2006,3A-2A,Kristin Malloy,Hereford,11:18.65,pdfs/Winter record book.pdf,35,2026-08-02T19:32:45Z,glm-5.2:cloud
Girls Indoor Track,3200 m,2006,2A-1A,Lindsay Warfield,South Carroll,12:14.05,pdfs/Winter record book.pdf,35,2026-08-02T19:32:45Z,glm-5.2:cloud
Girls Indoor Track,3200 m,2007,4A-3A,Marika Walker,Eleanor Roosevelt,10:54.38,pdfs/Winter record book.pdf,35,2026-08-02T19:32:45Z,glm-5.2:cloud
Girls Indoor Track,3200 m,2007,3A-2A,Katie Hursey,North Carroll,11:30.79,pdfs/Winter record book.pdf,35,2026-08-02T19:32:45Z,glm-5.2:cloud
Girls Indoor Track,3200 m,2007,2A-1A,Tracy Forsythe,Williamsport,12:27.09,pdfs/Winter record book.pdf,35,2026-08-02T19:32:45Z,glm-5.2:cloud
Girls Indoor Track,3200 m,2008,4A,Louisa Hannallah,Churchill,11:13.45,pdfs/Winter record book.pdf,35,2026-08-02T19:32:45Z,glm-5.2:cloud
Girls Indoor Track,3200 m,2008,3A,Elyse Borisko,Howard,11:39.61,pdfs/Winter record book.pdf,35,2026-08-02T19:32:45Z,glm-5.2:cloud
Girls Indoor Track,3200 m,2008,2A,Katie Harman,River Hill,11:43.56,pdfs/Winter record book.pdf,35,2026-08-02T19:32:45Z,glm-5.2:cloud
Girls Indoor Track,3200 m,2008,1A,Rachel Sykes,South Carroll,11:54.67,pdfs/Winter record book.pdf,35,2026-08-02T19:32:45Z,glm-5.2:cloud
Girls Indoor Track,3200 m,2009,4A,Stephanie Bryan,Thomas Johnson,11:35.23,pdfs/Winter record book.pdf,35,2026-08-02T19:32:45Z,glm-5.2:cloud
Girls Indoor Track,3200 m,2009,3A,Rachel Pillion,Towson,11:41.50,pdfs/Winter record book.pdf,35,2026-08-02T19:32:45Z,glm-5.2:cloud
Girls Indoor Track,3200 m,2009,2A,Kaitlin Harman,River Hill,11:21.06,pdfs/Winter record book.pdf,35,2026-08-02T19:32:45Z,glm-5.2:cloud
Girls Indoor Track,3200 m,2009,1A,Rachel Sykes,South Carroll,12:00.30,pdfs/Winter record book.pdf,35,2026-08-02T19:32:45Z,glm-5.2:cloud
Girls Indoor Track,3200 m,2010,4A,Stephanie Bryan,Thomas Johnson,11:09.03,pdfs/Winter record book.pdf,35,2026-08-02T19:32:45Z,glm-5.2:cloud
Girls Indoor Track,3200 m,2010,3A,Becky Yep,Mount Hebron,11:42.53,pdfs/Winter record book.pdf,35,2026-08-02T19:32:45Z,glm-5.2:cloud
Girls Indoor Track,3200 m,2010,2A,Maura Linde,Century,11:27.79,pdfs/Winter record book.pdf,35,2026-08-02T19:32:45Z,glm-5.2:cloud
Girls Indoor Track,3200 m,2010,1A,Jennifer Cleary,Bohemia Manor,12:18.00,pdfs/Winter record book.pdf,35,2026-08-02T19:32:45Z,glm-5.2:cloud
Girls Indoor Track,3200 m,2011,4A,Anna Bosse,Walter Johnson,11:14.04,pdfs/Winter record book.pdf,35,2026-08-02T19:32:45Z,glm-5.2:cloud
Girls Indoor Track,3200 m,2011,3A,Abbey Daley,Clarksburg,11:34.44,pdfs/Winter record book.pdf,35,2026-08-02T19:32:45Z,glm-5.2:cloud
Girls Indoor Track,3200 m,2011,2A,Hannah Oneda,Winters Mill,10:54.09,pdfs/Winter record book.pdf,35,2026-08-02T19:32:45Z,glm-5.2:cloud
Girls Indoor Track,3200 m,2011,1A,Sarah Zielinski,Boonsboro,12:06.68,pdfs/Winter record book.pdf,35,2026-08-02T19:32:45Z,glm-5.2:cloud
Girls Indoor Track,3200 m,2012,4A,Carolyn Guiot,Whitman,11:21.96,pdfs/Winter record book.pdf,35,2026-08-02T19:32:45Z,glm-5.2:cloud
Girls Indoor Track,3200 m,2012,3A,Sara Carter,Hereford,11:26.66,pdfs/Winter record book.pdf,35,2026-08-02T19:32:45Z,glm-5.2:cloud
Girls Indoor Track,3200 m,2012,2A,Hannah Oneda,Winters Mill,10:45.67,pdfs/Winter record book.pdf,35,2026-08-02T19:32:45Z,glm-5.2:cloud
Girls Indoor Track,3200 m,2012,1A,Sarah Zielinski,Boonsboro,11:37.68,pdfs/Winter record book.pdf,35,2026-08-02T19:32:45Z,glm-5.2:cloud
Girls Indoor Track,3200 m,2013,4A,Caroline Beakes,Bethesda-CC,11:04.99,pdfs/Winter record book.pdf,35,2026-08-02T19:32:45Z,glm-5.2:cloud
Girls Indoor Track,3200 m,2013,3A,Allison Krein,River Hill,11:28.02,pdfs/Winter record book.pdf,35,2026-08-02T19:32:45Z,glm-5.2:cloud
Girls Indoor Track,3200 m,2013,2A,Julia Nardone,Glenelg,11:19.54,pdfs/Winter record book.pdf,35,2026-08-02T19:32:45Z,glm-5.2:cloud
Girls Indoor Track,3200 m,2013,1A,Abby Culp,Boonsboro,11:24.12,pdfs/Winter record book.pdf,35,2026-08-02T19:32:45Z,glm-5.2:cloud
Girls Indoor Track,3200 m,2014,4A,Isabel Griffith,Dulaney,11:03.04,pdfs/Winter record book.pdf,35,2026-08-02T19:32:45Z,glm-5.2:cloud
Girls Indoor Track,3200 m,2014,3A,Emily Mulhern,Urbana,10:59.21,pdfs/Winter record book.pdf,35,2026-08-02T19:32:45Z,glm-5.2:cloud
Girls Indoor Track,3200 m,2014,2A,Molly Offstein,Mountain Ridge,11:03.70,pdfs/Winter record book.pdf,35,2026-08-02T19:32:45Z,glm-5.2:cloud
Girls Indoor Track,3200 m,2014,1A,Katie Leisher,Manchester Valley,11:49.00,pdfs/Winter record book.pdf,35,2026-08-02T19:32:45Z,glm-5.2:cloud
Girls Indoor Track,3200 m,2015,4A,Nora McUmber,B-CC,11:03.93,pdfs/Winter record book.pdf,36,2026-08-02T19:34:12Z,glm-5.2:cloud
Girls Indoor Track,3200 m,2015,3A,Emily Mulhern,Urbana,11:13.16,pdfs/Winter record book.pdf,36,2026-08-02T19:34:12Z,glm-5.2:cloud
Girls Indoor Track,3200 m,2015,2A,Hayley Jackson,Patuxent,11:00.67,pdfs/Winter record book.pdf,36,2026-08-02T19:34:12Z,glm-5.2:cloud
Girls Indoor Track,3200 m,2015,1A,Katie Leisher,Manchester Valley,11:40.40,pdfs/Winter record book.pdf,36,2026-08-02T19:34:12Z,glm-5.2:cloud
Girls Indoor Track,3200 m,2016,4A,Bethlehem Taye,Paint Branch,10:53.03,pdfs/Winter record book.pdf,36,2026-08-02T19:34:12Z,glm-5.2:cloud
Girls Indoor Track,3200 m,2016,3A,Charlotte Kowalk,Oakdale,11:45.45,pdfs/Winter record book.pdf,36,2026-08-02T19:34:12Z,glm-5.2:cloud
Girls Indoor Track,3200 m,2016,2A,Hayley Jackson,Patuxent,10:59.22,pdfs/Winter record book.pdf,36,2026-08-02T19:34:12Z,glm-5.2:cloud
Girls Indoor Track,3200 m,2016,1A,Haley Wright,Boonsboro,11:39.96,pdfs/Winter record book.pdf,36,2026-08-02T19:34:12Z,glm-5.2:cloud
Girls Indoor Track,3200 m,2017,4A,Abigail Green,Walter Johnson,10:50.83,pdfs/Winter record book.pdf,36,2026-08-02T19:34:12Z,glm-5.2:cloud
Girls Indoor Track,3200 m,2017,3A,Molly Barrick,Northern-C,11:26.87,pdfs/Winter record book.pdf,36,2026-08-02T19:34:12Z,glm-5.2:cloud
Girls Indoor Track,3200 m,2017,2A,Julien Webster,Catoctin,10:54.91,pdfs/Winter record book.pdf,36,2026-08-02T19:34:12Z,glm-5.2:cloud
Girls Indoor Track,3200 m,2017,1A,Elly McGillivray,Brunswick,12:30.68,pdfs/Winter record book.pdf,36,2026-08-02T19:34:12Z,glm-5.2:cloud
Girls Indoor Track,3200 m,2018,4A,Abigail Green,Walter Johnson,10:51.92,pdfs/Winter record book.pdf,36,2026-08-02T19:34:12Z,glm-5.2:cloud
Girls Indoor Track,3200 m,2018,3A,Abby Sweeney,Northern-Calvert,11:30.80,pdfs/Winter record book.pdf,36,2026-08-02T19:34:12Z,glm-5.2:cloud
Girls Indoor Track,3200 m,2018,2A,Nandini Satsangi,Poolesville,11:26.37,pdfs/Winter record book.pdf,36,2026-08-02T19:34:12Z,glm-5.2:cloud
Girls Indoor Track,3200 m,2018,1A,Macy Gerbes,Sparrows Point,12:18.64,pdfs/Winter record book.pdf,36,2026-08-02T19:34:12Z,glm-5.2:cloud
Girls Indoor Track,3200 m,2019,4A,Anna Coffin,Annapolis,11:25.17,pdfs/Winter record book.pdf,36,2026-08-02T19:34:12Z,glm-5.2:cloud
Girls Indoor Track,3200 m,2019,3A,Hannah Mack,Northern-Calvert,11:18.40,pdfs/Winter record book.pdf,36,2026-08-02T19:34:12Z,glm-5.2:cloud
Girls Indoor Track,3200 m,2019,2A,Nandini Satsangi,Poolesville,11:27.51,pdfs/Winter record book.pdf,36,2026-08-02T19:34:12Z,glm-5.2:cloud
Girls Indoor Track,3200 m,2019,1A,Macy Gerbes,Sparrows Point,12:31.34,pdfs/Winter record book.pdf,36,2026-08-02T19:34:12Z,glm-5.2:cloud
Girls Indoor Track,3200 m,2020,4A,Charlotte Turesson,Richard Montgomery,10:53.98,pdfs/Winter record book.pdf,36,2026-08-02T19:34:12Z,glm-5.2:cloud
Girls Indoor Track,3200 m,2020,3A,Rubie Goffena,Manchester Valley,11:19.45,pdfs/Winter record book.pdf,36,2026-08-02T19:34:12Z,glm-5.2:cloud
Girls Indoor Track,3200 m,2020,2A,Kathryn Hopkins,Winters Mill,11:25.36,pdfs/Winter record book.pdf,36,2026-08-02T19:34:12Z,glm-5.2:cloud
Girls Indoor Track,3200 m,2020,1A,Daylie Younker,Smithsburg,12:47.38,pdfs/Winter record book.pdf,36,2026-08-02T19:34:12Z,glm-5.2:cloud
Girls Indoor Track,3200 m,2022,4A,Ella Zeigler,James H. Blake,11:23.07,pdfs/Winter record book.pdf,36,2026-08-02T19:34:12Z,glm-5.2:cloud
Girls Indoor Track,3200 m,2022,3A,Elizabeth Pickett,Bel Air,11:30.06,pdfs/Winter record book.pdf,36,2026-08-02T19:34:12Z,glm-5.2:cloud
Girls Indoor Track,3200 m,2022,2A,Sarah van Ornum,Kent Island,11:57.81,pdfs/Winter record book.pdf,36,2026-08-02T19:34:12Z,glm-5.2:cloud
Girls Indoor Track,3200 m,2022,1A,Caroline Matthews,Boonsboro,12:08.04,pdfs/Winter record book.pdf,36,2026-08-02T19:34:12Z,glm-5.2:cloud
Girls Indoor Track,3200 m,2023,4A,Elena Blodnikar,Leonardtown,11:12.30,pdfs/Winter record book.pdf,36,2026-08-02T19:34:12Z,glm-5.2:cloud
Girls Indoor Track,3200 m,2023,3A,Lauren Virmani,River Hill,11:29.29,pdfs/Winter record book.pdf,36,2026-08-02T19:34:12Z,glm-5.2:cloud
Girls Indoor Track,3200 m,2023,2A,Temi Ariyo,Overlea,11:34.49,pdfs/Winter record book.pdf,36,2026-08-02T19:34:12Z,glm-5.2:cloud
Girls Indoor Track,3200 m,2023,1A,Caroline Matthews,Boonsboro,11:26.93,pdfs/Winter record book.pdf,36,2026-08-02T19:34:12Z,glm-5.2:cloud
Girls Indoor Track,3200 m,2024,4A,Katherine Morey,Winston Churchill,10:49.68,pdfs/Winter record book.pdf,36,2026-08-02T19:34:12Z,glm-5.2:cloud
Girls Indoor Track,3200 m,2024,3A,Lauren Stine,North Hagerstown,11:03.58,pdfs/Winter record book.pdf,36,2026-08-02T19:34:12Z,glm-5.2:cloud
Girls Indoor Track,3200 m,2024,2A,Rebekka Hillier,Hereford,11:38.70,pdfs/Winter record book.pdf,36,2026-08-02T19:34:12Z,glm-5.2:cloud
Girls Indoor Track,3200 m,2024,1A,Abigail Horsmon,Patterson Mill,11:38.02,pdfs/Winter record book.pdf,36,2026-08-02T19:34:12Z,glm-5.2:cloud
Girls Indoor Track,3200 m,2025,4A,Emma Colavito,Richard Montgomery,11:00.33,pdfs/Winter record book.pdf,36,2026-08-02T19:34:12Z,glm-5.2:cloud
Girls Indoor Track,3200 m,2025,3A,Lauren Stine,North Hagerstown,10:51.32,pdfs/Winter record book.pdf,36,2026-08-02T19:34:12Z,glm-5.2:cloud
Girls Indoor Track,3200 m,2025,2A,Sylvia Snider,Hereford,11:29.19,pdfs/Winter record book.pdf,36,2026-08-02T19:34:12Z,glm-5.2:cloud
Girls Indoor Track,3200 m,2025,1A,Isabel Devos,Harford Technical,11:37.54,pdfs/Winter record book.pdf,36,2026-08-02T19:34:12Z,glm-5.2:cloud
Girls Indoor Track,55 m Hurdles,1977,AA,Kathy Koing,Gaithersburg,8.7 (60yHH),pdfs/Winter record book.pdf,36,2026-08-02T19:34:12Z,glm-5.2:cloud
Girls Indoor Track,55 m Hurdles,1977,ABC,Sherry Lazarchick,Rockville,8.9 (60yHH) (A),pdfs/Winter record book.pdf,36,2026-08-02T19:34:12Z,glm-5.2:cloud
Girls Indoor Track,55 m Hurdles,1978,AA,Angel Belt,Suitland,8.6 (60yHH),pdfs/Winter record book.pdf,36,2026-08-02T19:34:12Z,glm-5.2:cloud
Girls Indoor Track,55 m Hurdles,1978,ABC,Mary Wilkins,Fairmont Heights,8.6 (60yHH) (A),pdfs/Winter record book.pdf,36,2026-08-02T19:34:12Z,glm-5.2:cloud
Girls Indoor Track,55 m Hurdles,1979,AA,Michelle Burke,Blair,8.4 (60yHH),pdfs/Winter record book.pdf,36,2026-08-02T19:34:12Z,glm-5.2:cloud
Girls Indoor Track,55 m Hurdles,1979,ABC,Mary Wilkins,Fairmont Heights,8.4 (60yHH) (A),pdfs/Winter record book.pdf,36,2026-08-02T19:34:12Z,glm-5.2:cloud
Girls Indoor Track,55 m Hurdles,1980,AA,Myrtle Chester,Laurel,8.2 (60yHH),pdfs/Winter record book.pdf,36,2026-08-02T19:34:12Z,glm-5.2:cloud
Girls Indoor Track,55 m Hurdles,1980,A,Yori Yerrell,Milford Mill,8.7 (60yHH),pdfs/Winter record book.pdf,36,2026-08-02T19:34:12Z,glm-5.2:cloud
Girls Indoor Track,55 m Hurdles,1980,BC,Rachel Clary,Sparrows Point,8.7 (60yHH) (B),pdfs/Winter record book.pdf,36,2026-08-02T19:34:12Z,glm-5.2:cloud
Girls Indoor Track,55 m Hurdles,1981,AA,Kathy Mendel,Dulaney,8.2 (60yHH),pdfs/Winter record book.pdf,36,2026-08-02T19:34:12Z,glm-5.2:cloud
Girls Indoor Track,55 m Hurdles,1981,A,Karen Woods,Central-PG,8.6 (60yHH),pdfs/Winter record book.pdf,36,2026-08-02T19:34:12Z,glm-5.2:cloud
Girls Indoor Track,55 m Hurdles,1981,BC,Diane Thomas,Frederick,8.3 (60yHH) (B),pdfs/Winter record book.pdf,36,2026-08-02T19:34:12Z,glm-5.2:cloud
Girls Indoor Track,55 m Hurdles,1982,AA,Kathy Mendel,Dulaney,8.23 (60yHH),pdfs/Winter record book.pdf,36,2026-08-02T19:34:12Z,glm-5.2:cloud
Girls Indoor Track,55 m Hurdles,1982,A,Karen Woods,Central,8.78 (60yHH),pdfs/Winter record book.pdf,36,2026-08-02T19:34:12Z,glm-5.2:cloud
Girls Indoor Track,55 m Hurdles,1982,BC,Diane Thomas,Frederick,8.36 (60yHH) (B),pdfs/Winter record book.pdf,36,2026-08-02T19:34:12Z,glm-5.2:cloud
Girls Indoor Track,55 m Hurdles,1983,AA,Sharnet Rowlan,Dulaney,8.66 (60yHH),pdfs/Winter record book.pdf,36,2026-08-02T19:34:12Z,glm-5.2:cloud
Girls Indoor Track,55 m Hurdles,1983,A,Denise Grimaldi,Walter Johnson,9.04 (60yHH),pdfs/Winter record book.pdf,36,2026-08-02T19:34:12Z,glm-5.2:cloud
Girls Indoor Track,55 m Hurdles,1983,BC,Diane Thomas,Frederick,8.38 (60yHH) (B),pdfs/Winter record book.pdf,36,2026-08-02T19:34:12Z,glm-5.2:cloud
Girls Indoor Track,55 m Hurdles,1984,AA,Jean Wachter,Old Mill,8.1,pdfs/Winter record book.pdf,36,2026-08-02T19:34:12Z,glm-5.2:cloud
Girls Indoor Track,55 m Hurdles,1984,A,Angela Padra,Wheaton,8.8,pdfs/Winter record book.pdf,36,2026-08-02T19:34:12Z,glm-5.2:cloud
Girls Indoor Track,55 m Hurdles,1984,BC,Lori Amos,Milford Mill,8.3 (B),pdfs/Winter record book.pdf,36,2026-08-02T19:34:12Z,glm-5.2:cloud
Girls Indoor Track,55 m Hurdles,1985,AA,Angela Padra,Wheaton,8.6,pdfs/Winter record book.pdf,36,2026-08-02T19:34:12Z,glm-5.2:cloud
Girls Indoor Track,55 m Hurdles,1985,A,Rhonda Jones,Central,8.8,pdfs/Winter record book.pdf,36,2026-08-02T19:34:12Z,glm-5.2:cloud
Girls Indoor Track,55 m Hurdles,1985,BC,Lori Amos,Milford Mill,8.3 (B),pdfs/Winter record book.pdf,36,2026-08-02T19:34:12Z,glm-5.2:cloud
Girls Indoor Track,55 m Hurdles,1986,Combined,Val Manning,Hammond,8.1 (B),pdfs/Winter record book.pdf,36,2026-08-02T19:34:12Z,glm-5.2:cloud
Girls Indoor Track,55 m Hurdles,1987,AA,Leslie Dancy,Northwestern-PG,8.6,pdfs/Winter record book.pdf,36,2026-08-02T19:34:12Z,glm-5.2:cloud
Girls Indoor Track,55 m Hurdles,1987,A,Jackie McKendree,McDonough,8.5,pdfs/Winter record book.pdf,36,2026-08-02T19:34:12Z,glm-5.2:cloud
Girls Indoor Track,55 m Hurdles,1987,BC,Kellie Roberts,Central,8.5 (B),pdfs/Winter record book.pdf,36,2026-08-02T19:34:12Z,glm-5.2:cloud
Girls Indoor Track,55 m Hurdles,1988,AA,Twanna Shields,Northwestern-PG,8.5,pdfs/Winter record book.pdf,36,2026-08-02T19:34:12Z,glm-5.2:cloud
Girls Indoor Track,55 m Hurdles,1988,A,Becca Gregory,Linganore,9.0,pdfs/Winter record book.pdf,36,2026-08-02T19:34:12Z,glm-5.2:cloud
Girls Indoor Track,55 m Hurdles,1988,BC,Georgette Richardson,Milford Mill,8.6 (C),pdfs/Winter record book.pdf,36,2026-08-02T19:34:12Z,glm-5.2:cloud
Girls Indoor Track,55 m Hurdles,1989,4A,Twanna Shields,Northwestern-PG,8.33,pdfs/Winter record book.pdf,36,2026-08-02T19:34:12Z,glm-5.2:cloud
Girls Indoor Track,55 m Hurdles,1989,3A,Robyn Rook,Franklin,8.91,pdfs/Winter record book.pdf,36,2026-08-02T19:34:12Z,glm-5.2:cloud
Girls Indoor Track,55 m Hurdles,1989,2A-1A,Joyce Redding,Hammond,8.83 (2A),pdfs/Winter record book.pdf,36,2026-08-02T19:34:12Z,glm-5.2:cloud
Girls Indoor Track,55 m Hurdles,1990,4A,Christie Rohleder,Old Mill,8.80,pdfs/Winter record book.pdf,36,2026-08-02T19:34:12Z,glm-5.2:cloud
Girls Indoor Track,55 m Hurdles,1990,3A,Tishona Watson,Surrattsvile,7.73,pdfs/Winter record book.pdf,36,2026-08-02T19:34:12Z,glm-5.2:cloud
Girls Indoor Track,55 m Hurdles,1990,2A-1A,Stephanie Love,Central-PG,8.30 (2A),pdfs/Winter record book.pdf,36,2026-08-02T19:34:12Z,glm-5.2:cloud
Girls Indoor Track,55 m Hurdles,1991,4A,Tyra Moore,Largo,8.40,pdfs/Winter record book.pdf,36,2026-08-02T19:34:12Z,glm-5.2:cloud
Girls Indoor Track,55 m Hurdles,1991,3A,Kim Fullmer,South River,8.40,pdfs/Winter record book.pdf,36,2026-08-02T19:34:12Z,glm-5.2:cloud
Girls Indoor Track,55 m Hurdles,1991,2A-1A,Charmaine Field,Central-PG,8.30 (2A),pdfs/Winter record book.pdf,36,2026-08-02T19:34:12Z,glm-5.2:cloud
Girls Indoor Track,55 m Hurdles,1992,4A,Tyra Moore,Largo,8.25,pdfs/Winter record book.pdf,36,2026-08-02T19:34:12Z,glm-5.2:cloud
Girls Indoor Track,55 m Hurdles,1992,3A,Liz Moreno,Linganore,8.30,pdfs/Winter record book.pdf,36,2026-08-02T19:34:12Z,glm-5.2:cloud
Girls Indoor Track,55 m Hurdles,1992,2A-1A,Kisha Jett,Hammond,8.30 (2A),pdfs/Winter record book.pdf,36,2026-08-02T19:34:12Z,glm-5.2:cloud
Girls Indoor Track,55 m Hurdles,1993,4A,Angie Vaughn,Laurel,8.22,pdfs/Winter record book.pdf,36,2026-08-02T19:34:12Z,glm-5.2:cloud
Girls Indoor Track,55 m Hurdles,1993,3A,Katia Crowe,Seneca Valley,8.88,pdfs/Winter record book.pdf,36,2026-08-02T19:34:12Z,glm-5.2:cloud
Girls Indoor Track,55 m Hurdles,1993,2A-1A,Kisha Jett,Hammond,8.15 (2A),pdfs/Winter record book.pdf,36,2026-08-02T19:34:12Z,glm-5.2:cloud
Girls Indoor Track,55 m Hurdles,1994,4A,Martise Moore,Old Mill,8.45,pdfs/Winter record book.pdf,36,2026-08-02T19:34:12Z,glm-5.2:cloud
Girls Indoor Track,55 m Hurdles,1994,3A,Deborah Ray,Franklin,9.00,pdfs/Winter record book.pdf,36,2026-08-02T19:34:12Z,glm-5.2:cloud
Girls Indoor Track,55 m Hurdles,1994,2A-1A,Kisha Jett,Hammond,8.52 (2A),pdfs/Winter record book.pdf,36,2026-08-02T19:34:12Z,glm-5.2:cloud
Girls Indoor Track,55 m Hurdles,1995,4A,Martise Moore,Old Mill,8.44,pdfs/Winter record book.pdf,36,2026-08-02T19:34:12Z,glm-5.2:cloud
Girls Indoor Track,55 m Hurdles,1995,3A,Renee Holtz,Kennedy,8.72,pdfs/Winter record book.pdf,36,2026-08-02T19:34:12Z,glm-5.2:cloud
Girls Indoor Track,55 m Hurdles,1995,2A-1A,Lindsey Rupp,Glenelg,8.70 (2A),pdfs/Winter record book.pdf,36,2026-08-02T19:34:12Z,glm-5.2:cloud
Girls Indoor Track,55 m Hurdles,1996,4A,Ola Sesay,Eleanor Roosevelt,8.55,pdfs/Winter record book.pdf,36,2026-08-02T19:34:12Z,glm-5.2:cloud
Girls Indoor Track,55 m Hurdles,1996,3A,Ilana Finley,Einstein,8.57,pdfs/Winter record book.pdf,36,2026-08-02T19:34:12Z,glm-5.2:cloud
Girls Indoor Track,55 m Hurdles,1996,2A-1A,Sirena Williams,Central-PG,8.83 (2A),pdfs/Winter record book.pdf,36,2026-08-02T19:34:12Z,glm-5.2:cloud
Girls Indoor Track,55 m Hurdles,1997,4A-3A,Ola Sesay,Eleanor Roosevelt,8.00 (4A),pdfs/Winter record book.pdf,36,2026-08-02T19:34:12Z,glm-5.2:cloud
Girls Indoor Track,55 m Hurdles,1997,3A-2A,Nyjla Littlejohn,Wilde Lake,8.56 (2A),pdfs/Winter record book.pdf,36,2026-08-02T19:34:12Z,glm-5.2:cloud
Girls Indoor Track,55 m Hurdles,1997,2A-1A,Sirena Williams,Central-PG,8.30 (2A),pdfs/Winter record book.pdf,36,2026-08-02T19:34:12Z,glm-5.2:cloud
Girls Indoor Track,55 m Hurdles,1998,4A-3A,Jade Johnson,Lake Clifton,8.76 (4A),pdfs/Winter record book.pdf,36,2026-08-02T19:34:12Z,glm-5.2:cloud
Girls Indoor Track,55 m Hurdles,1998,3A-2A,Indrid Elmore,DuVal,8.63 (3A),pdfs/Winter record book.pdf,36,2026-08-02T19:34:12Z,glm-5.2:cloud
Girls Indoor Track,55 m Hurdles,1998,2A-1A,Ellen Tierney,Boonsboro,8.60 (2A),pdfs/Winter record book.pdf,36,2026-08-02T19:34:12Z,glm-5.2:cloud
Girls Indoor Track,55 m Hurdles,1999,4A-3A,Safiya Davy,Eleanor Roosevelt,8.30 (4A),pdfs/Winter record book.pdf,36,2026-08-02T19:34:12Z,glm-5.2:cloud
Girls Indoor Track,55 m Hurdles,1999,3A-2A,Lekisha Barnaby,Central-PG,8.20 (2A),pdfs/Winter record book.pdf,36,2026-08-02T19:34:12Z,glm-5.2:cloud
Girls Indoor Track,55 m Hurdles,1999,2A-1A,Lindsay Clarke,Hereford,8.80 (1A),pdfs/Winter record book.pdf,36,2026-08-02T19:34:12Z,glm-5.2:cloud
Girls Indoor Track,55 m Hurdles,2000,4A-3A,Schnavia Felder,Suitland,8.50 (4A),pdfs/Winter record book.pdf,36,2026-08-02T19:34:12Z,glm-5.2:cloud
Girls Indoor Track,55 m Hurdles,2000,3A-2A,Cynthia Nicholls,Long Reach,8.66 (3A),pdfs/Winter record book.pdf,36,2026-08-02T19:34:12Z,glm-5.2:cloud
Girls Indoor Track,55 m Hurdles,2000,2A-1A,Rachel Clinton,Oakland Mills,9.00 (2A),pdfs/Winter record book.pdf,36,2026-08-02T19:34:12Z,glm-5.2:cloud
Girls Indoor Track,55 m Hurdles,2001,4A-3A,Romona Modeste,Eleanor Roosevelt,8.50 (4A),pdfs/Winter record book.pdf,36,2026-08-02T19:34:12Z,glm-5.2:cloud
Girls Indoor Track,55 m Hurdles,2001,3A-2A,Tiffany Nesfield,C.H. Flowers,8.39 (2A),pdfs/Winter record book.pdf,36,2026-08-02T19:34:12Z,glm-5.2:cloud
Girls Indoor Track,55 m Hurdles,2001,2A-1A,Rachel Clinton,Oakland Mills,8.55 (2A),pdfs/Winter record book.pdf,36,2026-08-02T19:34:12Z,glm-5.2:cloud
Girls Indoor Track,55 m Hurdles,2002,4A-3A,Danielle Watson,Gaithersburg,8.51 (4A),pdfs/Winter record book.pdf,36,2026-08-02T19:34:12Z,glm-5.2:cloud
Girls Indoor Track,55 m Hurdles,2002,3A-2A,Jeannette Curtis,Mount Hebron,8.40 (3A),pdfs/Winter record book.pdf,36,2026-08-02T19:34:12Z,glm-5.2:cloud
Girls Indoor Track,55 m Hurdles,2002,2A-1A,Lindsay Pfeiffer,Fort Hill,8.84 (2A),pdfs/Winter record book.pdf,36,2026-08-02T19:34:12Z,glm-5.2:cloud
Girls Indoor Track,55 m Hurdles,2003,4A-3A,Tiffany Nesfield,C.H. Flowers,8.15 (4A),pdfs/Winter record book.pdf,36,2026-08-02T19:34:12Z,glm-5.2:cloud
Girls Indoor Track,55 m Hurdles,2003,3A-2A,Jeannette Curtis,Mount Hebron,8.18 (3A),pdfs/Winter record book.pdf,36,2026-08-02T19:34:12Z,glm-5.2:cloud
Girls Indoor Track,55 m Hurdles,2003,2A-1A,Lindsay Grigoriev,Atholton,8.71 (2A),pdfs/Winter record book.pdf,36,2026-08-02T19:34:12Z,glm-5.2:cloud
Girls Indoor Track,55 m Hurdles,2004,4A-3A,Tiffany Nesfield,C.H. Flowers,8.05 (4A),pdfs/Winter record book.pdf,36,2026-08-02T19:34:12Z,glm-5.2:cloud
Girls Indoor Track,55 m Hurdles,2004,3A-2A,Arian Forbes,Milford Mill,8.52 (3A),pdfs/Winter record book.pdf,36,2026-08-02T19:34:12Z,glm-5.2:cloud
Girls Indoor Track,55 m Hurdles,2004,2A-1A,Sarah Hensley,Boonsboro,8.66 (1A),pdfs/Winter record book.pdf,36,2026-08-02T19:34:12Z,glm-5.2:cloud
Girls Indoor Track,55 m Hurdles,2005,4A-3A,Theresa Lewis,Western-B,7.95 (3A),pdfs/Winter record book.pdf,36,2026-08-02T19:34:12Z,glm-5.2:cloud
Girls Indoor Track,55 m Hurdles,2005,3A-2A,Janay Woolridge,Long Reach,8.48 (3A),pdfs/Winter record book.pdf,36,2026-08-02T19:34:12Z,glm-5.2:cloud
Girls Indoor Track,55 m Hurdles,2005,2A-1A,Sarah Hensley,Boonsboro,8.64 (1A),pdfs/Winter record book.pdf,36,2026-08-02T19:34:12Z,glm-5.2:cloud
Girls Indoor Track,55 m Hurdles,2006,4A-3A,Theresa Lewis,Western-B,8.01 (3A),pdfs/Winter record book.pdf,36,2026-08-02T19:34:12Z,glm-5.2:cloud
Girls Indoor Track,55 m Hurdles,2006,3A-2A,Nicole Robinson,Atholton,8.48 (2A),pdfs/Winter record book.pdf,36,2026-08-02T19:34:12Z,glm-5.2:cloud
Girls Indoor Track,55 m Hurdles,2006,2A-1A,Selena Haggins,Central-PG,8.74 (2A),pdfs/Winter record book.pdf,36,2026-08-02T19:34:12Z,glm-5.2:cloud
Girls Indoor Track,55 m Hurdles,2007,4A-3A,Audrey Gariepy-Bogui,Churchill,8.12 (4A),pdfs/Winter record book.pdf,36,2026-08-02T19:34:12Z,glm-5.2:cloud
Girls Indoor Track,55 m Hurdles,2007,3A-2A,Christen Griffin,McDonough,8.29 (2A),pdfs/Winter record book.pdf,36,2026-08-02T19:34:12Z,glm-5.2:cloud
Girls Indoor Track,55 m Hurdles,2007,2A-1A,Selena Haggins,Central-PG,8.60 (2A),pdfs/Winter record book.pdf,36,2026-08-02T19:34:12Z,glm-5.2:cloud
Girls Indoor Track,55 m Hurdles,2008,4A,Imani Colbert,C.H. Flowers,8.37,pdfs/Winter record book.pdf,36,2026-08-02T19:34:12Z,glm-5.2:cloud
Girls Indoor Track,55 m Hurdles,2008,3A,Christina Manning,Westlake,7.98,pdfs/Winter record book.pdf,36,2026-08-02T19:34:12Z,glm-5.2:cloud
Girls Indoor Track,55 m Hurdles,2008,2A,Geranda Williams,North Point,8.79,pdfs/Winter record book.pdf,36,2026-08-02T19:34:12Z,glm-5.2:cloud
Girls Indoor Track,55 m Hurdles,2008,1A,Fallon Rovel-Jones,New Town,8.76,pdfs/Winter record book.pdf,36,2026-08-02T19:34:12Z,glm-5.2:cloud
Girls Indoor Track,55 m Hurdles,2009,4A,Lorraine Graham,C.H. Flowers,8.12,pdfs/Winter record book.pdf,36,2026-08-02T19:34:12Z,glm-5.2:cloud
Girls Indoor Track,55 m Hurdles,2009,3A,Kamilah Browne,Reservoir,8.48,pdfs/Winter record book.pdf,36,2026-08-02T19:34:12Z,glm-5.2:cloud
Girls Indoor Track,55 m Hurdles,2009,2A,Geranda Williams,North Point,8.57,pdfs/Winter record book.pdf,36,2026-08-02T19:34:12Z,glm-5.2:cloud
Girls Indoor Track,55 m Hurdles,2009,1A,Olivia Durr,Poolesville,8.62,pdfs/Winter record book.pdf,36,2026-08-02T19:34:12Z,glm-5.2:cloud
Girls Indoor Track,55 m Hurdles,2010,4A,Lorraine Graham,C.H. Flowers,8.19,pdfs/Winter record book.pdf,36,2026-08-02T19:34:12Z,glm-5.2:cloud
Girls Indoor Track,55 m Hurdles,2010,3A,Vernetta Biggs,Friendly,8.46,pdfs/Winter record book.pdf,36,2026-08-02T19:34:12Z,glm-5.2:cloud
Girls Indoor Track,55 m Hurdles,2010,2A,Jacqueline Tape,Long Reach,8:58,pdfs/Winter record book.pdf,36,2026-08-02T19:34:12Z,glm-5.2:cloud
Girls Indoor Track,55 m Hurdles,2010,1A,Amanda Gates,Manchester Valley,9:06,pdfs/Winter record book.pdf,36,2026-08-02T19:34:12Z,glm-5.2:cloud
Girls Indoor Track,55 m Hurdles,2011,4A,Alexis Franklin,Old Mill,8.22,pdfs/Winter record book.pdf,36,2026-08-02T19:34:12Z,glm-5.2:cloud
Girls Indoor Track,55 m Hurdles,2011,3A,Thea Lafond,Kennedy,8.39,pdfs/Winter record book.pdf,36,2026-08-02T19:34:12Z,glm-5.2:cloud
Girls Indoor Track,55 m Hurdles,2011,2A,Jacqueline Tape,Long Reach,8.70,pdfs/Winter record book.pdf,36,2026-08-02T19:34:12Z,glm-5.2:cloud
Girls Indoor Track,55 m Hurdles,2011,1A,Amber Baker,Forestville,8.90,pdfs/Winter record book.pdf,36,2026-08-02T19:34:12Z,glm-5.2:cloud
Girls Indoor Track,55 m Hurdles,2012,4A,Mobolaji Adeokun,DuVal,8.07,pdfs/Winter record book.pdf,36,2026-08-02T19:34:12Z,glm-5.2:cloud
Girls Indoor Track,55 m Hurdles,2012,3A,Christine London,Howard,8.15,pdfs/Winter record book.pdf,36,2026-08-02T19:34:12Z,glm-5.2:cloud
Girls Indoor Track,55 m Hurdles,2012,2A,Modesty Lorick,Douglass-PG,8.32,pdfs/Winter record book.pdf,36,2026-08-02T19:34:12Z,glm-5.2:cloud
Girls Indoor Track,55 m Hurdles,2012,1A,Maggie Sullivan,Boonsboro,8.59,pdfs/Winter record book.pdf,36,2026-08-02T19:34:12Z,glm-5.2:cloud
Girls Indoor Track,55 m Hurdles,2013,4A,Gwen Shaw,Wootton,8.18,pdfs/Winter record book.pdf,36,2026-08-02T19:34:12Z,glm-5.2:cloud
Girls Indoor Track,55 m Hurdles,2013,3A,Christine London,Howard,7.98,pdfs/Winter record book.pdf,36,2026-08-02T19:34:12Z,glm-5.2:cloud
Girls Indoor Track,55 m Hurdles,2013,2A,Modesty Lorick,Douglass-PG,8.27,pdfs/Winter record book.pdf,36,2026-08-02T19:34:12Z,glm-5.2:cloud
Girls Indoor Track,55 m Hurdles,2013,1A,Maggie Sullivan,Boonsboro,8.65,pdfs/Winter record book.pdf,36,2026-08-02T19:34:12Z,glm-5.2:cloud
Girls Indoor Track,55 m Hurdles,2014,4A,Alexus Pyles,Clarksburg,8.32,pdfs/Winter record book.pdf,36,2026-08-02T19:34:12Z,glm-5.2:cloud
Girls Indoor Track,55 m Hurdles,2014,3A,Mary Mowoe,Tuscarora,8.19,pdfs/Winter record book.pdf,36,2026-08-02T19:34:12Z,glm-5.2:cloud
Girls Indoor Track,55 m Hurdles,2014,2A,Maggie Sullivan,Boonsboro,8.47,pdfs/Winter record book.pdf,36,2026-08-02T19:34:12Z,glm-5.2:cloud
Girls Indoor Track,55 m Hurdles,2014,1A,Haley Cianfarini,North Carroll,8.61,pdfs/Winter record book.pdf,36,2026-08-02T19:34:12Z,glm-5.2:cloud
Girls Indoor Track,55 m Hurdles,2015,4A,Alexus Pyles,Clarksburg,8.07,pdfs/Winter record book.pdf,36,2026-08-02T19:34:12Z,glm-5.2:cloud
Girls Indoor Track,55 m Hurdles,2015,3A,Sydney Williams,Lackey,8.34,pdfs/Winter record book.pdf,36,2026-08-02T19:34:12Z,glm-5.2:cloud
Girls Indoor Track,55 m Hurdles,2015,2A,Abby Stultz,Oakdale,8.55,pdfs/Winter record book.pdf,36,2026-08-02T19:34:12Z,glm-5.2:cloud
Girls Indoor Track,55 m Hurdles,2015,1A,Khaalea Collins,Surrattsville,9.12,pdfs/Winter record book.pdf,36,2026-08-02T19:34:12Z,glm-5.2:cloud
Girls Indoor Track,55 m Hurdles,2016,4A,Madeleine Akobundu,DuVal,8.19,pdfs/Winter record book.pdf,36,2026-08-02T19:34:12Z,glm-5.2:cloud
Girls Indoor Track,55 m Hurdles,2016,3A,Deja Stevenson,Baltimore Polytechnic,8.42,pdfs/Winter record book.pdf,36,2026-08-02T19:34:12Z,glm-5.2:cloud
Girls Indoor Track,55 m Hurdles,2016,2A,Sydney Williams,Henry E. Lackey,8.24,pdfs/Winter record book.pdf,36,2026-08-02T19:34:12Z,glm-5.2:cloud
Girls Indoor Track,55 m Hurdles,2016,1A,Khaalea Collins,Surrattsville,9.02,pdfs/Winter record book.pdf,36,2026-08-02T19:34:12Z,glm-5.2:cloud
Girls Indoor Track,55 m Hurdles,2017,4A,Editta Pessima,Northwest,8.28,pdfs/Winter record book.pdf,36,2026-08-02T19:34:12Z,glm-5.2:cloud
Girls Indoor Track,55 m Hurdles,2017,3A,Nadia Hackett,Baltimore Polytechnic,8.34,pdfs/Winter record book.pdf,36,2026-08-02T19:34:12Z,glm-5.2:cloud
Girls Indoor Track,55 m Hurdles,2017,2A,Karryngton Harrison,Friendly,8.20,pdfs/Winter record book.pdf,36,2026-08-02T19:34:12Z,glm-5.2:cloud
Girls Indoor Track,55 m Hurdles,2017,1A,Khaalea Collins,Surrattsville,8.90,pdfs/Winter record book.pdf,36,2026-08-02T19:34:12Z,glm-5.2:cloud
Girls Indoor Track,55 m Hurdles,2018,4A,Editta Pessima,Northwest,8.09,pdfs/Winter record book.pdf,36,2026-08-02T19:34:12Z,glm-5.2:cloud
Girls Indoor Track,55 m Hurdles,2018,3A,Adaobi Tabugbo,Reservoir,8.43,pdfs/Winter record book.pdf,36,2026-08-02T19:34:12Z,glm-5.2:cloud
Girls Indoor Track,55 m Hurdles,2018,2A,Deborah Gnoumou,Seneca Valley,8.82,pdfs/Winter record book.pdf,36,2026-08-02T19:34:12Z,glm-5.2:cloud
Girls Indoor Track,55 m Hurdles,2018,1A,Taylor Williams,Henry E. Lackey,8.54,pdfs/Winter record book.pdf,36,2026-08-02T19:34:12Z,glm-5.2:cloud
Girls Indoor Track,55 m Hurdles,2019,4A,KayaRae Dunbar,Paint Branch,8.14,pdfs/Winter record book.pdf,36,2026-08-02T19:34:12Z,glm-5.2:cloud
Girls Indoor Track,55 m Hurdles,2019,3A,Adaobi Tabugbo,Reservoir,8.27,pdfs/Winter record book.pdf,36,2026-08-02T19:34:12Z,glm-5.2:cloud
Girls Indoor Track,55 m Hurdles,2019,2A,Emily Lewis,North Caroline,8.57,pdfs/Winter record book.pdf,36,2026-08-02T19:34:12Z,glm-5.2:cloud
Girls Indoor Track,55 m Hurdles,2019,1A,Mya King,Sparrows Point,8.19,pdfs/Winter record book.pdf,36,2026-08-02T19:34:12Z,glm-5.2:cloud
Girls Indoor Track,55 m Hurdles,2020,4A,KayaRae Dunbar,Paint Branch,8.14,pdfs/Winter record book.pdf,36,2026-08-02T19:34:12Z,glm-5.2:cloud
Girls Indoor Track,55 m Hurdles,2020,3A,Adaobi Tabugbo,Reservoir,8.36,pdfs/Winter record book.pdf,36,2026-08-02T19:34:12Z,glm-5.2:cloud
Girls Indoor Track,55 m Hurdles,2020,2A,Samantha Cash,North Caroline,8.78,pdfs/Winter record book.pdf,36,2026-08-02T19:34:12Z,glm-5.2:cloud
Girls Indoor Track,55 m Hurdles,2020,1A,Alysha Robinson,Largo,8.99,pdfs/Winter record book.pdf,36,2026-08-02T19:34:12Z,glm-5.2:cloud
Girls Indoor Track,55 m Hurdles,2022,4A,Corinne Ball,North Point,8.67,pdfs/Winter record book.pdf,36,2026-08-02T19:34:12Z,glm-5.2:cloud
Girls Indoor Track,55 m Hurdles,2022,3A,Denisha McLaurin,Woodlawn,9.05,pdfs/Winter record book.pdf,36,2026-08-02T19:34:12Z,glm-5.2:cloud
Girls Indoor Track,55 m Hurdles,2022,2A,Chelsea Whitehurst,Friendly,8.56,pdfs/Winter record book.pdf,36,2026-08-02T19:34:12Z,glm-5.2:cloud
Girls Indoor Track,55 m Hurdles,2022,1A,Aniyah Fersner,Largo,9.53,pdfs/Winter record book.pdf,36,2026-08-02T19:34:12Z,glm-5.2:cloud
Girls Indoor Track,55 m Hurdles,2023,4A,Nina Pitt,Charles H. Flowers,8.31,pdfs/Winter record book.pdf,36,2026-08-02T19:34:12Z,glm-5.2:cloud
Girls Indoor Track,55 m Hurdles,2023,3A,Larasia Buckner,River Hill,8.53,pdfs/Winter record book.pdf,36,2026-08-02T19:34:12Z,glm-5.2:cloud
Girls Indoor Track,55 m Hurdles,2023,2A,Morgan Lane,Hammond,8.37,pdfs/Winter record book.pdf,36,2026-08-02T19:34:12Z,glm-5.2:cloud
Girls Indoor Track,55 m Hurdles,2023,1A,Aniyah Fersner,Largo,8.47,pdfs/Winter record book.pdf,36,2026-08-02T19:34:12Z,glm-5.2:cloud
Girls Indoor Track,55 m Hurdles,2024,4A,Destiny Coleman,Woodlawn,7.96,pdfs/Winter record book.pdf,36,2026-08-02T19:34:12Z,glm-5.2:cloud
Girls Indoor Track,55 m Hurdles,2024,3A,Kayla Rorie,Great Mills,8.45,pdfs/Winter record book.pdf,36,2026-08-02T19:34:12Z,glm-5.2:cloud
Girls Indoor Track,55 m Hurdles,2024,2A,Ava Allen,Middletown,8.39,pdfs/Winter record book.pdf,36,2026-08-02T19:34:12Z,glm-5.2:cloud
Girls Indoor Track,55 m Hurdles,2024,1A,Enazajah Young,Cambridge-SD,8.25,pdfs/Winter record book.pdf,36,2026-08-02T19:34:12Z,glm-5.2:cloud
Girls Indoor Track,55 m Hurdles,2025,4A,Destiny Coleman,Woodlawn,7.93,pdfs/Winter record book.pdf,36,2026-08-02T19:34:12Z,glm-5.2:cloud
Girls Indoor Track,55 m Hurdles,2025,3A,Ariyah Edwards,Baltimore City College,8.22,pdfs/Winter record book.pdf,36,2026-08-02T19:34:12Z,glm-5.2:cloud
Girls Indoor Track,55 m Hurdles,2025,2A,Abiola Owens,Glenelg,8.53,pdfs/Winter record book.pdf,36,2026-08-02T19:34:12Z,glm-5.2:cloud
Girls Indoor Track,55 m Hurdles,2025,1A,Enazajah Young,Cambridge-SD,8.01,pdfs/Winter record book.pdf,36,2026-08-02T19:34:12Z,glm-5.2:cloud
Girls Indoor Track,4x200 m Relay,1986,Combined,Oxon Hill,Oxon Hill,1:48.9,pdfs/Winter record book.pdf,37,2026-08-02T19:35:51Z,glm-5.2:cloud
Girls Indoor Track,4x200 m Relay,1987,AA,Largo,Largo,1:48.9,pdfs/Winter record book.pdf,37,2026-08-02T19:35:51Z,glm-5.2:cloud
Girls Indoor Track,4x200 m Relay,1987,A,Magruder,Magruder,1:53.1,pdfs/Winter record book.pdf,37,2026-08-02T19:35:51Z,glm-5.2:cloud
Girls Indoor Track,4x200 m Relay,1987,BC,Central-PG,Central-PG,1:50.3,pdfs/Winter record book.pdf,37,2026-08-02T19:35:51Z,glm-5.2:cloud
Girls Indoor Track,4x200 m Relay,1988,AA,High Point/Old Mill,High Point/Old Mill,1:52.2,pdfs/Winter record book.pdf,37,2026-08-02T19:35:51Z,glm-5.2:cloud
Girls Indoor Track,4x200 m Relay,1988,A,Linganore,Linganore,1:54.6,pdfs/Winter record book.pdf,37,2026-08-02T19:35:51Z,glm-5.2:cloud
Girls Indoor Track,4x200 m Relay,1988,BC,Central-PG,Central-PG,1:50.8,pdfs/Winter record book.pdf,37,2026-08-02T19:35:51Z,glm-5.2:cloud
Girls Indoor Track,4x200 m Relay,1989,4A,Seneca Valley,Seneca Valley,1:52.4,pdfs/Winter record book.pdf,37,2026-08-02T19:35:51Z,glm-5.2:cloud
Girls Indoor Track,4x200 m Relay,1989,3A,Paint Branch,Paint Branch,1:52.2,pdfs/Winter record book.pdf,37,2026-08-02T19:35:51Z,glm-5.2:cloud
Girls Indoor Track,4x200 m Relay,1989,2A-1A,Central-PG,Central-PG,1:53.94,pdfs/Winter record book.pdf,37,2026-08-02T19:35:51Z,glm-5.2:cloud
Girls Indoor Track,4x200 m Relay,1990,4A,Oxon Hill,Oxon Hill,1:52.3,pdfs/Winter record book.pdf,37,2026-08-02T19:35:51Z,glm-5.2:cloud
Girls Indoor Track,4x200 m Relay,1990,3A,Bladensburg,Bladensburg,1:52.0,pdfs/Winter record book.pdf,37,2026-08-02T19:35:51Z,glm-5.2:cloud
Girls Indoor Track,4x200 m Relay,1990,2A-1A,Central-PG,Central-PG,1:52.3,pdfs/Winter record book.pdf,37,2026-08-02T19:35:51Z,glm-5.2:cloud
Girls Indoor Track,4x200 m Relay,1991,4A,Eleanor Roosevelt,Eleanor Roosevelt,1:47.0,pdfs/Winter record book.pdf,37,2026-08-02T19:35:51Z,glm-5.2:cloud
Girls Indoor Track,4x200 m Relay,1991,3A,Bladensburg,Bladensburg,1:52.8,pdfs/Winter record book.pdf,37,2026-08-02T19:35:51Z,glm-5.2:cloud
Girls Indoor Track,4x200 m Relay,1991,2A-1A,Central-PG,Central-PG,1:50.5,pdfs/Winter record book.pdf,37,2026-08-02T19:35:51Z,glm-5.2:cloud
Girls Indoor Track,4x200 m Relay,1992,4A,Eleanor Roosevelt,Eleanor Roosevelt,1:45.84,pdfs/Winter record book.pdf,37,2026-08-02T19:35:51Z,glm-5.2:cloud
Girls Indoor Track,4x200 m Relay,1992,3A,Howard,Howard,1:55.0,pdfs/Winter record book.pdf,37,2026-08-02T19:35:51Z,glm-5.2:cloud
Girls Indoor Track,4x200 m Relay,1992,2A-1A,Central-PG,Central-PG,1:51.6,pdfs/Winter record book.pdf,37,2026-08-02T19:35:51Z,glm-5.2:cloud
Girls Indoor Track,4x200 m Relay,1993,4A,Eleanor Roosevelt,Eleanor Roosevelt,1:46.9,pdfs/Winter record book.pdf,37,2026-08-02T19:35:51Z,glm-5.2:cloud
Girls Indoor Track,4x200 m Relay,1993,3A,Einstein,Einstein,1:51.4,pdfs/Winter record book.pdf,37,2026-08-02T19:35:51Z,glm-5.2:cloud
Girls Indoor Track,4x200 m Relay,1993,2A-1A,Surrattsville,Surrattsville,1:54.4,pdfs/Winter record book.pdf,37,2026-08-02T19:35:51Z,glm-5.2:cloud
Girls Indoor Track,4x200 m Relay,1994,4A,Eleanor Roosevelt,Eleanor Roosevelt,1:46.2,pdfs/Winter record book.pdf,37,2026-08-02T19:35:51Z,glm-5.2:cloud
Girls Indoor Track,4x200 m Relay,1994,3A,Linganore,Linganore,1:55.7,pdfs/Winter record book.pdf,37,2026-08-02T19:35:51Z,glm-5.2:cloud
Girls Indoor Track,4x200 m Relay,1994,2A-1A,Hammond,Hammond,1:52.5,pdfs/Winter record book.pdf,37,2026-08-02T19:35:51Z,glm-5.2:cloud
Girls Indoor Track,4x200 m Relay,1995,4A,Eleanor Roosevelt,Eleanor Roosevelt,1:46.9,pdfs/Winter record book.pdf,37,2026-08-02T19:35:51Z,glm-5.2:cloud
Girls Indoor Track,4x200 m Relay,1995,3A,Howard,Howard,1:49.8,pdfs/Winter record book.pdf,37,2026-08-02T19:35:51Z,glm-5.2:cloud
Girls Indoor Track,4x200 m Relay,1995,2A-1A,Wilde Lake,Wilde Lake,1:49.8,pdfs/Winter record book.pdf,37,2026-08-02T19:35:51Z,glm-5.2:cloud
Girls Indoor Track,4x200 m Relay,1996,4A,Oxon Hill,Oxon Hill,1:46.0,pdfs/Winter record book.pdf,37,2026-08-02T19:35:51Z,glm-5.2:cloud
Girls Indoor Track,4x200 m Relay,1996,3A,Frederick,Frederick,1:51.7,pdfs/Winter record book.pdf,37,2026-08-02T19:35:51Z,glm-5.2:cloud
Girls Indoor Track,4x200 m Relay,1996,2A-1A,Central-PG,Central-PG,1:47.7,pdfs/Winter record book.pdf,37,2026-08-02T19:35:51Z,glm-5.2:cloud
Girls Indoor Track,4x200 m Relay,1997,4A-3A,Eleanor Roosevelt,Eleanor Roosevelt,1:44.4,pdfs/Winter record book.pdf,37,2026-08-02T19:35:51Z,glm-5.2:cloud
Girls Indoor Track,4x200 m Relay,1997,3A-2A,Douglass-PG,Douglass-PG,1:50.7,pdfs/Winter record book.pdf,37,2026-08-02T19:35:51Z,glm-5.2:cloud
Girls Indoor Track,4x200 m Relay,1997,2A-1A,Central-PG,Central-PG,1:47.7,pdfs/Winter record book.pdf,37,2026-08-02T19:35:51Z,glm-5.2:cloud
Girls Indoor Track,4x200 m Relay,1998,4A-3A,Eleanor Roosevelt,Eleanor Roosevelt,1:45.2,pdfs/Winter record book.pdf,37,2026-08-02T19:35:51Z,glm-5.2:cloud
Girls Indoor Track,4x200 m Relay,1998,3A-2A,Douglass-PG,Douglass-PG,1:49.2,pdfs/Winter record book.pdf,37,2026-08-02T19:35:51Z,glm-5.2:cloud
Girls Indoor Track,4x200 m Relay,1998,2A-1A,Atholton,Atholton,1:53.0,pdfs/Winter record book.pdf,37,2026-08-02T19:35:51Z,glm-5.2:cloud
Girls Indoor Track,4x200 m Relay,1999,4A-3A,Eleanor Roosevelt,Eleanor Roosevelt,1:46.0,pdfs/Winter record book.pdf,37,2026-08-02T19:35:51Z,glm-5.2:cloud
Girls Indoor Track,4x200 m Relay,1999,3A-2A,Central-PG,Central-PG,1:46.7,pdfs/Winter record book.pdf,37,2026-08-02T19:35:51Z,glm-5.2:cloud
Girls Indoor Track,4x200 m Relay,1999,2A-1A,Glenelg,Glenelg,1:54.2,pdfs/Winter record book.pdf,37,2026-08-02T19:35:51Z,glm-5.2:cloud
Girls Indoor Track,4x200 m Relay,2000,4A-3A,Largo,Largo,1:45.3,pdfs/Winter record book.pdf,37,2026-08-02T19:35:51Z,glm-5.2:cloud
Girls Indoor Track,4x200 m Relay,2000,3A-2A,Long Reach,Long Reach,1:48.9,pdfs/Winter record book.pdf,37,2026-08-02T19:35:51Z,glm-5.2:cloud
Girls Indoor Track,4x200 m Relay,2000,2A-1A,Northwest,Northwest,1:54.4,pdfs/Winter record book.pdf,37,2026-08-02T19:35:51Z,glm-5.2:cloud
Girls Indoor Track,4x200 m Relay,2001,4A-3A,Eleanor Roosevelt,Eleanor Roosevelt,1:42.00,pdfs/Winter record book.pdf,37,2026-08-02T19:35:51Z,glm-5.2:cloud
Girls Indoor Track,4x200 m Relay,2001,3A-2A,Long Reach,Long Reach,1:48.94,pdfs/Winter record book.pdf,37,2026-08-02T19:35:51Z,glm-5.2:cloud
Girls Indoor Track,4x200 m Relay,2001,2A-1A,Poolesville,Poolesville,1:51.51,pdfs/Winter record book.pdf,37,2026-08-02T19:35:51Z,glm-5.2:cloud
Girls Indoor Track,4x200 m Relay,2002,4A-3A,Eleanor Roosevelt,Eleanor Roosevelt,1:40.79,pdfs/Winter record book.pdf,37,2026-08-02T19:35:51Z,glm-5.2:cloud
Girls Indoor Track,4x200 m Relay,2002,3A-2A,Hammond,Hammond,1:47.04,pdfs/Winter record book.pdf,37,2026-08-02T19:35:51Z,glm-5.2:cloud
Girls Indoor Track,4x200 m Relay,2002,2A-1A,Poolesville,Poolesville,1:47.27,pdfs/Winter record book.pdf,37,2026-08-02T19:35:51Z,glm-5.2:cloud
Girls Indoor Track,4x200 m Relay,2003,4A-3A,C.H. Flowers,C.H. Flowers,1:46.33,pdfs/Winter record book.pdf,37,2026-08-02T19:35:51Z,glm-5.2:cloud
Girls Indoor Track,4x200 m Relay,2003,3A-2A,Milford Mill,Milford Mill,1:47.88,pdfs/Winter record book.pdf,37,2026-08-02T19:35:51Z,glm-5.2:cloud
Girls Indoor Track,4x200 m Relay,2003,2A-1A,Poolesville,Poolesville,1:48.78,pdfs/Winter record book.pdf,37,2026-08-02T19:35:51Z,glm-5.2:cloud
Girls Indoor Track,4x200 m Relay,2004,4A-3A,Eleanor Roosevelt,Eleanor Roosevelt,1:42.52,pdfs/Winter record book.pdf,37,2026-08-02T19:35:51Z,glm-5.2:cloud
Girls Indoor Track,4x200 m Relay,2004,3A-2A,Westlake,Westlake,1:46.90,pdfs/Winter record book.pdf,37,2026-08-02T19:35:51Z,glm-5.2:cloud
Girls Indoor Track,4x200 m Relay,2004,2A-1A,Edmondson,Edmondson,1:48.31,pdfs/Winter record book.pdf,37,2026-08-02T19:35:51Z,glm-5.2:cloud
Girls Indoor Track,4x200 m Relay,2005,4A-3A,Eleanor Roosevelt,Eleanor Roosevelt,1:42.54,pdfs/Winter record book.pdf,37,2026-08-02T19:35:51Z,glm-5.2:cloud
Girls Indoor Track,4x200 m Relay,2005,3A-2A,Friendly,Friendly,1:44.85,pdfs/Winter record book.pdf,37,2026-08-02T19:35:51Z,glm-5.2:cloud
Girls Indoor Track,4x200 m Relay,2005,2A-1A,Edmondson,Edmondson,1:45.56,pdfs/Winter record book.pdf,37,2026-08-02T19:35:51Z,glm-5.2:cloud
Girls Indoor Track,4x200 m Relay,2006,4A-3A,Eleanor Roosevelt,Eleanor Roosevelt,1:43.64,pdfs/Winter record book.pdf,37,2026-08-02T19:35:51Z,glm-5.2:cloud
Girls Indoor Track,4x200 m Relay,2006,3A-2A,Friendly,Friendly,1:45.07,pdfs/Winter record book.pdf,37,2026-08-02T19:35:51Z,glm-5.2:cloud
Girls Indoor Track,4x200 m Relay,2006,2A-1A,New Town,New Town,1:47.84,pdfs/Winter record book.pdf,37,2026-08-02T19:35:51Z,glm-5.2:cloud
Girls Indoor Track,4x200 m Relay,2007,4A-3A,Eleanor Roosevelt,Eleanor Roosevelt,1:41.72,pdfs/Winter record book.pdf,37,2026-08-02T19:35:51Z,glm-5.2:cloud
Girls Indoor Track,4x200 m Relay,2007,3A-2A,North Carroll,North Carroll,1:45.71,pdfs/Winter record book.pdf,37,2026-08-02T19:35:51Z,glm-5.2:cloud
Girls Indoor Track,4x200 m Relay,2007,2A-1A,Digital Harbor,Digital Harbor,1:47.45,pdfs/Winter record book.pdf,37,2026-08-02T19:35:51Z,glm-5.2:cloud
Girls Indoor Track,4x200 m Relay,2008,4A,Eleanor Roosevelt,Eleanor Roosevelt,1:43.58,pdfs/Winter record book.pdf,37,2026-08-02T19:35:51Z,glm-5.2:cloud
Girls Indoor Track,4x200 m Relay,2008,3A,Western-B,Western-B,1:44.32,pdfs/Winter record book.pdf,37,2026-08-02T19:35:51Z,glm-5.2:cloud
Girls Indoor Track,4x200 m Relay,2008,2A,Middletown,Middletown,1:47.84,pdfs/Winter record book.pdf,37,2026-08-02T19:35:51Z,glm-5.2:cloud
Girls Indoor Track,4x200 m Relay,2008,1A,Western STES,Western STES,1:45.72,pdfs/Winter record book.pdf,37,2026-08-02T19:35:51Z,glm-5.2:cloud
Girls Indoor Track,4x200 m Relay,2009,4A,Eleanor Roosevelt,Eleanor Roosevelt,1:41.31,pdfs/Winter record book.pdf,37,2026-08-02T19:35:51Z,glm-5.2:cloud
Girls Indoor Track,4x200 m Relay,2009,3A,Paint Branch,Paint Branch,1:43.40,pdfs/Winter record book.pdf,37,2026-08-02T19:35:51Z,glm-5.2:cloud
Girls Indoor Track,4x200 m Relay,2009,2A,Middletown,Middletown,1:48.00,pdfs/Winter record book.pdf,37,2026-08-02T19:35:51Z,glm-5.2:cloud
Girls Indoor Track,4x200 m Relay,2009,1A,Digital Harbor,Digital Harbor,1:48.94,pdfs/Winter record book.pdf,37,2026-08-02T19:35:51Z,glm-5.2:cloud
Girls Indoor Track,4x200 m Relay,2010,4A,Northwest,Northwest,1:42.86,pdfs/Winter record book.pdf,37,2026-08-02T19:35:51Z,glm-5.2:cloud
Girls Indoor Track,4x200 m Relay,2010,3A,Western-B,Western-B,1:46.87,pdfs/Winter record book.pdf,37,2026-08-02T19:35:51Z,glm-5.2:cloud
Girls Indoor Track,4x200 m Relay,2010,2A,Long Reach,Long Reach,1:47.49,pdfs/Winter record book.pdf,37,2026-08-02T19:35:51Z,glm-5.2:cloud
Girls Indoor Track,4x200 m Relay,2010,1A,Harford Technical,Harford Technical,1:52.07,pdfs/Winter record book.pdf,37,2026-08-02T19:35:51Z,glm-5.2:cloud
Girls Indoor Track,4x200 m Relay,2011,4A,Northwest,Northwest,1:44.82,pdfs/Winter record book.pdf,37,2026-08-02T19:35:51Z,glm-5.2:cloud
Girls Indoor Track,4x200 m Relay,2011,3A,Western-B,Western-B,1:47.72,pdfs/Winter record book.pdf,37,2026-08-02T19:35:51Z,glm-5.2:cloud
Girls Indoor Track,4x200 m Relay,2011,2A,Hammond,Hammond,1:46.91,pdfs/Winter record book.pdf,37,2026-08-02T19:35:51Z,glm-5.2:cloud
Girls Indoor Track,4x200 m Relay,2011,1A,Harford Technical,Harford Technical,1:48.14,pdfs/Winter record book.pdf,37,2026-08-02T19:35:51Z,glm-5.2:cloud
Girls Indoor Track,4x200 m Relay,2012,4A,Northwest,Northwest,1:43.63,pdfs/Winter record book.pdf,37,2026-08-02T19:35:51Z,glm-5.2:cloud
Girls Indoor Track,4x200 m Relay,2012,3A,Milford Mill,Milford Mill,1:44.01,pdfs/Winter record book.pdf,37,2026-08-02T19:35:51Z,glm-5.2:cloud
Girls Indoor Track,4x200 m Relay,2012,2A,Largo,Largo,1:46.42,pdfs/Winter record book.pdf,37,2026-08-02T19:35:51Z,glm-5.2:cloud
Girls Indoor Track,4x200 m Relay,2012,1A,Northwestern-B,Northwestern-B,1:47.95,pdfs/Winter record book.pdf,37,2026-08-02T19:35:51Z,glm-5.2:cloud
Girls Indoor Track,4x200 m Relay,2013,4A,Bowie,Bowie,1:44.10,pdfs/Winter record book.pdf,37,2026-08-02T19:35:51Z,glm-5.2:cloud
Girls Indoor Track,4x200 m Relay,2013,3A,Huntingtown,Huntingtown,1:46.23,pdfs/Winter record book.pdf,37,2026-08-02T19:35:51Z,glm-5.2:cloud
Girls Indoor Track,4x200 m Relay,2013,2A,Largo,Largo,1:46.39,pdfs/Winter record book.pdf,37,2026-08-02T19:35:51Z,glm-5.2:cloud
Girls Indoor Track,4x200 m Relay,2013,1A,Western STES,Western STES,1:49.71,pdfs/Winter record book.pdf,37,2026-08-02T19:35:51Z,glm-5.2:cloud
Girls Indoor Track,4x200 m Relay,2014,4A,Paint Branch,Paint Branch,1:43.91,pdfs/Winter record book.pdf,37,2026-08-02T19:35:51Z,glm-5.2:cloud
Girls Indoor Track,4x200 m Relay,2014,3A,Milford Mill,Milford Mill,1:44.64,pdfs/Winter record book.pdf,37,2026-08-02T19:35:51Z,glm-5.2:cloud
Girls Indoor Track,4x200 m Relay,2014,2A,Largo,Largo,1:46.77,pdfs/Winter record book.pdf,37,2026-08-02T19:35:51Z,glm-5.2:cloud
Girls Indoor Track,4x200 m Relay,2014,1A,New Town,New Town,1:50.15,pdfs/Winter record book.pdf,37,2026-08-02T19:35:51Z,glm-5.2:cloud
Girls Indoor Track,4x200 m Relay,2015,4A,Paint Branch,Paint Branch,1:44.53,pdfs/Winter record book.pdf,37,2026-08-02T19:35:51Z,glm-5.2:cloud
Girls Indoor Track,4x200 m Relay,2015,3A,Westlake,Westlake,1:45.81,pdfs/Winter record book.pdf,37,2026-08-02T19:35:51Z,glm-5.2:cloud
Girls Indoor Track,4x200 m Relay,2015,2A,Western STES,Western STES,1:47.82,pdfs/Winter record book.pdf,37,2026-08-02T19:35:51Z,glm-5.2:cloud
Girls Indoor Track,4x200 m Relay,2015,1A,Surrattsville,Surrattsville,1:48.66,pdfs/Winter record book.pdf,37,2026-08-02T19:35:51Z,glm-5.2:cloud
Girls Indoor Track,4x200 m Relay,2016,4A,Charles H. Flowers,Charles H. Flowers,1:43.48,pdfs/Winter record book.pdf,37,2026-08-02T19:35:51Z,glm-5.2:cloud
Girls Indoor Track,4x200 m Relay,2016,3A,Tuscarora,Tuscarora,1:47.07,pdfs/Winter record book.pdf,37,2026-08-02T19:35:51Z,glm-5.2:cloud
Girls Indoor Track,4x200 m Relay,2016,2A,Friendly,Friendly,1:46.29,pdfs/Winter record book.pdf,37,2026-08-02T19:35:51Z,glm-5.2:cloud
Girls Indoor Track,4x200 m Relay,2016,1A,Surrattsville,Surrattsville,1:49.05,pdfs/Winter record book.pdf,37,2026-08-02T19:35:51Z,glm-5.2:cloud
Girls Indoor Track,4x200 m Relay,2017,4A,Charles H. Flowers,Charles H. Flowers,1:43.87,pdfs/Winter record book.pdf,37,2026-08-02T19:35:51Z,glm-5.2:cloud
Girls Indoor Track,4x200 m Relay,2017,3A,Frederick,Frederick,1:45.63,pdfs/Winter record book.pdf,37,2026-08-02T19:35:51Z,glm-5.2:cloud
Girls Indoor Track,4x200 m Relay,2017,2A,Friendly,Friendly,1:44.96,pdfs/Winter record book.pdf,37,2026-08-02T19:35:51Z,glm-5.2:cloud
Girls Indoor Track,4x200 m Relay,2017,1A,Boonsboro,Boonsboro,1:53.25,pdfs/Winter record book.pdf,37,2026-08-02T19:35:51Z,glm-5.2:cloud
Girls Indoor Track,4x200 m Relay,2018,4A,"Dr. Henry A. Wise, Jr.","Dr. Henry A. Wise, Jr.",1:45.26,pdfs/Winter record book.pdf,37,2026-08-02T19:35:51Z,glm-5.2:cloud
Girls Indoor Track,4x200 m Relay,2018,3A,James H. Blake,James H. Blake,1:43.54,pdfs/Winter record book.pdf,37,2026-08-02T19:35:51Z,glm-5.2:cloud
Girls Indoor Track,4x200 m Relay,2018,2A,Westlake,Westlake,1:47.19,pdfs/Winter record book.pdf,37,2026-08-02T19:35:51Z,glm-5.2:cloud
Girls Indoor Track,4x200 m Relay,2018,1A,Henry E. Lackey,Henry E. Lackey,1:44.05,pdfs/Winter record book.pdf,37,2026-08-02T19:35:51Z,glm-5.2:cloud
Girls Indoor Track,4x200 m Relay,2019,4A,Northwest,Northwest,1:45.19,pdfs/Winter record book.pdf,37,2026-08-02T19:35:51Z,glm-5.2:cloud
Girls Indoor Track,4x200 m Relay,2019,3A,James H. Blake,James H. Blake,1:42.29,pdfs/Winter record book.pdf,37,2026-08-02T19:35:51Z,glm-5.2:cloud
Girls Indoor Track,4x200 m Relay,2019,2A,Harford Technical,Harford Technical,1:44.62,pdfs/Winter record book.pdf,37,2026-08-02T19:35:51Z,glm-5.2:cloud
Girls Indoor Track,4x200 m Relay,2019,1A,Frederick Douglass-PG,Frederick Douglass-PG,1:43.12,pdfs/Winter record book.pdf,37,2026-08-02T19:35:51Z,glm-5.2:cloud
Girls Indoor Track,4x200 m Relay,2020,4A,Urbana,Urbana,1:45.00,pdfs/Winter record book.pdf,37,2026-08-02T19:35:51Z,glm-5.2:cloud
Girls Indoor Track,4x200 m Relay,2020,3A,Reservoir,Reservoir,1:45.39,pdfs/Winter record book.pdf,37,2026-08-02T19:35:51Z,glm-5.2:cloud
Girls Indoor Track,4x200 m Relay,2020,2A,Carver Center for Arts & Technology,Carver Center for Arts & Technology,1:45.94,pdfs/Winter record book.pdf,37,2026-08-02T19:35:51Z,glm-5.2:cloud
Girls Indoor Track,4x200 m Relay,2020,1A,Surrattsville,Surrattsville,1:47.90,pdfs/Winter record book.pdf,37,2026-08-02T19:35:51Z,glm-5.2:cloud
Girls Indoor Track,4x200 m Relay,2022,4A,Urbana,Urbana,1:51.95,pdfs/Winter record book.pdf,37,2026-08-02T19:35:51Z,glm-5.2:cloud
Girls Indoor Track,4x200 m Relay,2022,3A,River Hill,River Hill,1:50.66,pdfs/Winter record book.pdf,37,2026-08-02T19:35:51Z,glm-5.2:cloud
Girls Indoor Track,4x200 m Relay,2022,2A,Century,Century,1:52.48,pdfs/Winter record book.pdf,37,2026-08-02T19:35:51Z,glm-5.2:cloud
Girls Indoor Track,4x200 m Relay,2022,1A,Largo,Largo,1:50.99,pdfs/Winter record book.pdf,37,2026-08-02T19:35:51Z,glm-5.2:cloud
Girls Indoor Track,4x200 m Relay,2023,4A,Wheaton,Wheaton,1:45.92,pdfs/Winter record book.pdf,37,2026-08-02T19:35:51Z,glm-5.2:cloud
Girls Indoor Track,4x200 m Relay,2023,3A,Mount Hebron,Mount Hebron,1:45.53,pdfs/Winter record book.pdf,37,2026-08-02T19:35:51Z,glm-5.2:cloud
Girls Indoor Track,4x200 m Relay,2023,2A,Oakland Mills,Oakland Mills,1:46.15,pdfs/Winter record book.pdf,37,2026-08-02T19:35:51Z,glm-5.2:cloud
Girls Indoor Track,4x200 m Relay,2023,1A,Smithsburg,Smithsburg,1:51.96,pdfs/Winter record book.pdf,37,2026-08-02T19:35:51Z,glm-5.2:cloud
Girls Indoor Track,4x200 m Relay,2024,4A,Charles H. Flowers,Charles H. Flowers,1:43.37,pdfs/Winter record book.pdf,37,2026-08-02T19:35:51Z,glm-5.2:cloud
Girls Indoor Track,4x200 m Relay,2024,3A,Arundel,Arundel,1:46.10,pdfs/Winter record book.pdf,37,2026-08-02T19:35:51Z,glm-5.2:cloud
Girls Indoor Track,4x200 m Relay,2024,2A,Frederick Douglass-PG,Frederick Douglass-PG,1:46.88,pdfs/Winter record book.pdf,37,2026-08-02T19:35:51Z,glm-5.2:cloud
Girls Indoor Track,4x200 m Relay,2024,1A,Harford Technical,Harford Technical,1:47.35,pdfs/Winter record book.pdf,37,2026-08-02T19:35:51Z,glm-5.2:cloud
Girls Indoor Track,4x200 m Relay,2025,4A,Woodlawn,Woodlawn,1:42.97,pdfs/Winter record book.pdf,37,2026-08-02T19:35:51Z,glm-5.2:cloud
Girls Indoor Track,4x200 m Relay,2025,3A,Oxon Hill,Oxon Hill,1:43.14,pdfs/Winter record book.pdf,37,2026-08-02T19:35:51Z,glm-5.2:cloud
Girls Indoor Track,4x200 m Relay,2025,2A,Frederick Douglass-PG,Frederick Douglass-PG,1:46.39,pdfs/Winter record book.pdf,37,2026-08-02T19:35:51Z,glm-5.2:cloud
Girls Indoor Track,4x200 m Relay,2025,1A,Harford Technical,Harford Technical,1:46.20,pdfs/Winter record book.pdf,37,2026-08-02T19:35:51Z,glm-5.2:cloud
Girls Indoor Track,4x400 m Relay,1977,AA,Severna Park,Severna Park,4:11.7,pdfs/Winter record book.pdf,37,2026-08-02T19:35:51Z,glm-5.2:cloud
Girls Indoor Track,4x400 m Relay,1977,ABC,Walter Johnson,Walter Johnson,4:05.1,pdfs/Winter record book.pdf,37,2026-08-02T19:35:51Z,glm-5.2:cloud
Girls Indoor Track,4x400 m Relay,1978,AA,Crossland,Crossland,4:10.0,pdfs/Winter record book.pdf,37,2026-08-02T19:35:51Z,glm-5.2:cloud
Girls Indoor Track,4x400 m Relay,1978,ABC,Central-PG,Central-PG,4:07.6,pdfs/Winter record book.pdf,37,2026-08-02T19:35:51Z,glm-5.2:cloud
Girls Indoor Track,4x400 m Relay,1979,AA,Whitman,Whitman,4:11.8,pdfs/Winter record book.pdf,37,2026-08-02T19:35:51Z,glm-5.2:cloud
Girls Indoor Track,4x400 m Relay,1979,ABC,Central-PG,Central-PG,4:13.1,pdfs/Winter record book.pdf,37,2026-08-02T19:35:51Z,glm-5.2:cloud
Girls Indoor Track,4x400 m Relay,1980,AA,Friendly,Friendly,4:02.2,pdfs/Winter record book.pdf,37,2026-08-02T19:35:51Z,glm-5.2:cloud
Girls Indoor Track,4x400 m Relay,1980,A,B-CC,B-CC,4:14.4,pdfs/Winter record book.pdf,37,2026-08-02T19:35:51Z,glm-5.2:cloud
Girls Indoor Track,4x400 m Relay,1980,BC,Oakland Mills,Oakland Mills,4:18.9,pdfs/Winter record book.pdf,37,2026-08-02T19:35:51Z,glm-5.2:cloud
Girls Indoor Track,4x400 m Relay,1981,AA,Bladensburg,Bladensburg,4:01.7,pdfs/Winter record book.pdf,37,2026-08-02T19:35:51Z,glm-5.2:cloud
Girls Indoor Track,4x400 m Relay,1981,A,Central-PG,Central-PG,4:10.2,pdfs/Winter record book.pdf,37,2026-08-02T19:35:51Z,glm-5.2:cloud
Girls Indoor Track,4x400 m Relay,1981,BC,Frederick,Frederick,4:12.4,pdfs/Winter record book.pdf,37,2026-08-02T19:35:51Z,glm-5.2:cloud
Girls Indoor Track,4x400 m Relay,1982,AA,Severna Park,Severna Park,4:06.1,pdfs/Winter record book.pdf,37,2026-08-02T19:35:51Z,glm-5.2:cloud
Girls Indoor Track,4x400 m Relay,1982,A,Central-PG,Central-PG,4:08.1,pdfs/Winter record book.pdf,37,2026-08-02T19:35:51Z,glm-5.2:cloud
Girls Indoor Track,4x400 m Relay,1982,BC,Woodward,Woodward,4:16.0,pdfs/Winter record book.pdf,37,2026-08-02T19:35:51Z,glm-5.2:cloud
Girls Indoor Track,4x400 m Relay,1983,AA,Largo,Largo,4:11.7,pdfs/Winter record book.pdf,37,2026-08-02T19:35:51Z,glm-5.2:cloud
Girls Indoor Track,4x400 m Relay,1983,A,Central,Central,4:06.5,pdfs/Winter record book.pdf,37,2026-08-02T19:35:51Z,glm-5.2:cloud
Girls Indoor Track,4x400 m Relay,1983,BC,Douglass-PG,Douglass-PG,4:17.1,pdfs/Winter record book.pdf,37,2026-08-02T19:35:51Z,glm-5.2:cloud
Girls Indoor Track,4x400 m Relay,1984,AA,Suitland,Suitland,4:06.3,pdfs/Winter record book.pdf,37,2026-08-02T19:35:51Z,glm-5.2:cloud
Girls Indoor Track,4x400 m Relay,1984,A,Central-PG,Central-PG,4:15.7,pdfs/Winter record book.pdf,37,2026-08-02T19:35:51Z,glm-5.2:cloud
Girls Indoor Track,4x400 m Relay,1984,BC,Milford Mill,Milford Mill,4:22.0,pdfs/Winter record book.pdf,37,2026-08-02T19:35:51Z,glm-5.2:cloud
Girls Indoor Track,4x400 m Relay,1985,AA,Suitland,Suitland,4:14.4,pdfs/Winter record book.pdf,37,2026-08-02T19:35:51Z,glm-5.2:cloud
Girls Indoor Track,4x400 m Relay,1985,A,Towson,Towson,4:22.8,pdfs/Winter record book.pdf,37,2026-08-02T19:35:51Z,glm-5.2:cloud
Girls Indoor Track,4x400 m Relay,1985,BC,Linganore,Linganore,4:25.9,pdfs/Winter record book.pdf,37,2026-08-02T19:35:51Z,glm-5.2:cloud
Girls Indoor Track,4x400 m Relay,1986,Combined,Douglass-PG,Douglass-PG,4:13.6,pdfs/Winter record book.pdf,37,2026-08-02T19:35:51Z,glm-5.2:cloud
Girls Indoor Track,4x400 m Relay,1987,AA,Largo,Largo,4:09.8,pdfs/Winter record book.pdf,37,2026-08-02T19:35:51Z,glm-5.2:cloud
Girls Indoor Track,4x400 m Relay,1987,A,Towson,Towson,4:25.8,pdfs/Winter record book.pdf,37,2026-08-02T19:35:51Z,glm-5.2:cloud
Girls Indoor Track,4x400 m Relay,1987,BC,Milford Mill,Milford Mill,4:18.9,pdfs/Winter record book.pdf,37,2026-08-02T19:35:51Z,glm-5.2:cloud
Girls Indoor Track,4x400 m Relay,1988,AA,Largo,Largo,4:14.4,pdfs/Winter record book.pdf,37,2026-08-02T19:35:51Z,glm-5.2:cloud
Girls Indoor Track,4x400 m Relay,1988,A,Linganore,Linganore,4:27.1,pdfs/Winter record book.pdf,37,2026-08-02T19:35:51Z,glm-5.2:cloud
Girls Indoor Track,4x400 m Relay,1988,BC,Central-PG,Central-PG,4:14.0,pdfs/Winter record book.pdf,37,2026-08-02T19:35:51Z,glm-5.2:cloud
Girls Indoor Track,4x400 m Relay,1989,4A,Largo,Largo,4:11.09,pdfs/Winter record book.pdf,37,2026-08-02T19:35:51Z,glm-5.2:cloud
Girls Indoor Track,4x400 m Relay,1989,3A,Linganore,Linganore,4:26.66,pdfs/Winter record book.pdf,37,2026-08-02T19:35:51Z,glm-5.2:cloud
Girls Indoor Track,4x400 m Relay,1989,2A-1A,Central-PG,Central-PG,4:19.94,pdfs/Winter record book.pdf,37,2026-08-02T19:35:51Z,glm-5.2:cloud
Girls Indoor Track,4x400 m Relay,1990,4A,Oxon Hill,Oxon Hill,4:19.3,pdfs/Winter record book.pdf,37,2026-08-02T19:35:51Z,glm-5.2:cloud
Girls Indoor Track,4x400 m Relay,1990,3A,Bladensburg,Bladensburg,4:25.6,pdfs/Winter record book.pdf,37,2026-08-02T19:35:51Z,glm-5.2:cloud
Girls Indoor Track,4x400 m Relay,1990,2A-1A,Central-PG,Central-PG,4:25.1,pdfs/Winter record book.pdf,37,2026-08-02T19:35:51Z,glm-5.2:cloud
Girls Indoor Track,4x400 m Relay,1991,4A,Eleanor Roosevelt,Eleanor Roosevelt,4:09.8,pdfs/Winter record book.pdf,37,2026-08-02T19:35:51Z,glm-5.2:cloud
Girls Indoor Track,4x400 m Relay,1991,3A,Bladensburg,Bladensburg,4:22.6,pdfs/Winter record book.pdf,37,2026-08-02T19:35:51Z,glm-5.2:cloud
Girls Indoor Track,4x400 m Relay,1991,2A-1A,Central-PG,Central-PG,4:22.0,pdfs/Winter record book.pdf,37,2026-08-02T19:35:51Z,glm-5.2:cloud
Girls Indoor Track,4x400 m Relay,1992,4A,Eleanor Roosevelt,Eleanor Roosevelt,4:12.79,pdfs/Winter record book.pdf,37,2026-08-02T19:35:51Z,glm-5.2:cloud
Girls Indoor Track,4x400 m Relay,1992,3A,Bladensburg,Bladensburg,4:19.1,pdfs/Winter record book.pdf,37,2026-08-02T19:35:51Z,glm-5.2:cloud
Girls Indoor Track,4x400 m Relay,1992,2A-1A,Central-PG,Central-PG,4:21.2,pdfs/Winter record book.pdf,37,2026-08-02T19:35:51Z,glm-5.2:cloud
Girls Indoor Track,4x400 m Relay,1993,4A,Eleanor Roosevelt,Eleanor Roosevelt,4:04.6,pdfs/Winter record book.pdf,37,2026-08-02T19:35:51Z,glm-5.2:cloud
Girls Indoor Track,4x400 m Relay,1993,3A,Watkins Mill,Watkins Mill,4:21.2,pdfs/Winter record book.pdf,37,2026-08-02T19:35:51Z,glm-5.2:cloud
Girls Indoor Track,4x400 m Relay,1993,2A-1A,Central-PG,Central-PG,4:26.0,pdfs/Winter record book.pdf,37,2026-08-02T19:35:51Z,glm-5.2:cloud
Girls Indoor Track,4x400 m Relay,1994,4A,Eleanor Roosevelt,Eleanor Roosevelt,4:06.0,pdfs/Winter record book.pdf,37,2026-08-02T19:35:51Z,glm-5.2:cloud
Girls Indoor Track,4x400 m Relay,1994,3A,Whitman,Whitman,4:28.3,pdfs/Winter record book.pdf,37,2026-08-02T19:35:51Z,glm-5.2:cloud
Girls Indoor Track,4x400 m Relay,1994,2A-1A,Central-PG,Central-PG,4:22.9,pdfs/Winter record book.pdf,37,2026-08-02T19:35:51Z,glm-5.2:cloud
Girls Indoor Track,4x400 m Relay,1995,4A,Eleanor Roosevelt,Eleanor Roosevelt,4:04.8,pdfs/Winter record book.pdf,37,2026-08-02T19:35:51Z,glm-5.2:cloud
Girls Indoor Track,4x400 m Relay,1995,3A,Paint Branch,Paint Branch,4:14.7,pdfs/Winter record book.pdf,37,2026-08-02T19:35:51Z,glm-5.2:cloud
Girls Indoor Track,4x400 m Relay,1995,2A-1A,Fairmont Heights,Fairmont Heights,4:12.7,pdfs/Winter record book.pdf,37,2026-08-02T19:35:51Z,glm-5.2:cloud
Girls Indoor Track,4x400 m Relay,1996,4A,Eleanor Roosevelt,Eleanor Roosevelt,4:08.3,pdfs/Winter record book.pdf,37,2026-08-02T19:35:51Z,glm-5.2:cloud
Girls Indoor Track,4x400 m Relay,1996,3A,Howard,Howard,4:17.8,pdfs/Winter record book.pdf,37,2026-08-02T19:35:51Z,glm-5.2:cloud
Girls Indoor Track,4x400 m Relay,1996,2A-1A,Fairmont Heights,Fairmont Heights,4:06.3,pdfs/Winter record book.pdf,37,2026-08-02T19:35:51Z,glm-5.2:cloud
Girls Indoor Track,4x400 m Relay,1997,4A-3A,Oxon Hill,Oxon Hill,4:06.1,pdfs/Winter record book.pdf,37,2026-08-02T19:35:51Z,glm-5.2:cloud
Girls Indoor Track,4x400 m Relay,1997,3A-2A,Douglass-PG,Douglass-PG,4:16.6,pdfs/Winter record book.pdf,37,2026-08-02T19:35:51Z,glm-5.2:cloud
Girls Indoor Track,4x400 m Relay,1997,2A-1A,Central-PG,Central-PG,4:17.9,pdfs/Winter record book.pdf,37,2026-08-02T19:35:51Z,glm-5.2:cloud
Girls Indoor Track,4x400 m Relay,1998,4A-3A,Western-B,Western-B,4:09.5,pdfs/Winter record book.pdf,37,2026-08-02T19:35:51Z,glm-5.2:cloud
Girls Indoor Track,4x400 m Relay,1998,3A-2A,Douglass-PG,Douglass-PG,4:06.5,pdfs/Winter record book.pdf,37,2026-08-02T19:35:51Z,glm-5.2:cloud
Girls Indoor Track,4x400 m Relay,1998,2A-1A,Oakland Mills,Oakland Mills,4:17.6,pdfs/Winter record book.pdf,37,2026-08-02T19:35:51Z,glm-5.2:cloud
Girls Indoor Track,4x400 m Relay,1999,4A-3A,Western-B,Western-B,4:12.2,pdfs/Winter record book.pdf,37,2026-08-02T19:35:51Z,glm-5.2:cloud
Girls Indoor Track,4x400 m Relay,1999,3A-2A,Douglass-PG,Douglass-PG,4:10.7,pdfs/Winter record book.pdf,37,2026-08-02T19:35:51Z,glm-5.2:cloud
Girls Indoor Track,4x400 m Relay,1999,2A-1A,Glenelg,Glenelg,4:24.1,pdfs/Winter record book.pdf,37,2026-08-02T19:35:51Z,glm-5.2:cloud
Girls Indoor Track,4x400 m Relay,2000,4A-3A,Eleanor Roosevelt,Eleanor Roosevelt,4:05.7,pdfs/Winter record book.pdf,37,2026-08-02T19:35:51Z,glm-5.2:cloud
Girls Indoor Track,4x400 m Relay,2000,3A-2A,Central-PG,Central-PG,4:11.8,pdfs/Winter record book.pdf,37,2026-08-02T19:35:51Z,glm-5.2:cloud
Girls Indoor Track,4x400 m Relay,2000,2A-1A,Northwest,Northwest,4:22.4,pdfs/Winter record book.pdf,37,2026-08-02T19:35:51Z,glm-5.2:cloud
Girls Indoor Track,4x400 m Relay,2001,4A-3A,Eleanor Roosevelt,Eleanor Roosevelt,3:55.30,pdfs/Winter record book.pdf,37,2026-08-02T19:35:51Z,glm-5.2:cloud
Girls Indoor Track,4x400 m Relay,2001,3A-2A,Bladensburg,Bladensburg,4:11.63,pdfs/Winter record book.pdf,37,2026-08-02T19:35:51Z,glm-5.2:cloud
Girls Indoor Track,4x400 m Relay,2001,2A-1A,Middletown,Middletown,4:15.36,pdfs/Winter record book.pdf,37,2026-08-02T19:35:51Z,glm-5.2:cloud
Girls Indoor Track,4x400 m Relay,2002,4A-3A,Largo,Largo,3:55.05,pdfs/Winter record book.pdf,37,2026-08-02T19:35:51Z,glm-5.2:cloud
Girls Indoor Track,4x400 m Relay,2002,3A-2A,Milford Mill,Milford Mill,4:08.98,pdfs/Winter record book.pdf,37,2026-08-02T19:35:51Z,glm-5.2:cloud
Girls Indoor Track,4x400 m Relay,2002,2A-1A,Fairmont Heights,Fairmont Heights,4:13.50,pdfs/Winter record book.pdf,37,2026-08-02T19:35:51Z,glm-5.2:cloud
Girls Indoor Track,4x400 m Relay,2003,4A-3A,Largo,Largo,4:03.90,pdfs/Winter record book.pdf,37,2026-08-02T19:35:51Z,glm-5.2:cloud
Girls Indoor Track,4x400 m Relay,2003,3A-2A,Milford Mill,Milford Mill,4:07.84,pdfs/Winter record book.pdf,37,2026-08-02T19:35:51Z,glm-5.2:cloud
Girls Indoor Track,4x400 m Relay,2003,2A-1A,Poolesville,Poolesville,4:16.99,pdfs/Winter record book.pdf,37,2026-08-02T19:35:51Z,glm-5.2:cloud
Girls Indoor Track,4x400 m Relay,2004,4A-3A,Eleanor Roosevelt,Eleanor Roosevelt,3:56.89,pdfs/Winter record book.pdf,37,2026-08-02T19:35:51Z,glm-5.2:cloud
Girls Indoor Track,4x400 m Relay,2004,3A-2A,Kennedy,Kennedy,4:11.11,pdfs/Winter record book.pdf,37,2026-08-02T19:35:51Z,glm-5.2:cloud
Girls Indoor Track,4x400 m Relay,2004,2A-1A,Poolesville,Poolesville,4:10.40,pdfs/Winter record book.pdf,37,2026-08-02T19:35:51Z,glm-5.2:cloud
Girls Indoor Track,4x400 m Relay,2005,4A-3A,Eleanor Roosevelt,Eleanor Roosevelt,3:58.59,pdfs/Winter record book.pdf,37,2026-08-02T19:35:51Z,glm-5.2:cloud
Girls Indoor Track,4x400 m Relay,2005,3A-2A,Kennedy,Kennedy,4:06.82,pdfs/Winter record book.pdf,37,2026-08-02T19:35:51Z,glm-5.2:cloud
Girls Indoor Track,4x400 m Relay,2005,2A-1A,Atholton,Atholton,4:11.41,pdfs/Winter record book.pdf,37,2026-08-02T19:35:51Z,glm-5.2:cloud
Girls Indoor Track,4x400 m Relay,2006,4A-3A,Eleanor Roosevelt,Eleanor Roosevelt,3:57.98,pdfs/Winter record book.pdf,37,2026-08-02T19:35:51Z,glm-5.2:cloud
Girls Indoor Track,4x400 m Relay,2006,3A-2A,Mergenthaler,Mergenthaler,4:02.54,pdfs/Winter record book.pdf,37,2026-08-02T19:35:51Z,glm-5.2:cloud
Girls Indoor Track,4x400 m Relay,2006,2A-1A,Central-PG,Central-PG,4:07.02,pdfs/Winter record book.pdf,37,2026-08-02T19:35:51Z,glm-5.2:cloud
Girls Indoor Track,4x400 m Relay,2007,4A-3A,Eleanor Roosevelt,Eleanor Roosevelt,3:52.18,pdfs/Winter record book.pdf,37,2026-08-02T19:35:51Z,glm-5.2:cloud
Girls Indoor Track,4x400 m Relay,2007,3A-2A,Mergenthaler,Mergenthaler,4:04.96,pdfs/Winter record book.pdf,37,2026-08-02T19:35:51Z,glm-5.2:cloud
Girls Indoor Track,4x400 m Relay,2007,2A-1A,Digital Harbor,Digital Harbor,4:05.00,pdfs/Winter record book.pdf,37,2026-08-02T19:35:51Z,glm-5.2:cloud
Girls Indoor Track,4x400 m Relay,2008,4A,Eleanor Roosevelt,Eleanor Roosevelt,3:58.24,pdfs/Winter record book.pdf,37,2026-08-02T19:35:51Z,glm-5.2:cloud
Girls Indoor Track,4x400 m Relay,2008,3A,Long Reach,Long Reach,4:09.61,pdfs/Winter record book.pdf,37,2026-08-02T19:35:51Z,glm-5.2:cloud
Girls Indoor Track,4x400 m Relay,2008,2A,Central-PG,Central-PG,4:09.31,pdfs/Winter record book.pdf,37,2026-08-02T19:35:51Z,glm-5.2:cloud
Girls Indoor Track,4x400 m Relay,2008,1A,Poolesville,Poolesville,4:14.99,pdfs/Winter record book.pdf,37,2026-08-02T19:35:51Z,glm-5.2:cloud
Girls Indoor Track,High Jump,1977,AA,Cathy Kurrus,Churchill,5-02,pdfs/Winter record book.pdf,38,2026-08-02T19:36:00Z,glm-5.2:cloud
Girls Indoor Track,High Jump,1977,ABC,Betty Rawlings,Largo,5-02 (A),pdfs/Winter record book.pdf,38,2026-08-02T19:36:00Z,glm-5.2:cloud
Girls Indoor Track,High Jump,1978,AA,Betty Rawlings,Largo,5-05,pdfs/Winter record book.pdf,38,2026-08-02T19:36:00Z,glm-5.2:cloud
Girls Indoor Track,High Jump,1978,ABC,Shannon Brady,Richard Montgomery,5-03 (A),pdfs/Winter record book.pdf,38,2026-08-02T19:36:00Z,glm-5.2:cloud
Girls Indoor Track,4x400 m Relay,2009,4A,,Eleanor Roosevelt,4:01.33,pdfs/Winter record book.pdf,38,2026-08-02T19:36:00Z,glm-5.2:cloud
Girls Indoor Track,4x400 m Relay,2009,3A,,Paint Branch,4:03.03,pdfs/Winter record book.pdf,38,2026-08-02T19:36:00Z,glm-5.2:cloud
Girls Indoor Track,4x400 m Relay,2009,2A,,North Point,4:10.34,pdfs/Winter record book.pdf,38,2026-08-02T19:36:00Z,glm-5.2:cloud
Girls Indoor Track,4x400 m Relay,2009,1A,,Digital Harbor,4:14.33,pdfs/Winter record book.pdf,38,2026-08-02T19:36:00Z,glm-5.2:cloud
Girls Indoor Track,4x400 m Relay,2010,4A,,Northwest,4:00.17,pdfs/Winter record book.pdf,38,2026-08-02T19:36:00Z,glm-5.2:cloud
Girls Indoor Track,4x400 m Relay,2010,3A,,Damascus,4:09.40,pdfs/Winter record book.pdf,38,2026-08-02T19:36:00Z,glm-5.2:cloud
Girls Indoor Track,4x400 m Relay,2010,2A,,Long Reach,4:09.29,pdfs/Winter record book.pdf,38,2026-08-02T19:36:00Z,glm-5.2:cloud
Girls Indoor Track,4x400 m Relay,2010,1A,,Western STES,4:21.17,pdfs/Winter record book.pdf,38,2026-08-02T19:36:00Z,glm-5.2:cloud
Girls Indoor Track,4x400 m Relay,2011,4A,,Northwest,4:02.34,pdfs/Winter record book.pdf,38,2026-08-02T19:36:00Z,glm-5.2:cloud
Girls Indoor Track,4x400 m Relay,2011,3A,,Thomas Stone,4:10.45,pdfs/Winter record book.pdf,38,2026-08-02T19:36:00Z,glm-5.2:cloud
Girls Indoor Track,4x400 m Relay,2011,2A,,Digital Harbor,4:07.90,pdfs/Winter record book.pdf,38,2026-08-02T19:36:00Z,glm-5.2:cloud
Girls Indoor Track,4x400 m Relay,2011,1A,,Northwestern-B,4:16.59,pdfs/Winter record book.pdf,38,2026-08-02T19:36:00Z,glm-5.2:cloud
Girls Indoor Track,4x400 m Relay,2012,4A,,Eleanor Roosevelt,4:00.90,pdfs/Winter record book.pdf,38,2026-08-02T19:36:00Z,glm-5.2:cloud
Girls Indoor Track,4x400 m Relay,2012,3A,,Thomas Stone,4:02.30,pdfs/Winter record book.pdf,38,2026-08-02T19:36:00Z,glm-5.2:cloud
Girls Indoor Track,4x400 m Relay,2012,2A,,Largo,4:03.50,pdfs/Winter record book.pdf,38,2026-08-02T19:36:00Z,glm-5.2:cloud
Girls Indoor Track,4x400 m Relay,2012,1A,,Western STES,4:07.03,pdfs/Winter record book.pdf,38,2026-08-02T19:36:00Z,glm-5.2:cloud
Girls Indoor Track,4x400 m Relay,2013,4A,,Bowie,4:01.48,pdfs/Winter record book.pdf,38,2026-08-02T19:36:00Z,glm-5.2:cloud
Girls Indoor Track,4x400 m Relay,2013,3A,,Thomas Stone,4:05.10,pdfs/Winter record book.pdf,38,2026-08-02T19:36:00Z,glm-5.2:cloud
Girls Indoor Track,4x400 m Relay,2013,2A,,Largo,4:06.74,pdfs/Winter record book.pdf,38,2026-08-02T19:36:00Z,glm-5.2:cloud
Girls Indoor Track,4x400 m Relay,2013,1A,,Western STES,4:08.75,pdfs/Winter record book.pdf,38,2026-08-02T19:36:00Z,glm-5.2:cloud
Girls Indoor Track,4x400 m Relay,2014,4A,,Paint Branch,4:03.12,pdfs/Winter record book.pdf,38,2026-08-02T19:36:00Z,glm-5.2:cloud
Girls Indoor Track,4x400 m Relay,2014,3A,,Milford Mill,3:56.03,pdfs/Winter record book.pdf,38,2026-08-02T19:36:00Z,glm-5.2:cloud
Girls Indoor Track,4x400 m Relay,2014,2A,,Largo,4:05.35,pdfs/Winter record book.pdf,38,2026-08-02T19:36:00Z,glm-5.2:cloud
Girls Indoor Track,4x400 m Relay,2014,1A,,Pikesville,4:20.80,pdfs/Winter record book.pdf,38,2026-08-02T19:36:00Z,glm-5.2:cloud
Girls Indoor Track,4x400 m Relay,2015,4A,,James H. Blake,3:58.62,pdfs/Winter record book.pdf,38,2026-08-02T19:36:00Z,glm-5.2:cloud
Girls Indoor Track,4x400 m Relay,2015,3A,,Milford Mill,4:01.43,pdfs/Winter record book.pdf,38,2026-08-02T19:36:00Z,glm-5.2:cloud
Girls Indoor Track,4x400 m Relay,2015,2A,,South Carroll,4:13.18,pdfs/Winter record book.pdf,38,2026-08-02T19:36:00Z,glm-5.2:cloud
Girls Indoor Track,4x400 m Relay,2015,1A,,McDonough,4:21.08,pdfs/Winter record book.pdf,38,2026-08-02T19:36:00Z,glm-5.2:cloud
Girls Indoor Track,4x400 m Relay,2016,4A,,Charles H. Flowers,4:03.27,pdfs/Winter record book.pdf,38,2026-08-02T19:36:00Z,glm-5.2:cloud
Girls Indoor Track,4x400 m Relay,2016,3A,,Damascus,4:05.21,pdfs/Winter record book.pdf,38,2026-08-02T19:36:00Z,glm-5.2:cloud
Girls Indoor Track,4x400 m Relay,2016,2A,,Henry E. Lackey,4:09.11,pdfs/Winter record book.pdf,38,2026-08-02T19:36:00Z,glm-5.2:cloud
Girls Indoor Track,4x400 m Relay,2016,1A,,Smithsburg,4:18.66,pdfs/Winter record book.pdf,38,2026-08-02T19:36:00Z,glm-5.2:cloud
Girls Indoor Track,4x400 m Relay,2017,4A,,Charles H. Flowers,4:00.99,pdfs/Winter record book.pdf,38,2026-08-02T19:36:00Z,glm-5.2:cloud
Girls Indoor Track,4x400 m Relay,2017,3A,,Franklin,3:57.16,pdfs/Winter record book.pdf,38,2026-08-02T19:36:00Z,glm-5.2:cloud
Girls Indoor Track,4x400 m Relay,2017,2A,,Hereford,4:05.37,pdfs/Winter record book.pdf,38,2026-08-02T19:36:00Z,glm-5.2:cloud
Girls Indoor Track,4x400 m Relay,2017,1A,,Boonsboro,4:20.51,pdfs/Winter record book.pdf,38,2026-08-02T19:36:00Z,glm-5.2:cloud
Girls Indoor Track,4x400 m Relay,2018,4A,,"Dr. Henry A. Wise, Jr.",4:03.11,pdfs/Winter record book.pdf,38,2026-08-02T19:36:00Z,glm-5.2:cloud
Girls Indoor Track,4x400 m Relay,2018,3A,,Franklin,3:52.15,pdfs/Winter record book.pdf,38,2026-08-02T19:36:00Z,glm-5.2:cloud
Girls Indoor Track,4x400 m Relay,2018,2A,,Seneca Valley,4:07.01,pdfs/Winter record book.pdf,38,2026-08-02T19:36:00Z,glm-5.2:cloud
Girls Indoor Track,4x400 m Relay,2018,1A,,Henry E. Lackey,4:14.96,pdfs/Winter record book.pdf,38,2026-08-02T19:36:00Z,glm-5.2:cloud
Girls Indoor Track,4x400 m Relay,2019,4A,,Charles H. Flowers,4:04.00,pdfs/Winter record book.pdf,38,2026-08-02T19:36:00Z,glm-5.2:cloud
Girls Indoor Track,4x400 m Relay,2019,3A,,James H. Blake,3:57.69,pdfs/Winter record book.pdf,38,2026-08-02T19:36:00Z,glm-5.2:cloud
Girls Indoor Track,4x400 m Relay,2019,2A,,Harford Technical,4:05.03,pdfs/Winter record book.pdf,38,2026-08-02T19:36:00Z,glm-5.2:cloud
Girls Indoor Track,4x400 m Relay,2019,1A,,Henry E. Lackey,4:19.82,pdfs/Winter record book.pdf,38,2026-08-02T19:36:00Z,glm-5.2:cloud
Girls Indoor Track,4x400 m Relay,2020,4A,,Urbana,4:02.10,pdfs/Winter record book.pdf,38,2026-08-02T19:36:00Z,glm-5.2:cloud
Girls Indoor Track,4x400 m Relay,2020,3A,,North Point,4:07.85,pdfs/Winter record book.pdf,38,2026-08-02T19:36:00Z,glm-5.2:cloud
Girls Indoor Track,4x400 m Relay,2020,2A,,Harford Technical,4:04.42,pdfs/Winter record book.pdf,38,2026-08-02T19:36:00Z,glm-5.2:cloud
Girls Indoor Track,4x400 m Relay,2020,1A,,Maurice J. McDonough,4:21.80,pdfs/Winter record book.pdf,38,2026-08-02T19:36:00Z,glm-5.2:cloud
Girls Indoor Track,4x400 m Relay,2022,4A,,James H. Blake,4:18.77,pdfs/Winter record book.pdf,38,2026-08-02T19:36:00Z,glm-5.2:cloud
Girls Indoor Track,4x400 m Relay,2022,3A,,Springbrook,4:15.26,pdfs/Winter record book.pdf,38,2026-08-02T19:36:00Z,glm-5.2:cloud
Girls Indoor Track,4x400 m Relay,2022,2A,,Century,4:17.97,pdfs/Winter record book.pdf,38,2026-08-02T19:36:00Z,glm-5.2:cloud
Girls Indoor Track,4x400 m Relay,2022,1A,,South Carroll,4:20.63,pdfs/Winter record book.pdf,38,2026-08-02T19:36:00Z,glm-5.2:cloud
Girls Indoor Track,4x400 m Relay,2023,4A,,Arundel,4:03.80,pdfs/Winter record book.pdf,38,2026-08-02T19:36:00Z,glm-5.2:cloud
Girls Indoor Track,4x400 m Relay,2023,3A,,Springbrook,4:07.99,pdfs/Winter record book.pdf,38,2026-08-02T19:36:00Z,glm-5.2:cloud
Girls Indoor Track,4x400 m Relay,2023,2A,,Oakland Mills,4:09.44,pdfs/Winter record book.pdf,38,2026-08-02T19:36:00Z,glm-5.2:cloud
Girls Indoor Track,4x400 m Relay,2023,1A,,South Carroll,4:15.74,pdfs/Winter record book.pdf,38,2026-08-02T19:36:00Z,glm-5.2:cloud
Girls Indoor Track,4x400 m Relay,2024,4A,,Woodlawn,4:01.00,pdfs/Winter record book.pdf,38,2026-08-02T19:36:00Z,glm-5.2:cloud
Girls Indoor Track,4x400 m Relay,2024,3A,,James H. Blake,4:05.93,pdfs/Winter record book.pdf,38,2026-08-02T19:36:00Z,glm-5.2:cloud
Girls Indoor Track,4x400 m Relay,2024,2A,,Randallstown,4:06.29,pdfs/Winter record book.pdf,38,2026-08-02T19:36:00Z,glm-5.2:cloud
Girls Indoor Track,4x400 m Relay,2024,1A,,Largo,4:09.98,pdfs/Winter record book.pdf,38,2026-08-02T19:36:00Z,glm-5.2:cloud
Girls Indoor Track,4x400 m Relay,2025,4A,,"Dr. Henry A. Wise, Jr.",4:04.41,pdfs/Winter record book.pdf,38,2026-08-02T19:36:00Z,glm-5.2:cloud
Girls Indoor Track,4x400 m Relay,2025,3A,,Oxon Hill,4:03.78,pdfs/Winter record book.pdf,38,2026-08-02T19:36:00Z,glm-5.2:cloud
Girls Indoor Track,4x400 m Relay,2025,2A,,Randallstown,4:05.62,pdfs/Winter record book.pdf,38,2026-08-02T19:36:00Z,glm-5.2:cloud
Girls Indoor Track,4x400 m Relay,2025,1A,,Largo,4:13.88,pdfs/Winter record book.pdf,38,2026-08-02T19:36:00Z,glm-5.2:cloud
Girls Indoor Track,4x800 m Relay,1978,AA,,Crossland,10:21.3 (y-2 mileR),pdfs/Winter record book.pdf,38,2026-08-02T19:36:00Z,glm-5.2:cloud
Girls Indoor Track,4x800 m Relay,1978,ABC,,Oxon Hill,9:53.0 (y-2 mileR),pdfs/Winter record book.pdf,38,2026-08-02T19:36:00Z,glm-5.2:cloud
Girls Indoor Track,4x800 m Relay,1979,AA,,Whitman,10:05.4 (y-2 mileR),pdfs/Winter record book.pdf,38,2026-08-02T19:36:00Z,glm-5.2:cloud
Girls Indoor Track,4x800 m Relay,1979,ABC,,B-CC,10:11.5 (y-2 mileR),pdfs/Winter record book.pdf,38,2026-08-02T19:36:00Z,glm-5.2:cloud
Girls Indoor Track,4x800 m Relay,1980,AA,,Crossland,9:54.6 (y-2 mileR),pdfs/Winter record book.pdf,38,2026-08-02T19:36:00Z,glm-5.2:cloud
Girls Indoor Track,4x800 m Relay,1980,A,,Woodward,10:04.2 (y-2 mileR),pdfs/Winter record book.pdf,38,2026-08-02T19:36:00Z,glm-5.2:cloud
Girls Indoor Track,4x800 m Relay,1980,BC,,Glenelg,10:32.6 (3200mR),pdfs/Winter record book.pdf,38,2026-08-02T19:36:00Z,glm-5.2:cloud
Girls Indoor Track,4x800 m Relay,1981,AA,,Friendly,9:45.6 (y-2 mileR),pdfs/Winter record book.pdf,38,2026-08-02T19:36:00Z,glm-5.2:cloud
Girls Indoor Track,4x800 m Relay,1981,A,,Woodward,10:05.4 (y-2 mileR),pdfs/Winter record book.pdf,38,2026-08-02T19:36:00Z,glm-5.2:cloud
Girls Indoor Track,4x800 m Relay,1981,BC,,Frederick,10:14.9 (y-2 mileR),pdfs/Winter record book.pdf,38,2026-08-02T19:36:00Z,glm-5.2:cloud
Girls Indoor Track,4x800 m Relay,1982,AA,,Crossland,9:46.3 (y-2 mileR),pdfs/Winter record book.pdf,38,2026-08-02T19:36:00Z,glm-5.2:cloud
Girls Indoor Track,4x800 m Relay,1982,A,,Central-PG,10:14.4 (y-2 mileR),pdfs/Winter record book.pdf,38,2026-08-02T19:36:00Z,glm-5.2:cloud
Girls Indoor Track,4x800 m Relay,1982,BC,,Einstein,10:07.3 (y-2 mileR),pdfs/Winter record book.pdf,38,2026-08-02T19:36:00Z,glm-5.2:cloud
Girls Indoor Track,4x800 m Relay,1983,AA,,Crossland,10:04.1 (y-2 mileR),pdfs/Winter record book.pdf,38,2026-08-02T19:36:00Z,glm-5.2:cloud
Girls Indoor Track,4x800 m Relay,1983,A,,Catonsville,10:17.8 (y-2 mileR),pdfs/Winter record book.pdf,38,2026-08-02T19:36:00Z,glm-5.2:cloud
Girls Indoor Track,4x800 m Relay,1983,BC,,Douglass-PG,10:12.7 (y-2 mileR),pdfs/Winter record book.pdf,38,2026-08-02T19:36:00Z,glm-5.2:cloud
Girls Indoor Track,4x800 m Relay,1984,AA,,Crossland,9:53.0,pdfs/Winter record book.pdf,38,2026-08-02T19:36:00Z,glm-5.2:cloud
Girls Indoor Track,4x800 m Relay,1984,A,,Central-PG,10:06.8,pdfs/Winter record book.pdf,38,2026-08-02T19:36:00Z,glm-5.2:cloud
Girls Indoor Track,4x800 m Relay,1984,BC,,Middletown,10:38.0,pdfs/Winter record book.pdf,38,2026-08-02T19:36:00Z,glm-5.2:cloud
Girls Indoor Track,4x800 m Relay,1985,AA,,Suitland,10:09.3,pdfs/Winter record book.pdf,38,2026-08-02T19:36:00Z,glm-5.2:cloud
Girls Indoor Track,4x800 m Relay,1985,A,,Towson,10:11.6,pdfs/Winter record book.pdf,38,2026-08-02T19:36:00Z,glm-5.2:cloud
Girls Indoor Track,4x800 m Relay,1985,BC,,Whitman,10:18.9,pdfs/Winter record book.pdf,38,2026-08-02T19:36:00Z,glm-5.2:cloud
Girls Indoor Track,4x800 m Relay,1986,Combined,,Douglass-PG,10:04.1 (y-2 mileR),pdfs/Winter record book.pdf,38,2026-08-02T19:36:00Z,glm-5.2:cloud
Girls Indoor Track,4x800 m Relay,1987,AA,,Old Mill,10:08.0,pdfs/Winter record book.pdf,38,2026-08-02T19:36:00Z,glm-5.2:cloud
Girls Indoor Track,4x800 m Relay,1987,A,,Towson,10:29.2,pdfs/Winter record book.pdf,38,2026-08-02T19:36:00Z,glm-5.2:cloud
Girls Indoor Track,4x800 m Relay,1987,BC,,Woodward,10:20.1,pdfs/Winter record book.pdf,38,2026-08-02T19:36:00Z,glm-5.2:cloud
Girls Indoor Track,4x800 m Relay,1988,AA,,Old Mill,10:02.0,pdfs/Winter record book.pdf,38,2026-08-02T19:36:00Z,glm-5.2:cloud
Girls Indoor Track,4x800 m Relay,1988,A,,Queen Anne's,10:33.5,pdfs/Winter record book.pdf,38,2026-08-02T19:36:00Z,glm-5.2:cloud
Girls Indoor Track,4x800 m Relay,1988,BC,,Milford Mill,10:51.5,pdfs/Winter record book.pdf,38,2026-08-02T19:36:00Z,glm-5.2:cloud
Girls Indoor Track,4x800 m Relay,1989,4A,,Eleanor Roosevelt,10:08.73,pdfs/Winter record book.pdf,38,2026-08-02T19:36:00Z,glm-5.2:cloud
Girls Indoor Track,4x800 m Relay,1989,3A,,Queen Anne's,10:40.44,pdfs/Winter record book.pdf,38,2026-08-02T19:36:00Z,glm-5.2:cloud
Girls Indoor Track,4x800 m Relay,1989,2A-1A,,Glenelg,10:38.83,pdfs/Winter record book.pdf,38,2026-08-02T19:36:00Z,glm-5.2:cloud
Girls Indoor Track,4x800 m Relay,1990,4A,,Chesapeake-AA,10:15.1,pdfs/Winter record book.pdf,38,2026-08-02T19:36:00Z,glm-5.2:cloud
Girls Indoor Track,4x800 m Relay,1990,3A,,Linganore,10:27.7,pdfs/Winter record book.pdf,38,2026-08-02T19:36:00Z,glm-5.2:cloud
Girls Indoor Track,4x800 m Relay,1990,2A-1A,,Central-PG,10:27.1,pdfs/Winter record book.pdf,38,2026-08-02T19:36:00Z,glm-5.2:cloud
Girls Indoor Track,4x800 m Relay,1991,4A,,Chesapeake-AA,10:10.8,pdfs/Winter record book.pdf,38,2026-08-02T19:36:00Z,glm-5.2:cloud
Girls Indoor Track,4x800 m Relay,1991,3A,,Linganore,10:24.9,pdfs/Winter record book.pdf,38,2026-08-02T19:36:00Z,glm-5.2:cloud
Girls Indoor Track,4x800 m Relay,1991,2A-1A,,Central-PG,10:24.7,pdfs/Winter record book.pdf,38,2026-08-02T19:36:00Z,glm-5.2:cloud
Girls Indoor Track,4x800 m Relay,1992,4A,,Severna Park,10:04.1,pdfs/Winter record book.pdf,38,2026-08-02T19:36:00Z,glm-5.2:cloud
Girls Indoor Track,4x800 m Relay,1992,3A,,Catonsville,10:17.9,pdfs/Winter record book.pdf,38,2026-08-02T19:36:00Z,glm-5.2:cloud
Girls Indoor Track,4x800 m Relay,1992,2A-1A,,Central-PG,10:27.8,pdfs/Winter record book.pdf,38,2026-08-02T19:36:00Z,glm-5.2:cloud
Girls Indoor Track,4x800 m Relay,1993,4A,,Dulaney,9:55.8,pdfs/Winter record book.pdf,38,2026-08-02T19:36:00Z,glm-5.2:cloud
Girls Indoor Track,4x800 m Relay,1993,3A,,Watkins Mill,10:06.0,pdfs/Winter record book.pdf,38,2026-08-02T19:36:00Z,glm-5.2:cloud
Girls Indoor Track,4x800 m Relay,1993,2A-1A,,Glenelg,10:20.9,pdfs/Winter record book.pdf,38,2026-08-02T19:36:00Z,glm-5.2:cloud
Girls Indoor Track,4x800 m Relay,1994,4A,,Annapolis,9:50.5,pdfs/Winter record book.pdf,38,2026-08-02T19:36:00Z,glm-5.2:cloud
Girls Indoor Track,4x800 m Relay,1994,3A,,Whitman,10:18.9,pdfs/Winter record book.pdf,38,2026-08-02T19:36:00Z,glm-5.2:cloud
Girls Indoor Track,4x800 m Relay,1994,2A-1A,,Central-PG,10:04.3,pdfs/Winter record book.pdf,38,2026-08-02T19:36:00Z,glm-5.2:cloud
Girls Indoor Track,4x800 m Relay,1995,4A,,Annapolis,9:50.6,pdfs/Winter record book.pdf,38,2026-08-02T19:36:00Z,glm-5.2:cloud
Girls Indoor Track,4x800 m Relay,1995,3A,,Linganore,10:00.8,pdfs/Winter record book.pdf,38,2026-08-02T19:36:00Z,glm-5.2:cloud
Girls Indoor Track,4x800 m Relay,1995,2A-1A,,Catonsville,9:59.7,pdfs/Winter record book.pdf,38,2026-08-02T19:36:00Z,glm-5.2:cloud
Girls Indoor Track,4x800 m Relay,1996,4A,,Watkins Mill,10:04.2,pdfs/Winter record book.pdf,38,2026-08-02T19:36:00Z,glm-5.2:cloud
Girls Indoor Track,4x800 m Relay,1996,3A,,Walter Johnson,10:37.0,pdfs/Winter record book.pdf,38,2026-08-02T19:36:00Z,glm-5.2:cloud
Girls Indoor Track,4x800 m Relay,1996,2A-1A,,Linganore,9:56.6,pdfs/Winter record book.pdf,38,2026-08-02T19:36:00Z,glm-5.2:cloud
Girls Indoor Track,4x800 m Relay,1997,4A-3A,,Richard Montgomery,10:02.1,pdfs/Winter record book.pdf,38,2026-08-02T19:36:00Z,glm-5.2:cloud
Girls Indoor Track,4x800 m Relay,1997,3A-2A,,Catonsville,9:55.3,pdfs/Winter record book.pdf,38,2026-08-02T19:36:00Z,glm-5.2:cloud
Girls Indoor Track,4x800 m Relay,1997,2A-1A,,River Hill,10:15.1,pdfs/Winter record book.pdf,38,2026-08-02T19:36:00Z,glm-5.2:cloud
Girls Indoor Track,4x800 m Relay,1998,4A-3A,,Quince Orchard,9:52.2,pdfs/Winter record book.pdf,38,2026-08-02T19:36:00Z,glm-5.2:cloud
Girls Indoor Track,4x800 m Relay,1998,3A-2A,,Linganore,9:54.7,pdfs/Winter record book.pdf,38,2026-08-02T19:36:00Z,glm-5.2:cloud
Girls Indoor Track,4x800 m Relay,1998,2A-1A,,Oakland Mills,10:20.1,pdfs/Winter record book.pdf,38,2026-08-02T19:36:00Z,glm-5.2:cloud
Girls Indoor Track,4x800 m Relay,1999,4A-3A,,Richard Montgomery,9:59.6,pdfs/Winter record book.pdf,38,2026-08-02T19:36:00Z,glm-5.2:cloud
Girls Indoor Track,4x800 m Relay,1999,3A-2A,,Walter Johnson,10:07.4,pdfs/Winter record book.pdf,38,2026-08-02T19:36:00Z,glm-5.2:cloud
Girls Indoor Track,4x800 m Relay,1999,2A-1A,,Oakland Mills,10:26.8,pdfs/Winter record book.pdf,38,2026-08-02T19:36:00Z,glm-5.2:cloud
Girls Indoor Track,4x800 m Relay,2000,4A-3A,,Walter Johnson,9:46.8,pdfs/Winter record book.pdf,38,2026-08-02T19:36:00Z,glm-5.2:cloud
Girls Indoor Track,4x800 m Relay,2000,3A-2A,,River Hill,10:09.8,pdfs/Winter record book.pdf,38,2026-08-02T19:36:00Z,glm-5.2:cloud
Girls Indoor Track,4x800 m Relay,2000,2A-1A,,Oakland Mills,10:24.6,pdfs/Winter record book.pdf,38,2026-08-02T19:36:00Z,glm-5.2:cloud
Girls Indoor Track,4x800 m Relay,2001,4A-3A,,Largo,9:38.7,pdfs/Winter record book.pdf,38,2026-08-02T19:36:00Z,glm-5.2:cloud
Girls Indoor Track,4x800 m Relay,2001,3A-2A,,River Hill,10:03.3,pdfs/Winter record book.pdf,38,2026-08-02T19:36:00Z,glm-5.2:cloud
Girls Indoor Track,4x800 m Relay,2001,2A-1A,,Glenelg,10:14.7,pdfs/Winter record book.pdf,38,2026-08-02T19:36:00Z,glm-5.2:cloud
Girls Indoor Track,4x800 m Relay,2002,4A-3A,,Western-B,9:30.9,pdfs/Winter record book.pdf,38,2026-08-02T19:36:00Z,glm-5.2:cloud
Girls Indoor Track,4x800 m Relay,2002,3A-2A,,Mount Hebron,9:58.5,pdfs/Winter record book.pdf,38,2026-08-02T19:36:00Z,glm-5.2:cloud
Girls Indoor Track,4x800 m Relay,2002,2A-1A,,Glenelg,10:03.5,pdfs/Winter record book.pdf,38,2026-08-02T19:36:00Z,glm-5.2:cloud
Girls Indoor Track,4x800 m Relay,2003,4A-3A,,Walter Johnson,9:39.56,pdfs/Winter record book.pdf,38,2026-08-02T19:36:00Z,glm-5.2:cloud
Girls Indoor Track,4x800 m Relay,2003,3A-2A,,Mount Hebron,10:03.2,pdfs/Winter record book.pdf,38,2026-08-02T19:36:00Z,glm-5.2:cloud
Girls Indoor Track,4x800 m Relay,2003,2A-1A,,Williamsport,10:08.1,pdfs/Winter record book.pdf,38,2026-08-02T19:36:00Z,glm-5.2:cloud
Girls Indoor Track,4x800 m Relay,2004,4A-3A,,Broadneck,9:15.17,pdfs/Winter record book.pdf,38,2026-08-02T19:36:00Z,glm-5.2:cloud
Girls Indoor Track,4x800 m Relay,2004,3A-2A,,J.M. Bennett,10:03.7,pdfs/Winter record book.pdf,38,2026-08-02T19:36:00Z,glm-5.2:cloud
Girls Indoor Track,4x800 m Relay,2004,2A-1A,,Glenelg,9:45.7,pdfs/Winter record book.pdf,38,2026-08-02T19:36:00Z,glm-5.2:cloud
Girls Indoor Track,4x800 m Relay,2005,4A-3A,,Eleanor Roosevelt,9:36.30,pdfs/Winter record book.pdf,38,2026-08-02T19:36:00Z,glm-5.2:cloud
Girls Indoor Track,4x800 m Relay,2005,3A-2A,,Fallston,9:54.41,pdfs/Winter record book.pdf,38,2026-08-02T19:36:00Z,glm-5.2:cloud
Girls Indoor Track,4x800 m Relay,2005,2A-1A,,Glenelg,9:51.54,pdfs/Winter record book.pdf,38,2026-08-02T19:36:00Z,glm-5.2:cloud
Girls Indoor Track,4x800 m Relay,2006,4A-3A,,Eleanor Roosevelt,9:13.49,pdfs/Winter record book.pdf,38,2026-08-02T19:36:00Z,glm-5.2:cloud
Girls Indoor Track,4x800 m Relay,2006,3A-2A,,J.M. Bennett,9:52.04,pdfs/Winter record book.pdf,38,2026-08-02T19:36:00Z,glm-5.2:cloud
Girls Indoor Track,4x800 m Relay,2006,2A-1A,,Central-PG,10:04.82,pdfs/Winter record book.pdf,38,2026-08-02T19:36:00Z,glm-5.2:cloud
Girls Indoor Track,4x800 m Relay,2007,4A-3A,,Walt Whitman,9:31.32,pdfs/Winter record book.pdf,38,2026-08-02T19:36:00Z,glm-5.2:cloud
Girls Indoor Track,4x800 m Relay,2007,3A-2A,,Middletown,9:48.79,pdfs/Winter record book.pdf,38,2026-08-02T19:36:00Z,glm-5.2:cloud
Girls Indoor Track,4x800 m Relay,2007,2A-1A,,Loch Raven,10:11.39,pdfs/Winter record book.pdf,38,2026-08-02T19:36:00Z,glm-5.2:cloud
Girls Indoor Track,4x800 m Relay,2008,4A,,Eleanor Roosevelt,9:25.67,pdfs/Winter record book.pdf,38,2026-08-02T19:36:00Z,glm-5.2:cloud
Girls Indoor Track,4x800 m Relay,2008,3A,,B-CC,9:40.74,pdfs/Winter record book.pdf,38,2026-08-02T19:36:00Z,glm-5.2:cloud
Girls Indoor Track,4x800 m Relay,2008,2A,,Middletown,9:52.27,pdfs/Winter record book.pdf,38,2026-08-02T19:36:00Z,glm-5.2:cloud
Girls Indoor Track,4x800 m Relay,2008,1A,,Poolesville,10:09.76,pdfs/Winter record book.pdf,38,2026-08-02T19:36:00Z,glm-5.2:cloud
Girls Indoor Track,4x800 m Relay,2009,4A,,Oxon Hill,9:44.44,pdfs/Winter record book.pdf,38,2026-08-02T19:36:00Z,glm-5.2:cloud
Girls Indoor Track,4x800 m Relay,2009,3A,,Western-B,9:39.81,pdfs/Winter record book.pdf,38,2026-08-02T19:36:00Z,glm-5.2:cloud
Girls Indoor Track,4x800 m Relay,2009,2A,,Loch Raven,10:10.02,pdfs/Winter record book.pdf,38,2026-08-02T19:36:00Z,glm-5.2:cloud
Girls Indoor Track,4x800 m Relay,2009,1A,,Williamsport,10:13.13,pdfs/Winter record book.pdf,38,2026-08-02T19:36:00Z,glm-5.2:cloud
Girls Indoor Track,4x800 m Relay,2010,4A,,Northwest,9:30.67,pdfs/Winter record book.pdf,38,2026-08-02T19:36:00Z,glm-5.2:cloud
Girls Indoor Track,4x800 m Relay,2010,3A,,Damascus,9:50.30,pdfs/Winter record book.pdf,38,2026-08-02T19:36:00Z,glm-5.2:cloud
Girls Indoor Track,4x800 m Relay,2010,2A,,Century,9:52.53,pdfs/Winter record book.pdf,38,2026-08-02T19:36:00Z,glm-5.2:cloud
Girls Indoor Track,4x800 m Relay,2010,1A,,Western STES,10:28.14,pdfs/Winter record book.pdf,38,2026-08-02T19:36:00Z,glm-5.2:cloud
Girls Indoor Track,4x800 m Relay,2011,4A,,Northwest,9:34.70,pdfs/Winter record book.pdf,38,2026-08-02T19:36:00Z,glm-5.2:cloud
Girls Indoor Track,4x800 m Relay,2011,3A,,Western-B,9:52.45,pdfs/Winter record book.pdf,38,2026-08-02T19:36:00Z,glm-5.2:cloud
Girls Indoor Track,4x800 m Relay,2011,2A,,Century,9:45.91,pdfs/Winter record book.pdf,38,2026-08-02T19:36:00Z,glm-5.2:cloud
Girls Indoor Track,4x800 m Relay,2011,1A,,Williamsport,10:11.88,pdfs/Winter record book.pdf,38,2026-08-02T19:36:00Z,glm-5.2:cloud
Girls Indoor Track,4x800 m Relay,2012,4A,,Northwest,9:39.57,pdfs/Winter record book.pdf,38,2026-08-02T19:36:00Z,glm-5.2:cloud
Girls Indoor Track,4x800 m Relay,2012,3A,,Hereford,9:44.55,pdfs/Winter record book.pdf,38,2026-08-02T19:36:00Z,glm-5.2:cloud
Girls Indoor Track,4x800 m Relay,2012,2A,,Largo,9:50.53,pdfs/Winter record book.pdf,38,2026-08-02T19:36:00Z,glm-5.2:cloud
Girls Indoor Track,4x800 m Relay,2012,1A,,Boonsboro,10:17.25,pdfs/Winter record book.pdf,38,2026-08-02T19:36:00Z,glm-5.2:cloud
Girls Indoor Track,4x800 m Relay,2013,4A,,Bethesda-CC,9:41.34,pdfs/Winter record book.pdf,38,2026-08-02T19:36:00Z,glm-5.2:cloud
Girls Indoor Track,4x800 m Relay,2013,3A,,Thomas Stone,9:44.98,pdfs/Winter record book.pdf,38,2026-08-02T19:36:00Z,glm-5.2:cloud
Girls Indoor Track,4x800 m Relay,2013,2A,,Liberty,9:48.98,pdfs/Winter record book.pdf,38,2026-08-02T19:36:00Z,glm-5.2:cloud
Girls Indoor Track,4x800 m Relay,2013,1A,,Western STES,10:04.49,pdfs/Winter record book.pdf,38,2026-08-02T19:36:00Z,glm-5.2:cloud
Girls Indoor Track,4x800 m Relay,2014,4A,,Walt Whitman,9:39.16,pdfs/Winter record book.pdf,38,2026-08-02T19:36:00Z,glm-5.2:cloud
Girls Indoor Track,4x800 m Relay,2014,3A,,Einstein,10:09.88,pdfs/Winter record book.pdf,38,2026-08-02T19:36:00Z,glm-5.2:cloud
Girls Indoor Track,4x800 m Relay,2014,2A,,Poolesville,9:46.17,pdfs/Winter record book.pdf,38,2026-08-02T19:36:00Z,glm-5.2:cloud
Girls Indoor Track,4x800 m Relay,2014,1A,,North Carroll,10:28.29,pdfs/Winter record book.pdf,38,2026-08-02T19:36:00Z,glm-5.2:cloud
Girls Indoor Track,4x800 m Relay,2015,4A,,Walt Whitman,9:40.67,pdfs/Winter record book.pdf,38,2026-08-02T19:36:00Z,glm-5.2:cloud
Girls Indoor Track,4x800 m Relay,2015,3A,,Seneca Valley,9:48.67,pdfs/Winter record book.pdf,38,2026-08-02T19:36:00Z,glm-5.2:cloud
Girls Indoor Track,4x800 m Relay,2015,2A,,Hereford,9:45.14,pdfs/Winter record book.pdf,38,2026-08-02T19:36:00Z,glm-5.2:cloud
Girls Indoor Track,4x800 m Relay,2015,1A,,Manchester Valley,10:29.60,pdfs/Winter record book.pdf,38,2026-08-02T19:36:00Z,glm-5.2:cloud
Girls Indoor Track,4x800 m Relay,2016,4A,,Walter Johnson,9:37.91,pdfs/Winter record book.pdf,38,2026-08-02T19:36:00Z,glm-5.2:cloud
Girls Indoor Track,4x800 m Relay,2016,3A,,Damascus,9:50.63,pdfs/Winter record book.pdf,38,2026-08-02T19:36:00Z,glm-5.2:cloud
Girls Indoor Track,4x800 m Relay,2016,2A,,South Carroll,9:45.44,pdfs/Winter record book.pdf,38,2026-08-02T19:36:00Z,glm-5.2:cloud
Girls Indoor Track,4x800 m Relay,2016,1A,,Boonsboro,10:17.80,pdfs/Winter record book.pdf,38,2026-08-02T19:36:00Z,glm-5.2:cloud
Girls Indoor Track,4x800 m Relay,2017,4A,,Northwest,9:45.31,pdfs/Winter record book.pdf,38,2026-08-02T19:36:00Z,glm-5.2:cloud
Girls Indoor Track,4x800 m Relay,2017,3A,,Urbana,9:45.59,pdfs/Winter record book.pdf,38,2026-08-02T19:36:00Z,glm-5.2:cloud
Girls Indoor Track,4x800 m Relay,2017,2A,,Hereford,9:46.85,pdfs/Winter record book.pdf,38,2026-08-02T19:36:00Z,glm-5.2:cloud
Girls Indoor Track,4x800 m Relay,2017,1A,,Snow Hill,10:07.68,pdfs/Winter record book.pdf,38,2026-08-02T19:36:00Z,glm-5.2:cloud
Girls Indoor Track,4x800 m Relay,2018,4A,,South River,9:37.03,pdfs/Winter record book.pdf,38,2026-08-02T19:36:00Z,glm-5.2:cloud
Girls Indoor Track,4x800 m Relay,2018,3A,,Centennial,9:59.04,pdfs/Winter record book.pdf,38,2026-08-02T19:36:00Z,glm-5.2:cloud
Girls Indoor Track,4x800 m Relay,2018,2A,,Damascus,9:39.39,pdfs/Winter record book.pdf,38,2026-08-02T19:36:00Z,glm-5.2:cloud
Girls Indoor Track,4x800 m Relay,2018,1A,,Boonsboro,10:28.13,pdfs/Winter record book.pdf,38,2026-08-02T19:36:00Z,glm-5.2:cloud
Girls Indoor Track,4x800 m Relay,2019,4A,,Broadneck,9:40.21,pdfs/Winter record book.pdf,38,2026-08-02T19:36:00Z,glm-5.2:cloud
Girls Indoor Track,4x800 m Relay,2019,3A,,Bel Air,9:51.30,pdfs/Winter record book.pdf,38,2026-08-02T19:36:00Z,glm-5.2:cloud
Girls Indoor Track,4x800 m Relay,2019,2A,,Kent Island,9:56.59,pdfs/Winter record book.pdf,38,2026-08-02T19:36:00Z,glm-5.2:cloud
Girls Indoor Track,4x800 m Relay,2019,1A,,Brunswick,10:25.17,pdfs/Winter record book.pdf,38,2026-08-02T19:36:00Z,glm-5.2:cloud
Girls Indoor Track,4x800 m Relay,2020,4A,,Urbana,9:41.16,pdfs/Winter record book.pdf,38,2026-08-02T19:36:00Z,glm-5.2:cloud
Girls Indoor Track,4x800 m Relay,2020,3A,,Northern-Calvert,9:50.16,pdfs/Winter record book.pdf,38,2026-08-02T19:36:00Z,glm-5.2:cloud
Girls Indoor Track,4x800 m Relay,2020,2A,,Glenelg,10:03.94,pdfs/Winter record book.pdf,38,2026-08-02T19:36:00Z,glm-5.2:cloud
Girls Indoor Track,4x800 m Relay,2020,1A,,Brunswick,10:23.99,pdfs/Winter record book.pdf,38,2026-08-02T19:36:00Z,glm-5.2:cloud
Girls Indoor Track,4x800 m Relay,2022,4A,,Walter Johnson,10:09.74,pdfs/Winter record book.pdf,38,2026-08-02T19:36:00Z,glm-5.2:cloud
Girls Indoor Track,4x800 m Relay,2022,3A,,Howard,9:59.64,pdfs/Winter record book.pdf,38,2026-08-02T19:36:00Z,glm-5.2:cloud
Girls Indoor Track,4x800 m Relay,2022,2A,,Hereford,10:21.95,pdfs/Winter record book.pdf,38,2026-08-02T19:36:00Z,glm-5.2:cloud
Girls Indoor Track,4x800 m Relay,2022,1A,,Boonsboro,10:59.01,pdfs/Winter record book.pdf,38,2026-08-02T19:36:00Z,glm-5.2:cloud
Girls Indoor Track,4x800 m Relay,2023,4A,,Walter Johnson,9:36.29,pdfs/Winter record book.pdf,38,2026-08-02T19:36:00Z,glm-5.2:cloud
Girls Indoor Track,4x800 m Relay,2023,3A,,River Hill,10:04.04,pdfs/Winter record book.pdf,38,2026-08-02T19:36:00Z,glm-5.2:cloud
Girls Indoor Track,4x800 m Relay,2023,2A,,Century,9:55.46,pdfs/Winter record book.pdf,38,2026-08-02T19:36:00Z,glm-5.2:cloud
Girls Indoor Track,4x800 m Relay,2023,1A,,Smithsburg,10:28.96,pdfs/Winter record book.pdf,38,2026-08-02T19:36:00Z,glm-5.2:cloud
Girls Indoor Track,4x800 m Relay,2024,4A,,Walter Johnson,9:30.76,pdfs/Winter record book.pdf,38,2026-08-02T19:36:00Z,glm-5.2:cloud
Girls Indoor Track,4x800 m Relay,2024,3A,,River Hill,9:35.39,pdfs/Winter record book.pdf,38,2026-08-02T19:36:00Z,glm-5.2:cloud
Girls Indoor Track,4x800 m Relay,2024,2A,,Southern-AA,9:46.76,pdfs/Winter record book.pdf,38,2026-08-02T19:36:00Z,glm-5.2:cloud
Girls Indoor Track,4x800 m Relay,2024,1A,,Smithsburg,10:12.55,pdfs/Winter record book.pdf,38,2026-08-02T19:36:00Z,glm-5.2:cloud
Girls Indoor Track,4x800 m Relay,2025,4A,,Montgomery Blair,9:46.52,pdfs/Winter record book.pdf,38,2026-08-02T19:36:00Z,glm-5.2:cloud
Girls Indoor Track,4x800 m Relay,2025,3A,,River Hill,9:30.90,pdfs/Winter record book.pdf,38,2026-08-02T19:36:00Z,glm-5.2:cloud
Girls Indoor Track,4x800 m Relay,2025,2A,,Century,9:54.21,pdfs/Winter record book.pdf,38,2026-08-02T19:36:00Z,glm-5.2:cloud
Girls Indoor Track,4x800 m Relay,2025,1A,,Smithsburg,9:58.92,pdfs/Winter record book.pdf,38,2026-08-02T19:36:00Z,glm-5.2:cloud
Girls Indoor Track,High Jump,1979,AA,Sheila Simon,Churchill,5-04,pdfs/Winter record book.pdf,39,2026-08-02T19:37:21Z,glm-5.2:cloud
Girls Indoor Track,High Jump,1979,ABC,Juanita Alston,Central-PG,5-01,pdfs/Winter record book.pdf,39,2026-08-02T19:37:21Z,glm-5.2:cloud
Girls Indoor Track,High Jump,1980,AA,Wanda Johnson,Parkdale,5-04,pdfs/Winter record book.pdf,39,2026-08-02T19:37:21Z,glm-5.2:cloud
Girls Indoor Track,High Jump,1980,A,Gail Scriber,Leonardtown,5-06,pdfs/Winter record book.pdf,39,2026-08-02T19:37:21Z,glm-5.2:cloud
Girls Indoor Track,High Jump,1980,BC,Karen Jack,Joppatowne,5-05,pdfs/Winter record book.pdf,39,2026-08-02T19:37:21Z,glm-5.2:cloud
Girls Indoor Track,High Jump,1981,AA,Mary Likens,Perry Hall,5-03,pdfs/Winter record book.pdf,39,2026-08-02T19:37:21Z,glm-5.2:cloud
Girls Indoor Track,High Jump,1981,A,Susan Alele,Walter Johnson,5-01,pdfs/Winter record book.pdf,39,2026-08-02T19:37:21Z,glm-5.2:cloud
Girls Indoor Track,High Jump,1981,BC,Jackie Thompson,Oakland Mills,5-00,pdfs/Winter record book.pdf,39,2026-08-02T19:37:21Z,glm-5.2:cloud
Girls Indoor Track,High Jump,1982,AA,Kira Kiladis,Perry Hall,5-01,pdfs/Winter record book.pdf,39,2026-08-02T19:37:21Z,glm-5.2:cloud
Girls Indoor Track,High Jump,1982,A,Monica Jones,Fairmont Heights,5-01,pdfs/Winter record book.pdf,39,2026-08-02T19:37:21Z,glm-5.2:cloud
Girls Indoor Track,High Jump,1982,BC,Shelloy Lewis,Middletown,4-10,pdfs/Winter record book.pdf,39,2026-08-02T19:37:21Z,glm-5.2:cloud
Girls Indoor Track,High Jump,1983,AA,Lynn Warner,High Point,5-00,pdfs/Winter record book.pdf,39,2026-08-02T19:37:21Z,glm-5.2:cloud
Girls Indoor Track,High Jump,1983,A,Ginny Hanlon,Sherwood,5-06,pdfs/Winter record book.pdf,39,2026-08-02T19:37:21Z,glm-5.2:cloud
Girls Indoor Track,High Jump,1983,BC,Paula Royer,Frederick,5-00,pdfs/Winter record book.pdf,39,2026-08-02T19:37:21Z,glm-5.2:cloud
Girls Indoor Track,High Jump,1984,AA,Margo Williams,Potomac,5-03,pdfs/Winter record book.pdf,39,2026-08-02T19:37:21Z,glm-5.2:cloud
Girls Indoor Track,High Jump,1984,A,Ginny Hanlon,Sherwood,5-03,pdfs/Winter record book.pdf,39,2026-08-02T19:37:21Z,glm-5.2:cloud
Girls Indoor Track,High Jump,1984,BC,MaryLea Thompson,Middletown,5-01,pdfs/Winter record book.pdf,39,2026-08-02T19:37:21Z,glm-5.2:cloud
Girls Indoor Track,High Jump,1985,AA,Amy Ellis,Crossland,5-02,pdfs/Winter record book.pdf,39,2026-08-02T19:37:21Z,glm-5.2:cloud
Girls Indoor Track,High Jump,1985,A,Ginny Hanlon,Sherwood,5-08,pdfs/Winter record book.pdf,39,2026-08-02T19:37:21Z,glm-5.2:cloud
Girls Indoor Track,High Jump,1985,BC,Lori Amos,Milford Mill,5-04,pdfs/Winter record book.pdf,39,2026-08-02T19:37:21Z,glm-5.2:cloud
Girls Indoor Track,High Jump,1986,Combined,Amy Ellis,Crossland,5-06 3/4,pdfs/Winter record book.pdf,39,2026-08-02T19:37:21Z,glm-5.2:cloud
Girls Indoor Track,High Jump,1987,AA,Rachel Doering,Perry Hall,5-01,pdfs/Winter record book.pdf,39,2026-08-02T19:37:21Z,glm-5.2:cloud
Girls Indoor Track,High Jump,1987,A,Dawn Yates,Calvert,5-02,pdfs/Winter record book.pdf,39,2026-08-02T19:37:21Z,glm-5.2:cloud
Girls Indoor Track,High Jump,1987,BC,Janet Mayhugh,Hammond,5-00,pdfs/Winter record book.pdf,39,2026-08-02T19:37:21Z,glm-5.2:cloud
Girls Indoor Track,High Jump,1988,AA,Rhonda Boarman,Glen Burnie,5-05,pdfs/Winter record book.pdf,39,2026-08-02T19:37:21Z,glm-5.2:cloud
Girls Indoor Track,High Jump,1988,A,Marianne Carpenter,McDonough,5-01,pdfs/Winter record book.pdf,39,2026-08-02T19:37:21Z,glm-5.2:cloud
Girls Indoor Track,High Jump,1988,BC,Georgette Richardson,Milford Mill,5-02,pdfs/Winter record book.pdf,39,2026-08-02T19:37:21Z,glm-5.2:cloud
Girls Indoor Track,High Jump,1989,4A,Rachel Doering,Perry Hall,5-04,pdfs/Winter record book.pdf,39,2026-08-02T19:37:21Z,glm-5.2:cloud
Girls Indoor Track,High Jump,1989,3A,Robyn Bouch,Linganore,5-02,pdfs/Winter record book.pdf,39,2026-08-02T19:37:21Z,glm-5.2:cloud
Girls Indoor Track,High Jump,1989,2A-1A,Tanya Hughes,Great Mills,5-06,pdfs/Winter record book.pdf,39,2026-08-02T19:37:21Z,glm-5.2:cloud
Girls Indoor Track,High Jump,1990,4A,Erica Radden,E Roosevelt,4-11,pdfs/Winter record book.pdf,39,2026-08-02T19:37:21Z,glm-5.2:cloud
Girls Indoor Track,High Jump,1990,3A,Rachel Smith,Oakland Mills,5-01,pdfs/Winter record book.pdf,39,2026-08-02T19:37:21Z,glm-5.2:cloud
Girls Indoor Track,High Jump,1990,2A-1A,Tracy Tyler,J.M. Bennett,5-00,pdfs/Winter record book.pdf,39,2026-08-02T19:37:21Z,glm-5.2:cloud
Girls Indoor Track,High Jump,1991,4A,Tyra Moore,Largo,5-02,pdfs/Winter record book.pdf,39,2026-08-02T19:37:21Z,glm-5.2:cloud
Girls Indoor Track,High Jump,1991,3A,Rachel Smith,Oakland Mills,5-00,pdfs/Winter record book.pdf,39,2026-08-02T19:37:21Z,glm-5.2:cloud
Girls Indoor Track,High Jump,1991,2A-1A,Nicole Wyant,Easton,5-00,pdfs/Winter record book.pdf,39,2026-08-02T19:37:21Z,glm-5.2:cloud
Girls Indoor Track,High Jump,1992,4A,Tyra Moore,Largo,5-04,pdfs/Winter record book.pdf,39,2026-08-02T19:37:21Z,glm-5.2:cloud
Girls Indoor Track,High Jump,1992,3A,Meredith Benzing,Catonsville,5-00,pdfs/Winter record book.pdf,39,2026-08-02T19:37:21Z,glm-5.2:cloud
Girls Indoor Track,High Jump,1992,2A-1A,Tish Campbell,North Hagerstown,5-00,pdfs/Winter record book.pdf,39,2026-08-02T19:37:21Z,glm-5.2:cloud
Girls Indoor Track,High Jump,1993,4A,Erica Radden,Eleanor Roosevelt,5-02,pdfs/Winter record book.pdf,39,2026-08-02T19:37:21Z,glm-5.2:cloud
Girls Indoor Track,High Jump,1993,3A,Melissa Williamson,Howard,5-00,pdfs/Winter record book.pdf,39,2026-08-02T19:37:21Z,glm-5.2:cloud
Girls Indoor Track,High Jump,1993,2A-1A,Tish Campbell,North Hagerstown,5-05,pdfs/Winter record book.pdf,39,2026-08-02T19:37:21Z,glm-5.2:cloud
Girls Indoor Track,High Jump,1994,4A,Christina Chillemi,Dulaney,5-02,pdfs/Winter record book.pdf,39,2026-08-02T19:37:21Z,glm-5.2:cloud
Girls Indoor Track,High Jump,1994,3A,Nana Jeffrey-Idun,Wheaton,5-04,pdfs/Winter record book.pdf,39,2026-08-02T19:37:21Z,glm-5.2:cloud
Girls Indoor Track,High Jump,1994,2A-1A,Amy Bidle,Boonsboro,5-00,pdfs/Winter record book.pdf,39,2026-08-02T19:37:21Z,glm-5.2:cloud
Girls Indoor Track,High Jump,1995,4A,Kristin Wimbrow,Old Mill,5-02,pdfs/Winter record book.pdf,39,2026-08-02T19:37:21Z,glm-5.2:cloud
Girls Indoor Track,High Jump,1995,3A,Nana Jeffre-Dunn,Wheaton,5-06,pdfs/Winter record book.pdf,39,2026-08-02T19:37:21Z,glm-5.2:cloud
Girls Indoor Track,High Jump,1995,2A-1A,Amy Bidle,Boonsboro,5-02,pdfs/Winter record book.pdf,39,2026-08-02T19:37:21Z,glm-5.2:cloud
Girls Indoor Track,High Jump,1996,4A,Michelle June,Meade,5-02,pdfs/Winter record book.pdf,39,2026-08-02T19:37:21Z,glm-5.2:cloud
Girls Indoor Track,High Jump,1996,3A,Kacey Childs,Damascus,5-02,pdfs/Winter record book.pdf,39,2026-08-02T19:37:21Z,glm-5.2:cloud
Girls Indoor Track,High Jump,1996,2A-1A,Kathy Messner,Catoctin,5-06,pdfs/Winter record book.pdf,39,2026-08-02T19:37:21Z,glm-5.2:cloud
Girls Indoor Track,High Jump,1997,4A-3A,Vanessa Jones,Sherwood,5-08,pdfs/Winter record book.pdf,39,2026-08-02T19:37:21Z,glm-5.2:cloud
Girls Indoor Track,High Jump,1997,3A-2A,Kacey Childs,Damascus,5-04,pdfs/Winter record book.pdf,39,2026-08-02T19:37:21Z,glm-5.2:cloud
Girls Indoor Track,High Jump,1997,2A-1A,Kathy Messner,Catoctin,5-07,pdfs/Winter record book.pdf,39,2026-08-02T19:37:21Z,glm-5.2:cloud
Girls Indoor Track,High Jump,1998,4A-3A,Emily Owens,Richard Montgomery,5-04,pdfs/Winter record book.pdf,39,2026-08-02T19:37:21Z,glm-5.2:cloud
Girls Indoor Track,High Jump,1998,3A-2A,Sarah White,Parkville,5-00,pdfs/Winter record book.pdf,39,2026-08-02T19:37:21Z,glm-5.2:cloud
Girls Indoor Track,High Jump,1998,2A-1A,Kathy Messner,Catoctin,5-09,pdfs/Winter record book.pdf,39,2026-08-02T19:37:21Z,glm-5.2:cloud
Girls Indoor Track,High Jump,1999,4A-3A,Carla Franklin,Laurel,5-02,pdfs/Winter record book.pdf,39,2026-08-02T19:37:21Z,glm-5.2:cloud
Girls Indoor Track,High Jump,1999,3A-2A,Tianna Goldring,La Plata,5-04,pdfs/Winter record book.pdf,39,2026-08-02T19:37:21Z,glm-5.2:cloud
Girls Indoor Track,High Jump,1999,2A-1A,Lindsay Martin,Centennial,5-02,pdfs/Winter record book.pdf,39,2026-08-02T19:37:21Z,glm-5.2:cloud
Girls Indoor Track,High Jump,2000,4A-3A,Stephanie Kuehne,Dulaney,5-06,pdfs/Winter record book.pdf,39,2026-08-02T19:37:21Z,glm-5.2:cloud
Girls Indoor Track,High Jump,2000,3A-2A,Cynthia Nicholls,Long Reach,5-04,pdfs/Winter record book.pdf,39,2026-08-02T19:37:21Z,glm-5.2:cloud
Girls Indoor Track,High Jump,2000,2A-1A,Jen Frey,Boonsboro,5-04,pdfs/Winter record book.pdf,39,2026-08-02T19:37:21Z,glm-5.2:cloud
Girls Indoor Track,High Jump,2001,4A-3A,Donna Wright,Suitland,5-04,pdfs/Winter record book.pdf,39,2026-08-02T19:37:21Z,glm-5.2:cloud
Girls Indoor Track,High Jump,2001,3A-2A,Brittany Tesla,North Hagerstown,5-04,pdfs/Winter record book.pdf,39,2026-08-02T19:37:21Z,glm-5.2:cloud
Girls Indoor Track,High Jump,2001,2A-1A,Ashley Wall,Atholton,5-04,pdfs/Winter record book.pdf,39,2026-08-02T19:37:21Z,glm-5.2:cloud
Girls Indoor Track,High Jump,2002,4A-3A,Cassie Tressler,Damascus,5-02,pdfs/Winter record book.pdf,39,2026-08-02T19:37:21Z,glm-5.2:cloud
Girls Indoor Track,High Jump,2002,3A-2A,Maleka Diggs,Annapolis,5-06,pdfs/Winter record book.pdf,39,2026-08-02T19:37:21Z,glm-5.2:cloud
Girls Indoor Track,High Jump,2002,2A-1A,Meghan Walsh,Rising Sun,5-02,pdfs/Winter record book.pdf,39,2026-08-02T19:37:21Z,glm-5.2:cloud
Girls Indoor Track,High Jump,2003,4A-3A,Cassie Tressler,Damascus,5-04,pdfs/Winter record book.pdf,39,2026-08-02T19:37:21Z,glm-5.2:cloud
Girls Indoor Track,High Jump,2003,3A-2A,Toni Aluko,Paint Branch,5-08 1/4,pdfs/Winter record book.pdf,39,2026-08-02T19:37:21Z,glm-5.2:cloud
Girls Indoor Track,High Jump,2003,2A-1A,Joanne Urbanski,Beall,5-03,pdfs/Winter record book.pdf,39,2026-08-02T19:37:21Z,glm-5.2:cloud
Girls Indoor Track,High Jump,2004,4A-3A,Toni Aluko,Paint Branch,5-06,pdfs/Winter record book.pdf,39,2026-08-02T19:37:21Z,glm-5.2:cloud
Girls Indoor Track,High Jump,2004,3A-2A,Catlin Hilbert,North Carroll,5-02,pdfs/Winter record book.pdf,39,2026-08-02T19:37:21Z,glm-5.2:cloud
Girls Indoor Track,High Jump,2004,2A-1A,Jessica Yu,Smithsburg,5-04,pdfs/Winter record book.pdf,39,2026-08-02T19:37:21Z,glm-5.2:cloud
Girls Indoor Track,High Jump,2005,4A-3A,Emma Hanson,Damascus,5-04,pdfs/Winter record book.pdf,39,2026-08-02T19:37:21Z,glm-5.2:cloud
Girls Indoor Track,High Jump,2005,3A-2A,Stephanie Fowler,La Plata,5-02,pdfs/Winter record book.pdf,39,2026-08-02T19:37:21Z,glm-5.2:cloud
Girls Indoor Track,High Jump,2005,2A-1A,Jessica Carey,Parkside,5-04,pdfs/Winter record book.pdf,39,2026-08-02T19:37:21Z,glm-5.2:cloud
Girls Indoor Track,High Jump,2006,4A-3A,Audrey Gariepy-Bogui,Churchill,5-02,pdfs/Winter record book.pdf,39,2026-08-02T19:37:21Z,glm-5.2:cloud
Girls Indoor Track,High Jump,2006,3A-2A,Chowan Brightful,Linganore,5-04,pdfs/Winter record book.pdf,39,2026-08-02T19:37:21Z,glm-5.2:cloud
Girls Indoor Track,High Jump,2006,2A-1A,Kathleen McCormick,Clear Spring,5-00,pdfs/Winter record book.pdf,39,2026-08-02T19:37:21Z,glm-5.2:cloud
Girls Indoor Track,High Jump,2007,4A-3A,Audrey Gariepy-Bogui,Churchill,5-08,pdfs/Winter record book.pdf,39,2026-08-02T19:37:21Z,glm-5.2:cloud
Girls Indoor Track,High Jump,2007,3A-2A,Amina Smith,Patuxent,5-04,pdfs/Winter record book.pdf,39,2026-08-02T19:37:21Z,glm-5.2:cloud
Girls Indoor Track,High Jump,2007,2A-1A,Kate Paczynski,Liberty,5-00,pdfs/Winter record book.pdf,39,2026-08-02T19:37:21Z,glm-5.2:cloud
Girls Indoor Track,High Jump,2008,4A,Lorraine Graham,C.H. Flowers,5-04,pdfs/Winter record book.pdf,39,2026-08-02T19:37:21Z,glm-5.2:cloud
Girls Indoor Track,High Jump,2008,3A,Vanessa Jules,Paint Branch,5-06,pdfs/Winter record book.pdf,39,2026-08-02T19:37:21Z,glm-5.2:cloud
Girls Indoor Track,High Jump,2008,2A,Amina Smith,Patuxent,5-04,pdfs/Winter record book.pdf,39,2026-08-02T19:37:21Z,glm-5.2:cloud
Girls Indoor Track,High Jump,2008,1A,Jess Lockatell,South Carroll,4-10,pdfs/Winter record book.pdf,39,2026-08-02T19:37:21Z,glm-5.2:cloud
Girls Indoor Track,High Jump,2009,4A,Amber Melville,North Carroll,5-06,pdfs/Winter record book.pdf,39,2026-08-02T19:37:21Z,glm-5.2:cloud
Girls Indoor Track,High Jump,2009,3A,Vanessa Jules,Paint Branch,5-06,pdfs/Winter record book.pdf,39,2026-08-02T19:37:21Z,glm-5.2:cloud
Girls Indoor Track,High Jump,2009,2A,Amina Smith,Patuxent,5-08,pdfs/Winter record book.pdf,39,2026-08-02T19:37:21Z,glm-5.2:cloud
Girls Indoor Track,High Jump,2009,1A,Hannah Stone,Catoctin,5-02,pdfs/Winter record book.pdf,39,2026-08-02T19:37:21Z,glm-5.2:cloud
Girls Indoor Track,High Jump,2010,4A,Evann Slaughter,Oxon Hill,5-04,pdfs/Winter record book.pdf,39,2026-08-02T19:37:21Z,glm-5.2:cloud
Girls Indoor Track,High Jump,2010,3A,Eryn Donaldson,Mount Hebron,5-04,pdfs/Winter record book.pdf,39,2026-08-02T19:37:21Z,glm-5.2:cloud
Girls Indoor Track,High Jump,2010,2A,Amina Smith,Patuxent,5-08,pdfs/Winter record book.pdf,39,2026-08-02T19:37:21Z,glm-5.2:cloud
Girls Indoor Track,High Jump,2010,1A,Erika Hurd,Manchester Valley,5-06,pdfs/Winter record book.pdf,39,2026-08-02T19:37:21Z,glm-5.2:cloud
Girls Indoor Track,High Jump,2011,4A,Chelsea Harris,Gaithersburg,5-05,pdfs/Winter record book.pdf,39,2026-08-02T19:37:21Z,glm-5.2:cloud
Girls Indoor Track,High Jump,2011,3A,Thea Lafond,Kennedy,5-08,pdfs/Winter record book.pdf,39,2026-08-02T19:37:21Z,glm-5.2:cloud
Girls Indoor Track,High Jump,2011,2A,Beth Wagner,North Hagerstown,5-06,pdfs/Winter record book.pdf,39,2026-08-02T19:37:21Z,glm-5.2:cloud
Girls Indoor Track,High Jump,2011,1A,Erika Hurd,Manchester Valley,5-06,pdfs/Winter record book.pdf,39,2026-08-02T19:37:21Z,glm-5.2:cloud
Girls Indoor Track,High Jump,2012,4A,Tabitha Pyatt,Baltimore Polytechnic,5-02,pdfs/Winter record book.pdf,39,2026-08-02T19:37:21Z,glm-5.2:cloud
Girls Indoor Track,High Jump,2012,3A,Natalie Alper,Atholton,5-04,pdfs/Winter record book.pdf,39,2026-08-02T19:37:21Z,glm-5.2:cloud
Girls Indoor Track,High Jump,2012,2A,Hannah Stone,Catoctin,5-06,pdfs/Winter record book.pdf,39,2026-08-02T19:37:21Z,glm-5.2:cloud
Girls Indoor Track,High Jump,2012,1A,Erika Hurd,Manchester Valley,5-04,pdfs/Winter record book.pdf,39,2026-08-02T19:37:21Z,glm-5.2:cloud
Girls Indoor Track,High Jump,2013,4A,Danielle Baker,North Point,5-04,pdfs/Winter record book.pdf,39,2026-08-02T19:37:21Z,glm-5.2:cloud
Girls Indoor Track,High Jump,2013,3A,Laura Janss,Damascus,5-02,pdfs/Winter record book.pdf,39,2026-08-02T19:37:21Z,glm-5.2:cloud
Girls Indoor Track,High Jump,2013,2A,Laura Woollen,Fallston,5-03,pdfs/Winter record book.pdf,39,2026-08-02T19:37:21Z,glm-5.2:cloud
Girls Indoor Track,High Jump,2013,1A,Sarah Elwood,Clear Spring,4-08,pdfs/Winter record book.pdf,39,2026-08-02T19:37:21Z,glm-5.2:cloud
Girls Indoor Track,High Jump,2014,4A,Reilly Wagner,South River,5-04,pdfs/Winter record book.pdf,39,2026-08-02T19:37:21Z,glm-5.2:cloud
Girls Indoor Track,High Jump,2014,3A,Tabitha Pyatt,Polytechnic,5-04,pdfs/Winter record book.pdf,39,2026-08-02T19:37:21Z,glm-5.2:cloud
Girls Indoor Track,High Jump,2014,2A,Isabella Laurel,South Carroll,5-08,pdfs/Winter record book.pdf,39,2026-08-02T19:37:21Z,glm-5.2:cloud
Girls Indoor Track,High Jump,2014,1A,Crystal Parker,Central-PG,4-11,pdfs/Winter record book.pdf,39,2026-08-02T19:37:21Z,glm-5.2:cloud
Girls Indoor Track,High Jump,2015,4A,Reilly Wagner,South River,5-04,pdfs/Winter record book.pdf,39,2026-08-02T19:37:21Z,glm-5.2:cloud
Girls Indoor Track,High Jump,2015,3A,Caitlin Bowman,Northern-C,5-02,pdfs/Winter record book.pdf,39,2026-08-02T19:37:21Z,glm-5.2:cloud
Girls Indoor Track,High Jump,2015,2A,Abby Stultz,Oakdale,5-04,pdfs/Winter record book.pdf,39,2026-08-02T19:37:21Z,glm-5.2:cloud
Girls Indoor Track,High Jump,2015,1A,Liz Leahy,Manchester Valley,4-11,pdfs/Winter record book.pdf,39,2026-08-02T19:37:21Z,glm-5.2:cloud
Girls Indoor Track,High Jump,2016,4A,Aleya Mayo,Dr. Henry A. Wise,5-04,pdfs/Winter record book.pdf,39,2026-08-02T19:37:21Z,glm-5.2:cloud
Girls Indoor Track,High Jump,2016,3A,Deanna Young,Wilde Lake,5-00,pdfs/Winter record book.pdf,39,2026-08-02T19:37:21Z,glm-5.2:cloud
Girls Indoor Track,High Jump,2016,2A,Lillian Reese,La Plata,5-04,pdfs/Winter record book.pdf,39,2026-08-02T19:37:21Z,glm-5.2:cloud
Girls Indoor Track,High Jump,2016,1A,Rosie Cicmanec,Brunswick,5-02,pdfs/Winter record book.pdf,39,2026-08-02T19:37:21Z,glm-5.2:cloud
Girls Indoor Track,High Jump,2017,4A,Dejah Grant,Charles H. Flowers,5-04,pdfs/Winter record book.pdf,39,2026-08-02T19:37:21Z,glm-5.2:cloud
Girls Indoor Track,High Jump,2017,3A,Kelly Garriott,Manchester Valley,5-02,pdfs/Winter record book.pdf,39,2026-08-02T19:37:21Z,glm-5.2:cloud
Girls Indoor Track,High Jump,2017,2A,Beyonce Kelly,Harford Technical,5-06,pdfs/Winter record book.pdf,39,2026-08-02T19:37:21Z,glm-5.2:cloud
Girls Indoor Track,High Jump,2017,1A,Rosie Cicmanec,Brunswick,5-04,pdfs/Winter record book.pdf,39,2026-08-02T19:37:21Z,glm-5.2:cloud
Girls Indoor Track,High Jump,2018,4A,Taylor Wright,Northwest,5-06,pdfs/Winter record book.pdf,39,2026-08-02T19:37:21Z,glm-5.2:cloud
Girls Indoor Track,High Jump,2018,3A,Kathleen Gallagher,Linganore,5-04,pdfs/Winter record book.pdf,39,2026-08-02T19:37:21Z,glm-5.2:cloud
Girls Indoor Track,High Jump,2018,2A,Beyonce Kelly,Harford Technical,5-05,pdfs/Winter record book.pdf,39,2026-08-02T19:37:21Z,glm-5.2:cloud
Girls Indoor Track,High Jump,2018,1A,Rosie Cicmanec,Brunswick,5-01,pdfs/Winter record book.pdf,39,2026-08-02T19:37:21Z,glm-5.2:cloud
Girls Indoor Track,High Jump,2019,4A,Taylor Wright,Northwest,5-06,pdfs/Winter record book.pdf,39,2026-08-02T19:37:21Z,glm-5.2:cloud
Girls Indoor Track,High Jump,2019,3A,LeNisha Chance,South Hagerstown,5-03,pdfs/Winter record book.pdf,39,2026-08-02T19:37:21Z,glm-5.2:cloud
Girls Indoor Track,High Jump,2019,2A,Beyonce Kelly,Harford Technical,5-05,pdfs/Winter record book.pdf,39,2026-08-02T19:37:21Z,glm-5.2:cloud
Girls Indoor Track,High Jump,2019,1A,Sanaya Ross,Largo,5-02,pdfs/Winter record book.pdf,39,2026-08-02T19:37:21Z,glm-5.2:cloud
Girls Indoor Track,High Jump,2020,4A,Madison Depry,Wheaton,5-04,pdfs/Winter record book.pdf,39,2026-08-02T19:37:21Z,glm-5.2:cloud
Girls Indoor Track,High Jump,2020,3A,Samantha Leo,Chesapeake-AA,5-02,pdfs/Winter record book.pdf,39,2026-08-02T19:37:21Z,glm-5.2:cloud
Girls Indoor Track,High Jump,2020,2A,Autumn Winston,Frederick Douglass-PG,5-03,pdfs/Winter record book.pdf,39,2026-08-02T19:37:21Z,glm-5.2:cloud
Girls Indoor Track,High Jump,2020,1A,Joseline Adeoye,Largo,5-04,pdfs/Winter record book.pdf,39,2026-08-02T19:37:21Z,glm-5.2:cloud
Girls Indoor Track,High Jump,2022,4A,Dylan Countiss,Leonardtown,5-02,pdfs/Winter record book.pdf,39,2026-08-02T19:37:21Z,glm-5.2:cloud
Girls Indoor Track,High Jump,2022,3A,Ruth Smih,Howard,5-02,pdfs/Winter record book.pdf,39,2026-08-02T19:37:21Z,glm-5.2:cloud
Girls Indoor Track,High Jump,2022,2A,Lizzie Lopez,Hereford,5-02,pdfs/Winter record book.pdf,39,2026-08-02T19:37:21Z,glm-5.2:cloud
Girls Indoor Track,High Jump,2022,1A,Ashleigh Porter,Francis Scott Key,4-10,pdfs/Winter record book.pdf,39,2026-08-02T19:37:21Z,glm-5.2:cloud
Girls Indoor Track,High Jump,2023,4A,Jaelynn Blackwell,Charles H. Flowers,5-02,pdfs/Winter record book.pdf,39,2026-08-02T19:37:21Z,glm-5.2:cloud
Girls Indoor Track,High Jump,2023,3A,Ruth Smih,Howard,5-02,pdfs/Winter record book.pdf,39,2026-08-02T19:37:21Z,glm-5.2:cloud
Girls Indoor Track,High Jump,2023,2A,Hailey Eliott,Wicomico,5-02,pdfs/Winter record book.pdf,39,2026-08-02T19:37:21Z,glm-5.2:cloud
Girls Indoor Track,High Jump,2023,1A,Ashleigh Porter,Francis Scott Key,5-02,pdfs/Winter record book.pdf,39,2026-08-02T19:37:21Z,glm-5.2:cloud
Girls Indoor Track,High Jump,2024,4A,Casey Gish,Broadneck,5-03,pdfs/Winter record book.pdf,39,2026-08-02T19:37:21Z,glm-5.2:cloud
Girls Indoor Track,High Jump,2024,3A,Valerie Ashamu,Oakland Mills,5-04,pdfs/Winter record book.pdf,39,2026-08-02T19:37:21Z,glm-5.2:cloud
Girls Indoor Track,High Jump,2024,2A,Aiyana Smalley,Patuxent,5-04,pdfs/Winter record book.pdf,39,2026-08-02T19:37:21Z,glm-5.2:cloud
Girls Indoor Track,High Jump,2024,1A,Maeleigh Plummer,Fort Hill,5-04,pdfs/Winter record book.pdf,39,2026-08-02T19:37:21Z,glm-5.2:cloud
Girls Indoor Track,High Jump,2025,4A,Ava Morales,Frederick,5-06,pdfs/Winter record book.pdf,39,2026-08-02T19:37:21Z,glm-5.2:cloud
Girls Indoor Track,High Jump,2025,3A,Sierra Swangin,James Hubert Blake,5-05,pdfs/Winter record book.pdf,39,2026-08-02T19:37:21Z,glm-5.2:cloud
Girls Indoor Track,High Jump,2025,2A,Olivia St. Vil,Maurice J. McDonough,5-04,pdfs/Winter record book.pdf,39,2026-08-02T19:37:21Z,glm-5.2:cloud
Girls Indoor Track,High Jump,2025,1A,Winter Evans,Harford Technical,5-02,pdfs/Winter record book.pdf,39,2026-08-02T19:37:21Z,glm-5.2:cloud
Girls Indoor Track,Shot Put,1977,AA,Girale Wilson,Glen Burnie,38-08 1/2,pdfs/Winter record book.pdf,39,2026-08-02T19:37:21Z,glm-5.2:cloud
Girls Indoor Track,Shot Put,1977,ABC,Donna Lake,Einstein,36-01 1/4,pdfs/Winter record book.pdf,39,2026-08-02T19:37:21Z,glm-5.2:cloud
Girls Indoor Track,Shot Put,1978,AA,Beth Grupenhoff,Churchill,40-09 3/4,pdfs/Winter record book.pdf,39,2026-08-02T19:37:21Z,glm-5.2:cloud
Girls Indoor Track,Shot Put,1978,ABC,Donna Lake,Einstein,38-08 1/4,pdfs/Winter record book.pdf,39,2026-08-02T19:37:21Z,glm-5.2:cloud
Girls Indoor Track,Shot Put,1979,AA,Jackie Leeds,Randallstown,39-01 1/2,pdfs/Winter record book.pdf,39,2026-08-02T19:37:21Z,glm-5.2:cloud
Girls Indoor Track,Shot Put,1979,ABC,Dawn Gayle,Central-PG,39-03,pdfs/Winter record book.pdf,39,2026-08-02T19:37:21Z,glm-5.2:cloud
Girls Indoor Track,Shot Put,1980,AA,Cynthia Howard,Bladensburg,39-05 1/4,pdfs/Winter record book.pdf,39,2026-08-02T19:37:21Z,glm-5.2:cloud
Girls Indoor Track,Shot Put,1980,A,Stacey Browne,B-CC,36-05,pdfs/Winter record book.pdf,39,2026-08-02T19:37:21Z,glm-5.2:cloud
Girls Indoor Track,Shot Put,1980,BC,Barbara Davis,Frederick,37-02 1/2,pdfs/Winter record book.pdf,39,2026-08-02T19:37:21Z,glm-5.2:cloud
Girls Indoor Track,Shot Put,1981,AA,Phyllis Addison,Friendly,37-07,pdfs/Winter record book.pdf,39,2026-08-02T19:37:21Z,glm-5.2:cloud
Girls Indoor Track,Shot Put,1981,A,Chesha Gartmon,Central-PG,39-05 1/4,pdfs/Winter record book.pdf,39,2026-08-02T19:37:21Z,glm-5.2:cloud
Girls Indoor Track,Shot Put,1981,BC,Christine Clifton,Douglass-PG,36-03,pdfs/Winter record book.pdf,39,2026-08-02T19:37:21Z,glm-5.2:cloud
Girls Indoor Track,Shot Put,1982,AA,Phyllis Addison,Friendly,41-04,pdfs/Winter record book.pdf,39,2026-08-02T19:37:21Z,glm-5.2:cloud
Girls Indoor Track,Shot Put,1982,A,Chesha Gartmon,Central-PG,38-01 1/2,pdfs/Winter record book.pdf,39,2026-08-02T19:37:21Z,glm-5.2:cloud
Girls Indoor Track,Shot Put,1982,BC,Naomi Flowers,Col. Richardson,33-01 3/4,pdfs/Winter record book.pdf,39,2026-08-02T19:37:21Z,glm-5.2:cloud
Girls Indoor Track,Shot Put,1983,AA,Amy Schwinn,Whitman,36-02 1/2,pdfs/Winter record book.pdf,39,2026-08-02T19:37:21Z,glm-5.2:cloud
Girls Indoor Track,Shot Put,1983,A,Chesha Gartmon,Central-PG,37-11,pdfs/Winter record book.pdf,39,2026-08-02T19:37:21Z,glm-5.2:cloud
Girls Indoor Track,Shot Put,1983,BC,Mary Rowe,Clear Spring,34-10 1/2,pdfs/Winter record book.pdf,39,2026-08-02T19:37:21Z,glm-5.2:cloud
Girls Indoor Track,Shot Put,1984,AA,Gayle Greaves,Oxon Hill,38-10 1/2,pdfs/Winter record book.pdf,39,2026-08-02T19:37:21Z,glm-5.2:cloud
Girls Indoor Track,Shot Put,1984,A,Allison Armstrong,Kennedy,34-11 3/4,pdfs/Winter record book.pdf,39,2026-08-02T19:37:21Z,glm-5.2:cloud
Girls Indoor Track,Shot Put,1984,BC,Mary Rowe,Clear Spring,39-05 3/4,pdfs/Winter record book.pdf,39,2026-08-02T19:37:21Z,glm-5.2:cloud
Girls Indoor Track,Shot Put,1985,AA,Dee Campbell,Bladensburg,36-10 3/4,pdfs/Winter record book.pdf,39,2026-08-02T19:37:21Z,glm-5.2:cloud
Girls Indoor Track,Shot Put,1985,A,Nancy Murray,Andover,35-03,pdfs/Winter record book.pdf,39,2026-08-02T19:37:21Z,glm-5.2:cloud
Girls Indoor Track,Shot Put,1985,BC,Tracy Lake,Einstein,35-06,pdfs/Winter record book.pdf,39,2026-08-02T19:37:21Z,glm-5.2:cloud
Girls Indoor Track,Shot Put,1986,Combined,Kelly Joyce,McDonough,39-11 1/4,pdfs/Winter record book.pdf,39,2026-08-02T19:37:21Z,glm-5.2:cloud
Girls Indoor Track,Shot Put,1987,AA,Chrissie Buser,Seneca Valley,37-01,pdfs/Winter record book.pdf,39,2026-08-02T19:37:21Z,glm-5.2:cloud
Girls Indoor Track,Shot Put,1987,A,Terri Bosse,Overlea,35-00,pdfs/Winter record book.pdf,39,2026-08-02T19:37:21Z,glm-5.2:cloud
Girls Indoor Track,Shot Put,1987,BC,Janet Mayhugh,Hammond,34-00 1/2,pdfs/Winter record book.pdf,39,2026-08-02T19:37:21Z,glm-5.2:cloud
Girls Indoor Track,Shot Put,1988,AA,Kathy Caldwell,Old Mill,39-08,pdfs/Winter record book.pdf,39,2026-08-02T19:37:21Z,glm-5.2:cloud
Girls Indoor Track,Shot Put,1988,A,Tara Newton,McDonough,37-00,pdfs/Winter record book.pdf,39,2026-08-02T19:37:21Z,glm-5.2:cloud
Girls Indoor Track,Shot Put,1988,BC,Donna Burcker,Boonsboro,35-07 1/4,pdfs/Winter record book.pdf,39,2026-08-02T19:37:21Z,glm-5.2:cloud
Girls Indoor Track,Shot Put,1989,4A,Michelle Robinson,Old Mill,37-07 1/4,pdfs/Winter record book.pdf,39,2026-08-02T19:37:21Z,glm-5.2:cloud
Girls Indoor Track,Shot Put,1989,3A,Chantel Tyler,Linganore,34-05 1/2,pdfs/Winter record book.pdf,39,2026-08-02T19:37:21Z,glm-5.2:cloud
Girls Indoor Track,Shot Put,1989,2A-1A,Christine Kellibrew,Central-PG,37-07 1/2,pdfs/Winter record book.pdf,39,2026-08-02T19:37:21Z,glm-5.2:cloud
Girls Indoor Track,Shot Put,1990,4A,Kim Johnson,Friendly,41-10 3/4,pdfs/Winter record book.pdf,39,2026-08-02T19:37:21Z,glm-5.2:cloud
Girls Indoor Track,Shot Put,1990,3A,Suzin Whitten,Paint Branch,30-05,pdfs/Winter record book.pdf,39,2026-08-02T19:37:21Z,glm-5.2:cloud
Girls Indoor Track,Shot Put,1990,2A-1A,Donna Burcker,Boonsboro,36-08 1/2,pdfs/Winter record book.pdf,39,2026-08-02T19:37:21Z,glm-5.2:cloud
Girls Indoor Track,Shot Put,1991,4A,Kim Johnson,Friendly,39-00,pdfs/Winter record book.pdf,39,2026-08-02T19:37:21Z,glm-5.2:cloud
Girls Indoor Track,Shot Put,1991,3A,Wendy Berman,Thomas Johnson,35-08 1/2,pdfs/Winter record book.pdf,39,2026-08-02T19:37:21Z,glm-5.2:cloud
Girls Indoor Track,Shot Put,1991,2A-1A,Sheri Huckleberry,Middletown,33-07,pdfs/Winter record book.pdf,39,2026-08-02T19:37:21Z,glm-5.2:cloud
Girls Indoor Track,Shot Put,1992,4A,Mattie Cymek,Chesapeake-AA,40-05 1/2,pdfs/Winter record book.pdf,39,2026-08-02T19:37:21Z,glm-5.2:cloud
Girls Indoor Track,Shot Put,1992,3A,Simona Jones,Great Mills,36-06,pdfs/Winter record book.pdf,39,2026-08-02T19:37:21Z,glm-5.2:cloud
Girls Indoor Track,Shot Put,1992,2A-1A,Sheri Huckleberry,Middletown,35-06 1/4,pdfs/Winter record book.pdf,39,2026-08-02T19:37:21Z,glm-5.2:cloud
Girls Indoor Track,Shot Put,1993,4A,Michele Smith,Old Mill,39-00,pdfs/Winter record book.pdf,39,2026-08-02T19:37:21Z,glm-5.2:cloud
Girls Indoor Track,Shot Put,1993,3A,Simona Jones,Great Mills,38-00 1/2,pdfs/Winter record book.pdf,39,2026-08-02T19:37:21Z,glm-5.2:cloud
Girls Indoor Track,Shot Put,1993,2A-1A,Sheri Huckleberry,Middletown,37-04 1/2,pdfs/Winter record book.pdf,39,2026-08-02T19:37:21Z,glm-5.2:cloud
Girls Indoor Track,Shot Put,1994,4A,Cathy Porter,Old Mill,33-05,pdfs/Winter record book.pdf,39,2026-08-02T19:37:21Z,glm-5.2:cloud
Girls Indoor Track,Shot Put,1994,3A,Erin Williams,Linganore,34-09,pdfs/Winter record book.pdf,39,2026-08-02T19:37:21Z,glm-5.2:cloud
Girls Indoor Track,Shot Put,1994,2A-1A,Nicole Walker,Towson,36-08,pdfs/Winter record book.pdf,39,2026-08-02T19:37:21Z,glm-5.2:cloud
Girls Indoor Track,Shot Put,1995,4A,Lakiesha Brown,High Point,36-04 1/4,pdfs/Winter record book.pdf,39,2026-08-02T19:37:21Z,glm-5.2:cloud
Girls Indoor Track,Shot Put,1995,3A,Erin Williams,Linganore,35-07,pdfs/Winter record book.pdf,39,2026-08-02T19:37:21Z,glm-5.2:cloud
Girls Indoor Track,Shot Put,1995,2A-1A,Jennifer Hartley,Smithsburg,360-0,pdfs/Winter record book.pdf,39,2026-08-02T19:37:21Z,glm-5.2:cloud
Girls Indoor Track,Shot Put,1996,4A,Cathy Porter,Old Mill,38-03 1/2,pdfs/Winter record book.pdf,39,2026-08-02T19:37:21Z,glm-5.2:cloud
Girls Indoor Track,Shot Put,1996,3A,Thera Larson,Westlake,36-08,pdfs/Winter record book.pdf,39,2026-08-02T19:37:21Z,glm-5.2:cloud
Girls Indoor Track,Shot Put,1996,2A-1A,Sarah Morris,Smithsburg,35-04,pdfs/Winter record book.pdf,39,2026-08-02T19:37:21Z,glm-5.2:cloud
Girls Indoor Track,Shot Put,1997,4A-3A,Ruth Kura,Quince Orchard,39-00,pdfs/Winter record book.pdf,39,2026-08-02T19:37:21Z,glm-5.2:cloud
Girls Indoor Track,Shot Put,1997,3A-2A,Jillian Martin,Gwynn Park,35-08 1/2,pdfs/Winter record book.pdf,39,2026-08-02T19:37:21Z,glm-5.2:cloud
Girls Indoor Track,Shot Put,1997,2A-1A,Katie Wise,Glenelg,35-00,pdfs/Winter record book.pdf,39,2026-08-02T19:37:21Z,glm-5.2:cloud
Girls Indoor Track,Shot Put,1998,4A-3A,Wendy Johnson,Eleanor Roosevelt,39-02 3/4,pdfs/Winter record book.pdf,39,2026-08-02T19:37:21Z,glm-5.2:cloud
Girls Indoor Track,Shot Put,1998,3A-2A,Meagan Verdeyen,N. Hagerstown,41-03 3/4,pdfs/Winter record book.pdf,39,2026-08-02T19:37:21Z,glm-5.2:cloud
Girls Indoor Track,Shot Put,1998,2A-1A,Ebony Dew,Fairmont Heights,34-09 1/4,pdfs/Winter record book.pdf,39,2026-08-02T19:37:21Z,glm-5.2:cloud
Girls Indoor Track,Shot Put,1999,4A-3A,Kiara Adams,Westminster,36-01,pdfs/Winter record book.pdf,39,2026-08-02T19:37:21Z,glm-5.2:cloud
Girls Indoor Track,Shot Put,1999,3A-2A,Meagan Verdeyen,N. Hagerstown,42-02 3/4,pdfs/Winter record book.pdf,39,2026-08-02T19:37:21Z,glm-5.2:cloud
Girls Indoor Track,Shot Put,1999,2A-1A,Erin Smith,Hancock,32-03 3/4,pdfs/Winter record book.pdf,39,2026-08-02T19:37:21Z,glm-5.2:cloud
Girls Indoor Track,Shot Put,2000,4A-3A,Kiara Adams,Westminster,40-00 1/2,pdfs/Winter record book.pdf,39,2026-08-02T19:37:21Z,glm-5.2:cloud
Girls Indoor Track,Shot Put,2000,3A-2A,Sabrina Boyd,DuVal,37-03 3/4,pdfs/Winter record book.pdf,39,2026-08-02T19:37:21Z,glm-5.2:cloud
Girls Indoor Track,Shot Put,2000,2A-1A,Ashley Horn,Potomac,38-00,pdfs/Winter record book.pdf,39,2026-08-02T19:37:21Z,glm-5.2:cloud
Girls Indoor Track,Shot Put,2001,4A-3A,Tierra Lucas,Thomas Johnson,36-03 1/4,pdfs/Winter record book.pdf,39,2026-08-02T19:37:21Z,glm-5.2:cloud
Girls Indoor Track,Shot Put,2001,3A-2A,Candace Swann,Westlake,41-01 1/2,pdfs/Winter record book.pdf,39,2026-08-02T19:37:21Z,glm-5.2:cloud
Girls Indoor Track,Shot Put,2001,2A-1A,Ashley Horn,Potomac,39-10 1/2,pdfs/Winter record book.pdf,39,2026-08-02T19:37:21Z,glm-5.2:cloud
Girls Indoor Track,Shot Put,2002,4A-3A,Amy Bilmanis,Thomas Stone,36-02 1/4,pdfs/Winter record book.pdf,39,2026-08-02T19:37:21Z,glm-5.2:cloud
Girls Indoor Track,Shot Put,2002,3A-2A,Merredes Rogers,Milford Mill,35-00,pdfs/Winter record book.pdf,39,2026-08-02T19:37:21Z,glm-5.2:cloud
Girls Indoor Track,Shot Put,2002,2A-1A,Lindsay Carlson,Century,32-06 1/2,pdfs/Winter record book.pdf,39,2026-08-02T19:37:21Z,glm-5.2:cloud
Girls Indoor Track,Shot Put,2003,4A-3A,Timika Davis,Lake Clifton,38-09 1/4,pdfs/Winter record book.pdf,40,2026-08-02T19:38:38Z,glm-5.2:cloud
Girls Indoor Track,Shot Put,2003,3A-2A,Emily Thompson,Urbana,36-10,pdfs/Winter record book.pdf,40,2026-08-02T19:38:38Z,glm-5.2:cloud
Girls Indoor Track,Shot Put,2003,2A-1A,Lindsey Grigoriev,Atholton,42-07 3/4,pdfs/Winter record book.pdf,40,2026-08-02T19:38:38Z,glm-5.2:cloud
Girls Indoor Track,Shot Put,2004,4A-3A,Amy Bilmanis,Thomas Stone,39-00,pdfs/Winter record book.pdf,40,2026-08-02T19:38:38Z,glm-5.2:cloud
Girls Indoor Track,Shot Put,2004,3A-2A,Quiteelia Boyd,Westlake,38-11 1/4,pdfs/Winter record book.pdf,40,2026-08-02T19:38:38Z,glm-5.2:cloud
Girls Indoor Track,Shot Put,2004,2A-1A,Rachelle Wright,Potomac,35-07,pdfs/Winter record book.pdf,40,2026-08-02T19:38:38Z,glm-5.2:cloud
Girls Indoor Track,Shot Put,2005,4A-3A,Amy Bilmanis,Thomas Stone,39-02 1/2,pdfs/Winter record book.pdf,40,2026-08-02T19:38:38Z,glm-5.2:cloud
Girls Indoor Track,Shot Put,2005,3A-2A,Sharnay Burnett,N. Hagerstown,35-11 1/2,pdfs/Winter record book.pdf,40,2026-08-02T19:38:38Z,glm-5.2:cloud
Girls Indoor Track,Shot Put,2005,2A-1A,Rachelle Wright,Potomac,37-09 3/4,pdfs/Winter record book.pdf,40,2026-08-02T19:38:38Z,glm-5.2:cloud
Girls Indoor Track,Shot Put,2006,4A-3A,Joanne Coley,Largo,37-08,pdfs/Winter record book.pdf,40,2026-08-02T19:38:38Z,glm-5.2:cloud
Girls Indoor Track,Shot Put,2006,3A-2A,Nicole Sohn,Northeast-AA,38-10 1/2,pdfs/Winter record book.pdf,40,2026-08-02T19:38:38Z,glm-5.2:cloud
Girls Indoor Track,Shot Put,2006,2A-1A,Sarah Johnson,Boonsboro,32-05 3/4,pdfs/Winter record book.pdf,40,2026-08-02T19:38:38Z,glm-5.2:cloud
Girls Indoor Track,Shot Put,2007,4A-3A,Emily Vannoy,Thomas Johnson,38-07 1/2,pdfs/Winter record book.pdf,40,2026-08-02T19:38:38Z,glm-5.2:cloud
Girls Indoor Track,Shot Put,2007,3A-2A,Joanne Coley,Largo,40-08,pdfs/Winter record book.pdf,40,2026-08-02T19:38:38Z,glm-5.2:cloud
Girls Indoor Track,Shot Put,2007,2A-1A,Sarah Johnson,Boonsboro,34-01,pdfs/Winter record book.pdf,40,2026-08-02T19:38:38Z,glm-5.2:cloud
Girls Indoor Track,Shot Put,2008,4A,Emily Vannoy,Thomas Johnson,45-09 1/4,pdfs/Winter record book.pdf,40,2026-08-02T19:38:38Z,glm-5.2:cloud
Girls Indoor Track,Shot Put,2008,3A,Mikelle Leigh,Largo,38-01,pdfs/Winter record book.pdf,40,2026-08-02T19:38:38Z,glm-5.2:cloud
Girls Indoor Track,Shot Put,2008,2A,Vanessa Henry,Fairmont Heights,380-0 3/4,pdfs/Winter record book.pdf,40,2026-08-02T19:38:38Z,glm-5.2:cloud
Girls Indoor Track,Shot Put,2008,1A,Jordie Lord,Williamsport,33-00,pdfs/Winter record book.pdf,40,2026-08-02T19:38:38Z,glm-5.2:cloud
Girls Indoor Track,Shot Put,2009,4A,Emily Vannoy,Thomas Johnson,47-10 1/4,pdfs/Winter record book.pdf,40,2026-08-02T19:38:38Z,glm-5.2:cloud
Girls Indoor Track,Shot Put,2009,3A,Tiara Stanley,Stephen Decatur,37-03 1/2,pdfs/Winter record book.pdf,40,2026-08-02T19:38:38Z,glm-5.2:cloud
Girls Indoor Track,Shot Put,2009,2A,Lauren Gross,North Point,35-05 1/4,pdfs/Winter record book.pdf,40,2026-08-02T19:38:38Z,glm-5.2:cloud
Girls Indoor Track,Shot Put,2009,1A,Paige Shirk,Clear Spring,41-04 1/2,pdfs/Winter record book.pdf,40,2026-08-02T19:38:38Z,glm-5.2:cloud
Girls Indoor Track,Shot Put,2010,4A,Lauren Allam,Chesapeake-AA,39-07-1/4,pdfs/Winter record book.pdf,40,2026-08-02T19:38:38Z,glm-5.2:cloud
Girls Indoor Track,Shot Put,2010,3A,Emma Mayne,Linganore,39-07 1/40,pdfs/Winter record book.pdf,40,2026-08-02T19:38:38Z,glm-5.2:cloud
Girls Indoor Track,Shot Put,2010,2A,Meghan Rose,Eastern Technical,36-05 1/4,pdfs/Winter record book.pdf,40,2026-08-02T19:38:38Z,glm-5.2:cloud
Girls Indoor Track,Shot Put,2010,1A,Paige Shirk,Clear Spring,38-05 1/2,pdfs/Winter record book.pdf,40,2026-08-02T19:38:38Z,glm-5.2:cloud
Girls Indoor Track,Shot Put,2011,4A,Shelby Frink,Woodlawn,42-06,pdfs/Winter record book.pdf,40,2026-08-02T19:38:38Z,glm-5.2:cloud
Girls Indoor Track,Shot Put,2011,3A,Rachel Porzel,Blake,36-02,pdfs/Winter record book.pdf,40,2026-08-02T19:38:38Z,glm-5.2:cloud
Girls Indoor Track,Shot Put,2011,2A,Megan Mounts,Walkersville,34-06 3/4,pdfs/Winter record book.pdf,40,2026-08-02T19:38:38Z,glm-5.2:cloud
Girls Indoor Track,Shot Put,2011,1A,Stefanie Genery,Manchester Valley,31-03,pdfs/Winter record book.pdf,40,2026-08-02T19:38:38Z,glm-5.2:cloud
Girls Indoor Track,Shot Put,2012,4A,Antonella Taylor,Bowie,46-03.75,pdfs/Winter record book.pdf,40,2026-08-02T19:38:38Z,glm-5.2:cloud
Girls Indoor Track,Shot Put,2012,3A,Tamara Ovejera,Thomas Johnson,42-03,pdfs/Winter record book.pdf,40,2026-08-02T19:38:38Z,glm-5.2:cloud
Girls Indoor Track,Shot Put,2012,2A,Megan Mounts,Walkersville,36-09,pdfs/Winter record book.pdf,40,2026-08-02T19:38:38Z,glm-5.2:cloud
Girls Indoor Track,Shot Put,2012,1A,Stefanie Genery,Manchester Valley,35-04.25,pdfs/Winter record book.pdf,40,2026-08-02T19:38:38Z,glm-5.2:cloud
Girls Indoor Track,Shot Put,2013,4A,Claudia Ababio,Clarksburg,42-07.50,pdfs/Winter record book.pdf,40,2026-08-02T19:38:38Z,glm-5.2:cloud
Girls Indoor Track,Shot Put,2013,3A,Tamara Ovejera,Thomas Johnson,42-03.50,pdfs/Winter record book.pdf,40,2026-08-02T19:38:38Z,glm-5.2:cloud
Girls Indoor Track,Shot Put,2013,2A,Megan Mounts,Walkersville,39-04,pdfs/Winter record book.pdf,40,2026-08-02T19:38:38Z,glm-5.2:cloud
Girls Indoor Track,Shot Put,2013,1A,Shatiya Johnson,Forestville,35-08,pdfs/Winter record book.pdf,40,2026-08-02T19:38:38Z,glm-5.2:cloud
Girls Indoor Track,Shot Put,2014,4A,Claudia Ababio,Clarksburg,43-01.25,pdfs/Winter record book.pdf,40,2026-08-02T19:38:38Z,glm-5.2:cloud
Girls Indoor Track,Shot Put,2014,3A,Amber Logan,Huntingtown,37-00.25,pdfs/Winter record book.pdf,40,2026-08-02T19:38:38Z,glm-5.2:cloud
Girls Indoor Track,Shot Put,2014,2A,Favour Ihekwene,Largo,39-01.25,pdfs/Winter record book.pdf,40,2026-08-02T19:38:38Z,glm-5.2:cloud
Girls Indoor Track,Shot Put,2014,1A,Kayla Geho,Manchester Valley,33-03.25,pdfs/Winter record book.pdf,40,2026-08-02T19:38:38Z,glm-5.2:cloud
Girls Indoor Track,Shot Put,2015,4A,Taylor Scaife,Howard,41-07.50,pdfs/Winter record book.pdf,40,2026-08-02T19:38:38Z,glm-5.2:cloud
Girls Indoor Track,Shot Put,2015,3A,Amanda Murphy,Franklin,39-05.25,pdfs/Winter record book.pdf,40,2026-08-02T19:38:38Z,glm-5.2:cloud
Girls Indoor Track,Shot Put,2015,2A,Seasons Usual,Douglass-PG,38-03.75,pdfs/Winter record book.pdf,40,2026-08-02T19:38:38Z,glm-5.2:cloud
Girls Indoor Track,Shot Put,2015,1A,Kayla Geho,Manchester Valley,33-10.50,pdfs/Winter record book.pdf,40,2026-08-02T19:38:38Z,glm-5.2:cloud
Girls Indoor Track,Shot Put,2016,4A,Ariyana Larkins,Dr. Henry A. Wise,39-00.25,pdfs/Winter record book.pdf,40,2026-08-02T19:38:38Z,glm-5.2:cloud
Girls Indoor Track,Shot Put,2016,3A,Amanda Murphy,Franklin,40-06.00,pdfs/Winter record book.pdf,40,2026-08-02T19:38:38Z,glm-5.2:cloud
Girls Indoor Track,Shot Put,2016,2A,Seasons Usual,Douglass-PG,41--09.50,pdfs/Winter record book.pdf,40,2026-08-02T19:38:38Z,glm-5.2:cloud
Girls Indoor Track,Shot Put,2016,1A,Katie Krebs,Manchester Valley,35-10.00,pdfs/Winter record book.pdf,40,2026-08-02T19:38:38Z,glm-5.2:cloud
Girls Indoor Track,Shot Put,2017,4A,Chinenya Iloanya,Howard,36-00.25,pdfs/Winter record book.pdf,40,2026-08-02T19:38:38Z,glm-5.2:cloud
Girls Indoor Track,Shot Put,2017,3A,Delia Sipe,Urbana,44-10.50,pdfs/Winter record book.pdf,40,2026-08-02T19:38:38Z,glm-5.2:cloud
Girls Indoor Track,Shot Put,2017,2A,Seasons Usual,Douglass-PG,44--01.50,pdfs/Winter record book.pdf,40,2026-08-02T19:38:38Z,glm-5.2:cloud
Girls Indoor Track,Shot Put,2017,1A,Rose Mary Minang,Boonsboro,32-01.25,pdfs/Winter record book.pdf,40,2026-08-02T19:38:38Z,glm-5.2:cloud
Girls Indoor Track,Shot Put,2018,4A,Chinenya Iloanya,Howard,39-08.50,pdfs/Winter record book.pdf,40,2026-08-02T19:38:38Z,glm-5.2:cloud
Girls Indoor Track,Shot Put,2018,3A,Paige Tolbard,Frederick,41-06.75,pdfs/Winter record book.pdf,40,2026-08-02T19:38:38Z,glm-5.2:cloud
Girls Indoor Track,Shot Put,2018,2A,Mikayla Cline,Williamsport,36-00,pdfs/Winter record book.pdf,40,2026-08-02T19:38:38Z,glm-5.2:cloud
Girls Indoor Track,Shot Put,2018,1A,Courtney Hawkins,Henry E. Lackey,41-04,pdfs/Winter record book.pdf,40,2026-08-02T19:38:38Z,glm-5.2:cloud
Girls Indoor Track,Shot Put,2019,4A,Janise Bestman,Paint Branch,37-08.50,pdfs/Winter record book.pdf,40,2026-08-02T19:38:38Z,glm-5.2:cloud
Girls Indoor Track,Shot Put,2019,3A,Sarah George,Oxon Hill,43-03,pdfs/Winter record book.pdf,40,2026-08-02T19:38:38Z,glm-5.2:cloud
Girls Indoor Track,Shot Put,2019,2A,Asia Travers,Elkton,36-06.75,pdfs/Winter record book.pdf,40,2026-08-02T19:38:38Z,glm-5.2:cloud
Girls Indoor Track,Shot Put,2019,1A,Emani Bell,Perryville,38-03.75,pdfs/Winter record book.pdf,40,2026-08-02T19:38:38Z,glm-5.2:cloud
Girls Indoor Track,Shot Put,2020,4A,Yassine Kamara,Parkdale,38-07.50,pdfs/Winter record book.pdf,40,2026-08-02T19:38:38Z,glm-5.2:cloud
Girls Indoor Track,Shot Put,2020,3A,Mekya Jones,North Point,38-02.75,pdfs/Winter record book.pdf,40,2026-08-02T19:38:38Z,glm-5.2:cloud
Girls Indoor Track,Shot Put,2020,2A,Asia Travers,Elkton,38-05.25,pdfs/Winter record book.pdf,40,2026-08-02T19:38:38Z,glm-5.2:cloud
Girls Indoor Track,Shot Put,2020,1A,Sade Panton,Largo,37-10.25,pdfs/Winter record book.pdf,40,2026-08-02T19:38:38Z,glm-5.2:cloud
Girls Indoor Track,Shot Put,2022,4A,Fiona Agyekum,Urbana,39-9.50,pdfs/Winter record book.pdf,40,2026-08-02T19:38:38Z,glm-5.2:cloud
Girls Indoor Track,Shot Put,2022,3A,Liv Ragonese,Centennial,39-00,pdfs/Winter record book.pdf,40,2026-08-02T19:38:38Z,glm-5.2:cloud
Girls Indoor Track,Shot Put,2022,2A,Sytieia Brown,Elkton,38-4.50,pdfs/Winter record book.pdf,40,2026-08-02T19:38:38Z,glm-5.2:cloud
Girls Indoor Track,Shot Put,2022,1A,Zamaryah Marshall,Largo,31-8,pdfs/Winter record book.pdf,40,2026-08-02T19:38:38Z,glm-5.2:cloud
Girls Indoor Track,Shot Put,2023,4A,Reagan Phillips,Clarksburg,37-10,pdfs/Winter record book.pdf,40,2026-08-02T19:38:38Z,glm-5.2:cloud
Girls Indoor Track,Shot Put,2023,3A,Annie Campbell,Northern-Cal,38-03,pdfs/Winter record book.pdf,40,2026-08-02T19:38:38Z,glm-5.2:cloud
Girls Indoor Track,Shot Put,2023,2A,Jada Williams-Greer,Calvert,32-10.50,pdfs/Winter record book.pdf,40,2026-08-02T19:38:38Z,glm-5.2:cloud
Girls Indoor Track,Shot Put,2023,1A,Joslyn Foltz,Hancock,33-07.50,pdfs/Winter record book.pdf,40,2026-08-02T19:38:38Z,glm-5.2:cloud
Girls Indoor Track,Shot Put,2024,4A,Shakira Moumban,Springbrook,36-02.25,pdfs/Winter record book.pdf,40,2026-08-02T19:38:38Z,glm-5.2:cloud
Girls Indoor Track,Shot Put,2024,3A,Gabby Cope,Northern-Cal,43-09.25,pdfs/Winter record book.pdf,40,2026-08-02T19:38:38Z,glm-5.2:cloud
Girls Indoor Track,Shot Put,2024,2A,Sytieia Brown,Elkton,36-10.25,pdfs/Winter record book.pdf,40,2026-08-02T19:38:38Z,glm-5.2:cloud
Girls Indoor Track,Shot Put,2024,1A,Olivia Onwubuariri,Western STES,35-03.50,pdfs/Winter record book.pdf,40,2026-08-02T19:38:38Z,glm-5.2:cloud
Girls Indoor Track,Shot Put,2025,4A,Journy Phillips,Eleanor Roosevelt,39-10,pdfs/Winter record book.pdf,40,2026-08-02T19:38:38Z,glm-5.2:cloud
Girls Indoor Track,Shot Put,2025,3A,Destine Jordan,Saint Charles,38-08.75,pdfs/Winter record book.pdf,40,2026-08-02T19:38:38Z,glm-5.2:cloud
Girls Indoor Track,Shot Put,2025,2A,Belinda Darko,Gwynn Park,41-04.25,pdfs/Winter record book.pdf,40,2026-08-02T19:38:38Z,glm-5.2:cloud
Girls Indoor Track,Shot Put,2025,1A,Olivia Onwubuariri,Western STES,37-09.25,pdfs/Winter record book.pdf,40,2026-08-02T19:38:38Z,glm-5.2:cloud
Girls Indoor Track,Pole Vault,1997,4A-3A,Karen (K.C.) Allen,Calvert,9-00,pdfs/Winter record book.pdf,40,2026-08-02T19:38:38Z,glm-5.2:cloud
Girls Indoor Track,Pole Vault,1997,3A-2A,Tricia Shepard,La Plata,8-03,pdfs/Winter record book.pdf,40,2026-08-02T19:38:38Z,glm-5.2:cloud
Girls Indoor Track,Pole Vault,1997,2A-1A,Kate McFarland,Hereford,9-06,pdfs/Winter record book.pdf,40,2026-08-02T19:38:38Z,glm-5.2:cloud
Girls Indoor Track,Pole Vault,1998,4A-3A,Karen (K.C.) Allen,Calvert,10-06,pdfs/Winter record book.pdf,40,2026-08-02T19:38:38Z,glm-5.2:cloud
Girls Indoor Track,Pole Vault,1998,3A-2A,Erin Nett,Bel Air,10-00,pdfs/Winter record book.pdf,40,2026-08-02T19:38:38Z,glm-5.2:cloud
Girls Indoor Track,Pole Vault,1998,2A-1A,Ellen Tierney,Boonsboro,9-03,pdfs/Winter record book.pdf,40,2026-08-02T19:38:38Z,glm-5.2:cloud
Girls Indoor Track,Pole Vault,1999,4A-3A,Karen (K.C.) Allen,Calvert,11-00,pdfs/Winter record book.pdf,40,2026-08-02T19:38:38Z,glm-5.2:cloud
Girls Indoor Track,Pole Vault,1999,3A-2A,Marsha Day,Leonardtown,10-01,pdfs/Winter record book.pdf,40,2026-08-02T19:38:38Z,glm-5.2:cloud
Girls Indoor Track,Pole Vault,1999,2A-1A,Lori Tvarkunas,Glenelg,10-06,pdfs/Winter record book.pdf,40,2026-08-02T19:38:38Z,glm-5.2:cloud
Girls Indoor Track,Pole Vault,2000,4A-3A,Laura Paugh,Parkville,9-03,pdfs/Winter record book.pdf,40,2026-08-02T19:38:38Z,glm-5.2:cloud
Girls Indoor Track,Pole Vault,2000,3A-2A,Lauren Graff,Urbana,11-01,pdfs/Winter record book.pdf,40,2026-08-02T19:38:38Z,glm-5.2:cloud
Girls Indoor Track,Pole Vault,2000,2A-1A,Sarah McDonald,Williamsport,10-07,pdfs/Winter record book.pdf,40,2026-08-02T19:38:38Z,glm-5.2:cloud
Girls Indoor Track,Pole Vault,2001,4A-3A,Jodi Taetle,Gaithersburg,9-06,pdfs/Winter record book.pdf,40,2026-08-02T19:38:38Z,glm-5.2:cloud
Girls Indoor Track,Pole Vault,2001,3A-2A,Lauren Graff,Urbana,10-06,pdfs/Winter record book.pdf,40,2026-08-02T19:38:38Z,glm-5.2:cloud
Girls Indoor Track,Pole Vault,2001,2A-1A,Kierney Hiteshew,Oakland Mills,9-06,pdfs/Winter record book.pdf,40,2026-08-02T19:38:38Z,glm-5.2:cloud
Girls Indoor Track,Pole Vault,2002,4A-3A,Allison Long,Thomas Johnson,9-00,pdfs/Winter record book.pdf,40,2026-08-02T19:38:38Z,glm-5.2:cloud
Girls Indoor Track,Pole Vault,2002,3A-2A,Lauren Graff,Urbana,11-09,pdfs/Winter record book.pdf,40,2026-08-02T19:38:38Z,glm-5.2:cloud
Girls Indoor Track,Pole Vault,2002,2A-1A,Allison Jarkey,Middletown,9-06,pdfs/Winter record book.pdf,40,2026-08-02T19:38:38Z,glm-5.2:cloud
Girls Indoor Track,Pole Vault,2003,4A-3A,Brittany Crum,Thomas Johson,9-00,pdfs/Winter record book.pdf,40,2026-08-02T19:38:38Z,glm-5.2:cloud
Girls Indoor Track,Pole Vault,2003,3A-2A,Casey Gillingham,Leonardtown,10-00,pdfs/Winter record book.pdf,40,2026-08-02T19:38:38Z,glm-5.2:cloud
Girls Indoor Track,Pole Vault,2003,2A-1A,Allison Jarkey,Middletown,10-00,pdfs/Winter record book.pdf,40,2026-08-02T19:38:38Z,glm-5.2:cloud
Girls Indoor Track,Pole Vault,2004,4A-3A,Jen May,South River,9-06,pdfs/Winter record book.pdf,40,2026-08-02T19:38:38Z,glm-5.2:cloud
Girls Indoor Track,Pole Vault,2004,3A-2A,Allison Jarkey,Middletown,10-00,pdfs/Winter record book.pdf,40,2026-08-02T19:38:38Z,glm-5.2:cloud
Girls Indoor Track,Pole Vault,2004,2A-1A,Samantha Schweinhart,Smithsburg,8-06,pdfs/Winter record book.pdf,40,2026-08-02T19:38:38Z,glm-5.2:cloud
Girls Indoor Track,Pole Vault,2005,4A-3A,Jessica Stadler,Perry Hall,8-00,pdfs/Winter record book.pdf,40,2026-08-02T19:38:38Z,glm-5.2:cloud
Girls Indoor Track,Pole Vault,2005,3A-2A,Amanda Zeiler,North Harford,8-06,pdfs/Winter record book.pdf,40,2026-08-02T19:38:38Z,glm-5.2:cloud
Girls Indoor Track,Pole Vault,2005,2A-1A,Bethany Perna,Winters Mill,9-00,pdfs/Winter record book.pdf,40,2026-08-02T19:38:38Z,glm-5.2:cloud
Girls Indoor Track,Pole Vault,2006,4A-3A,Jessica Stadler,Perry Hall,8-10,pdfs/Winter record book.pdf,40,2026-08-02T19:38:38Z,glm-5.2:cloud
Girls Indoor Track,Pole Vault,2006,3A-2A,Jess Huber,North Carroll,9-06,pdfs/Winter record book.pdf,40,2026-08-02T19:38:38Z,glm-5.2:cloud
Girls Indoor Track,Pole Vault,2006,2A-1A,Bethany Perna,Winters Mill,9-00,pdfs/Winter record book.pdf,40,2026-08-02T19:38:38Z,glm-5.2:cloud
Girls Indoor Track,Pole Vault,2007,4A-3A,Jen Whitfield,South River,9-00,pdfs/Winter record book.pdf,40,2026-08-02T19:38:38Z,glm-5.2:cloud
Girls Indoor Track,Pole Vault,2007,3A-2A,Jess Huber,North Carroll,9-06,pdfs/Winter record book.pdf,40,2026-08-02T19:38:38Z,glm-5.2:cloud
Girls Indoor Track,Pole Vault,2007,2A-1A,Jocelyn Henline,Marriotts Ridge,9-06,pdfs/Winter record book.pdf,40,2026-08-02T19:38:38Z,glm-5.2:cloud
Girls Indoor Track,Pole Vault,2008,4A,Jess Huber,North Carroll,10-00,pdfs/Winter record book.pdf,40,2026-08-02T19:38:38Z,glm-5.2:cloud
Girls Indoor Track,Pole Vault,2008,3A,Sarah Lueck,Urbana,10-00,pdfs/Winter record book.pdf,40,2026-08-02T19:38:38Z,glm-5.2:cloud
Girls Indoor Track,Pole Vault,2008,2A,Katie Miller,J.M. Bennett,10-00,pdfs/Winter record book.pdf,40,2026-08-02T19:38:38Z,glm-5.2:cloud
Girls Indoor Track,Pole Vault,2008,1A,Katie Farr,Boonsboro,8-00,pdfs/Winter record book.pdf,40,2026-08-02T19:38:38Z,glm-5.2:cloud
Girls Indoor Track,Pole Vault,2009,4A,Megan Cahill,Thomas Johnson,9-00,pdfs/Winter record book.pdf,40,2026-08-02T19:38:38Z,glm-5.2:cloud
Girls Indoor Track,Pole Vault,2009,3A,Sarah Lueck,Urbana,10-00,pdfs/Winter record book.pdf,40,2026-08-02T19:38:38Z,glm-5.2:cloud
Girls Indoor Track,Pole Vault,2009,2A,Liana Kopp,Middletown,8-00,pdfs/Winter record book.pdf,40,2026-08-02T19:38:38Z,glm-5.2:cloud
Girls Indoor Track,Pole Vault,2009,1A,Sasha Smallwood,Pikesville,11-01,pdfs/Winter record book.pdf,40,2026-08-02T19:38:38Z,glm-5.2:cloud
Girls Indoor Track,Pole Vault,2010,4A,Megan Wall,Dulaney,9-06,pdfs/Winter record book.pdf,40,2026-08-02T19:38:38Z,glm-5.2:cloud
Girls Indoor Track,Pole Vault,2010,3A,Jordana Lehmann,Hereford,10-01,pdfs/Winter record book.pdf,40,2026-08-02T19:38:38Z,glm-5.2:cloud
Girls Indoor Track,Pole Vault,2010,2A,Elizabeth Glorioso,Walkersville,9-00,pdfs/Winter record book.pdf,40,2026-08-02T19:38:38Z,glm-5.2:cloud
Girls Indoor Track,Pole Vault,2010,1A,Sasha Smallwood,Pikesville,10-06,pdfs/Winter record book.pdf,40,2026-08-02T19:38:38Z,glm-5.2:cloud
Girls Indoor Track,Pole Vault,2011,4A,Megan Wall,Dulaney,11-00,pdfs/Winter record book.pdf,40,2026-08-02T19:38:38Z,glm-5.2:cloud
Girls Indoor Track,Pole Vault,2011,3A,Jordana Lehmann,Hereford,10-00,pdfs/Winter record book.pdf,40,2026-08-02T19:38:38Z,glm-5.2:cloud
Girls Indoor Track,Pole Vault,2011,2A,Jamie Russell,Liberty,9-00,pdfs/Winter record book.pdf,40,2026-08-02T19:38:38Z,glm-5.2:cloud
Girls Indoor Track,Pole Vault,2011,1A,Emma King,Oakdale,11-00,pdfs/Winter record book.pdf,40,2026-08-02T19:38:38Z,glm-5.2:cloud
Girls Indoor Track,Pole Vault,2012,4A,Kara Lingenfelter,Chesapeake-AA,10-06,pdfs/Winter record book.pdf,40,2026-08-02T19:38:38Z,glm-5.2:cloud
Girls Indoor Track,Pole Vault,2012,3A,Justine Kalisz,Urbana,9-06,pdfs/Winter record book.pdf,40,2026-08-02T19:38:38Z,glm-5.2:cloud
Girls Indoor Track,Pole Vault,2012,2A,Emma King,Oakdale,11-09.50,pdfs/Winter record book.pdf,40,2026-08-02T19:38:38Z,glm-5.2:cloud
Girls Indoor Track,Pole Vault,2012,1A,Justine Ebbert,North Carroll,9-06,pdfs/Winter record book.pdf,40,2026-08-02T19:38:38Z,glm-5.2:cloud
Girls Indoor Track,Pole Vault,2013,4A,Sarah Taylor,Chesapeake-AA,11-00,pdfs/Winter record book.pdf,40,2026-08-02T19:38:38Z,glm-5.2:cloud
Girls Indoor Track,Pole Vault,2013,3A,Tess Johnson,Linganore,9-00,pdfs/Winter record book.pdf,40,2026-08-02T19:38:38Z,glm-5.2:cloud
Girls Indoor Track,Pole Vault,2013,2A,Emma King,Oakdale,12-06,pdfs/Winter record book.pdf,40,2026-08-02T19:38:38Z,glm-5.2:cloud
Girls Indoor Track,Pole Vault,2013,1A,Emma Gerhold,Smithsburg,10-00,pdfs/Winter record book.pdf,40,2026-08-02T19:38:38Z,glm-5.2:cloud
Girls Indoor Track,Pole Vault,2014,4A,Fionna Schoener,Severna Park,9-00,pdfs/Winter record book.pdf,40,2026-08-02T19:38:38Z,glm-5.2:cloud
Girls Indoor Track,Pole Vault,2014,3A,Olivia Gruver,Franklin,13-00,pdfs/Winter record book.pdf,40,2026-08-02T19:38:38Z,glm-5.2:cloud
Girls Indoor Track,Pole Vault,2014,2A,Jackie McNulty,Oakdale,12-07,pdfs/Winter record book.pdf,40,2026-08-02T19:38:38Z,glm-5.2:cloud
Girls Indoor Track,Pole Vault,2014,1A,Emma Gerhold,Smithsburg,9-06,pdfs/Winter record book.pdf,40,2026-08-02T19:38:38Z,glm-5.2:cloud
Girls Indoor Track,Pole Vault,2015,4A,Lea Carter,South River,10-06,pdfs/Winter record book.pdf,40,2026-08-02T19:38:38Z,glm-5.2:cloud
Girls Indoor Track,Pole Vault,2015,3A,Olivia Gruver,Franklin,13-04,pdfs/Winter record book.pdf,40,2026-08-02T19:38:38Z,glm-5.2:cloud
Girls Indoor Track,Pole Vault,2015,2A,Jackie McNulty,Oakdale,13-03.25,pdfs/Winter record book.pdf,40,2026-08-02T19:38:38Z,glm-5.2:cloud
Girls Indoor Track,Pole Vault,2015,1A,Hailley Baughman,Manchester Valley,8-06,pdfs/Winter record book.pdf,40,2026-08-02T19:38:38Z,glm-5.2:cloud
Girls Indoor Track,Pole Vault,2016,4A,Fiona Schoener,Severna Park,10-00,pdfs/Winter record book.pdf,40,2026-08-02T19:38:38Z,glm-5.2:cloud
Girls Indoor Track,Pole Vault,2016,3A,Sophie Caplan,River Hill,10-00,pdfs/Winter record book.pdf,40,2026-08-02T19:38:38Z,glm-5.2:cloud
Girls Indoor Track,Pole Vault,2016,2A,Summer Bingaman,South Carroll,11-00,pdfs/Winter record book.pdf,40,2026-08-02T19:38:38Z,glm-5.2:cloud
Girls Indoor Track,Pole Vault,2016,1A,Bethany Lohman,Boonsboro,9-00,pdfs/Winter record book.pdf,40,2026-08-02T19:38:38Z,glm-5.2:cloud
Girls Indoor Track,Pole Vault,2017,4A,Gwendolyn Zeckowski,South River,11-00,pdfs/Winter record book.pdf,40,2026-08-02T19:38:38Z,glm-5.2:cloud
Girls Indoor Track,Pole Vault,2017,3A,Maegan Gabby,Oakdale,9-06,pdfs/Winter record book.pdf,40,2026-08-02T19:38:38Z,glm-5.2:cloud
Girls Indoor Track,Pole Vault,2017,2A,Alexandra Butz,Hereford,11-06,pdfs/Winter record book.pdf,40,2026-08-02T19:38:38Z,glm-5.2:cloud
Girls Indoor Track,Pole Vault,2017,1A,Bethany Lohman,Boonsboro,9-03,pdfs/Winter record book.pdf,40,2026-08-02T19:38:38Z,glm-5.2:cloud
Girls Indoor Track,Pole Vault,2018,4A,Payton Bohrer,Urbana,10-09,pdfs/Winter record book.pdf,40,2026-08-02T19:38:38Z,glm-5.2:cloud
Girls Indoor Track,Pole Vault,2018,3A,Hannah Taylor,Towson,8-06,pdfs/Winter record book.pdf,40,2026-08-02T19:38:38Z,glm-5.2:cloud
Girls Indoor Track,Pole Vault,2018,2A,Katie Saathoff,North Caroline,9-10,pdfs/Winter record book.pdf,40,2026-08-02T19:38:38Z,glm-5.2:cloud
Girls Indoor Track,Pole Vault,2018,1A,Ellie Kuhn,Perryville,8-04,pdfs/Winter record book.pdf,40,2026-08-02T19:38:38Z,glm-5.2:cloud
Girls Indoor Track,Pole Vault,2019,4A,Payton Bohrer,Urbana,10-06,pdfs/Winter record book.pdf,40,2026-08-02T19:38:38Z,glm-5.2:cloud
Girls Indoor Track,Pole Vault,2019,3A,Clara Desclous,North Hagerstown,10-00,pdfs/Winter record book.pdf,40,2026-08-02T19:38:38Z,glm-5.2:cloud
Girls Indoor Track,Pole Vault,2019,2A,Fiona Mulligan,Kent Island,11-00,pdfs/Winter record book.pdf,40,2026-08-02T19:38:38Z,glm-5.2:cloud
Girls Indoor Track,Pole Vault,2019,1A,Ellie Kuhn,Perryville,10-00,pdfs/Winter record book.pdf,40,2026-08-02T19:38:38Z,glm-5.2:cloud
Girls Indoor Track,Pole Vault,2020,4A,Madison Green,Old Mill,10-02,pdfs/Winter record book.pdf,40,2026-08-02T19:38:38Z,glm-5.2:cloud
Girls Indoor Track,Pole Vault,2020,3A,Elizabeth Schriver,Hereford,11-02,pdfs/Winter record book.pdf,40,2026-08-02T19:38:38Z,glm-5.2:cloud
Girls Indoor Track,Pole Vault,2020,2A,Sierra Reynolds,North Caroline,10-02,pdfs/Winter record book.pdf,40,2026-08-02T19:38:38Z,glm-5.2:cloud
Girls Indoor Track,Pole Vault,2020,1A,Jena Rhodes,Brunswick,8-08,pdfs/Winter record book.pdf,40,2026-08-02T19:38:38Z,glm-5.2:cloud
Girls Indoor Track,Pole Vault,2022,4A,Nia Kombe-Jarvis,Urbana,9-03,pdfs/Winter record book.pdf,40,2026-08-02T19:38:38Z,glm-5.2:cloud
Girls Indoor Track,Pole Vault,2022,3A,Elisa Ramos,Thomas Johnson,11-00,pdfs/Winter record book.pdf,40,2026-08-02T19:38:38Z,glm-5.2:cloud
Girls Indoor Track,Pole Vault,2022,2A,Ava Allen,Middletown,11-00,pdfs/Winter record book.pdf,40,2026-08-02T19:38:38Z,glm-5.2:cloud
Girls Indoor Track,Pole Vault,2022,1A,Hannah Custer,Fort Hill,8-06,pdfs/Winter record book.pdf,40,2026-08-02T19:38:38Z,glm-5.2:cloud
Girls Indoor Track,Pole Vault,2023,4A,Carson Boteler,Broadneck,10-00,pdfs/Winter record book.pdf,40,2026-08-02T19:38:38Z,glm-5.2:cloud
Girls Indoor Track,Pole Vault,2023,3A,Elisa Ramos,Thomas Johnson,12-03,pdfs/Winter record book.pdf,40,2026-08-02T19:38:38Z,glm-5.2:cloud
Girls Indoor Track,Pole Vault,2023,2A,Ava Allen,Middletown,12-00,pdfs/Winter record book.pdf,40,2026-08-02T19:38:38Z,glm-5.2:cloud
Girls Indoor Track,Pole Vault,2023,1A,Delaney Freed,South Carroll,10-00,pdfs/Winter record book.pdf,40,2026-08-02T19:38:38Z,glm-5.2:cloud
Girls Indoor Track,Pole Vault,2024,4A,Carson Boteler,Broadneck,11-09,pdfs/Winter record book.pdf,40,2026-08-02T19:38:38Z,glm-5.2:cloud
Girls Indoor Track,Pole Vault,2024,3A,Lillian Schultz,Oakdale,11-09,pdfs/Winter record book.pdf,40,2026-08-02T19:38:38Z,glm-5.2:cloud
Girls Indoor Track,Pole Vault,2024,2A,Ava Allen,Middletown,12-03,pdfs/Winter record book.pdf,40,2026-08-02T19:38:38Z,glm-5.2:cloud
Girls Indoor Track,Pole Vault,2024,1A,Alexandria Spithaler,Smithsburg,9-03,pdfs/Winter record book.pdf,40,2026-08-02T19:38:38Z,glm-5.2:cloud
Girls Indoor Track,Pole Vault,2025,4A,Brunell Owusu,Gov. Thomas Johnson,12-03.50,pdfs/Winter record book.pdf,40,2026-08-02T19:38:38Z,glm-5.2:cloud
Girls Indoor Track,Pole Vault,2025,3A,Zoe Pallia,Damascus,11-00,pdfs/Winter record book.pdf,40,2026-08-02T19:38:38Z,glm-5.2:cloud
Girls Indoor Track,Pole Vault,2025,2A,Maddie Drylie,Hereford,11-00,pdfs/Winter record book.pdf,40,2026-08-02T19:38:38Z,glm-5.2:cloud
Girls Indoor Track,Pole Vault,2025,1A,Tessa Altshuler,South Carroll,10-06,pdfs/Winter record book.pdf,40,2026-08-02T19:38:38Z,glm-5.2:cloud
Boys Indoor Track,55 m,1972,Combined,Fred Colvin,Fairmont Heights,6.6,pdfs/Winter record book.pdf,51,2026-08-02T19:41:32Z,glm-5.2:cloud
Boys Indoor Track,55 m,1973,AA,Gerald Johnson,Arundel,5.6,pdfs/Winter record book.pdf,51,2026-08-02T19:41:32Z,glm-5.2:cloud
Boys Indoor Track,55 m,1973,ABC,Steve Garrison,Laurel,5.6,pdfs/Winter record book.pdf,51,2026-08-02T19:41:32Z,glm-5.2:cloud
Boys Indoor Track,55 m,1974,AA,Louis Kimble,Andover,5.4,pdfs/Winter record book.pdf,51,2026-08-02T19:41:32Z,glm-5.2:cloud
Boys Indoor Track,55 m,1974,ABC,Vic Davis,Richard Montgomery,5.6,pdfs/Winter record book.pdf,51,2026-08-02T19:41:32Z,glm-5.2:cloud
Boys Indoor Track,55 m,1975,AA,Andre Alexander,DuVal,5.5,pdfs/Winter record book.pdf,51,2026-08-02T19:41:32Z,glm-5.2:cloud
Boys Indoor Track,55 m,1975,ABC,Vic Davis,Richard Montgomery,5.4,pdfs/Winter record book.pdf,51,2026-08-02T19:41:32Z,glm-5.2:cloud
Boys Indoor Track,55 m,1976,AA,Kendric Higgins,Northwestern-PG,5.4,pdfs/Winter record book.pdf,51,2026-08-02T19:41:32Z,glm-5.2:cloud
Boys Indoor Track,55 m,1976,ABC,Carlton Shaw,Paint Branch,5.5,pdfs/Winter record book.pdf,51,2026-08-02T19:41:32Z,glm-5.2:cloud
Boys Indoor Track,55 m,1977,AA,Curtis Pierce,High Point,6.4,pdfs/Winter record book.pdf,51,2026-08-02T19:41:32Z,glm-5.2:cloud
Boys Indoor Track,55 m,1977,ABC,Carlton Shaw,Paint Branch,6.3,pdfs/Winter record book.pdf,51,2026-08-02T19:41:32Z,glm-5.2:cloud
Boys Indoor Track,55 m,1978,AA,Ward Wilson,Churchill,6.2,pdfs/Winter record book.pdf,51,2026-08-02T19:41:32Z,glm-5.2:cloud
Boys Indoor Track,55 m,1978,ABC,Curtis Hall,Fairmont Heights,6.3,pdfs/Winter record book.pdf,51,2026-08-02T19:41:32Z,glm-5.2:cloud
Boys Indoor Track,55 m,1979,AA,Darryl Hamilton,Bladensburg,6.3,pdfs/Winter record book.pdf,51,2026-08-02T19:41:32Z,glm-5.2:cloud
Boys Indoor Track,55 m,1979,ABC,Alan Pleasants,Friendly,6.3,pdfs/Winter record book.pdf,51,2026-08-02T19:41:32Z,glm-5.2:cloud
Boys Indoor Track,55 m,1980,AA,Darren Walker,Meade,6.1,pdfs/Winter record book.pdf,51,2026-08-02T19:41:32Z,glm-5.2:cloud
Boys Indoor Track,55 m,1980,A,Mike Scott,Einstein,6.4,pdfs/Winter record book.pdf,51,2026-08-02T19:41:32Z,glm-5.2:cloud
Boys Indoor Track,55 m,1980,BC,Tony Sewell,Kent County,6.6,pdfs/Winter record book.pdf,51,2026-08-02T19:41:32Z,glm-5.2:cloud
Boys Indoor Track,55 m,1981,AA,Luis Morales,Oxon Hill,6.1,pdfs/Winter record book.pdf,51,2026-08-02T19:41:32Z,glm-5.2:cloud
Boys Indoor Track,55 m,1981,A,Tony Holland,Milford Mill,6.3,pdfs/Winter record book.pdf,51,2026-08-02T19:41:32Z,glm-5.2:cloud
Boys Indoor Track,55 m,1981,BC,Tony Sewell,Kent County,6.5,pdfs/Winter record book.pdf,51,2026-08-02T19:41:32Z,glm-5.2:cloud
Boys Indoor Track,55 m,1982,AA,Luis Morales,Oxon Hill,6.2,pdfs/Winter record book.pdf,51,2026-08-02T19:41:32Z,glm-5.2:cloud
Boys Indoor Track,55 m,1982,A,Kelvin Jones,Fairmont Heights,6.47,pdfs/Winter record book.pdf,51,2026-08-02T19:41:32Z,glm-5.2:cloud
Boys Indoor Track,55 m,1982,BC,Tony Holland,Milford Mill,6.49,pdfs/Winter record book.pdf,51,2026-08-02T19:41:32Z,glm-5.2:cloud
Boys Indoor Track,55 m,1983,AA,Mike Harris,Dundalk,6.48,pdfs/Winter record book.pdf,51,2026-08-02T19:41:32Z,glm-5.2:cloud
Boys Indoor Track,55 m,1983,A,Leonard Wright,Peary,6.52,pdfs/Winter record book.pdf,51,2026-08-02T19:41:32Z,glm-5.2:cloud
Boys Indoor Track,55 m,1983,BC,Wendell Countless,Milford Mill,6.54,pdfs/Winter record book.pdf,51,2026-08-02T19:41:32Z,glm-5.2:cloud
Boys Indoor Track,55 m,1984,AA,Rod Scott,Friendly,6.4,pdfs/Winter record book.pdf,51,2026-08-02T19:41:32Z,glm-5.2:cloud
Boys Indoor Track,55 m,1984,A,Steve Terry,Lansdowne,6.4,pdfs/Winter record book.pdf,51,2026-08-02T19:41:32Z,glm-5.2:cloud
Boys Indoor Track,55 m,1984,BC,Phil Ellis,Forestville,6.5,pdfs/Winter record book.pdf,51,2026-08-02T19:41:32Z,glm-5.2:cloud
Boys Indoor Track,55 m,1985,AA,Roderick Tolbert,E Roosevelt,6.3,pdfs/Winter record book.pdf,51,2026-08-02T19:41:32Z,glm-5.2:cloud
Boys Indoor Track,55 m,1985,A,Delancey Richardson,Central-PG,6.5,pdfs/Winter record book.pdf,51,2026-08-02T19:41:32Z,glm-5.2:cloud
Boys Indoor Track,55 m,1985,BC,Anthony Dew,Hammond,6.6,pdfs/Winter record book.pdf,51,2026-08-02T19:41:32Z,glm-5.2:cloud
Boys Indoor Track,55 m,1986,Combined,Kevin Geer,Richard Montgomery,6.3,pdfs/Winter record book.pdf,51,2026-08-02T19:41:32Z,glm-5.2:cloud
Boys Indoor Track,55 m,1987,AA,Richard Smith,Woodlawn,6.6,pdfs/Winter record book.pdf,51,2026-08-02T19:41:32Z,glm-5.2:cloud
Boys Indoor Track,55 m,1987,A,Todd Steel,Thomas Johnson,6.5,pdfs/Winter record book.pdf,51,2026-08-02T19:41:32Z,glm-5.2:cloud
Boys Indoor Track,55 m,1987,BC,Brian Allred,Hammond,6.6,pdfs/Winter record book.pdf,51,2026-08-02T19:41:32Z,glm-5.2:cloud
Boys Indoor Track,55 m,1988,AA,Derrick Love,Meade,6.5,pdfs/Winter record book.pdf,51,2026-08-02T19:41:32Z,glm-5.2:cloud
Boys Indoor Track,55 m,1988,A,Todd Steel,Thomas Johnson,6.4,pdfs/Winter record book.pdf,51,2026-08-02T19:41:32Z,glm-5.2:cloud
Boys Indoor Track,55 m,1988,BC,Marcus Miller,Central-PG,6.7,pdfs/Winter record book.pdf,51,2026-08-02T19:41:32Z,glm-5.2:cloud
Boys Indoor Track,55 m,1989,4A,Derrick Love,Meade,6.48,pdfs/Winter record book.pdf,51,2026-08-02T19:41:32Z,glm-5.2:cloud
Boys Indoor Track,55 m,1989,3A,Dondre Owens,DuVal,6.69,pdfs/Winter record book.pdf,51,2026-08-02T19:41:32Z,glm-5.2:cloud
Boys Indoor Track,55 m,1989,2A-1A,Adrian Washington,Oakland Mills,6.55,pdfs/Winter record book.pdf,51,2026-08-02T19:41:32Z,glm-5.2:cloud
Boys Indoor Track,55 m,1990,4A,Jonathan Glass,Crossland,6.54,pdfs/Winter record book.pdf,51,2026-08-02T19:41:32Z,glm-5.2:cloud
Boys Indoor Track,55 m,1990,3A,Dondre Owens,DuVal,6.48,pdfs/Winter record book.pdf,51,2026-08-02T19:41:32Z,glm-5.2:cloud
Boys Indoor Track,55 m,1990,2A-1A,Brandon Jones,Central-PG,6.40,pdfs/Winter record book.pdf,51,2026-08-02T19:41:32Z,glm-5.2:cloud
Boys Indoor Track,55 m,1991,4A,James Cunningham,Crossland,6.8,pdfs/Winter record book.pdf,51,2026-08-02T19:41:32Z,glm-5.2:cloud
Boys Indoor Track,55 m,1991,3A,Tyrone McKoy,Surrattsville,7.7,pdfs/Winter record book.pdf,51,2026-08-02T19:41:32Z,glm-5.2:cloud
Boys Indoor Track,55 m,1991,2A-1A,Dave Royal,Milford Mill,7.7,pdfs/Winter record book.pdf,51,2026-08-02T19:41:32Z,glm-5.2:cloud
Boys Indoor Track,55 m,1992,4A,Jermaine Lewis,E Roosevelt,6.62,pdfs/Winter record book.pdf,51,2026-08-02T19:41:32Z,glm-5.2:cloud
Boys Indoor Track,55 m,1992,3A,Jesse Franklin,DuVal,6.20,pdfs/Winter record book.pdf,51,2026-08-02T19:41:32Z,glm-5.2:cloud
Boys Indoor Track,55 m,1992,2A-1A,Lonnie Humphrey,Owings Mills,6.50,pdfs/Winter record book.pdf,51,2026-08-02T19:41:32Z,glm-5.2:cloud
Boys Indoor Track,55 m,1993,4A,James Banach,Perry Hall,6.51,pdfs/Winter record book.pdf,51,2026-08-02T19:41:32Z,glm-5.2:cloud
Boys Indoor Track,55 m,1993,3A,Cory Ward,Calvert,6.56,pdfs/Winter record book.pdf,51,2026-08-02T19:41:32Z,glm-5.2:cloud
Boys Indoor Track,55 m,1993,2A-1A,Eric Gay,Towson,6.52,pdfs/Winter record book.pdf,51,2026-08-02T19:41:32Z,glm-5.2:cloud
Boys Indoor Track,55 m,1994,4A,Kevin McKinney,Old Mill,6.59,pdfs/Winter record book.pdf,51,2026-08-02T19:41:32Z,glm-5.2:cloud
Boys Indoor Track,55 m,1994,3A,Jerron Settles,Friendly,6.30,pdfs/Winter record book.pdf,51,2026-08-02T19:41:32Z,glm-5.2:cloud
Boys Indoor Track,55 m,1994,2A-1A,Damon Ferguson,Oakland Mills,6.68,pdfs/Winter record book.pdf,51,2026-08-02T19:41:32Z,glm-5.2:cloud
Boys Indoor Track,55 m,1995,4A,Richard Queen,Old Mill,6.58,pdfs/Winter record book.pdf,51,2026-08-02T19:41:32Z,glm-5.2:cloud
Boys Indoor Track,55 m,1995,3A,Jason Stephen,Howard,6.71,pdfs/Winter record book.pdf,51,2026-08-02T19:41:32Z,glm-5.2:cloud
Boys Indoor Track,55 m,1995,2A-1A,Shelton Simonson,Cullen,6.50,pdfs/Winter record book.pdf,51,2026-08-02T19:41:32Z,glm-5.2:cloud
Boys Indoor Track,55 m,1996,4A,Kiki Ellis,North County,6.3,pdfs/Winter record book.pdf,51,2026-08-02T19:41:32Z,glm-5.2:cloud
Boys Indoor Track,55 m,1996,3A,Bernard Williams,Carver-B,6.58,pdfs/Winter record book.pdf,51,2026-08-02T19:41:32Z,glm-5.2:cloud
Boys Indoor Track,55 m,1996,2A-1A,Sean Myles,Owings Mills,6.73,pdfs/Winter record book.pdf,51,2026-08-02T19:41:32Z,glm-5.2:cloud
Boys Indoor Track,55 m,1997,4A-3A,Kiki Ellis,North County,6.40,pdfs/Winter record book.pdf,51,2026-08-02T19:41:32Z,glm-5.2:cloud
Boys Indoor Track,55 m,1997,3A-2A,Bernard Williams,Carver-B,6.59,pdfs/Winter record book.pdf,51,2026-08-02T19:41:32Z,glm-5.2:cloud
Boys Indoor Track,55 m,1997,2A-1A,Marcus Lynch,Western STES,6.61,pdfs/Winter record book.pdf,51,2026-08-02T19:41:32Z,glm-5.2:cloud
Boys Indoor Track,55 m,1998,4A-3A,Van Free,Gaithersburg,6.56,pdfs/Winter record book.pdf,51,2026-08-02T19:41:32Z,glm-5.2:cloud
Boys Indoor Track,55 m,1998,3A-2A,Jason Caesar,McDonough,6.62,pdfs/Winter record book.pdf,51,2026-08-02T19:41:32Z,glm-5.2:cloud
Boys Indoor Track,55 m,1998,2A-1A,Mike Page,Fort Hill,6.59,pdfs/Winter record book.pdf,51,2026-08-02T19:41:32Z,glm-5.2:cloud
Boys Indoor Track,55 m,1999,4A-3A,Dwight Thomas,High Point,6.3,pdfs/Winter record book.pdf,51,2026-08-02T19:41:32Z,glm-5.2:cloud
Boys Indoor Track,55 m,1999,3A-2A,Dwayne Vaughan,DuVal,6.3,pdfs/Winter record book.pdf,51,2026-08-02T19:41:32Z,glm-5.2:cloud
Boys Indoor Track,55 m,1999,2A-1A,Kyle Farmer,Oakland Mills,6.5,pdfs/Winter record book.pdf,51,2026-08-02T19:41:32Z,glm-5.2:cloud
Boys Indoor Track,55 m,2000,4A-3A,Jay Colbert,Gaithersburg,6.65,pdfs/Winter record book.pdf,51,2026-08-02T19:41:32Z,glm-5.2:cloud
Boys Indoor Track,55 m,2000,3A-2A,Jerrell Ward,Catonsville,6.66,pdfs/Winter record book.pdf,51,2026-08-02T19:41:32Z,glm-5.2:cloud
Boys Indoor Track,55 m,2000,2A-1A,Kyle Farmer,Oakland Mills,6.61,pdfs/Winter record book.pdf,51,2026-08-02T19:41:32Z,glm-5.2:cloud
Boys Indoor Track,55 m,2001,4A-3A,Sammy Sesay,El. Roosevelt,6.52,pdfs/Winter record book.pdf,51,2026-08-02T19:41:32Z,glm-5.2:cloud
Boys Indoor Track,55 m,2001,3A-2A,Recardo Evans,Westlake,6.49,pdfs/Winter record book.pdf,51,2026-08-02T19:41:32Z,glm-5.2:cloud
Boys Indoor Track,55 m,2001,2A-1A,Kyle Farmer,Oakland Mills,6.38,pdfs/Winter record book.pdf,51,2026-08-02T19:41:32Z,glm-5.2:cloud
Boys Indoor Track,55 m,2002,4A-3A,Joshua Allen,El. Roosevelt,6.49,pdfs/Winter record book.pdf,51,2026-08-02T19:41:32Z,glm-5.2:cloud
Boys Indoor Track,55 m,2002,3A-2A,Mike Brown,Annapolis,6.50,pdfs/Winter record book.pdf,51,2026-08-02T19:41:32Z,glm-5.2:cloud
Boys Indoor Track,55 m,2002,2A-1A,Adam Grossman,Pikesville,6.50,pdfs/Winter record book.pdf,51,2026-08-02T19:41:32Z,glm-5.2:cloud
Boys Indoor Track,55 m,2003,4A-3A,Robert Duru,Suitland,6.41,pdfs/Winter record book.pdf,51,2026-08-02T19:41:32Z,glm-5.2:cloud
Boys Indoor Track,55 m,2003,3A-2A,Delannie Spriggs,Northern-C,6.60,pdfs/Winter record book.pdf,51,2026-08-02T19:41:32Z,glm-5.2:cloud
Boys Indoor Track,55 m,2003,2A-1A,Anthony Cole,Oakland Mills,6.51,pdfs/Winter record book.pdf,51,2026-08-02T19:41:32Z,glm-5.2:cloud
Boys Indoor Track,55 m,2004,4A-3A,Sergé McGill,Suitland,6.48,pdfs/Winter record book.pdf,51,2026-08-02T19:41:32Z,glm-5.2:cloud
Boys Indoor Track,55 m,2004,3A-2A,Jared Fagan,Westlake,6.45,pdfs/Winter record book.pdf,51,2026-08-02T19:41:32Z,glm-5.2:cloud
Boys Indoor Track,55 m,2004,2A-1A,Anthony Cole,Oakland Mills,6.35,pdfs/Winter record book.pdf,51,2026-08-02T19:41:32Z,glm-5.2:cloud
Boys Indoor Track,55 m,2005,4A-3A,Larrone Moore,Northwestern-PG,6.49,pdfs/Winter record book.pdf,51,2026-08-02T19:41:32Z,glm-5.2:cloud
Boys Indoor Track,55 m,2005,3A-2A,Corryl Boyd,Westlake,6.62,pdfs/Winter record book.pdf,51,2026-08-02T19:41:32Z,glm-5.2:cloud
Boys Indoor Track,55 m,2005,2A-1A,Kevin Summers,Loch Raven,6.70,pdfs/Winter record book.pdf,51,2026-08-02T19:41:32Z,glm-5.2:cloud
Boys Indoor Track,55 m,2006,4A-3A,Justin Murdoch,Glen Burnie,6.46,pdfs/Winter record book.pdf,51,2026-08-02T19:41:32Z,glm-5.2:cloud
Boys Indoor Track,55 m,2006,3A-2A,Rob McClain,Patuxent,6.55,pdfs/Winter record book.pdf,51,2026-08-02T19:41:32Z,glm-5.2:cloud
Boys Indoor Track,55 m,2006,2A-1A,Kevin Summers,Loch Raven,6.58,pdfs/Winter record book.pdf,51,2026-08-02T19:41:32Z,glm-5.2:cloud
Boys Indoor Track,55 m,2007,4A-3A,Justin Murdock,Glen Burnie,6.21,pdfs/Winter record book.pdf,51,2026-08-02T19:41:32Z,glm-5.2:cloud
Boys Indoor Track,55 m,2007,3A-2A,Lamaar Thomas,Friendly,6.41,pdfs/Winter record book.pdf,51,2026-08-02T19:41:32Z,glm-5.2:cloud
Boys Indoor Track,55 m,2007,2A-1A,Darryl Bell,Pikesville,6.53,pdfs/Winter record book.pdf,51,2026-08-02T19:41:32Z,glm-5.2:cloud
Boys Indoor Track,55 m,2008,4A,Dennis Thomas,Bowie,6.53,pdfs/Winter record book.pdf,51,2026-08-02T19:41:32Z,glm-5.2:cloud
Boys Indoor Track,55 m,2008,3A,Devon Smith,Westlake,6.39,pdfs/Winter record book.pdf,51,2026-08-02T19:41:32Z,glm-5.2:cloud
Boys Indoor Track,55 m,2008,2A,Avery Graham,Clarksburg,6.49,pdfs/Winter record book.pdf,51,2026-08-02T19:41:32Z,glm-5.2:cloud
Boys Indoor Track,55 m,2008,1A,Anthony Drumgoole,Digital Harbor,6.43,pdfs/Winter record book.pdf,51,2026-08-02T19:41:32Z,glm-5.2:cloud
Boys Indoor Track,55 m,2009,4A,Deontray Lee,Broadneck,6.59,pdfs/Winter record book.pdf,51,2026-08-02T19:41:32Z,glm-5.2:cloud
Boys Indoor Track,55 m,2009,3A,Devon Smith,Westlake,6.37,pdfs/Winter record book.pdf,51,2026-08-02T19:41:32Z,glm-5.2:cloud
Boys Indoor Track,55 m,2009,2A,Nate Gant,Hammond,6.52,pdfs/Winter record book.pdf,51,2026-08-02T19:41:32Z,glm-5.2:cloud
Boys Indoor Track,55 m,2009,1A,Davon Tildon,Carver-B,6.65,pdfs/Winter record book.pdf,51,2026-08-02T19:41:32Z,glm-5.2:cloud
Boys Indoor Track,55 m,2010,4A,Ryan Allen,Suitland,6.50,pdfs/Winter record book.pdf,51,2026-08-02T19:41:32Z,glm-5.2:cloud
Boys Indoor Track,55 m,2010,3A,Julian Blair,Westlake,6.46,pdfs/Winter record book.pdf,51,2026-08-02T19:41:32Z,glm-5.2:cloud
Boys Indoor Track,55 m,2010,2A,Kevin Swann,Lake Clifton,6.59,pdfs/Winter record book.pdf,51,2026-08-02T19:41:32Z,glm-5.2:cloud
Boys Indoor Track,55 m,2010,1A,Jawan Parker,Carver-B,6.61,pdfs/Winter record book.pdf,51,2026-08-02T19:41:32Z,glm-5.2:cloud
Boys Indoor Track,55 m,2011,4A,Jaquon Perry,DuVal,6.48,pdfs/Winter record book.pdf,51,2026-08-02T19:41:32Z,glm-5.2:cloud
Boys Indoor Track,55 m,2011,3A,Stuart Rose,Westlake,6.49,pdfs/Winter record book.pdf,51,2026-08-02T19:41:32Z,glm-5.2:cloud
Boys Indoor Track,55 m,2011,2A,Anthony Winter,North Hagerstown,6.49,pdfs/Winter record book.pdf,51,2026-08-02T19:41:32Z,glm-5.2:cloud
Boys Indoor Track,55 m,2011,1A,Davin Jones,Carver-B,6.56,pdfs/Winter record book.pdf,51,2026-08-02T19:41:32Z,glm-5.2:cloud
Boys Indoor Track,55 m,2012,4A,David Winter,Suitland,6.43,pdfs/Winter record book.pdf,51,2026-08-02T19:41:32Z,glm-5.2:cloud
Boys Indoor Track,55 m,2012,3A,Dondre Echols,Potomac,6.44,pdfs/Winter record book.pdf,51,2026-08-02T19:41:32Z,glm-5.2:cloud
Boys Indoor Track,55 m,2012,2A,Jasper Savoy,Gwynn Park,6.43,pdfs/Winter record book.pdf,51,2026-08-02T19:41:32Z,glm-5.2:cloud
Boys Indoor Track,55 m,2012,1A,Jourdan Chase,Overlea,6.63,pdfs/Winter record book.pdf,51,2026-08-02T19:41:32Z,glm-5.2:cloud
Boys Indoor Track,55 m,2013,4A,Denzel Hill,North Point,6.54,pdfs/Winter record book.pdf,51,2026-08-02T19:41:32Z,glm-5.2:cloud
Boys Indoor Track,55 m,2013,3A,Josh Peoples,Howard,6.47,pdfs/Winter record book.pdf,51,2026-08-02T19:41:32Z,glm-5.2:cloud
Boys Indoor Track,55 m,2013,2A,Ricardo Griggs,Gwynn Park,6.42,pdfs/Winter record book.pdf,51,2026-08-02T19:41:32Z,glm-5.2:cloud
Boys Indoor Track,55 m,2013,1A,Carrington Akosa,Western STES,6.58,pdfs/Winter record book.pdf,51,2026-08-02T19:41:32Z,glm-5.2:cloud
Boys Indoor Track,55 m,2014,4A,Brenen Garrett,Henry A. Wise,6.37,pdfs/Winter record book.pdf,51,2026-08-02T19:41:32Z,glm-5.2:cloud
Boys Indoor Track,55 m,2014,3A,Bryan Sosoo,Reservoir,6.45,pdfs/Winter record book.pdf,51,2026-08-02T19:41:32Z,glm-5.2:cloud
Boys Indoor Track,55 m,2014,2A,Anthony Chesley,Gwynn Park,6.50,pdfs/Winter record book.pdf,51,2026-08-02T19:41:32Z,glm-5.2:cloud
Boys Indoor Track,55 m,2014,1A,Michael Knight,Northwestern-B,6.59,pdfs/Winter record book.pdf,51,2026-08-02T19:41:32Z,glm-5.2:cloud
Boys Indoor Track,55 m,2015,4A,Brenen Garrett,Henry A. Wise,6.33,pdfs/Winter record book.pdf,51,2026-08-02T19:41:32Z,glm-5.2:cloud
Boys Indoor Track,55 m,2015,3A,Glen Taylor,Atholton,6.48,pdfs/Winter record book.pdf,51,2026-08-02T19:41:32Z,glm-5.2:cloud
Boys Indoor Track,55 m,2015,2A,Juston Christian,Owings Mills,6.51,pdfs/Winter record book.pdf,51,2026-08-02T19:41:32Z,glm-5.2:cloud
Boys Indoor Track,55 m,2015,1A,Christian Paylay,Fairmont Heights,6.58,pdfs/Winter record book.pdf,51,2026-08-02T19:41:32Z,glm-5.2:cloud
Boys Indoor Track,55 m,2016,4A,Tajh Gilchrist,Bowie,6.35,pdfs/Winter record book.pdf,51,2026-08-02T19:41:32Z,glm-5.2:cloud
Boys Indoor Track,55 m,2016,3A,William Henderson,Baltimore Polytechnic,6.40,pdfs/Winter record book.pdf,51,2026-08-02T19:41:32Z,glm-5.2:cloud
Boys Indoor Track,55 m,2016,2A,Aaron Holliday,Thomas Stone,6.50,pdfs/Winter record book.pdf,51,2026-08-02T19:41:32Z,glm-5.2:cloud
Boys Indoor Track,55 m,2016,1A,Ellis Brown,Pikesville,6.65,pdfs/Winter record book.pdf,51,2026-08-02T19:41:32Z,glm-5.2:cloud
Boys Indoor Track,55 m,2017,4A,Josh Netterville,Northwest,6.40,pdfs/Winter record book.pdf,51,2026-08-02T19:41:32Z,glm-5.2:cloud
Boys Indoor Track,55 m,2017,3A,Christian Saulsbury,Wilde Lake,6.40,pdfs/Winter record book.pdf,51,2026-08-02T19:41:32Z,glm-5.2:cloud
Boys Indoor Track,55 m,2017,2A,Jordan Cofield,New Town,6.51,pdfs/Winter record book.pdf,51,2026-08-02T19:41:32Z,glm-5.2:cloud
Boys Indoor Track,55 m,2017,1A,Ellis Brown,Pikesville,6.54,pdfs/Winter record book.pdf,51,2026-08-02T19:41:32Z,glm-5.2:cloud
Boys Indoor Track,55 m,2018,4A,Khaloni Mganga,Northwest,6.44,pdfs/Winter record book.pdf,51,2026-08-02T19:41:32Z,glm-5.2:cloud
Boys Indoor Track,55 m,2018,3A,Davon Carroll,Northeast-AA,6.46,pdfs/Winter record book.pdf,51,2026-08-02T19:41:32Z,glm-5.2:cloud
Boys Indoor Track,55 m,2018,2A,Jordan Cofield,New Town,6.45,pdfs/Winter record book.pdf,51,2026-08-02T19:41:32Z,glm-5.2:cloud
Boys Indoor Track,55 m,2018,1A,Aaron Hackett,Largo,6.51,pdfs/Winter record book.pdf,51,2026-08-02T19:41:32Z,glm-5.2:cloud
Boys Indoor Track,55 m,2019,4A,Anthony Woods,Northwest,6.48,pdfs/Winter record book.pdf,51,2026-08-02T19:41:32Z,glm-5.2:cloud
Boys Indoor Track,55 m,2019,3A,Joey Felton,Linganore,6.45,pdfs/Winter record book.pdf,51,2026-08-02T19:41:32Z,glm-5.2:cloud
Boys Indoor Track,55 m,2019,2A,Jalen Stanton,Century,6.45,pdfs/Winter record book.pdf,51,2026-08-02T19:41:32Z,glm-5.2:cloud
Boys Indoor Track,55 m,2019,1A,"Charles Townsend, II",Snow Hill,6.51,pdfs/Winter record book.pdf,51,2026-08-02T19:41:32Z,glm-5.2:cloud
Boys Indoor Track,55 m,2020,4A,Laurenz Colbert,Eleanor Roosevelt,6.41,pdfs/Winter record book.pdf,51,2026-08-02T19:41:32Z,glm-5.2:cloud
Boys Indoor Track,55 m,2020,3A,Anthony Smith,Huntingtown,6.36,pdfs/Winter record book.pdf,51,2026-08-02T19:41:32Z,glm-5.2:cloud
Boys Indoor Track,55 m,2020,2A,Shavar Staats,Milford Mill Academy,6.55,pdfs/Winter record book.pdf,51,2026-08-02T19:41:32Z,glm-5.2:cloud
Boys Indoor Track,55 m,2020,1A,"Charles Townsend, II",Snow Hill,6.57,pdfs/Winter record book.pdf,51,2026-08-02T19:41:32Z,glm-5.2:cloud
Boys Indoor Track,55 m,2022,4A,Kevin Collins,North Point,6.63,pdfs/Winter record book.pdf,51,2026-08-02T19:41:32Z,glm-5.2:cloud
Boys Indoor Track,55 m,2022,3A,Cole Schlotterbeck,South Hagerstown,6.58,pdfs/Winter record book.pdf,51,2026-08-02T19:41:32Z,glm-5.2:cloud
Boys Indoor Track,55 m,2022,2A,Kenneth Wilson,Owings Mills,6.67,pdfs/Winter record book.pdf,51,2026-08-02T19:41:32Z,glm-5.2:cloud
Boys Indoor Track,55 m,2022,1A,Brody Buffington,Catoctin,6.56,pdfs/Winter record book.pdf,51,2026-08-02T19:41:32Z,glm-5.2:cloud
Boys Indoor Track,55 m,2023,4A,Mykel Morman,Henry A. Wise,6.36,pdfs/Winter record book.pdf,51,2026-08-02T19:41:32Z,glm-5.2:cloud
Boys Indoor Track,55 m,2023,3A,Daysen Shell,Milford Mill,6.38,pdfs/Winter record book.pdf,51,2026-08-02T19:41:32Z,glm-5.2:cloud
Boys Indoor Track,55 m,2023,2A,Trevin McHarsh,Oakland Mills,6.39,pdfs/Winter record book.pdf,51,2026-08-02T19:41:32Z,glm-5.2:cloud
Boys Indoor Track,55 m,2023,1A,Brody Buffington,Catoctin,6.19,pdfs/Winter record book.pdf,51,2026-08-02T19:41:32Z,glm-5.2:cloud
Boys Indoor Track,55 m,2024,4A,Kayvawn Simms Rogers,Meade,6.43,pdfs/Winter record book.pdf,51,2026-08-02T19:41:32Z,glm-5.2:cloud
Boys Indoor Track,55 m,2024,3A,Zachary Braden,Great Mills,6.39,pdfs/Winter record book.pdf,51,2026-08-02T19:41:32Z,glm-5.2:cloud
Boys Indoor Track,55 m,2024,2A,Marlin Newsome,Centennial,6.38,pdfs/Winter record book.pdf,51,2026-08-02T19:41:32Z,glm-5.2:cloud
Boys Indoor Track,55 m,2024,1A,Tori Willis Jr.,Cambridge-SD,6.50,pdfs/Winter record book.pdf,51,2026-08-02T19:41:32Z,glm-5.2:cloud
Boys Indoor Track,55 m,2025,4A,Quentin Braithwaite,Montgomery Blair,6.31,pdfs/Winter record book.pdf,51,2026-08-02T19:41:32Z,glm-5.2:cloud
Boys Indoor Track,55 m,2025,3A,Zachary Braden,Great Mills,6.36,pdfs/Winter record book.pdf,51,2026-08-02T19:41:32Z,glm-5.2:cloud
Boys Indoor Track,55 m,2025,2A,Mekhi Prather,La Plata,6.39,pdfs/Winter record book.pdf,51,2026-08-02T19:41:32Z,glm-5.2:cloud
Boys Indoor Track,55 m,2025,1A,Malachi Williams,Largo,6.54,pdfs/Winter record book.pdf,51,2026-08-02T19:41:32Z,glm-5.2:cloud
Boys Indoor Track,300 m,1983,AA,William Newman,Northwestern-PG,33.22y,pdfs/Winter record book.pdf,51,2026-08-02T19:41:32Z,glm-5.2:cloud
Boys Indoor Track,300 m,1983,A,Leonard Wright,Peary,32.69y,pdfs/Winter record book.pdf,51,2026-08-02T19:41:32Z,glm-5.2:cloud
Boys Indoor Track,300 m,1983,BC,Robert Shearin,Milford Mill,32.86y,pdfs/Winter record book.pdf,51,2026-08-02T19:41:32Z,glm-5.2:cloud
Boys Indoor Track,300 m,1984,AA,Kris Leonard,Bladensburg,36.7,pdfs/Winter record book.pdf,51,2026-08-02T19:41:32Z,glm-5.2:cloud
Boys Indoor Track,300 m,1984,A,Delancy Richardson,Central-PG,36.8,pdfs/Winter record book.pdf,51,2026-08-02T19:41:32Z,glm-5.2:cloud
Boys Indoor Track,300 m,1984,BC,Matt Fonner,Woodward,37.9,pdfs/Winter record book.pdf,51,2026-08-02T19:41:32Z,glm-5.2:cloud
Boys Indoor Track,300 m,1985,AA,Roderick Tolbert,E Roosevelt,36.7,pdfs/Winter record book.pdf,51,2026-08-02T19:41:32Z,glm-5.2:cloud
Boys Indoor Track,300 m,1985,A,Delancy Richardson,Central-PG,37.0,pdfs/Winter record book.pdf,51,2026-08-02T19:41:32Z,glm-5.2:cloud
Boys Indoor Track,300 m,1985,BC,George James,Stephen Decatur,37.6,pdfs/Winter record book.pdf,51,2026-08-02T19:41:32Z,glm-5.2:cloud
Boys Indoor Track,300 m,1986,Combined,Aaron Coley,Largo,35.1,pdfs/Winter record book.pdf,51,2026-08-02T19:41:32Z,glm-5.2:cloud
Boys Indoor Track,300 m,1987,AA,Eddie Thomas,Woodlawn,36.4,pdfs/Winter record book.pdf,51,2026-08-02T19:41:32Z,glm-5.2:cloud
Boys Indoor Track,300 m,1987,A,Bryant Hall,Chesapeake-AA,36.8,pdfs/Winter record book.pdf,51,2026-08-02T19:41:32Z,glm-5.2:cloud
Boys Indoor Track,300 m,1987,BC,Steve Schleupner,Walkersville,37.7,pdfs/Winter record book.pdf,51,2026-08-02T19:41:32Z,glm-5.2:cloud
Boys Indoor Track,300 m,1988,AA,Thomas Bowman,Suitland,36.3,pdfs/Winter record book.pdf,51,2026-08-02T19:41:32Z,glm-5.2:cloud
Boys Indoor Track,300 m,1988,A,Danny Johnson,Laurel,36.6,pdfs/Winter record book.pdf,51,2026-08-02T19:41:32Z,glm-5.2:cloud
Boys Indoor Track,300 m,1988,BC,Maurice Small,Forestville,36.9,pdfs/Winter record book.pdf,51,2026-08-02T19:41:32Z,glm-5.2:cloud
Boys Indoor Track,300 m,1989,4A,Derrick Love,Meade,36.04,pdfs/Winter record book.pdf,51,2026-08-02T19:41:32Z,glm-5.2:cloud
Boys Indoor Track,300 m,1989,3A,Ryan Fuqua,Overlea,37.02,pdfs/Winter record book.pdf,51,2026-08-02T19:41:32Z,glm-5.2:cloud
Boys Indoor Track,300 m,1989,2A-1A,Adrian Washington,Oakland Mills,36.99,pdfs/Winter record book.pdf,51,2026-08-02T19:41:32Z,glm-5.2:cloud
Boys Indoor Track,300 m,1990,4A,Elgin Gordon,E Roosevelt,36.2,pdfs/Winter record book.pdf,51,2026-08-02T19:41:32Z,glm-5.2:cloud
Boys Indoor Track,300 m,1990,3A,Kirk Hewling,Kennedy,37.2,pdfs/Winter record book.pdf,51,2026-08-02T19:41:32Z,glm-5.2:cloud
Boys Indoor Track,300 m,1990,2A-1A,Charles Hankerson,Gwynn Park,37.7,pdfs/Winter record book.pdf,51,2026-08-02T19:41:32Z,glm-5.2:cloud
Boys Indoor Track,300 m,1991,4A,Jermaine Lewis,E Roosevelt,36.2,pdfs/Winter record book.pdf,51,2026-08-02T19:41:32Z,glm-5.2:cloud
Boys Indoor Track,300 m,1991,3A,Eric Graham,Oakland Mills,37.0,pdfs/Winter record book.pdf,51,2026-08-02T19:41:32Z,glm-5.2:cloud
Boys Indoor Track,300 m,1991,2A-1A,Lonnie Humphrey,Owings Mills,37.1,pdfs/Winter record book.pdf,51,2026-08-02T19:41:32Z,glm-5.2:cloud
Boys Indoor Track,300 m,1992,4A,Joe Beamer,Suitland,35.84,pdfs/Winter record book.pdf,51,2026-08-02T19:41:32Z,glm-5.2:cloud
Boys Indoor Track,300 m,1992,3A,Dhakshawn Rollin,DuVal,38.36,pdfs/Winter record book.pdf,51,2026-08-02T19:41:32Z,glm-5.2:cloud
Boys Indoor Track,300 m,1992,2A-1A,Charles Hankerson,Surrattsville,36.80,pdfs/Winter record book.pdf,51,2026-08-02T19:41:32Z,glm-5.2:cloud
Boys Indoor Track,300 m,1993,4A,John Lucas,Bowie,36.72,pdfs/Winter record book.pdf,51,2026-08-02T19:41:32Z,glm-5.2:cloud
Boys Indoor Track,300 m,1993,3A,Keith Ford,DuVal,37.16,pdfs/Winter record book.pdf,51,2026-08-02T19:41:32Z,glm-5.2:cloud
Boys Indoor Track,300 m,1993,2A-1A,Desean Moore,Forestville,36.84,pdfs/Winter record book.pdf,51,2026-08-02T19:41:32Z,glm-5.2:cloud
Boys Indoor Track,300 m,1994,4A,John Lucas,Bowie,36.77,pdfs/Winter record book.pdf,51,2026-08-02T19:41:32Z,glm-5.2:cloud
Boys Indoor Track,300 m,1994,3A,Jerry Hudgens,DuVal,36.90,pdfs/Winter record book.pdf,51,2026-08-02T19:41:32Z,glm-5.2:cloud
Boys Indoor Track,300 m,1994,2A-1A,Damon Ferguson,Oakland Mills,37.20,pdfs/Winter record book.pdf,51,2026-08-02T19:41:32Z,glm-5.2:cloud
Boys Indoor Track,300 m,1995,4A,James Carter,Mergenthaler,36.93,pdfs/Winter record book.pdf,51,2026-08-02T19:41:32Z,glm-5.2:cloud
Boys Indoor Track,300 m,1995,3A,Clifford Paul,Wheaton,37.50,pdfs/Winter record book.pdf,51,2026-08-02T19:41:32Z,glm-5.2:cloud
Boys Indoor Track,300 m,1995,2A-1A,Clifford Wong,Forestville,37.50,pdfs/Winter record book.pdf,51,2026-08-02T19:41:32Z,glm-5.2:cloud
Boys Indoor Track,300 m,1996,4A,James Carter,Mergenthaler,35.4,pdfs/Winter record book.pdf,51,2026-08-02T19:41:32Z,glm-5.2:cloud
Boys Indoor Track,300 m,1996,3A,Bernard Williams,Carver-B,37.0,pdfs/Winter record book.pdf,51,2026-08-02T19:41:32Z,glm-5.2:cloud
Boys Indoor Track,300 m,1996,2A-1A,Amos Akasa,B-CC,37.4,pdfs/Winter record book.pdf,51,2026-08-02T19:41:32Z,glm-5.2:cloud
Boys Indoor Track,300 m,1997,4A-3A,Ato Modibo,High Point,35.7,pdfs/Winter record book.pdf,51,2026-08-02T19:41:32Z,glm-5.2:cloud
Boys Indoor Track,300 m,1997,3A-2A,Bernard Williams,Carver-B,37.2,pdfs/Winter record book.pdf,51,2026-08-02T19:41:32Z,glm-5.2:cloud
Boys Indoor Track,300 m,1997,2A-1A,Marcus Lynch,Western STES,37.0,pdfs/Winter record book.pdf,51,2026-08-02T19:41:32Z,glm-5.2:cloud
Boys Indoor Track,300 m,1998,4A-3A,Ato Modibo,High Point,35.5,pdfs/Winter record book.pdf,51,2026-08-02T19:41:32Z,glm-5.2:cloud
Boys Indoor Track,300 m,1998,3A-2A,Derek Stansfield,Milford Mill,36.7,pdfs/Winter record book.pdf,51,2026-08-02T19:41:32Z,glm-5.2:cloud
Boys Indoor Track,300 m,1998,2A-1A,Donte Lambert,Western STES,37.2,pdfs/Winter record book.pdf,51,2026-08-02T19:41:32Z,glm-5.2:cloud
Boys Indoor Track,300 m,1999,4A-3A,Robert Wingate-Robinson,N'western-PG,37.1,pdfs/Winter record book.pdf,51,2026-08-02T19:41:32Z,glm-5.2:cloud
Boys Indoor Track,300 m,1999,3A-2A,Curtis Alderman,DuVal,38.0,pdfs/Winter record book.pdf,51,2026-08-02T19:41:32Z,glm-5.2:cloud
Boys Indoor Track,300 m,1999,2A-1A,Kyle Farmer,Oakland Mills,36.6,pdfs/Winter record book.pdf,51,2026-08-02T19:41:32Z,glm-5.2:cloud
Boys Indoor Track,300 m,2000,4A-3A,Shaun Luncheon,Sherwood,37.6,pdfs/Winter record book.pdf,51,2026-08-02T19:41:32Z,glm-5.2:cloud
Boys Indoor Track,300 m,2000,3A-2A,Marques Sneed,Catonsville,37.7,pdfs/Winter record book.pdf,51,2026-08-02T19:41:32Z,glm-5.2:cloud
Boys Indoor Track,300 m,2000,2A-1A,Kyle Farmer,Oakland Mills,36.2,pdfs/Winter record book.pdf,51,2026-08-02T19:41:32Z,glm-5.2:cloud
Boys Indoor Track,300 m,2001,4A-3A,Sammy Sesay,E Roosevelt,35.91,pdfs/Winter record book.pdf,52,2026-08-02T19:42:36Z,glm-5.2:cloud
Boys Indoor Track,300 m,2001,3A-2A,Lee Lambert,Westlake,35.30,pdfs/Winter record book.pdf,52,2026-08-02T19:42:36Z,glm-5.2:cloud
Boys Indoor Track,300 m,2001,2A-1A,Kyle Farmer,Oakland Mills,33.90,pdfs/Winter record book.pdf,52,2026-08-02T19:42:36Z,glm-5.2:cloud
Boys Indoor Track,300 m,2002,4A-3A,Paul Young,Oxon Hill,34.81,pdfs/Winter record book.pdf,52,2026-08-02T19:42:36Z,glm-5.2:cloud
Boys Indoor Track,300 m,2002,3A-2A,Herbert Nicholls,Gwynn Park,34.60,pdfs/Winter record book.pdf,52,2026-08-02T19:42:36Z,glm-5.2:cloud
Boys Indoor Track,300 m,2002,2A-1A,Chris Barksdale,Oakland Mills,34.90,pdfs/Winter record book.pdf,52,2026-08-02T19:42:36Z,glm-5.2:cloud
Boys Indoor Track,300 m,2003,4A-3A,Daryl Young,C.H. Flowers,35.63,pdfs/Winter record book.pdf,52,2026-08-02T19:42:36Z,glm-5.2:cloud
Boys Indoor Track,300 m,2003,3A-2A,Aaron Marshall,Bladensburg,35.30,pdfs/Winter record book.pdf,52,2026-08-02T19:42:36Z,glm-5.2:cloud
Boys Indoor Track,300 m,2003,2A-1A,Stann Waithe,Loch Raven,35.30,pdfs/Winter record book.pdf,52,2026-08-02T19:42:36Z,glm-5.2:cloud
Boys Indoor Track,300 m,2004,4A-3A,Afolabi Aromire,C.H. Flowers,34.66,pdfs/Winter record book.pdf,52,2026-08-02T19:42:36Z,glm-5.2:cloud
Boys Indoor Track,300 m,2004,3A-2A,Jared Fagan,Westlake,35.23,pdfs/Winter record book.pdf,52,2026-08-02T19:42:36Z,glm-5.2:cloud
Boys Indoor Track,300 m,2004,2A-1A,Anthony Cole,Oakland Mills,34.87,pdfs/Winter record book.pdf,52,2026-08-02T19:42:36Z,glm-5.2:cloud
Boys Indoor Track,300 m,2005,4A-3A,Afolabi Aromire,C.H. Flowers,34.35,pdfs/Winter record book.pdf,52,2026-08-02T19:42:36Z,glm-5.2:cloud
Boys Indoor Track,300 m,2005,3A-2A,Corryl Boyd,Westlake,35.39,pdfs/Winter record book.pdf,52,2026-08-02T19:42:36Z,glm-5.2:cloud
Boys Indoor Track,300 m,2005,2A-1A,Chris Brewington,Howard,36.11,pdfs/Winter record book.pdf,52,2026-08-02T19:42:36Z,glm-5.2:cloud
Boys Indoor Track,300 m,2006,4A-3A,Corryl Boyd,Westlake,36.38,pdfs/Winter record book.pdf,52,2026-08-02T19:42:36Z,glm-5.2:cloud
Boys Indoor Track,300 m,2006,3A-2A,Brandon Wright,Long Reach,35.41,pdfs/Winter record book.pdf,52,2026-08-02T19:42:36Z,glm-5.2:cloud
Boys Indoor Track,300 m,2006,2A-1A,Wayne Moten,Forestville,35.89,pdfs/Winter record book.pdf,52,2026-08-02T19:42:36Z,glm-5.2:cloud
Boys Indoor Track,300 m,2007,4A-3A,Corryl Boyd,Westlake,34.65,pdfs/Winter record book.pdf,52,2026-08-02T19:42:36Z,glm-5.2:cloud
Boys Indoor Track,300 m,2007,3A-2A,Robert Watley,La Plata,35.01,pdfs/Winter record book.pdf,52,2026-08-02T19:42:36Z,glm-5.2:cloud
Boys Indoor Track,300 m,2007,2A-1A,Jarell Hasan,North Hagerstown,35.45,pdfs/Winter record book.pdf,52,2026-08-02T19:42:36Z,glm-5.2:cloud
Boys Indoor Track,300 m,2008,4A,Brendan Etzel,Richard Montgomery,34.88,pdfs/Winter record book.pdf,52,2026-08-02T19:42:36Z,glm-5.2:cloud
Boys Indoor Track,300 m,2008,3A,Kenard Harris,Westlake,34.58,pdfs/Winter record book.pdf,52,2026-08-02T19:42:36Z,glm-5.2:cloud
Boys Indoor Track,300 m,2008,2A,Derrick Powell,Northwood,35.99,pdfs/Winter record book.pdf,52,2026-08-02T19:42:36Z,glm-5.2:cloud
Boys Indoor Track,300 m,2008,1A,Anthony Drumgoole,Digital Harbor,35.39,pdfs/Winter record book.pdf,52,2026-08-02T19:42:36Z,glm-5.2:cloud
Boys Indoor Track,300 m,2009,4A,Denison Long,E Roosevelt,35.25,pdfs/Winter record book.pdf,52,2026-08-02T19:42:36Z,glm-5.2:cloud
Boys Indoor Track,300 m,2009,3A,Devon Smith,Westlake,35.42,pdfs/Winter record book.pdf,52,2026-08-02T19:42:36Z,glm-5.2:cloud
Boys Indoor Track,300 m,2009,2A,Aaron Chatman,North Point,36.58,pdfs/Winter record book.pdf,52,2026-08-02T19:42:36Z,glm-5.2:cloud
Boys Indoor Track,300 m,2009,1A,Lance Wilkes,Western STES,37.04,pdfs/Winter record book.pdf,52,2026-08-02T19:42:36Z,glm-5.2:cloud
Boys Indoor Track,300 m,2010,4A,Jordan Coleman,Suitland,35.98,pdfs/Winter record book.pdf,52,2026-08-02T19:42:36Z,glm-5.2:cloud
Boys Indoor Track,300 m,2010,3A,Ben McKenzie,Largo,35.10,pdfs/Winter record book.pdf,52,2026-08-02T19:42:36Z,glm-5.2:cloud
Boys Indoor Track,300 m,2010,2A,Jose Depadua,Walkersville,36.26,pdfs/Winter record book.pdf,52,2026-08-02T19:42:36Z,glm-5.2:cloud
Boys Indoor Track,300 m,2010,1A,Deven Patterson,Catoctin,35.60,pdfs/Winter record book.pdf,52,2026-08-02T19:42:36Z,glm-5.2:cloud
Boys Indoor Track,300 m,2011,4A,Champ Page,Henry Wise,35.15,pdfs/Winter record book.pdf,52,2026-08-02T19:42:36Z,glm-5.2:cloud
Boys Indoor Track,300 m,2011,3A,Cordonte Ayres,Stephen Decatur,35.83,pdfs/Winter record book.pdf,52,2026-08-02T19:42:36Z,glm-5.2:cloud
Boys Indoor Track,300 m,2011,2A,George Flaviano,Digital Harbor,35.42,pdfs/Winter record book.pdf,52,2026-08-02T19:42:36Z,glm-5.2:cloud
Boys Indoor Track,300 m,2011,1A,Deven Patterson,Catoctin,35.31,pdfs/Winter record book.pdf,52,2026-08-02T19:42:36Z,glm-5.2:cloud
Boys Indoor Track,300 m,2012,4A,Champ Page,Henry Wise,34.36,pdfs/Winter record book.pdf,52,2026-08-02T19:42:36Z,glm-5.2:cloud
Boys Indoor Track,300 m,2012,3A,George Flaviano,Digital Harbor,35.48,pdfs/Winter record book.pdf,52,2026-08-02T19:42:36Z,glm-5.2:cloud
Boys Indoor Track,300 m,2012,2A,Mohomed Cisse,Largo,35.34,pdfs/Winter record book.pdf,52,2026-08-02T19:42:36Z,glm-5.2:cloud
Boys Indoor Track,300 m,2012,1A,Carrington Akosa,Western STES,36.07,pdfs/Winter record book.pdf,52,2026-08-02T19:42:36Z,glm-5.2:cloud
Boys Indoor Track,300 m,2013,4A,Paul Joseph,Clarksburg,35.29,pdfs/Winter record book.pdf,52,2026-08-02T19:42:36Z,glm-5.2:cloud
Boys Indoor Track,300 m,2013,3A,George Flaviano,Digital Harbor,34.82,pdfs/Winter record book.pdf,52,2026-08-02T19:42:36Z,glm-5.2:cloud
Boys Indoor Track,300 m,2013,2A,Marcell Preston,Largo,35.49,pdfs/Winter record book.pdf,52,2026-08-02T19:42:36Z,glm-5.2:cloud
Boys Indoor Track,300 m,2013,1A,Carrington Akosa,Western STES,35.38,pdfs/Winter record book.pdf,52,2026-08-02T19:42:36Z,glm-5.2:cloud
Boys Indoor Track,300 m,2014,4A,Justin Marah,Howard,34.88,pdfs/Winter record book.pdf,52,2026-08-02T19:42:36Z,glm-5.2:cloud
Boys Indoor Track,300 m,2014,3A,Tosin Oyewole,Long Reach,34.98,pdfs/Winter record book.pdf,52,2026-08-02T19:42:36Z,glm-5.2:cloud
Boys Indoor Track,300 m,2014,2A,Marcell Preston,Largo,34.79,pdfs/Winter record book.pdf,52,2026-08-02T19:42:36Z,glm-5.2:cloud
Boys Indoor Track,300 m,2014,1A,Chandler Cotton,Central-PG,36.02,pdfs/Winter record book.pdf,52,2026-08-02T19:42:36Z,glm-5.2:cloud
Boys Indoor Track,300 m,2015,4A,Jaron Woodyard,Thomas Wootton,35.14,pdfs/Winter record book.pdf,52,2026-08-02T19:42:36Z,glm-5.2:cloud
Boys Indoor Track,300 m,2015,3A,Darnell Pratt,Mount Hebron,35.04,pdfs/Winter record book.pdf,52,2026-08-02T19:42:36Z,glm-5.2:cloud
Boys Indoor Track,300 m,2015,2A,Rico Gomez,Douglass-PG,34.85,pdfs/Winter record book.pdf,52,2026-08-02T19:42:36Z,glm-5.2:cloud
Boys Indoor Track,300 m,2015,1A,Lamont Mitchell,Central-PG,36.13,pdfs/Winter record book.pdf,52,2026-08-02T19:42:36Z,glm-5.2:cloud
Boys Indoor Track,300 m,2016,4A,Brian Nelson,Charles H. Flowers,35.45,pdfs/Winter record book.pdf,52,2026-08-02T19:42:36Z,glm-5.2:cloud
Boys Indoor Track,300 m,2016,3A,Jabari Michael,Oxon Hill,35.36,pdfs/Winter record book.pdf,52,2026-08-02T19:42:36Z,glm-5.2:cloud
Boys Indoor Track,300 m,2016,2A,Will Moten,Westlake,35.42,pdfs/Winter record book.pdf,52,2026-08-02T19:42:36Z,glm-5.2:cloud
Boys Indoor Track,300 m,2016,1A,Ellis Brown,Pikesville,36.35,pdfs/Winter record book.pdf,52,2026-08-02T19:42:36Z,glm-5.2:cloud
Boys Indoor Track,300 m,2017,4A,Josh Netterville,Northwest,34.91,pdfs/Winter record book.pdf,52,2026-08-02T19:42:36Z,glm-5.2:cloud
Boys Indoor Track,300 m,2017,3A,Yourry Tapande,Dundalk,35.55,pdfs/Winter record book.pdf,52,2026-08-02T19:42:36Z,glm-5.2:cloud
Boys Indoor Track,300 m,2017,2A,Will Moten,Westlake,34.85,pdfs/Winter record book.pdf,52,2026-08-02T19:42:36Z,glm-5.2:cloud
Boys Indoor Track,300 m,2017,1A,Ellis Brown,Pikesville,35.43,pdfs/Winter record book.pdf,52,2026-08-02T19:42:36Z,glm-5.2:cloud
Boys Indoor Track,300 m,2018,4A,Malik Prince,Eleanor Roosevelt,35.57,pdfs/Winter record book.pdf,52,2026-08-02T19:42:36Z,glm-5.2:cloud
Boys Indoor Track,300 m,2018,3A,Davon Carroll,Northeast-AA,35.50,pdfs/Winter record book.pdf,52,2026-08-02T19:42:36Z,glm-5.2:cloud
Boys Indoor Track,300 m,2018,2A,Brandon James,New Town,35.83,pdfs/Winter record book.pdf,52,2026-08-02T19:42:36Z,glm-5.2:cloud
Boys Indoor Track,300 m,2018,1A,Aaron Hackett,Largo,34.86,pdfs/Winter record book.pdf,52,2026-08-02T19:42:36Z,glm-5.2:cloud
Boys Indoor Track,300 m,2019,4A,Chukwumdi Osuji,Paint Branch,35.46,pdfs/Winter record book.pdf,52,2026-08-02T19:42:36Z,glm-5.2:cloud
Boys Indoor Track,300 m,2019,3A,Talon Campbell,Reservoir,35.85,pdfs/Winter record book.pdf,52,2026-08-02T19:42:36Z,glm-5.2:cloud
Boys Indoor Track,300 m,2019,2A,Jalen Stanton,Century,35.85,pdfs/Winter record book.pdf,52,2026-08-02T19:42:36Z,glm-5.2:cloud
Boys Indoor Track,300 m,2019,1A,Linn Jordan,Henry E. Lackey,36.07,pdfs/Winter record book.pdf,52,2026-08-02T19:42:36Z,glm-5.2:cloud
Boys Indoor Track,300 m,2020,4A,Hafis Upshaw,Arundel,34.97,pdfs/Winter record book.pdf,52,2026-08-02T19:42:36Z,glm-5.2:cloud
Boys Indoor Track,300 m,2020,3A,Anthony Smith,Huntingtown,34.49,pdfs/Winter record book.pdf,52,2026-08-02T19:42:36Z,glm-5.2:cloud
Boys Indoor Track,300 m,2020,2A,Marquis Miller,Milford Mill Academy,36.09,pdfs/Winter record book.pdf,52,2026-08-02T19:42:36Z,glm-5.2:cloud
Boys Indoor Track,300 m,2020,1A,Jalen Jackson,Largo,35.92,pdfs/Winter record book.pdf,52,2026-08-02T19:42:36Z,glm-5.2:cloud
Boys Indoor Track,300 m,2022,4A,Nick C. Spikes,Paint Branch,38.30,pdfs/Winter record book.pdf,52,2026-08-02T19:42:36Z,glm-5.2:cloud
Boys Indoor Track,300 m,2022,3A,Talil Atkins,Baltimore Polytechnic,37.10,pdfs/Winter record book.pdf,52,2026-08-02T19:42:36Z,glm-5.2:cloud
Boys Indoor Track,300 m,2022,2A,Judson Lincoln IV,Oakland Mills,36.38,pdfs/Winter record book.pdf,52,2026-08-02T19:42:36Z,glm-5.2:cloud
Boys Indoor Track,300 m,2022,1A,Brody Buffington,Catotin,37.76,pdfs/Winter record book.pdf,52,2026-08-02T19:42:36Z,glm-5.2:cloud
Boys Indoor Track,300 m,2023,4A,Mykel Morman,Henry A. Wise,34.97,pdfs/Winter record book.pdf,52,2026-08-02T19:42:36Z,glm-5.2:cloud
Boys Indoor Track,300 m,2023,3A,Alpha Balde,Digital Harbor,34.95,pdfs/Winter record book.pdf,52,2026-08-02T19:42:36Z,glm-5.2:cloud
Boys Indoor Track,300 m,2023,2A,Shane King,Oakland Mills,35.50,pdfs/Winter record book.pdf,52,2026-08-02T19:42:36Z,glm-5.2:cloud
Boys Indoor Track,300 m,2023,1A,Furious Trammel,Catoctin,35.37,pdfs/Winter record book.pdf,52,2026-08-02T19:42:36Z,glm-5.2:cloud
Boys Indoor Track,300 m,2024,4A,Nicholas C. Spikes,Paint Branch,34.09,pdfs/Winter record book.pdf,52,2026-08-02T19:42:36Z,glm-5.2:cloud
Boys Indoor Track,300 m,2024,3A,LaMont Johnson,Digital Harbor,35.09,pdfs/Winter record book.pdf,52,2026-08-02T19:42:36Z,glm-5.2:cloud
Boys Indoor Track,300 m,2024,2A,Ebube Emechebe,Westlake,35.46,pdfs/Winter record book.pdf,52,2026-08-02T19:42:36Z,glm-5.2:cloud
Boys Indoor Track,300 m,2024,1A,Furious Trammel,Catoctin,34.76,pdfs/Winter record book.pdf,52,2026-08-02T19:42:36Z,glm-5.2:cloud
Boys Indoor Track,300 m,2025,4A,Quentin Braithwaite,Montgomery Blair,34.74,pdfs/Winter record book.pdf,52,2026-08-02T19:42:36Z,glm-5.2:cloud
Boys Indoor Track,300 m,2025,3A,LaMont Johnson,Digital Harbor,34.39,pdfs/Winter record book.pdf,52,2026-08-02T19:42:36Z,glm-5.2:cloud
Boys Indoor Track,300 m,2025,2A,Ben Wheeler,Hereford,34.64,pdfs/Winter record book.pdf,52,2026-08-02T19:42:36Z,glm-5.2:cloud
Boys Indoor Track,300 m,2025,1A,Malachi Williams,Largo,34.08,pdfs/Winter record book.pdf,52,2026-08-02T19:42:36Z,glm-5.2:cloud
Boys Indoor Track,500 m,1984,AA,Kris Leonard,Bladensburg,1:07.3,pdfs/Winter record book.pdf,52,2026-08-02T19:42:36Z,glm-5.2:cloud
Boys Indoor Track,500 m,1984,A,Carl Butler,Douglass-PG,1:08.4,pdfs/Winter record book.pdf,52,2026-08-02T19:42:36Z,glm-5.2:cloud
Boys Indoor Track,500 m,1984,BC,Jeff Smith,Oakland Mills,1:08.0,pdfs/Winter record book.pdf,52,2026-08-02T19:42:36Z,glm-5.2:cloud
Boys Indoor Track,500 m,1985,AA,Michael Carter,Crossland,1:07.1,pdfs/Winter record book.pdf,52,2026-08-02T19:42:36Z,glm-5.2:cloud
Boys Indoor Track,500 m,1985,A,Delancey Robertson,Central-PG,1:07.7,pdfs/Winter record book.pdf,52,2026-08-02T19:42:36Z,glm-5.2:cloud
Boys Indoor Track,500 m,1985,BC,George James,Stephen Decatur,1:07.5,pdfs/Winter record book.pdf,52,2026-08-02T19:42:36Z,glm-5.2:cloud
Boys Indoor Track,500 m,1986,Combined,Robert Bailey,Largo,1:04.7,pdfs/Winter record book.pdf,52,2026-08-02T19:42:36Z,glm-5.2:cloud
Boys Indoor Track,500 m,1987,AA,Champ Paige,Bowie,1:07.3,pdfs/Winter record book.pdf,52,2026-08-02T19:42:36Z,glm-5.2:cloud
Boys Indoor Track,500 m,1987,A,Steve Reddick,Potomac,1:09.4,pdfs/Winter record book.pdf,52,2026-08-02T19:42:36Z,glm-5.2:cloud
Boys Indoor Track,500 m,1987,BC,Paisley Demby,Milford Mill,1:09.4,pdfs/Winter record book.pdf,52,2026-08-02T19:42:36Z,glm-5.2:cloud
Boys Indoor Track,500 m,1988,AA,Thomas Bowman,Suitland,1:06.2,pdfs/Winter record book.pdf,52,2026-08-02T19:42:36Z,glm-5.2:cloud
Boys Indoor Track,500 m,1988,A,Lamont Smith,Laurel,1:09.7,pdfs/Winter record book.pdf,52,2026-08-02T19:42:36Z,glm-5.2:cloud
Boys Indoor Track,500 m,1988,BC,Whitney Keiller,Howard,1:09.4,pdfs/Winter record book.pdf,52,2026-08-02T19:42:36Z,glm-5.2:cloud
Boys Indoor Track,500 m,1989,4A,Kirk Hewling,Kennedy,1:08.64,pdfs/Winter record book.pdf,52,2026-08-02T19:42:36Z,glm-5.2:cloud
Boys Indoor Track,500 m,1989,3A,James Jones,Potomac,1:09.89,pdfs/Winter record book.pdf,52,2026-08-02T19:42:36Z,glm-5.2:cloud
Boys Indoor Track,500 m,1989,2A-1A,Whitney Keiller,Howard,1:08.93,pdfs/Winter record book.pdf,52,2026-08-02T19:42:36Z,glm-5.2:cloud
Boys Indoor Track,500 m,1990,4A,Ronald Finley,Oxon Hill,1:09.3,pdfs/Winter record book.pdf,52,2026-08-02T19:42:36Z,glm-5.2:cloud
Boys Indoor Track,500 m,1990,3A,Kirk Hewling,Kennedy,1:09.0,pdfs/Winter record book.pdf,52,2026-08-02T19:42:36Z,glm-5.2:cloud
Boys Indoor Track,500 m,1990,2A-1A,Al Eddings,Parkside,1:08.1,pdfs/Winter record book.pdf,52,2026-08-02T19:42:36Z,glm-5.2:cloud
Boys Indoor Track,500 m,1991,4A,Willie Romney,Friendly,1:08.2,pdfs/Winter record book.pdf,52,2026-08-02T19:42:36Z,glm-5.2:cloud
Boys Indoor Track,500 m,1991,3A,Kareem Lamb,Catonsville,1:08.3,pdfs/Winter record book.pdf,52,2026-08-02T19:42:36Z,glm-5.2:cloud
Boys Indoor Track,500 m,1991,2A-1A,Eric Widmaier,Glenelg,1:09.0,pdfs/Winter record book.pdf,52,2026-08-02T19:42:36Z,glm-5.2:cloud
Boys Indoor Track,500 m,1992,4A,Joe Beamer,Suitland,1:06.24,pdfs/Winter record book.pdf,52,2026-08-02T19:42:36Z,glm-5.2:cloud
Boys Indoor Track,500 m,1992,3A,Michael Hillman,Potomac,1:09.1,pdfs/Winter record book.pdf,52,2026-08-02T19:42:36Z,glm-5.2:cloud
Boys Indoor Track,500 m,1992,2A-1A,Leon Moore,Surrattsville,1:10.1,pdfs/Winter record book.pdf,52,2026-08-02T19:42:36Z,glm-5.2:cloud
Boys Indoor Track,500 m,1993,4A,Courtney Payne,Friendly,1:08.3,pdfs/Winter record book.pdf,52,2026-08-02T19:42:36Z,glm-5.2:cloud
Boys Indoor Track,500 m,1993,3A,Keith Ford,DuVal,1:09.1,pdfs/Winter record book.pdf,52,2026-08-02T19:42:36Z,glm-5.2:cloud
Boys Indoor Track,500 m,1993,2A-1A,Charles Hankerson,Surrattsville,1:08.2,pdfs/Winter record book.pdf,52,2026-08-02T19:42:36Z,glm-5.2:cloud
Boys Indoor Track,500 m,1994,4A,Dennis Lomas,North County,1:09.35,pdfs/Winter record book.pdf,52,2026-08-02T19:42:36Z,glm-5.2:cloud
Boys Indoor Track,500 m,1994,3A,Kevin Ford,DuVal,1:07.5,pdfs/Winter record book.pdf,52,2026-08-02T19:42:36Z,glm-5.2:cloud
Boys Indoor Track,500 m,1994,2A-1A,Xavier Brisco,Oakland Mills,1:10.42,pdfs/Winter record book.pdf,52,2026-08-02T19:42:36Z,glm-5.2:cloud
Boys Indoor Track,500 m,1995,4A,Anthony Reid,Woodlawn,1:08.9,pdfs/Winter record book.pdf,52,2026-08-02T19:42:36Z,glm-5.2:cloud
Boys Indoor Track,500 m,1995,3A,Keith Ford,DuVal,1:08.3,pdfs/Winter record book.pdf,52,2026-08-02T19:42:36Z,glm-5.2:cloud
Boys Indoor Track,500 m,1995,2A-1A,Jared Howard,Atholton,1:09.5,pdfs/Winter record book.pdf,52,2026-08-02T19:42:36Z,glm-5.2:cloud
Boys Indoor Track,500 m,1996,4A,Jamal Corley,E Roosevelt,1:07.2,pdfs/Winter record book.pdf,52,2026-08-02T19:42:36Z,glm-5.2:cloud
Boys Indoor Track,500 m,1996,3A,Jason Joubert,Richard Montgomery,1:08.9,pdfs/Winter record book.pdf,52,2026-08-02T19:42:36Z,glm-5.2:cloud
Boys Indoor Track,500 m,1996,2A-1A,Elliott Andrews,Surrattsville,1:09.6,pdfs/Winter record book.pdf,52,2026-08-02T19:42:36Z,glm-5.2:cloud
Boys Indoor Track,500 m,1997,4A-3A,Ato Modibo,High Point,1:07.4,pdfs/Winter record book.pdf,52,2026-08-02T19:42:36Z,glm-5.2:cloud
Boys Indoor Track,500 m,1997,3A-2A,Veuril McDavid,Parkville,1:10.2,pdfs/Winter record book.pdf,52,2026-08-02T19:42:36Z,glm-5.2:cloud
Boys Indoor Track,500 m,1997,2A-1A,Chris Selmer,Glenelg,1:10.4,pdfs/Winter record book.pdf,52,2026-08-02T19:42:36Z,glm-5.2:cloud
Boys Indoor Track,500 m,1998,4A-3A,Ato Modibo,High Point,1:06.5,pdfs/Winter record book.pdf,52,2026-08-02T19:42:36Z,glm-5.2:cloud
Boys Indoor Track,500 m,1998,3A-2A,Johnathan Streat,Woodlawn,1:08.8,pdfs/Winter record book.pdf,52,2026-08-02T19:42:36Z,glm-5.2:cloud
Boys Indoor Track,500 m,1998,2A-1A,Jamil Williams,Surrattsville,1:11.2,pdfs/Winter record book.pdf,52,2026-08-02T19:42:36Z,glm-5.2:cloud
Boys Indoor Track,500 m,1999,4A-3A,James Graham,Northwestern-PG,1:07.7,pdfs/Winter record book.pdf,52,2026-08-02T19:42:36Z,glm-5.2:cloud
Boys Indoor Track,500 m,1999,3A-2A,Michael Roland,Broadneck,1:09.4,pdfs/Winter record book.pdf,52,2026-08-02T19:42:36Z,glm-5.2:cloud
Boys Indoor Track,500 m,1999,2A-1A,Derrick Hill,Surrattsville,1:10.5,pdfs/Winter record book.pdf,52,2026-08-02T19:42:36Z,glm-5.2:cloud
Boys Indoor Track,500 m,2000,4A-3A,Dwayne Thomas,Northwestern-PG,1:07.7,pdfs/Winter record book.pdf,52,2026-08-02T19:42:36Z,glm-5.2:cloud
Boys Indoor Track,500 m,2000,3A-2A,Luis George,Long Reach,1:08.5,pdfs/Winter record book.pdf,52,2026-08-02T19:42:36Z,glm-5.2:cloud
Boys Indoor Track,500 m,2000,2A-1A,Germaine Bryant,Surrattsville,1:09.5,pdfs/Winter record book.pdf,52,2026-08-02T19:42:36Z,glm-5.2:cloud
Boys Indoor Track,500 m,2001,4A-3A,Timothy Riley,Suitland,1:06.75,pdfs/Winter record book.pdf,52,2026-08-02T19:42:36Z,glm-5.2:cloud
Boys Indoor Track,500 m,2001,3A-2A,Shane Stroup,River Hill,1:06.70,pdfs/Winter record book.pdf,52,2026-08-02T19:42:36Z,glm-5.2:cloud
Boys Indoor Track,500 m,2001,2A-1A,Germaine Bryant,Surrattsville,1:06.60,pdfs/Winter record book.pdf,52,2026-08-02T19:42:36Z,glm-5.2:cloud
Boys Indoor Track,500 m,2002,4A-3A,Brian Steele,Gaithersburg,1:05.06,pdfs/Winter record book.pdf,52,2026-08-02T19:42:36Z,glm-5.2:cloud
Boys Indoor Track,500 m,2002,3A-2A,Dean Lee,McDonough,1:08.05,pdfs/Winter record book.pdf,52,2026-08-02T19:42:36Z,glm-5.2:cloud
Boys Indoor Track,500 m,2002,2A-1A,Brandon Ross,Dunbar,1:08.30,pdfs/Winter record book.pdf,52,2026-08-02T19:42:36Z,glm-5.2:cloud
Boys Indoor Track,500 m,2003,4A-3A,Frankie Wright,Mergenthaler,1:06.43,pdfs/Winter record book.pdf,52,2026-08-02T19:42:36Z,glm-5.2:cloud
Boys Indoor Track,500 m,2003,3A-2A,Edwin Campbell,Paint Branch,1:06.90,pdfs/Winter record book.pdf,52,2026-08-02T19:42:36Z,glm-5.2:cloud
Boys Indoor Track,500 m,2003,2A-1A,Drew Graybeal,Glenelg,1:06.30,pdfs/Winter record book.pdf,52,2026-08-02T19:42:36Z,glm-5.2:cloud
Boys Indoor Track,500 m,2004,4A-3A,Afolabi Aromire,C.H. Flowers,1:04.56,pdfs/Winter record book.pdf,52,2026-08-02T19:42:36Z,glm-5.2:cloud
Boys Indoor Track,500 m,2004,3A-2A,Brandon Lynch,Mergenthaler,1:05.95,pdfs/Winter record book.pdf,52,2026-08-02T19:42:36Z,glm-5.2:cloud
Boys Indoor Track,500 m,2004,2A-1A,Drew Graybeal,Glenelg,1:05.65,pdfs/Winter record book.pdf,52,2026-08-02T19:42:36Z,glm-5.2:cloud
Boys Indoor Track,500 m,2005,4A-3A,Afolabi Aromire,C.H. Flowers,1:03.52,pdfs/Winter record book.pdf,52,2026-08-02T19:42:36Z,glm-5.2:cloud
Boys Indoor Track,500 m,2005,3A-2A,Kimery Williams,Kennedy,1:06.83,pdfs/Winter record book.pdf,52,2026-08-02T19:42:36Z,glm-5.2:cloud
Boys Indoor Track,500 m,2005,2A-1A,Kevin Johnson,Digital Harbor,1:08.55,pdfs/Winter record book.pdf,52,2026-08-02T19:42:36Z,glm-5.2:cloud
Boys Indoor Track,500 m,2006,4A-3A,Marcus Dickerson,C.H. Flowers,1:05.67,pdfs/Winter record book.pdf,52,2026-08-02T19:42:36Z,glm-5.2:cloud
Boys Indoor Track,500 m,2006,3A-2A,Cedric Draper,Friendly,1:07.39,pdfs/Winter record book.pdf,52,2026-08-02T19:42:36Z,glm-5.2:cloud
Boys Indoor Track,500 m,2006,2A-1A,Christopher Anderson,Forestville,1:08.27,pdfs/Winter record book.pdf,52,2026-08-02T19:42:36Z,glm-5.2:cloud
Boys Indoor Track,500 m,2007,4A-3A,Kelli Thibou,E Roosevelt,1:05.41,pdfs/Winter record book.pdf,52,2026-08-02T19:42:36Z,glm-5.2:cloud
Boys Indoor Track,500 m,2007,3A-2A,Isaac Richardson,Mergenthaler,1:07.14,pdfs/Winter record book.pdf,52,2026-08-02T19:42:36Z,glm-5.2:cloud
Boys Indoor Track,500 m,2007,2A-1A,Jamin Gallman,Polytechnic,1:06.12,pdfs/Winter record book.pdf,52,2026-08-02T19:42:36Z,glm-5.2:cloud
Boys Indoor Track,500 m,2008,4A,Wayne Bartholomew,Quince Orchard,1:06.48,pdfs/Winter record book.pdf,52,2026-08-02T19:42:36Z,glm-5.2:cloud
Boys Indoor Track,500 m,2008,3A,William Zahorodny,Damascus,1:04.71,pdfs/Winter record book.pdf,52,2026-08-02T19:42:36Z,glm-5.2:cloud
Boys Indoor Track,500 m,2008,2A,Derrick Powell,Northwood,1:06.67,pdfs/Winter record book.pdf,52,2026-08-02T19:42:36Z,glm-5.2:cloud
Boys Indoor Track,500 m,2008,1A,Angelo Diggs,Digital Harbor,1:09.18,pdfs/Winter record book.pdf,52,2026-08-02T19:42:36Z,glm-5.2:cloud
Boys Indoor Track,500 m,2009,4A,Wayne Bartholomew,Quince Orchard,1:04.92,pdfs/Winter record book.pdf,52,2026-08-02T19:42:36Z,glm-5.2:cloud
Boys Indoor Track,500 m,2009,3A,Dominic Clarke,Tuscarora,1:07.25,pdfs/Winter record book.pdf,52,2026-08-02T19:42:36Z,glm-5.2:cloud
Boys Indoor Track,500 m,2009,2A,Micheal Houston,Polytechnic,1:06.87,pdfs/Winter record book.pdf,52,2026-08-02T19:42:36Z,glm-5.2:cloud
Boys Indoor Track,500 m,2009,1A,Connor Pencek,Glenelg,1:07.59,pdfs/Winter record book.pdf,52,2026-08-02T19:42:36Z,glm-5.2:cloud
Boys Indoor Track,500 m,2010,4A,Sequan Johnson,Suitland,1:05.74,pdfs/Winter record book.pdf,52,2026-08-02T19:42:36Z,glm-5.2:cloud
Boys Indoor Track,500 m,2010,3A,Ben McKenzie,Largo,1:06.17,pdfs/Winter record book.pdf,52,2026-08-02T19:42:36Z,glm-5.2:cloud
Boys Indoor Track,500 m,2010,2A,Gage Ealey,Oakland Mills,1:08.52,pdfs/Winter record book.pdf,52,2026-08-02T19:42:36Z,glm-5.2:cloud
Boys Indoor Track,500 m,2010,1A,Miguel Narine,Northwestern-B,1:09.02,pdfs/Winter record book.pdf,52,2026-08-02T19:42:36Z,glm-5.2:cloud
Boys Indoor Track,500 m,2011,4A,Edose Ibadin,DuVal,1:04.56,pdfs/Winter record book.pdf,52,2026-08-02T19:42:36Z,glm-5.2:cloud
Boys Indoor Track,500 m,2011,3A,Brandon Hairston,Atholton,1:06.42,pdfs/Winter record book.pdf,52,2026-08-02T19:42:36Z,glm-5.2:cloud
Boys Indoor Track,500 m,2011,2A,Matt Smith,North Carroll,1:06.76,pdfs/Winter record book.pdf,52,2026-08-02T19:42:36Z,glm-5.2:cloud
Boys Indoor Track,500 m,2011,1A,Deven Patterson,Catoctin,1:06.60,pdfs/Winter record book.pdf,52,2026-08-02T19:42:36Z,glm-5.2:cloud
Boys Indoor Track,500 m,2012,4A,Champ Page,Henry Wise,1:04.90,pdfs/Winter record book.pdf,52,2026-08-02T19:42:36Z,glm-5.2:cloud
Boys Indoor Track,500 m,2012,3A,Timmy Usher,Reservoir,1:06.54,pdfs/Winter record book.pdf,52,2026-08-02T19:42:36Z,glm-5.2:cloud
Boys Indoor Track,500 m,2012,2A,Blake Richardson,Glenelg,1:07.67,pdfs/Winter record book.pdf,52,2026-08-02T19:42:36Z,glm-5.2:cloud
Boys Indoor Track,500 m,2012,1A,Kemahn Jones,Western STES,1:07.77,pdfs/Winter record book.pdf,52,2026-08-02T19:42:36Z,glm-5.2:cloud
Boys Indoor Track,500 m,2013,4A,Joshua McDonald,Northwest,1:07.50,pdfs/Winter record book.pdf,52,2026-08-02T19:42:36Z,glm-5.2:cloud
Boys Indoor Track,500 m,2013,3A,Nate Gainey,Mt. Hebron,1:06.66,pdfs/Winter record book.pdf,52,2026-08-02T19:42:36Z,glm-5.2:cloud
Boys Indoor Track,500 m,2013,2A,Marcell Preston,Largo,1:06.62,pdfs/Winter record book.pdf,52,2026-08-02T19:42:36Z,glm-5.2:cloud
Boys Indoor Track,500 m,2013,1A,Maury Sall,Pikesville,1:07.39,pdfs/Winter record book.pdf,52,2026-08-02T19:42:36Z,glm-5.2:cloud
Boys Indoor Track,500 m,2014,4A,Antonio Coleman,Bowie,1:06.36,pdfs/Winter record book.pdf,52,2026-08-02T19:42:36Z,glm-5.2:cloud
Boys Indoor Track,500 m,2014,3A,Nicholas Nobile,Urbana,1:07.26,pdfs/Winter record book.pdf,52,2026-08-02T19:42:36Z,glm-5.2:cloud
Boys Indoor Track,500 m,2014,2A,Rico Gomez,Douglass-PG,1:05.35,pdfs/Winter record book.pdf,52,2026-08-02T19:42:36Z,glm-5.2:cloud
Boys Indoor Track,500 m,2014,1A,Chandler Cotton,Central-PG,1:07.09,pdfs/Winter record book.pdf,52,2026-08-02T19:42:36Z,glm-5.2:cloud
Boys Indoor Track,500 m,2015,4A,Aaron Robinson,Oxon Hill,1:06.02,pdfs/Winter record book.pdf,52,2026-08-02T19:42:36Z,glm-5.2:cloud
Boys Indoor Track,500 m,2015,3A,Nicholas Wardell,Mount Hebron,1:07.04,pdfs/Winter record book.pdf,52,2026-08-02T19:42:36Z,glm-5.2:cloud
Boys Indoor Track,500 m,2015,2A,Rico Gomez,Douglass-PG,1:04.58,pdfs/Winter record book.pdf,52,2026-08-02T19:42:36Z,glm-5.2:cloud
Boys Indoor Track,500 m,2015,1A,Deonta Parnell,FAET,1:10.08,pdfs/Winter record book.pdf,52,2026-08-02T19:42:36Z,glm-5.2:cloud
Boys Indoor Track,500 m,2016,4A,Gerald Amobi,DuVal,1:06.54,pdfs/Winter record book.pdf,52,2026-08-02T19:42:36Z,glm-5.2:cloud
Boys Indoor Track,500 m,2016,3A,Jason Tyler,St. Charles,1:05.29,pdfs/Winter record book.pdf,52,2026-08-02T19:42:36Z,glm-5.2:cloud
Boys Indoor Track,500 m,2016,2A,Kelsey White,Oakland Mills,1:07.26,pdfs/Winter record book.pdf,52,2026-08-02T19:42:36Z,glm-5.2:cloud
Boys Indoor Track,500 m,2016,1A,Micah Daigneault,Smithsburg,1:07.02,pdfs/Winter record book.pdf,52,2026-08-02T19:42:36Z,glm-5.2:cloud
Boys Indoor Track,500 m,2017,4A,Eldon Phillips,Northwood,1:05.81,pdfs/Winter record book.pdf,52,2026-08-02T19:42:36Z,glm-5.2:cloud
Boys Indoor Track,500 m,2017,3A,Gary Ross,Oxon Hill,1:06.04,pdfs/Winter record book.pdf,52,2026-08-02T19:42:36Z,glm-5.2:cloud
Boys Indoor Track,500 m,2017,2A,Riley McDermott,Middletown,1:06.01,pdfs/Winter record book.pdf,52,2026-08-02T19:42:36Z,glm-5.2:cloud
Boys Indoor Track,500 m,2017,1A,Abdulazeez Idowu,Farimont Heights,1:08.50,pdfs/Winter record book.pdf,52,2026-08-02T19:42:36Z,glm-5.2:cloud
Boys Indoor Track,500 m,2018,4A,Eldon Phillips,Northwood,1:05.53,pdfs/Winter record book.pdf,52,2026-08-02T19:42:36Z,glm-5.2:cloud
Boys Indoor Track,500 m,2018,3A,Aariq Nixon,Milford Mill,1:05.37,pdfs/Winter record book.pdf,52,2026-08-02T19:42:36Z,glm-5.2:cloud
Boys Indoor Track,500 m,2018,2A,Brandon James,New Town,1:06.07,pdfs/Winter record book.pdf,52,2026-08-02T19:42:36Z,glm-5.2:cloud
Boys Indoor Track,500 m,2018,1A,Donovan McClellan,Boonsboro,1:07.55,pdfs/Winter record book.pdf,52,2026-08-02T19:42:36Z,glm-5.2:cloud
Boys Indoor Track,500 m,2019,4A,Maxwell Myers,Howard,1:06.53,pdfs/Winter record book.pdf,52,2026-08-02T19:42:36Z,glm-5.2:cloud
Boys Indoor Track,500 m,2019,3A,Tyler Modrzejewski,Chopticon,1:07.26,pdfs/Winter record book.pdf,52,2026-08-02T19:42:36Z,glm-5.2:cloud
Boys Indoor Track,500 m,2019,2A,Chase McGeehan,River Hill,1:06.63,pdfs/Winter record book.pdf,52,2026-08-02T19:42:36Z,glm-5.2:cloud
Boys Indoor Track,500 m,2019,1A,Justin McIntyre,Henry E. Lackey,1:06.38,pdfs/Winter record book.pdf,52,2026-08-02T19:42:36Z,glm-5.2:cloud
Boys Indoor Track,500 m,2020,4A,Seydi Sall,Richard Montgomery,1:05.77,pdfs/Winter record book.pdf,52,2026-08-02T19:42:36Z,glm-5.2:cloud
Boys Indoor Track,500 m,2020,3A,Tamrat Snyder,Damascus,1:05.41,pdfs/Winter record book.pdf,52,2026-08-02T19:42:36Z,glm-5.2:cloud
Boys Indoor Track,500 m,2020,2A,Owen Welty,Walkersville,1:06.60,pdfs/Winter record book.pdf,52,2026-08-02T19:42:36Z,glm-5.2:cloud
Boys Indoor Track,500 m,2020,1A,Aharon Luster,Largo,1:08.40,pdfs/Winter record book.pdf,52,2026-08-02T19:42:36Z,glm-5.2:cloud
Boys Indoor Track,500 m,2022,4A,Jack DeBaugh,Severna Park,1:09.82,pdfs/Winter record book.pdf,52,2026-08-02T19:42:36Z,glm-5.2:cloud
Boys Indoor Track,500 m,2022,3A,Korede Otusajo,Milford Mill,1:07.13,pdfs/Winter record book.pdf,52,2026-08-02T19:42:36Z,glm-5.2:cloud
Boys Indoor Track,500 m,2022,2A,Judson Lincoln IV,Oakland Mills,1:07.27,pdfs/Winter record book.pdf,52,2026-08-02T19:42:36Z,glm-5.2:cloud
Boys Indoor Track,500 m,2022,1A,Cameron Rejonis,Smithsburg,1:12.93,pdfs/Winter record book.pdf,52,2026-08-02T19:42:36Z,glm-5.2:cloud
Boys Indoor Track,500 m,2023,4A,Micah McKenzie,Montgomery Blair,1:08.08,pdfs/Winter record book.pdf,52,2026-08-02T19:42:36Z,glm-5.2:cloud
Boys Indoor Track,500 m,2023,3A,Jack Hynes,Bel Air,1:06.61,pdfs/Winter record book.pdf,52,2026-08-02T19:42:36Z,glm-5.2:cloud
Boys Indoor Track,500 m,2023,2A,Tyler Edson,Liberty,1:05.79,pdfs/Winter record book.pdf,52,2026-08-02T19:42:36Z,glm-5.2:cloud
Boys Indoor Track,500 m,2023,1A,Cameron Rejonis,Smithsburg,1:06.12,pdfs/Winter record book.pdf,52,2026-08-02T19:42:36Z,glm-5.2:cloud
Boys Indoor Track,500 m,2024,4A,Kean Tanyi-Tang,Urbana,1:06.00,pdfs/Winter record book.pdf,52,2026-08-02T19:42:36Z,glm-5.2:cloud
Boys Indoor Track,500 m,2024,3A,Jordan Tuck,Northern-Cal,1:06.29,pdfs/Winter record book.pdf,52,2026-08-02T19:42:36Z,glm-5.2:cloud
Boys Indoor Track,500 m,2024,2A,Ben Wheeler,Hereford,1:06.08,pdfs/Winter record book.pdf,52,2026-08-02T19:42:36Z,glm-5.2:cloud
Boys Indoor Track,500 m,2024,1A,Furious Trammel,Catoctin,1:05.67,pdfs/Winter record book.pdf,52,2026-08-02T19:42:36Z,glm-5.2:cloud
Boys Indoor Track,500 m,2025,4A,Jacob Martin,Paint Branch,1:05.36,pdfs/Winter record book.pdf,52,2026-08-02T19:42:36Z,glm-5.2:cloud
Boys Indoor Track,500 m,2025,3A,LaMont Johnson,Digital Harbor,1:06.47,pdfs/Winter record book.pdf,52,2026-08-02T19:42:36Z,glm-5.2:cloud
Boys Indoor Track,500 m,2025,2A,Ben Wheeler,Hereford,1:04.30,pdfs/Winter record book.pdf,52,2026-08-02T19:42:36Z,glm-5.2:cloud
Boys Indoor Track,500 m,2025,1A,Alexander Wockenfuss,Harford Technincal,1:04.34,pdfs/Winter record book.pdf,52,2026-08-02T19:42:36Z,glm-5.2:cloud
Boys Indoor Track,600 Yard,1972,Combined,Larry Jewell,Towson,1:16.2,pdfs/Winter record book.pdf,53,2026-08-02T19:44:19Z,glm-5.2:cloud
Boys Indoor Track,600 Yard,1973,AA,Dave Watt,Woodlawn,1:16.1,pdfs/Winter record book.pdf,53,2026-08-02T19:44:19Z,glm-5.2:cloud
Boys Indoor Track,600 Yard,1973,ABC,Mitch Williams,F.S. Key,1:17.5,pdfs/Winter record book.pdf,53,2026-08-02T19:44:19Z,glm-5.2:cloud
Boys Indoor Track,600 Yard,1974,AA,Mike Selmer,Northwestern-PG,1:15.5,pdfs/Winter record book.pdf,53,2026-08-02T19:44:19Z,glm-5.2:cloud
Boys Indoor Track,600 Yard,1974,ABC,Clarence Franklin,Fairmont Heights,1:16.8,pdfs/Winter record book.pdf,53,2026-08-02T19:44:19Z,glm-5.2:cloud
Boys Indoor Track,600 Yard,1975,AA,Dennis Ivory,Crossland,1:14.5,pdfs/Winter record book.pdf,53,2026-08-02T19:44:19Z,glm-5.2:cloud
Boys Indoor Track,600 Yard,1975,ABC,Clarence Franklin,Fairmont Heights,1:16.0,pdfs/Winter record book.pdf,53,2026-08-02T19:44:19Z,glm-5.2:cloud
Boys Indoor Track,600 Yard,1976,AA,Mike Jones,Northwestern-PG,1:15.4,pdfs/Winter record book.pdf,53,2026-08-02T19:44:19Z,glm-5.2:cloud
Boys Indoor Track,600 Yard,1976,ABC,Mike Taylor,Williamsport,1:15.0,pdfs/Winter record book.pdf,53,2026-08-02T19:44:19Z,glm-5.2:cloud
Boys Indoor Track,600 Yard,1977,AA,Bill Martinelli,Arundel,1:16.5,pdfs/Winter record book.pdf,53,2026-08-02T19:44:19Z,glm-5.2:cloud
Boys Indoor Track,600 Yard,1977,ABC,Giles Hunter,Paint Branch,1:12.9,pdfs/Winter record book.pdf,53,2026-08-02T19:44:19Z,glm-5.2:cloud
Boys Indoor Track,600 Yard,1978,AA,Keith Price,Woodlawn,1:14.8,pdfs/Winter record book.pdf,53,2026-08-02T19:44:19Z,glm-5.2:cloud
Boys Indoor Track,600 Yard,1978,ABC,Bob Charette,Walter Johnson,1:13.0,pdfs/Winter record book.pdf,53,2026-08-02T19:44:19Z,glm-5.2:cloud
Boys Indoor Track,600 Yard,1979,AA,Paul Sewell,Woodlawn,1:14.6,pdfs/Winter record book.pdf,53,2026-08-02T19:44:19Z,glm-5.2:cloud
Boys Indoor Track,600 Yard,1979,ABC,John Wallace,Fairmont Heights,1:12.9,pdfs/Winter record book.pdf,53,2026-08-02T19:44:19Z,glm-5.2:cloud
Boys Indoor Track,600 Yard,1980,AA,Paul Sewell,Woodlawn,1:12.1,pdfs/Winter record book.pdf,53,2026-08-02T19:44:19Z,glm-5.2:cloud
Boys Indoor Track,600 Yard,1980,A,John Wallace,Fairmont Heights,1:13.4,pdfs/Winter record book.pdf,53,2026-08-02T19:44:19Z,glm-5.2:cloud
Boys Indoor Track,600 Yard,1980,BC,Dave Greear,Sparrows Point,1:10.8,pdfs/Winter record book.pdf,53,2026-08-02T19:44:19Z,glm-5.2:cloud
Boys Indoor Track,600 Yard,1981,AA,Brian Garland,Bladensburg,1:11.8,pdfs/Winter record book.pdf,53,2026-08-02T19:44:19Z,glm-5.2:cloud
Boys Indoor Track,600 Yard,1981,A,Brad Hansen,Einstein,1:13.9,pdfs/Winter record book.pdf,53,2026-08-02T19:44:19Z,glm-5.2:cloud
Boys Indoor Track,600 Yard,1981,BC,Chris Corveese,Joppatowne,1:17.3,pdfs/Winter record book.pdf,53,2026-08-02T19:44:19Z,glm-5.2:cloud
Boys Indoor Track,600 Yard,1982,AA,Donald Battle,Suitland,1:11.6,pdfs/Winter record book.pdf,53,2026-08-02T19:44:19Z,glm-5.2:cloud
Boys Indoor Track,600 Yard,1982,A,Kelvin Jones,Fairmont Heights,1:12.8,pdfs/Winter record book.pdf,53,2026-08-02T19:44:19Z,glm-5.2:cloud
Boys Indoor Track,600 Yard,1982,BC,Jeff Coates,Bel Air,1:15.0,pdfs/Winter record book.pdf,53,2026-08-02T19:44:19Z,glm-5.2:cloud
Boys Indoor Track,600 Yard,1983,AA,Chris Elliott,Churchill,1:16.2,pdfs/Winter record book.pdf,53,2026-08-02T19:44:19Z,glm-5.2:cloud
Boys Indoor Track,600 Yard,1983,A,Rodney Giles,Northern-C,1:12.2,pdfs/Winter record book.pdf,53,2026-08-02T19:44:19Z,glm-5.2:cloud
Boys Indoor Track,600 Yard,1983,BC,Jeff Coates,Bel Air,1:13.2,pdfs/Winter record book.pdf,53,2026-08-02T19:44:19Z,glm-5.2:cloud
Boys Indoor Track,800 m,1984,AA,Joe Daniel,Suitland,1:59.3,pdfs/Winter record book.pdf,53,2026-08-02T19:44:19Z,glm-5.2:cloud
Boys Indoor Track,800 m,1984,A,Carl Martin,Central-PG,2:03.8,pdfs/Winter record book.pdf,53,2026-08-02T19:44:19Z,glm-5.2:cloud
Boys Indoor Track,800 m,1984,BC,Amos Jones,North Dorchester,2:03.9,pdfs/Winter record book.pdf,53,2026-08-02T19:44:19Z,glm-5.2:cloud
Boys Indoor Track,800 m,1985,AA,Byron Brown,Friendly,2:04.6,pdfs/Winter record book.pdf,53,2026-08-02T19:44:19Z,glm-5.2:cloud
Boys Indoor Track,800 m,1985,A,Kirk Young,Central-PG,2:02.9,pdfs/Winter record book.pdf,53,2026-08-02T19:44:19Z,glm-5.2:cloud
Boys Indoor Track,800 m,1985,BC,Kenny Maddox,Howard,2:05.7,pdfs/Winter record book.pdf,53,2026-08-02T19:44:19Z,glm-5.2:cloud
Boys Indoor Track,800 m,1986,Combined,Robert McKenzie,Wicomico,1:59.4,pdfs/Winter record book.pdf,53,2026-08-02T19:44:19Z,glm-5.2:cloud
Boys Indoor Track,800 m,1987,AA,Warren Gilchrist,Largo,1:59.4,pdfs/Winter record book.pdf,53,2026-08-02T19:44:19Z,glm-5.2:cloud
Boys Indoor Track,800 m,1987,A,Brian Dixon,Thomas Johnson,2:02.5,pdfs/Winter record book.pdf,53,2026-08-02T19:44:19Z,glm-5.2:cloud
Boys Indoor Track,800 m,1987,BC,Robert McKenzie,Wicomico,2:03.5,pdfs/Winter record book.pdf,53,2026-08-02T19:44:19Z,glm-5.2:cloud
Boys Indoor Track,800 m,1988,AA,Thomas Bowman,Suitland,1:57.5,pdfs/Winter record book.pdf,53,2026-08-02T19:44:19Z,glm-5.2:cloud
Boys Indoor Track,800 m,1988,A,Brent Squires,Surrattsville,2:02.5,pdfs/Winter record book.pdf,53,2026-08-02T19:44:19Z,glm-5.2:cloud
Boys Indoor Track,800 m,1988,BC,Steve White,Central-PG,2:01.4,pdfs/Winter record book.pdf,53,2026-08-02T19:44:19Z,glm-5.2:cloud
Boys Indoor Track,800 m,1989,4A,Kenneth Carroll,Suitland,2:04.05,pdfs/Winter record book.pdf,53,2026-08-02T19:44:19Z,glm-5.2:cloud
Boys Indoor Track,800 m,1989,3A,Mike Pack,Dundalk,2:04.03,pdfs/Winter record book.pdf,53,2026-08-02T19:44:19Z,glm-5.2:cloud
Boys Indoor Track,800 m,1989,2A-1A,Victor Kaitell,Hammond,2:08.94,pdfs/Winter record book.pdf,53,2026-08-02T19:44:19Z,glm-5.2:cloud
Boys Indoor Track,800 m,1990,4A,Rodney Shields,Oxon Hill,2:02.8,pdfs/Winter record book.pdf,53,2026-08-02T19:44:19Z,glm-5.2:cloud
Boys Indoor Track,800 m,1990,3A,Billy Gale,Franklin,2:03.6,pdfs/Winter record book.pdf,53,2026-08-02T19:44:19Z,glm-5.2:cloud
Boys Indoor Track,800 m,1990,2A-1A,Mike Holthaus,Wilde Lake,2:00.4,pdfs/Winter record book.pdf,53,2026-08-02T19:44:19Z,glm-5.2:cloud
Boys Indoor Track,800 m,1991,4A,Tim Collins,Broadneck,2:06.1,pdfs/Winter record book.pdf,53,2026-08-02T19:44:19Z,glm-5.2:cloud
Boys Indoor Track,800 m,1991,3A,Greg Yancey,Howard,2:03.6,pdfs/Winter record book.pdf,53,2026-08-02T19:44:19Z,glm-5.2:cloud
Boys Indoor Track,800 m,1991,2A-1A,Mark Coleman,Glenelg,2:05.1,pdfs/Winter record book.pdf,53,2026-08-02T19:44:19Z,glm-5.2:cloud
Boys Indoor Track,800 m,1992,4A,Sam Lomax,North County,2:03.23,pdfs/Winter record book.pdf,53,2026-08-02T19:44:19Z,glm-5.2:cloud
Boys Indoor Track,800 m,1992,3A,Kris Gawin,Walter Johnson,2:07.00,pdfs/Winter record book.pdf,53,2026-08-02T19:44:19Z,glm-5.2:cloud
Boys Indoor Track,800 m,1992,2A-1A,Bruce Lentz,Hereford,2:05.00,pdfs/Winter record book.pdf,53,2026-08-02T19:44:19Z,glm-5.2:cloud
Boys Indoor Track,800 m,1993,4A,Marlon Harris,Woodlawn,2:02.9,pdfs/Winter record book.pdf,53,2026-08-02T19:44:19Z,glm-5.2:cloud
Boys Indoor Track,800 m,1993,3A,Peter Kimball,Whitman,2:03.0,pdfs/Winter record book.pdf,53,2026-08-02T19:44:19Z,glm-5.2:cloud
Boys Indoor Track,800 m,1993,2A-1A,Bruce Lentz,Hereford,2:04.6,pdfs/Winter record book.pdf,53,2026-08-02T19:44:19Z,glm-5.2:cloud
Boys Indoor Track,800 m,1994,4A,Aaron McKinney,Bowie,2:02.1,pdfs/Winter record book.pdf,53,2026-08-02T19:44:19Z,glm-5.2:cloud
Boys Indoor Track,800 m,1994,3A,Peter Kimball,Whitman,2:02.9,pdfs/Winter record book.pdf,53,2026-08-02T19:44:19Z,glm-5.2:cloud
Boys Indoor Track,800 m,1994,2A-1A,Xavier Brisco,Oakland Mills,2:03.3,pdfs/Winter record book.pdf,53,2026-08-02T19:44:19Z,glm-5.2:cloud
Boys Indoor Track,800 m,1995,4A,Karl Thomas,E Roosevelt,2:03.7,pdfs/Winter record book.pdf,53,2026-08-02T19:44:19Z,glm-5.2:cloud
Boys Indoor Track,800 m,1995,3A,Fred Hunter,Seneca Valley,2:06.3,pdfs/Winter record book.pdf,53,2026-08-02T19:44:19Z,glm-5.2:cloud
Boys Indoor Track,800 m,1995,2A-1A,Greg Lopata,Hereford,2:04.0,pdfs/Winter record book.pdf,53,2026-08-02T19:44:19Z,glm-5.2:cloud
Boys Indoor Track,800 m,1996,4A,Michael Curtis,Mergenthaler,2:01.1,pdfs/Winter record book.pdf,53,2026-08-02T19:44:19Z,glm-5.2:cloud
Boys Indoor Track,800 m,1996,3A,Jason Joubert,Richard Montgomery,2:03.0,pdfs/Winter record book.pdf,53,2026-08-02T19:44:19Z,glm-5.2:cloud
Boys Indoor Track,800 m,1996,2A-1A,Corey McClinton,Surrattsville,2:03.1,pdfs/Winter record book.pdf,53,2026-08-02T19:44:19Z,glm-5.2:cloud
Boys Indoor Track,800 m,1997,4A-3A,Omar Knight,Perry Hall,2:00.0,pdfs/Winter record book.pdf,53,2026-08-02T19:44:19Z,glm-5.2:cloud
Boys Indoor Track,800 m,1997,3A-2A,Aaron Blum,Wilde Lake,2:05.4,pdfs/Winter record book.pdf,53,2026-08-02T19:44:19Z,glm-5.2:cloud
Boys Indoor Track,800 m,1997,2A-1A,Chris Selmer,Glenelg,2:05.8,pdfs/Winter record book.pdf,53,2026-08-02T19:44:19Z,glm-5.2:cloud
Boys Indoor Track,800 m,1998,4A-3A,Shawn Barnett,High Point,2:04.1,pdfs/Winter record book.pdf,53,2026-08-02T19:44:19Z,glm-5.2:cloud
Boys Indoor Track,800 m,1998,3A-2A,Erik Necciai,Linganore,2:01.1,pdfs/Winter record book.pdf,53,2026-08-02T19:44:19Z,glm-5.2:cloud
Boys Indoor Track,800 m,1998,2A-1A,Michael Zaron,Atholton,2:07.6,pdfs/Winter record book.pdf,53,2026-08-02T19:44:19Z,glm-5.2:cloud
Boys Indoor Track,800 m,1999,4A-3A,Jesse O'Connell,Westminster,2:03.6,pdfs/Winter record book.pdf,53,2026-08-02T19:44:19Z,glm-5.2:cloud
Boys Indoor Track,800 m,1999,3A-2A,Johnavin McKinley,N. Hagerstown,2:03.3,pdfs/Winter record book.pdf,53,2026-08-02T19:44:19Z,glm-5.2:cloud
Boys Indoor Track,800 m,1999,2A-1A,Josh Zobenica,Stephen Decatur,2:05.7,pdfs/Winter record book.pdf,53,2026-08-02T19:44:19Z,glm-5.2:cloud
Boys Indoor Track,800 m,2000,4A-3A,Jesse O'Connell,Westminster,1:59.8,pdfs/Winter record book.pdf,53,2026-08-02T19:44:19Z,glm-5.2:cloud
Boys Indoor Track,800 m,2000,3A-2A,Jason Airing,Linganore,2:01.6,pdfs/Winter record book.pdf,53,2026-08-02T19:44:19Z,glm-5.2:cloud
Boys Indoor Track,800 m,2000,2A-1A,Francis Ciganek,Kent County,2:04.7,pdfs/Winter record book.pdf,53,2026-08-02T19:44:19Z,glm-5.2:cloud
Boys Indoor Track,800 m,2001,4A-3A,Timothy Riley,Suitland,1:59.3,pdfs/Winter record book.pdf,53,2026-08-02T19:44:19Z,glm-5.2:cloud
Boys Indoor Track,800 m,2001,3A-2A,Shane Stroup,River Hill,1:58.1,pdfs/Winter record book.pdf,53,2026-08-02T19:44:19Z,glm-5.2:cloud
Boys Indoor Track,800 m,2001,2A-1A,Shawn Castillo,Fort Hill,2:03.3,pdfs/Winter record book.pdf,53,2026-08-02T19:44:19Z,glm-5.2:cloud
Boys Indoor Track,800 m,2002,4A-3A,Timothy Riley,Suitland,1:58.08,pdfs/Winter record book.pdf,53,2026-08-02T19:44:19Z,glm-5.2:cloud
Boys Indoor Track,800 m,2002,3A-2A,C. R. Thomas,Linganore,2:00.70,pdfs/Winter record book.pdf,53,2026-08-02T19:44:19Z,glm-5.2:cloud
Boys Indoor Track,800 m,2002,2A-1A,Izudin Mehmedovic,Oakland Mills,2:03.10,pdfs/Winter record book.pdf,53,2026-08-02T19:44:19Z,glm-5.2:cloud
Boys Indoor Track,800 m,2003,4A-3A,Isaac Matthews,Oxon Hill,1:58.15,pdfs/Winter record book.pdf,53,2026-08-02T19:44:19Z,glm-5.2:cloud
Boys Indoor Track,800 m,2003,3A-2A,C. R. Thomas,Linganore,1:57.28,pdfs/Winter record book.pdf,53,2026-08-02T19:44:19Z,glm-5.2:cloud
Boys Indoor Track,800 m,2003,2A-1A,Matthew Boyd,DuVal,2:04.72,pdfs/Winter record book.pdf,53,2026-08-02T19:44:19Z,glm-5.2:cloud
Boys Indoor Track,800 m,2004,4A-3A,Barchieo Bowman,C.M. Wright,2:00.38,pdfs/Winter record book.pdf,53,2026-08-02T19:44:19Z,glm-5.2:cloud
Boys Indoor Track,800 m,2004,3A-2A,Julius Coleman,Mergenthaler,2:00.79,pdfs/Winter record book.pdf,53,2026-08-02T19:44:19Z,glm-5.2:cloud
Boys Indoor Track,800 m,2004,2A-1A,Drew Graybeal,Glenelg,1:59.49,pdfs/Winter record book.pdf,53,2026-08-02T19:44:19Z,glm-5.2:cloud
Boys Indoor Track,800 m,2005,4A-3A,Kyle Rauser,Old Mill,1:59.28,pdfs/Winter record book.pdf,53,2026-08-02T19:44:19Z,glm-5.2:cloud
Boys Indoor Track,800 m,2005,3A-2A,David Anderson,La Plata,2:03.43,pdfs/Winter record book.pdf,53,2026-08-02T19:44:19Z,glm-5.2:cloud
Boys Indoor Track,800 m,2005,2A-1A,Johnny Beltran,Atholton,2:04.05,pdfs/Winter record book.pdf,53,2026-08-02T19:44:19Z,glm-5.2:cloud
Boys Indoor Track,800 m,2006,4A-3A,Kelli Thibeau,E. Roosevelt,1:57.18,pdfs/Winter record book.pdf,53,2026-08-02T19:44:19Z,glm-5.2:cloud
Boys Indoor Track,800 m,2006,3A-2A,Andrew Revelle,Atholton,2:01.22,pdfs/Winter record book.pdf,53,2026-08-02T19:44:19Z,glm-5.2:cloud
Boys Indoor Track,800 m,2006,2A-1A,Christopher Anderson,Forestville,2:00.52,pdfs/Winter record book.pdf,53,2026-08-02T19:44:19Z,glm-5.2:cloud
Boys Indoor Track,800 m,2007,4A-3A,Jerod Franklin,C.H. Flowers,1:56.94,pdfs/Winter record book.pdf,53,2026-08-02T19:44:19Z,glm-5.2:cloud
Boys Indoor Track,800 m,2007,3A-2A,Chris Wagner,Fallston,1:57.04,pdfs/Winter record book.pdf,53,2026-08-02T19:44:19Z,glm-5.2:cloud
Boys Indoor Track,800 m,2007,2A-1A,Brent Dawson,Century,2:03.12,pdfs/Winter record book.pdf,53,2026-08-02T19:44:19Z,glm-5.2:cloud
Boys Indoor Track,800 m,2008,4A,Chris Moen,Walter Johnson,1:56.77,pdfs/Winter record book.pdf,53,2026-08-02T19:44:19Z,glm-5.2:cloud
Boys Indoor Track,800 m,2008,3A,Matthew Brinkley,Meade,2:01.86,pdfs/Winter record book.pdf,53,2026-08-02T19:44:19Z,glm-5.2:cloud
Boys Indoor Track,800 m,2008,2A,Giovanni Ruemante,Northwood,2:01.72,pdfs/Winter record book.pdf,53,2026-08-02T19:44:19Z,glm-5.2:cloud
Boys Indoor Track,800 m,2008,1A,Connor Pencek,Glenelg,2:04.82,pdfs/Winter record book.pdf,53,2026-08-02T19:44:19Z,glm-5.2:cloud
Boys Indoor Track,800 m,2009,4A,Wayne Bartholomew,Quince Orchard,1:55.98,pdfs/Winter record book.pdf,53,2026-08-02T19:44:19Z,glm-5.2:cloud
Boys Indoor Track,800 m,2009,3A,Ryan Chelton,Hereford,2:01.67,pdfs/Winter record book.pdf,53,2026-08-02T19:44:19Z,glm-5.2:cloud
Boys Indoor Track,800 m,2009,2A,Chris Frock,Winters Mill,2:01.46,pdfs/Winter record book.pdf,53,2026-08-02T19:44:19Z,glm-5.2:cloud
Boys Indoor Track,800 m,2009,1A,Connor Pencek,Glenelg,2:04.74,pdfs/Winter record book.pdf,53,2026-08-02T19:44:19Z,glm-5.2:cloud
Boys Indoor Track,800 m,2010,4A,Garland Brooks,C.H. Flowers,2:01.01,pdfs/Winter record book.pdf,53,2026-08-02T19:44:19Z,glm-5.2:cloud
Boys Indoor Track,800 m,2010,3A,Ryan O'Connor,Northern-C,1:59.47,pdfs/Winter record book.pdf,53,2026-08-02T19:44:19Z,glm-5.2:cloud
Boys Indoor Track,800 m,2010,2A,Robby Creese,Glenelg,1:58.11,pdfs/Winter record book.pdf,53,2026-08-02T19:44:19Z,glm-5.2:cloud
Boys Indoor Track,800 m,2010,1A,Mark Oliver,Williamsport,2:04.04,pdfs/Winter record book.pdf,53,2026-08-02T19:44:19Z,glm-5.2:cloud
Boys Indoor Track,800 m,2011,4A,Edose Ibadin,DuVal,1:57.57,pdfs/Winter record book.pdf,53,2026-08-02T19:44:19Z,glm-5.2:cloud
Boys Indoor Track,800 m,2011,3A,Scott Heydrick,River Hill,2:00.93,pdfs/Winter record book.pdf,53,2026-08-02T19:44:19Z,glm-5.2:cloud
Boys Indoor Track,800 m,2011,2A,Robbie Creese,Glenelg,1:58.93,pdfs/Winter record book.pdf,53,2026-08-02T19:44:19Z,glm-5.2:cloud
Boys Indoor Track,800 m,2011,1A,Daniel Trettel,Brunswick,2:05.63,pdfs/Winter record book.pdf,53,2026-08-02T19:44:19Z,glm-5.2:cloud
Boys Indoor Track,800 m,2012,4A,Jalen Robinson-McCoy,C.H. Flowers,1:57.91,pdfs/Winter record book.pdf,53,2026-08-02T19:44:19Z,glm-5.2:cloud
Boys Indoor Track,800 m,2012,3A,Tim Virostek,Wilde Lake,2:00.37,pdfs/Winter record book.pdf,53,2026-08-02T19:44:19Z,glm-5.2:cloud
Boys Indoor Track,800 m,2012,2A,Scott Berryman,Walkersville,2:01.22,pdfs/Winter record book.pdf,53,2026-08-02T19:44:19Z,glm-5.2:cloud
Boys Indoor Track,800 m,2012,1A,Kody Wilson,North Carroll,2:01.59,pdfs/Winter record book.pdf,53,2026-08-02T19:44:19Z,glm-5.2:cloud
Boys Indoor Track,800 m,2013,4A,Sam Pershall,Severna Park,1:57.98,pdfs/Winter record book.pdf,53,2026-08-02T19:44:19Z,glm-5.2:cloud
Boys Indoor Track,800 m,2013,3A,Tim Virostek,Wilde Lake,1:57.44,pdfs/Winter record book.pdf,53,2026-08-02T19:44:19Z,glm-5.2:cloud
Boys Indoor Track,800 m,2013,2A,Terrell Green,Douglass-PG,2:01.37,pdfs/Winter record book.pdf,53,2026-08-02T19:44:19Z,glm-5.2:cloud
Boys Indoor Track,800 m,2013,1A,Maury Sall,Pikesville,2:03.01,pdfs/Winter record book.pdf,53,2026-08-02T19:44:19Z,glm-5.2:cloud
Boys Indoor Track,800 m,2014,4A,Ryan Le Tourneau,E Roosevelt,1:58.79,pdfs/Winter record book.pdf,53,2026-08-02T19:44:19Z,glm-5.2:cloud
Boys Indoor Track,800 m,2014,3A,Christopher Heydrick,River Hill,1:57.84,pdfs/Winter record book.pdf,53,2026-08-02T19:44:19Z,glm-5.2:cloud
Boys Indoor Track,800 m,2014,2A,Warren Staver,Queen Anne's,1:56.77,pdfs/Winter record book.pdf,53,2026-08-02T19:44:19Z,glm-5.2:cloud
Boys Indoor Track,800 m,2014,1A,Rasheed Oridedi,New Town,2:02.79,pdfs/Winter record book.pdf,53,2026-08-02T19:44:19Z,glm-5.2:cloud
Boys Indoor Track,800 m,2015,4A,Diego Zarate,Northwest,1:58.30,pdfs/Winter record book.pdf,53,2026-08-02T19:44:19Z,glm-5.2:cloud
Boys Indoor Track,800 m,2015,3A,Jordan Leon,Milford Mill,1:56.14,pdfs/Winter record book.pdf,53,2026-08-02T19:44:19Z,glm-5.2:cloud
Boys Indoor Track,800 m,2015,2A,Patrick Vandercruyssen,Catoctin,1:59.88,pdfs/Winter record book.pdf,53,2026-08-02T19:44:19Z,glm-5.2:cloud
Boys Indoor Track,800 m,2015,1A,Anthony Glasgow,Fairmont Heights,2:04.06,pdfs/Winter record book.pdf,53,2026-08-02T19:44:19Z,glm-5.2:cloud
Boys Indoor Track,800 m,2016,4A,Liam Walsh,Quince Orchard,1:58.40,pdfs/Winter record book.pdf,53,2026-08-02T19:44:19Z,glm-5.2:cloud
Boys Indoor Track,800 m,2016,3A,Jason Tyler,St. Charles,1:58.12,pdfs/Winter record book.pdf,53,2026-08-02T19:44:19Z,glm-5.2:cloud
Boys Indoor Track,800 m,2016,2A,Myles Smith,La Plata,2:00.41,pdfs/Winter record book.pdf,53,2026-08-02T19:44:19Z,glm-5.2:cloud
Boys Indoor Track,800 m,2016,1A,Micah Daigneault,Smithsburg,2:01.86,pdfs/Winter record book.pdf,53,2026-08-02T19:44:19Z,glm-5.2:cloud
Boys Indoor Track,800 m,2017,4A,Chase Osborne,Northwest,1:57.93,pdfs/Winter record book.pdf,53,2026-08-02T19:44:19Z,glm-5.2:cloud
Boys Indoor Track,800 m,2017,3A,Gary Ross,Oxon Hill,1:59.73,pdfs/Winter record book.pdf,53,2026-08-02T19:44:19Z,glm-5.2:cloud
Boys Indoor Track,800 m,2017,2A,Taylor Baranoski,Eastern Technical,1:57.64,pdfs/Winter record book.pdf,53,2026-08-02T19:44:19Z,glm-5.2:cloud
Boys Indoor Track,800 m,2017,1A,Matt Koletsky,Cambridge-SD,2:03.67,pdfs/Winter record book.pdf,53,2026-08-02T19:44:19Z,glm-5.2:cloud
Boys Indoor Track,800 m,2018,4A,Chase Osborne,Northwest,1:58.01,pdfs/Winter record book.pdf,53,2026-08-02T19:44:19Z,glm-5.2:cloud
Boys Indoor Track,800 m,2018,3A,Kai Muniz,Reservoir,1:59.02,pdfs/Winter record book.pdf,53,2026-08-02T19:44:19Z,glm-5.2:cloud
Boys Indoor Track,800 m,2018,2A,Riley McDermott,Middletown,1:59.62,pdfs/Winter record book.pdf,53,2026-08-02T19:44:19Z,glm-5.2:cloud
Boys Indoor Track,800 m,2018,1A,Donovan McClellan,Boonsboro,2:00.28,pdfs/Winter record book.pdf,53,2026-08-02T19:44:19Z,glm-5.2:cloud
Boys Indoor Track,800 m,2019,4A,Tanner Piotrowski,Arundel,1:58.83,pdfs/Winter record book.pdf,53,2026-08-02T19:44:19Z,glm-5.2:cloud
Boys Indoor Track,800 m,2019,3A,Dylan McMahan,Chopticon,1:59.23,pdfs/Winter record book.pdf,53,2026-08-02T19:44:19Z,glm-5.2:cloud
Boys Indoor Track,800 m,2019,2A,Kyle Lund,Oakdale,1:56.77,pdfs/Winter record book.pdf,53,2026-08-02T19:44:19Z,glm-5.2:cloud
Boys Indoor Track,800 m,2019,1A,Donovan McClellan,Boonsboro,2:00.11,pdfs/Winter record book.pdf,53,2026-08-02T19:44:19Z,glm-5.2:cloud
Boys Indoor Track,800 m,2020,4A,Sam Keeny,South River,1:59.96,pdfs/Winter record book.pdf,53,2026-08-02T19:44:19Z,glm-5.2:cloud
Boys Indoor Track,800 m,2020,3A,Tamrat Snyder,Damascus,1:56.40,pdfs/Winter record book.pdf,53,2026-08-02T19:44:19Z,glm-5.2:cloud
Boys Indoor Track,800 m,2020,2A,Kyle Lund,Oakdale,1:52.57,pdfs/Winter record book.pdf,53,2026-08-02T19:44:19Z,glm-5.2:cloud
Boys Indoor Track,800 m,2020,1A,Cameron Rejonis,Smithsburg,2:07.75,pdfs/Winter record book.pdf,53,2026-08-02T19:44:19Z,glm-5.2:cloud
Boys Indoor Track,800 m,2022,4A,Tyler Dailey,Dulaney,2:00.43,pdfs/Winter record book.pdf,53,2026-08-02T19:44:19Z,glm-5.2:cloud
Boys Indoor Track,800 m,2022,3A,Korede Otusajo,Milford Mill,1:59.45,pdfs/Winter record book.pdf,53,2026-08-02T19:44:19Z,glm-5.2:cloud
Boys Indoor Track,800 m,2022,2A,Timothy Cherry,Glenelg,2:02.13,pdfs/Winter record book.pdf,53,2026-08-02T19:44:19Z,glm-5.2:cloud
Boys Indoor Track,800 m,2022,1A,Cameron Rejonis,Smithsburg,2:06.43,pdfs/Winter record book.pdf,53,2026-08-02T19:44:19Z,glm-5.2:cloud
Boys Indoor Track,800 m,2023,4A,Tyler Dailey,Dulaney,1:58.47,pdfs/Winter record book.pdf,53,2026-08-02T19:44:19Z,glm-5.2:cloud
Boys Indoor Track,800 m,2023,3A,Colin Abrams,Colonel Zadok Magruder,1:56.73,pdfs/Winter record book.pdf,53,2026-08-02T19:44:19Z,glm-5.2:cloud
Boys Indoor Track,800 m,2023,2A,Tyler Edson,Liberty,2:00.75,pdfs/Winter record book.pdf,53,2026-08-02T19:44:19Z,glm-5.2:cloud
Boys Indoor Track,800 m,2023,1A,Cameron Rejonis,Smithsburg,2:03.29,pdfs/Winter record book.pdf,53,2026-08-02T19:44:19Z,glm-5.2:cloud
Boys Indoor Track,800 m,2024,4A,Tsedeke Jakovics,Old Mill,1:54.82,pdfs/Winter record book.pdf,53,2026-08-02T19:44:19Z,glm-5.2:cloud
Boys Indoor Track,800 m,2024,3A,Weston Carr,Chopticon,1:58.46,pdfs/Winter record book.pdf,53,2026-08-02T19:44:19Z,glm-5.2:cloud
Boys Indoor Track,800 m,2024,2A,Eric Penkala,Southern-AA,1:58.44,pdfs/Winter record book.pdf,53,2026-08-02T19:44:19Z,glm-5.2:cloud
Boys Indoor Track,800 m,2024,1A,Justin Naylor,Joppatowne,2:01.91,pdfs/Winter record book.pdf,53,2026-08-02T19:44:19Z,glm-5.2:cloud
Boys Indoor Track,800 m,2025,4A,Jacob Martin,Paint Branch,1:56.43,pdfs/Winter record book.pdf,53,2026-08-02T19:44:19Z,glm-5.2:cloud
Boys Indoor Track,800 m,2025,3A,Tsedeke Jakovics,Old Mill,1:56.48,pdfs/Winter record book.pdf,53,2026-08-02T19:44:19Z,glm-5.2:cloud
Boys Indoor Track,800 m,2025,2A,Ben Marks,Queen Anne's,1:55.90,pdfs/Winter record book.pdf,53,2026-08-02T19:44:19Z,glm-5.2:cloud
Boys Indoor Track,800 m,2025,1A,Alexander Wockenfuss,Harford Technincal,1:57.73,pdfs/Winter record book.pdf,53,2026-08-02T19:44:19Z,glm-5.2:cloud
Boys Indoor Track,1000 Yard,1972,Combined,Gordon Oliver,B-CC,2:22.7,pdfs/Winter record book.pdf,53,2026-08-02T19:44:19Z,glm-5.2:cloud
Boys Indoor Track,1000 Yard,1973,AA,Dave Sandridge,Parkdale,2:16.7,pdfs/Winter record book.pdf,53,2026-08-02T19:44:19Z,glm-5.2:cloud
Boys Indoor Track,1000 Yard,1973,ABC,Rick Umstead,Einstein,2:30.2,pdfs/Winter record book.pdf,53,2026-08-02T19:44:19Z,glm-5.2:cloud
Boys Indoor Track,1000 Yard,1974,AA,Jim Peterson,Wheaton,2:19.5,pdfs/Winter record book.pdf,53,2026-08-02T19:44:19Z,glm-5.2:cloud
Boys Indoor Track,1000 Yard,1974,ABC,Peter Kirk,Kennedy,2:21.8,pdfs/Winter record book.pdf,53,2026-08-02T19:44:19Z,glm-5.2:cloud
Boys Indoor Track,1000 Yard,1975,AA,Kent Burno,Crossland,2:18.8,pdfs/Winter record book.pdf,53,2026-08-02T19:44:19Z,glm-5.2:cloud
Boys Indoor Track,1000 Yard,1975,ABC,Doug Stover,Westminster,2:24.0,pdfs/Winter record book.pdf,53,2026-08-02T19:44:19Z,glm-5.2:cloud
Boys Indoor Track,1000 Yard,1976,AA,Richard Brody,Whitman,2:20.0,pdfs/Winter record book.pdf,53,2026-08-02T19:44:19Z,glm-5.2:cloud
Boys Indoor Track,1000 Yard,1976,ABC,Tony Ehman,Surattsville,2:22.6,pdfs/Winter record book.pdf,53,2026-08-02T19:44:19Z,glm-5.2:cloud
Boys Indoor Track,1000 Yard,1977,AA,Arthur Taylor & Scott Paul,Crossland & Bel Air,2:18.8,pdfs/Winter record book.pdf,53,2026-08-02T19:44:19Z,glm-5.2:cloud
Boys Indoor Track,1000 Yard,1977,ABC,Karsten Schulz,Westminster,2:19.3,pdfs/Winter record book.pdf,53,2026-08-02T19:44:19Z,glm-5.2:cloud
Boys Indoor Track,1000 Yard,1978,AA,Karsten Schulz,Westminster,2:19.3,pdfs/Winter record book.pdf,53,2026-08-02T19:44:19Z,glm-5.2:cloud
Boys Indoor Track,1000 Yard,1978,ABC,Darron Geary,Lackey,2:15.8,pdfs/Winter record book.pdf,53,2026-08-02T19:44:19Z,glm-5.2:cloud
Boys Indoor Track,1000 Yard,1979,AA,Dwain Thomas,Annapolis,2:18.5,pdfs/Winter record book.pdf,53,2026-08-02T19:44:19Z,glm-5.2:cloud
Boys Indoor Track,1000 Yard,1979,ABC,Theo Hodge,E Roosevelt,2:17.0,pdfs/Winter record book.pdf,53,2026-08-02T19:44:19Z,glm-5.2:cloud
Boys Indoor Track,1000 Yard,1980,AA,Dave Cole,Dundalk,2:17.5,pdfs/Winter record book.pdf,53,2026-08-02T19:44:19Z,glm-5.2:cloud
Boys Indoor Track,1000 Yard,1980,A,John Wallace,Fairmont Heights,2:18.3,pdfs/Winter record book.pdf,53,2026-08-02T19:44:19Z,glm-5.2:cloud
Boys Indoor Track,1000 Yard,1980,BC,George Fitch,Eastern Technical,2:07.1,pdfs/Winter record book.pdf,53,2026-08-02T19:44:19Z,glm-5.2:cloud
Boys Indoor Track,1000 Yard,1981,AA,Chris Parker,Largo,2:19.7,pdfs/Winter record book.pdf,53,2026-08-02T19:44:19Z,glm-5.2:cloud
Boys Indoor Track,1000 Yard,1981,A,Paul Kolb,Walter Johnson,2:19.4,pdfs/Winter record book.pdf,53,2026-08-02T19:44:19Z,glm-5.2:cloud
Boys Indoor Track,1000 Yard,1981,BC,Victor Jerome,Joppatowne,2:24.7,pdfs/Winter record book.pdf,53,2026-08-02T19:44:19Z,glm-5.2:cloud
Boys Indoor Track,1000 Yard,1982,AA,Donald Battle,Suitland,2:13.9,pdfs/Winter record book.pdf,53,2026-08-02T19:44:19Z,glm-5.2:cloud
Boys Indoor Track,1000 Yard,1982,A,Rodney Giles,Northern-C,2:18.4,pdfs/Winter record book.pdf,53,2026-08-02T19:44:19Z,glm-5.2:cloud
Boys Indoor Track,1000 Yard,1982,BC,Jeff Coates,Bel Air,2:20.7,pdfs/Winter record book.pdf,53,2026-08-02T19:44:19Z,glm-5.2:cloud
Boys Indoor Track,1000 Yard,1983,AA,Eric Holland,Largo,2:20.8,pdfs/Winter record book.pdf,53,2026-08-02T19:44:19Z,glm-5.2:cloud
Boys Indoor Track,1000 Yard,1983,A,Rodney Giles,Northern-C,2:15.9,pdfs/Winter record book.pdf,53,2026-08-02T19:44:19Z,glm-5.2:cloud
Boys Indoor Track,1000 Yard,1983,BC,Jeff Coates,Bel Air,2:20.9,pdfs/Winter record book.pdf,53,2026-08-02T19:44:19Z,glm-5.2:cloud
Boys Indoor Track,1600 m,1972,Combined,Gordon Oliver,B-CC,4:26.2,pdfs/Winter record book.pdf,53,2026-08-02T19:44:19Z,glm-5.2:cloud
Boys Indoor Track,1600 m,1973,AA,Dave Sandridge,Parkdale,4:18.6,pdfs/Winter record book.pdf,53,2026-08-02T19:44:19Z,glm-5.2:cloud
Boys Indoor Track,1600 m,1973,ABC,Dave Hildabrand,Woodward,4:35.4,pdfs/Winter record book.pdf,53,2026-08-02T19:44:19Z,glm-5.2:cloud
Boys Indoor Track,1600 m,1974,AA,Jim Peterson,Wheaton,4:16.0,pdfs/Winter record book.pdf,53,2026-08-02T19:44:19Z,glm-5.2:cloud
Boys Indoor Track,1600 m,1974,ABC,Peter Kirk,Kennedy,4:27.2,pdfs/Winter record book.pdf,53,2026-08-02T19:44:19Z,glm-5.2:cloud
Boys Indoor Track,1600 m,1975,AA,Kent Burno,Crossland,4:29.8,pdfs/Winter record book.pdf,53,2026-08-02T19:44:19Z,glm-5.2:cloud
Boys Indoor Track,1600 m,1975,ABC,Mark Pyke,Friendly,4:30.7,pdfs/Winter record book.pdf,53,2026-08-02T19:44:19Z,glm-5.2:cloud
Boys Indoor Track,1600 m,1976,AA,Richard Brody,Whitman,4:23.2,pdfs/Winter record book.pdf,53,2026-08-02T19:44:19Z,glm-5.2:cloud
Boys Indoor Track,1600 m,1976,ABC,Greg Holder,Williamsport,4:29.6,pdfs/Winter record book.pdf,53,2026-08-02T19:44:19Z,glm-5.2:cloud
Boys Indoor Track,1600 m,1977,AA,Arthur Taylor,Crossland,4:23.2,pdfs/Winter record book.pdf,53,2026-08-02T19:44:19Z,glm-5.2:cloud
Boys Indoor Track,1600 m,1977,ABC,Karsten Schulz,Westminster,4:23.4,pdfs/Winter record book.pdf,53,2026-08-02T19:44:19Z,glm-5.2:cloud
Boys Indoor Track,1600 m,1978,AA,Karsten Shulz,Westminster,4:19.1,pdfs/Winter record book.pdf,53,2026-08-02T19:44:19Z,glm-5.2:cloud
Boys Indoor Track,1600 m,1978,ABC,Tom Cuff,Seneca Valley,4:24.2,pdfs/Winter record book.pdf,53,2026-08-02T19:44:19Z,glm-5.2:cloud
Boys Indoor Track,1600 m,1979,AA,Chris Engle,Northwood,4:18.6,pdfs/Winter record book.pdf,53,2026-08-02T19:44:19Z,glm-5.2:cloud
Boys Indoor Track,1600 m,1979,ABC,Tom Cuff,Seneca Valley,4:19.1,pdfs/Winter record book.pdf,53,2026-08-02T19:44:19Z,glm-5.2:cloud
Boys Indoor Track,1600 m,1980,AA,David Cole,Dundalk,4:17.2,pdfs/Winter record book.pdf,53,2026-08-02T19:44:19Z,glm-5.2:cloud
Boys Indoor Track,1600 m,1980,A,Todd Ashley,South Carroll,4:24.1,pdfs/Winter record book.pdf,53,2026-08-02T19:44:19Z,glm-5.2:cloud
Boys Indoor Track,1600 m,1980,BC,John Wheeler,Cambridge,4:29.5,pdfs/Winter record book.pdf,53,2026-08-02T19:44:19Z,glm-5.2:cloud
Boys Indoor Track,1600 m,1981,AA,Robbie Raisbeck,High Point,4:21.4,pdfs/Winter record book.pdf,53,2026-08-02T19:44:19Z,glm-5.2:cloud
Boys Indoor Track,1600 m,1981,A,Bern Altman,Einstein,4:20.7,pdfs/Winter record book.pdf,53,2026-08-02T19:44:19Z,glm-5.2:cloud
Boys Indoor Track,1600 m,1981,BC,Tony Lewis,Middletown,4:35.8,pdfs/Winter record book.pdf,53,2026-08-02T19:44:19Z,glm-5.2:cloud
Boys Indoor Track,1600 m,1982,AA,Brian Stratton,Largo,4:20.6,pdfs/Winter record book.pdf,54,2026-08-02T19:45:54Z,glm-5.2:cloud
Boys Indoor Track,1600 m,1982,A,Rodney Giles,Northern-C,4:30.0,pdfs/Winter record book.pdf,54,2026-08-02T19:45:54Z,glm-5.2:cloud
Boys Indoor Track,1600 m,1982,BC,Dave Mills,Einstein,4:27.7,pdfs/Winter record book.pdf,54,2026-08-02T19:45:54Z,glm-5.2:cloud
Boys Indoor Track,1600 m,1983,AA,Tom Anderson,Perry Hall,4:35.6,pdfs/Winter record book.pdf,54,2026-08-02T19:45:54Z,glm-5.2:cloud
Boys Indoor Track,1600 m,1983,A,Willie McBeth,Rockville,4:26.1,pdfs/Winter record book.pdf,54,2026-08-02T19:45:54Z,glm-5.2:cloud
Boys Indoor Track,1600 m,1983,BC,Tim Wright,Hereford,4:28.3,pdfs/Winter record book.pdf,54,2026-08-02T19:45:54Z,glm-5.2:cloud
Boys Indoor Track,1600 m,1984,AA,Kris Herdt,Whitman,4:20.5,pdfs/Winter record book.pdf,54,2026-08-02T19:45:54Z,glm-5.2:cloud
Boys Indoor Track,1600 m,1984,A,Joe McGirr,Sherwood,4:26.7,pdfs/Winter record book.pdf,54,2026-08-02T19:45:54Z,glm-5.2:cloud
Boys Indoor Track,1600 m,1984,BC,John Scherer,Glenelg,4:23.5,pdfs/Winter record book.pdf,54,2026-08-02T19:45:54Z,glm-5.2:cloud
Boys Indoor Track,1600 m,1985,AA,Byron Brown,Friendly,4:38.2,pdfs/Winter record book.pdf,54,2026-08-02T19:45:54Z,glm-5.2:cloud
Boys Indoor Track,1600 m,1985,A,Kirk Young,Central-PG,4:23.2,pdfs/Winter record book.pdf,54,2026-08-02T19:45:54Z,glm-5.2:cloud
Boys Indoor Track,1600 m,1985,BC,Kenny Maddox,Howard,4:41.2,pdfs/Winter record book.pdf,54,2026-08-02T19:45:54Z,glm-5.2:cloud
Boys Indoor Track,1600 m,1986,Combined,Lindsay DuVall,Towson,4:24.2,pdfs/Winter record book.pdf,54,2026-08-02T19:45:54Z,glm-5.2:cloud
Boys Indoor Track,1600 m,1987,AA,Greg Early,E Roosevelt,4:30.6,pdfs/Winter record book.pdf,54,2026-08-02T19:45:54Z,glm-5.2:cloud
Boys Indoor Track,1600 m,1987,A,Brian Dixon,Thomas Johnson,4:26.2,pdfs/Winter record book.pdf,54,2026-08-02T19:45:54Z,glm-5.2:cloud
Boys Indoor Track,1600 m,1987,BC,Andrew Hossum,Oakland Mills,4:33.8,pdfs/Winter record book.pdf,54,2026-08-02T19:45:54Z,glm-5.2:cloud
Boys Indoor Track,1600 m,1988,AA,Greg Early,E Roosevelt,4:26.3,pdfs/Winter record book.pdf,54,2026-08-02T19:45:54Z,glm-5.2:cloud
Boys Indoor Track,1600 m,1988,A,Troy Baker,Paint Branch,4:30.6,pdfs/Winter record book.pdf,54,2026-08-02T19:45:54Z,glm-5.2:cloud
Boys Indoor Track,1600 m,1988,BC,Steve White,Central-PG,4:27.3,pdfs/Winter record book.pdf,54,2026-08-02T19:45:54Z,glm-5.2:cloud
Boys Indoor Track,1600 m,1989,4A,Jeff Campbell,Randallstown,4:29.38,pdfs/Winter record book.pdf,54,2026-08-02T19:45:54Z,glm-5.2:cloud
Boys Indoor Track,1600 m,1989,3A,Reggie Johnson,Bladensburg,4:45.28,pdfs/Winter record book.pdf,54,2026-08-02T19:45:54Z,glm-5.2:cloud
Boys Indoor Track,1600 m,1989,2A-1A,Steve Grams,Brunswick,4:42.84,pdfs/Winter record book.pdf,54,2026-08-02T19:45:54Z,glm-5.2:cloud
Boys Indoor Track,1600 m,1990,4A,Tommy Ross,La Plata,4:36.1,pdfs/Winter record book.pdf,54,2026-08-02T19:45:54Z,glm-5.2:cloud
Boys Indoor Track,1600 m,1990,3A,Billy Gale,Franklin,4:46.5,pdfs/Winter record book.pdf,54,2026-08-02T19:45:54Z,glm-5.2:cloud
Boys Indoor Track,1600 m,1990,2A-1A,Mike Holthaus,Wilde Lake,4:45.2,pdfs/Winter record book.pdf,54,2026-08-02T19:45:54Z,glm-5.2:cloud
Boys Indoor Track,1600 m,1991,4A,Balazs Koranyi,Walter Johnson,4:33.1,pdfs/Winter record book.pdf,54,2026-08-02T19:45:54Z,glm-5.2:cloud
Boys Indoor Track,1600 m,1991,3A,Pat Rodrigues,Centennial,4:27.3,pdfs/Winter record book.pdf,54,2026-08-02T19:45:54Z,glm-5.2:cloud
Boys Indoor Track,1600 m,1991,2A-1A,Gerard Hogan,Glenelg,4:42.2,pdfs/Winter record book.pdf,54,2026-08-02T19:45:54Z,glm-5.2:cloud
Boys Indoor Track,1600 m,1992,4A,John Mondy,Springbrook,4:37.2,pdfs/Winter record book.pdf,54,2026-08-02T19:45:54Z,glm-5.2:cloud
Boys Indoor Track,1600 m,1992,3A,Bryan Townsend,Atholton,4:41.1,pdfs/Winter record book.pdf,54,2026-08-02T19:45:54Z,glm-5.2:cloud
Boys Indoor Track,1600 m,1992,2A-1A,Gerard Hogan,Glenelg,4:42.9,pdfs/Winter record book.pdf,54,2026-08-02T19:45:54Z,glm-5.2:cloud
Boys Indoor Track,1600 m,1993,4A,John Nichols,Arundel,4:44.0,pdfs/Winter record book.pdf,54,2026-08-02T19:45:54Z,glm-5.2:cloud
Boys Indoor Track,1600 m,1993,3A,Josh Orenstein,Walter Johnson,4:33.2,pdfs/Winter record book.pdf,54,2026-08-02T19:45:54Z,glm-5.2:cloud
Boys Indoor Track,1600 m,1993,2A-1A,Clayton Nichols,Stephen Decautur,4:37.2,pdfs/Winter record book.pdf,54,2026-08-02T19:45:54Z,glm-5.2:cloud
Boys Indoor Track,1600 m,1994,4A,David Harry,Quince Orchard,4:40.4,pdfs/Winter record book.pdf,54,2026-08-02T19:45:54Z,glm-5.2:cloud
Boys Indoor Track,1600 m,1994,3A,Josh Orenstein,Walter Johnson,4:37.0,pdfs/Winter record book.pdf,54,2026-08-02T19:45:54Z,glm-5.2:cloud
Boys Indoor Track,1600 m,1994,2A-1A,Dany Zamarripa,South River,4:40.1,pdfs/Winter record book.pdf,54,2026-08-02T19:45:54Z,glm-5.2:cloud
Boys Indoor Track,1600 m,1995,4A,Ryan Stevens,Chesapeake-AA,4:35.1,pdfs/Winter record book.pdf,54,2026-08-02T19:45:54Z,glm-5.2:cloud
Boys Indoor Track,1600 m,1995,3A,Joe Smith,Parkville,4:40.2,pdfs/Winter record book.pdf,54,2026-08-02T19:45:54Z,glm-5.2:cloud
Boys Indoor Track,1600 m,1995,2A-1A,Zachary Tropf,Atholton,4:35.8,pdfs/Winter record book.pdf,54,2026-08-02T19:45:54Z,glm-5.2:cloud
Boys Indoor Track,1600 m,1996,4A,Michael Curtis,Mergenthaler,4:36.5,pdfs/Winter record book.pdf,54,2026-08-02T19:45:54Z,glm-5.2:cloud
Boys Indoor Track,1600 m,1996,3A,Zach Tropf,Atholton,4:30.3,pdfs/Winter record book.pdf,54,2026-08-02T19:45:54Z,glm-5.2:cloud
Boys Indoor Track,1600 m,1996,2A-1A,Faisal Hasan,Wilde Lake,4:34.7,pdfs/Winter record book.pdf,54,2026-08-02T19:45:54Z,glm-5.2:cloud
Boys Indoor Track,1600 m,1997,4A-3A,Omar Knight,Perry Hall,4:30.0,pdfs/Winter record book.pdf,54,2026-08-02T19:45:54Z,glm-5.2:cloud
Boys Indoor Track,1600 m,1997,3A-2A,Ben Coffman,Wilde Lake,4:34.2,pdfs/Winter record book.pdf,54,2026-08-02T19:45:54Z,glm-5.2:cloud
Boys Indoor Track,1600 m,1997,2A-1A,Luke Reinke,Glenelg,4:37.8,pdfs/Winter record book.pdf,54,2026-08-02T19:45:54Z,glm-5.2:cloud
Boys Indoor Track,1600 m,1998,4A-3A,Davy Rogers,Richard Montgomery,4:32.7,pdfs/Winter record book.pdf,54,2026-08-02T19:45:54Z,glm-5.2:cloud
Boys Indoor Track,1600 m,1998,3A-2A,Jansen McMillan,Wilde Lake,4:32.7,pdfs/Winter record book.pdf,54,2026-08-02T19:45:54Z,glm-5.2:cloud
Boys Indoor Track,1600 m,1998,2A-1A,Michael Zaron,Atholton,4:35.3,pdfs/Winter record book.pdf,54,2026-08-02T19:45:54Z,glm-5.2:cloud
Boys Indoor Track,1600 m,1999,4A-3A,Victor Thillet,Old Mill,4:34.0,pdfs/Winter record book.pdf,54,2026-08-02T19:45:54Z,glm-5.2:cloud
Boys Indoor Track,1600 m,1999,3A-2A,Shawn Day,Thomas Johnson,4:30.8,pdfs/Winter record book.pdf,54,2026-08-02T19:45:54Z,glm-5.2:cloud
Boys Indoor Track,1600 m,1999,2A-1A,Francis Ciganek,Kent County,4:42.0,pdfs/Winter record book.pdf,54,2026-08-02T19:45:54Z,glm-5.2:cloud
Boys Indoor Track,1600 m,2000,4A-3A,Jamie Albertine,Whitman,4:30.6,pdfs/Winter record book.pdf,54,2026-08-02T19:45:54Z,glm-5.2:cloud
Boys Indoor Track,1600 m,2000,3A-2A,Carlos Hunter,Westlake,4:33.7,pdfs/Winter record book.pdf,54,2026-08-02T19:45:54Z,glm-5.2:cloud
Boys Indoor Track,1600 m,2000,2A-1A,Francis Ciganek,Kent County,4:33.1,pdfs/Winter record book.pdf,54,2026-08-02T19:45:54Z,glm-5.2:cloud
Boys Indoor Track,1600 m,2001,4A-3A,Stephen Hayes,Churchill,4:25.6,pdfs/Winter record book.pdf,54,2026-08-02T19:45:54Z,glm-5.2:cloud
Boys Indoor Track,1600 m,2001,3A-2A,Shane Stroup,River Hill,4:21.5,pdfs/Winter record book.pdf,54,2026-08-02T19:45:54Z,glm-5.2:cloud
Boys Indoor Track,1600 m,2001,2A-1A,Jon Goldsmith,Glenelg,4:29.0,pdfs/Winter record book.pdf,54,2026-08-02T19:45:54Z,glm-5.2:cloud
Boys Indoor Track,1600 m,2002,4A-3A,Billy Duffy,Dulaney,4:29.05,pdfs/Winter record book.pdf,54,2026-08-02T19:45:54Z,glm-5.2:cloud
Boys Indoor Track,1600 m,2002,3A-2A,Shane Stroup,River Hill,4:27.60,pdfs/Winter record book.pdf,54,2026-08-02T19:45:54Z,glm-5.2:cloud
Boys Indoor Track,1600 m,2002,2A-1A,Izudin Mehmedovic,Oakland Mills,4:28.50,pdfs/Winter record book.pdf,54,2026-08-02T19:45:54Z,glm-5.2:cloud
Boys Indoor Track,1600 m,2003,4A-3A,Awit Yohannes,Magruder,4:19.62,pdfs/Winter record book.pdf,54,2026-08-02T19:45:54Z,glm-5.2:cloud
Boys Indoor Track,1600 m,2003,3A-2A,C. R. Thomas,Linganore,4:25.00,pdfs/Winter record book.pdf,54,2026-08-02T19:45:54Z,glm-5.2:cloud
Boys Indoor Track,1600 m,2003,2A-1A,Justin Myers,Middletown,4:37.50,pdfs/Winter record book.pdf,54,2026-08-02T19:45:54Z,glm-5.2:cloud
Boys Indoor Track,1600 m,2004,4A-3A,Anthony Littlejohn,Old MIll,4:28.44,pdfs/Winter record book.pdf,54,2026-08-02T19:45:54Z,glm-5.2:cloud
Boys Indoor Track,1600 m,2004,3A-2A,Ryan Murphy,Northern-C,4:21.90,pdfs/Winter record book.pdf,54,2026-08-02T19:45:54Z,glm-5.2:cloud
Boys Indoor Track,1600 m,2004,2A-1A,Aaron Buchman,Williamsport,4:36.07,pdfs/Winter record book.pdf,54,2026-08-02T19:45:54Z,glm-5.2:cloud
Boys Indoor Track,1600 m,2005,4A-3A,Andrew Jesien,Walter Johnson,4:16.98,pdfs/Winter record book.pdf,54,2026-08-02T19:45:54Z,glm-5.2:cloud
Boys Indoor Track,1600 m,2005,3A-2A,Brian Harvey,Centennial,4:28.55,pdfs/Winter record book.pdf,54,2026-08-02T19:45:54Z,glm-5.2:cloud
Boys Indoor Track,1600 m,2005,2A-1A,Brian Jefferies,Fort Hill,4:35.02,pdfs/Winter record book.pdf,54,2026-08-02T19:45:54Z,glm-5.2:cloud
Boys Indoor Track,1600 m,2006,4A-3A,Matthew Centrowitz,Broadneck,4:24.72,pdfs/Winter record book.pdf,54,2026-08-02T19:45:54Z,glm-5.2:cloud
Boys Indoor Track,1600 m,2006,3A-2A,Andrew Revelle,Atholton,4:26.81,pdfs/Winter record book.pdf,54,2026-08-02T19:45:54Z,glm-5.2:cloud
Boys Indoor Track,1600 m,2006,2A-1A,Hemagiri Arumugam,N. Hagerstown,4:33.40,pdfs/Winter record book.pdf,54,2026-08-02T19:45:54Z,glm-5.2:cloud
Boys Indoor Track,1600 m,2007,4A-3A,Chris Moen,Walter Johnson,4:24.98,pdfs/Winter record book.pdf,54,2026-08-02T19:45:54Z,glm-5.2:cloud
Boys Indoor Track,1600 m,2007,3A-2A,Casey Lyons,Kent Island,4:22.65,pdfs/Winter record book.pdf,54,2026-08-02T19:45:54Z,glm-5.2:cloud
Boys Indoor Track,1600 m,2007,2A-1A,Eric Liberatore,Liberty,4:34.98,pdfs/Winter record book.pdf,54,2026-08-02T19:45:54Z,glm-5.2:cloud
Boys Indoor Track,1600 m,2008,4A,Neal Darmody,Quince Orchard,4:22.74,pdfs/Winter record book.pdf,54,2026-08-02T19:45:54Z,glm-5.2:cloud
Boys Indoor Track,1600 m,2008,3A,Joey Thompson,Howard,4:21.35,pdfs/Winter record book.pdf,54,2026-08-02T19:45:54Z,glm-5.2:cloud
Boys Indoor Track,1600 m,2008,2A,Craig Morgan,River Hill,4:28.33,pdfs/Winter record book.pdf,54,2026-08-02T19:45:54Z,glm-5.2:cloud
Boys Indoor Track,1600 m,2008,1A,Ceth Parker,Catoctin,4:35.91,pdfs/Winter record book.pdf,54,2026-08-02T19:45:54Z,glm-5.2:cloud
Boys Indoor Track,1600 m,2009,4A,Solomon Haile,Sherwood,4:18.74,pdfs/Winter record book.pdf,54,2026-08-02T19:45:54Z,glm-5.2:cloud
Boys Indoor Track,1600 m,2009,3A,Graham Bazell,Atholton,4:23.28,pdfs/Winter record book.pdf,54,2026-08-02T19:45:54Z,glm-5.2:cloud
Boys Indoor Track,1600 m,2009,2A,Craig Morgan,River Hill,4:21.96,pdfs/Winter record book.pdf,54,2026-08-02T19:45:54Z,glm-5.2:cloud
Boys Indoor Track,1600 m,2009,1A,Scott Menner,Glenelg,4:39.53,pdfs/Winter record book.pdf,54,2026-08-02T19:45:54Z,glm-5.2:cloud
Boys Indoor Track,1600 m,2010,4A,Sean O'Leary,Walter Johnson,4:21.90,pdfs/Winter record book.pdf,54,2026-08-02T19:45:54Z,glm-5.2:cloud
Boys Indoor Track,1600 m,2010,3A,Ryan O'Connor,Northern-C,4:25.85,pdfs/Winter record book.pdf,54,2026-08-02T19:45:54Z,glm-5.2:cloud
Boys Indoor Track,1600 m,2010,2A,Robby Creese,Glenelg,4:22.21,pdfs/Winter record book.pdf,54,2026-08-02T19:45:54Z,glm-5.2:cloud
Boys Indoor Track,1600 m,2010,1A,Blake Stein,Pikesville,4:33.27,pdfs/Winter record book.pdf,54,2026-08-02T19:45:54Z,glm-5.2:cloud
Boys Indoor Track,1600 m,2011,4A,William Conway,Churchill,4:21.34,pdfs/Winter record book.pdf,54,2026-08-02T19:45:54Z,glm-5.2:cloud
Boys Indoor Track,1600 m,2011,3A,Scott Heydrick,River Hill,4:26.72,pdfs/Winter record book.pdf,54,2026-08-02T19:45:54Z,glm-5.2:cloud
Boys Indoor Track,1600 m,2011,2A,Robbie Creese,Glenelg,4:18.89,pdfs/Winter record book.pdf,54,2026-08-02T19:45:54Z,glm-5.2:cloud
Boys Indoor Track,1600 m,2011,1A,Evan Hardy,Williamsport,4:31.44,pdfs/Winter record book.pdf,54,2026-08-02T19:45:54Z,glm-5.2:cloud
Boys Indoor Track,1600 m,2012,4A,William Conway,Churchill,4:21.04,pdfs/Winter record book.pdf,54,2026-08-02T19:45:54Z,glm-5.2:cloud
Boys Indoor Track,1600 m,2012,3A,Tim Virostek,Wilde Lake,4:26.66,pdfs/Winter record book.pdf,54,2026-08-02T19:45:54Z,glm-5.2:cloud
Boys Indoor Track,1600 m,2012,2A,Evan Hardy,Williamsport,4:23.22,pdfs/Winter record book.pdf,54,2026-08-02T19:45:54Z,glm-5.2:cloud
Boys Indoor Track,1600 m,2012,1A,Luke Daigneault,Smithsburg,4:40.75,pdfs/Winter record book.pdf,54,2026-08-02T19:45:54Z,glm-5.2:cloud
Boys Indoor Track,1600 m,2013,4A,Vincent Ciattei,Perry Hall,4:14.61,pdfs/Winter record book.pdf,54,2026-08-02T19:45:54Z,glm-5.2:cloud
Boys Indoor Track,1600 m,2013,3A,Tim Virostek,Wilde Lake,4:21.25,pdfs/Winter record book.pdf,54,2026-08-02T19:45:54Z,glm-5.2:cloud
Boys Indoor Track,1600 m,2013,2A,Terrell Green,Douglass-PG,4:27.53,pdfs/Winter record book.pdf,54,2026-08-02T19:45:54Z,glm-5.2:cloud
Boys Indoor Track,1600 m,2013,1A,Ty Franks,Bohemia Manor,4:37.47,pdfs/Winter record book.pdf,54,2026-08-02T19:45:54Z,glm-5.2:cloud
Boys Indoor Track,1600 m,2014,4A,Diego Zarate,Northwest,4:14.61,pdfs/Winter record book.pdf,54,2026-08-02T19:45:54Z,glm-5.2:cloud
Boys Indoor Track,1600 m,2014,3A,Christopher Heydrick,River Hill,4:17.50,pdfs/Winter record book.pdf,54,2026-08-02T19:45:54Z,glm-5.2:cloud
Boys Indoor Track,1600 m,2014,2A,Terrell Green,Douglass-PG,4:21.04,pdfs/Winter record book.pdf,54,2026-08-02T19:45:54Z,glm-5.2:cloud
Boys Indoor Track,1600 m,2014,1A,Ty Franks,Bohemia Manor,4:40.66,pdfs/Winter record book.pdf,54,2026-08-02T19:45:54Z,glm-5.2:cloud
Boys Indoor Track,1600 m,2015,4A,Diego Zarate,Northwest,4:22.96,pdfs/Winter record book.pdf,54,2026-08-02T19:45:54Z,glm-5.2:cloud
Boys Indoor Track,1600 m,2015,3A,David Eisenhauer,Wilde Lake,4:20.93,pdfs/Winter record book.pdf,54,2026-08-02T19:45:54Z,glm-5.2:cloud
Boys Indoor Track,1600 m,2015,2A,Turner Chaundy,Patuxent,4:30.82,pdfs/Winter record book.pdf,54,2026-08-02T19:45:54Z,glm-5.2:cloud
Boys Indoor Track,1600 m,2015,1A,Ty Franks,Bohemia Manor,4:33.93,pdfs/Winter record book.pdf,54,2026-08-02T19:45:54Z,glm-5.2:cloud
Boys Indoor Track,1600 m,2016,4A,Eric Walz,Dulaney,4:24.79,pdfs/Winter record book.pdf,54,2026-08-02T19:45:54Z,glm-5.2:cloud
Boys Indoor Track,1600 m,2016,3A,Matt Bennett,Northern-C,4:28.39,pdfs/Winter record book.pdf,54,2026-08-02T19:45:54Z,glm-5.2:cloud
Boys Indoor Track,1600 m,2016,2A,Myles Smith,La Plata,4:32.52,pdfs/Winter record book.pdf,54,2026-08-02T19:45:54Z,glm-5.2:cloud
Boys Indoor Track,1600 m,2016,1A,Will Merritt,Smithsburg,4:30.36,pdfs/Winter record book.pdf,54,2026-08-02T19:45:54Z,glm-5.2:cloud
Boys Indoor Track,1600 m,2017,4A,Nick Boogades,South River,4:27.03,pdfs/Winter record book.pdf,54,2026-08-02T19:45:54Z,glm-5.2:cloud
Boys Indoor Track,1600 m,2017,3A,Ryan Lockett,Poolesville,4:23.16,pdfs/Winter record book.pdf,54,2026-08-02T19:45:54Z,glm-5.2:cloud
Boys Indoor Track,1600 m,2017,2A,Taylor Baranoski,Eastern Technical,4:19.71,pdfs/Winter record book.pdf,54,2026-08-02T19:45:54Z,glm-5.2:cloud
Boys Indoor Track,1600 m,2017,1A,Donovan McClellan,Boonsboro,4:37.67,pdfs/Winter record book.pdf,54,2026-08-02T19:45:54Z,glm-5.2:cloud
Boys Indoor Track,1600 m,2018,4A,Garrett Suhr,Richard Montgomery,4:21.47,pdfs/Winter record book.pdf,54,2026-08-02T19:45:54Z,glm-5.2:cloud
Boys Indoor Track,1600 m,2018,3A,Kai Muniz,Reservoir,4:31.49,pdfs/Winter record book.pdf,54,2026-08-02T19:45:54Z,glm-5.2:cloud
Boys Indoor Track,1600 m,2018,2A,Brandon Nichols,Kent Island,4:26.09,pdfs/Winter record book.pdf,54,2026-08-02T19:45:54Z,glm-5.2:cloud
Boys Indoor Track,1600 m,2018,1A,Declan Horner,Southern-Garrett,4:33.65,pdfs/Winter record book.pdf,54,2026-08-02T19:45:54Z,glm-5.2:cloud
Boys Indoor Track,1600 m,2019,4A,Drew Dailey,Dulaney,4:18.09,pdfs/Winter record book.pdf,54,2026-08-02T19:45:54Z,glm-5.2:cloud
Boys Indoor Track,1600 m,2019,3A,Conor McGirr,Huntingtown,4:24.12,pdfs/Winter record book.pdf,54,2026-08-02T19:45:54Z,glm-5.2:cloud
Boys Indoor Track,1600 m,2019,2A,Kyle Lund,Oakdale,4:24.39,pdfs/Winter record book.pdf,54,2026-08-02T19:45:54Z,glm-5.2:cloud
Boys Indoor Track,1600 m,2019,1A,Keegan Gould,Snow Hill,4:31.99,pdfs/Winter record book.pdf,54,2026-08-02T19:45:54Z,glm-5.2:cloud
Boys Indoor Track,1600 m,2020,4A,Carson Sloat,Severna Park,4:25.81,pdfs/Winter record book.pdf,54,2026-08-02T19:45:54Z,glm-5.2:cloud
Boys Indoor Track,1600 m,2020,3A,Zachary Wedding,Chopticon,4:22.62,pdfs/Winter record book.pdf,54,2026-08-02T19:45:54Z,glm-5.2:cloud
Boys Indoor Track,1600 m,2020,2A,Kyle Lund,Oakdale,4:19.41,pdfs/Winter record book.pdf,54,2026-08-02T19:45:54Z,glm-5.2:cloud
Boys Indoor Track,1600 m,2020,1A,Kaleb Berhanu,Pikesville,4:40.14,pdfs/Winter record book.pdf,54,2026-08-02T19:45:54Z,glm-5.2:cloud
Boys Indoor Track,1600 m,2022,4A,Luke Coffin,Annapolis,4:26.22,pdfs/Winter record book.pdf,54,2026-08-02T19:45:54Z,glm-5.2:cloud
Boys Indoor Track,1600 m,2022,3A,Aiden Neal,Manchester Valley,4:21.61,pdfs/Winter record book.pdf,54,2026-08-02T19:45:54Z,glm-5.2:cloud
Boys Indoor Track,1600 m,2022,2A,Timothy Cherry,Glenelg,4:42.75,pdfs/Winter record book.pdf,54,2026-08-02T19:45:54Z,glm-5.2:cloud
Boys Indoor Track,1600 m,2022,1A,John Condon,Cambridge-South Dorchester,4:39.67,pdfs/Winter record book.pdf,54,2026-08-02T19:45:54Z,glm-5.2:cloud
Boys Indoor Track,1600 m,2023,4A,Tyler Dailey,Dulaney,4:27.51,pdfs/Winter record book.pdf,54,2026-08-02T19:45:54Z,glm-5.2:cloud
Boys Indoor Track,1600 m,2023,3A,Antonio Camacho-Bucks,Centennial,4:19.82,pdfs/Winter record book.pdf,54,2026-08-02T19:45:54Z,glm-5.2:cloud
Boys Indoor Track,1600 m,2023,2A,Eric Penkala,Southern-AA,4:26.46,pdfs/Winter record book.pdf,54,2026-08-02T19:45:54Z,glm-5.2:cloud
Boys Indoor Track,1600 m,2023,1A,Alexander Contreras,Catoctin,4:36.16,pdfs/Winter record book.pdf,54,2026-08-02T19:45:54Z,glm-5.2:cloud
Boys Indoor Track,1600 m,2024,4A,James Partlow,Gov. Thomas Johnson,4:18.33,pdfs/Winter record book.pdf,54,2026-08-02T19:45:54Z,glm-5.2:cloud
Boys Indoor Track,1600 m,2024,3A,Joseph Ensor,Howard,4:20.76,pdfs/Winter record book.pdf,54,2026-08-02T19:45:54Z,glm-5.2:cloud
Boys Indoor Track,1600 m,2024,2A,Eric Penkala,Southern-AA,4:17.46,pdfs/Winter record book.pdf,54,2026-08-02T19:45:54Z,glm-5.2:cloud
Boys Indoor Track,1600 m,2024,1A,Gabriel Riling,Catoctin,4:31.38,pdfs/Winter record book.pdf,54,2026-08-02T19:45:54Z,glm-5.2:cloud
Boys Indoor Track,1600 m,2025,4A,Mateo Gros-Slovinsky,Walt Whitman,4:16.48,pdfs/Winter record book.pdf,54,2026-08-02T19:45:54Z,glm-5.2:cloud
Boys Indoor Track,1600 m,2025,3A,Tsedeke Jakovics,Old Mill,4:16.04,pdfs/Winter record book.pdf,54,2026-08-02T19:45:54Z,glm-5.2:cloud
Boys Indoor Track,1600 m,2025,2A,Eric Penkala,Southern-AA,4:17.17,pdfs/Winter record book.pdf,54,2026-08-02T19:45:54Z,glm-5.2:cloud
Boys Indoor Track,1600 m,2025,1A,Gregory Schellberg,Liberty,4:25.33,pdfs/Winter record book.pdf,54,2026-08-02T19:45:54Z,glm-5.2:cloud
Boys Indoor Track,3200 m,1972,Combined,Jeff Smith,Towson,9:48.5,pdfs/Winter record book.pdf,54,2026-08-02T19:45:54Z,glm-5.2:cloud
Boys Indoor Track,3200 m,1973,AA,Jamie Gildard,Severna Park,9:20.5,pdfs/Winter record book.pdf,54,2026-08-02T19:45:54Z,glm-5.2:cloud
Boys Indoor Track,3200 m,1973,ABC,Peter Kirk,Kennedy,9:51.0,pdfs/Winter record book.pdf,54,2026-08-02T19:45:54Z,glm-5.2:cloud
Boys Indoor Track,3200 m,1974,AA,Mauricio Ruiz,Churchill,9:48.4,pdfs/Winter record book.pdf,54,2026-08-02T19:45:54Z,glm-5.2:cloud
Boys Indoor Track,3200 m,1974,ABC,Dave Cornwell,Hereford,9:36.2,pdfs/Winter record book.pdf,54,2026-08-02T19:45:54Z,glm-5.2:cloud
Boys Indoor Track,3200 m,1975,AA,Kevin Amigh,Gaithersburg,9:43.4,pdfs/Winter record book.pdf,54,2026-08-02T19:45:54Z,glm-5.2:cloud
Boys Indoor Track,3200 m,1975,ABC,Dave Cornwell,Hereford,9:43.7,pdfs/Winter record book.pdf,54,2026-08-02T19:45:54Z,glm-5.2:cloud
Boys Indoor Track,3200 m,1976,AA,Rick Gildard,Severna Park,9:31.1,pdfs/Winter record book.pdf,54,2026-08-02T19:45:54Z,glm-5.2:cloud
Boys Indoor Track,3200 m,1976,ABC,Greg Holder,Williamsport,9:56.0,pdfs/Winter record book.pdf,54,2026-08-02T19:45:54Z,glm-5.2:cloud
Boys Indoor Track,3200 m,1977,AA,Tim Good,Springbrook,9:44.2,pdfs/Winter record book.pdf,54,2026-08-02T19:45:54Z,glm-5.2:cloud
Boys Indoor Track,3200 m,1977,ABC,Dave Weisgarber,Westminster,9:42.5,pdfs/Winter record book.pdf,54,2026-08-02T19:45:54Z,glm-5.2:cloud
Boys Indoor Track,3200 m,1978,AA,Mike Sheeley,Kenwood,9:15.5,pdfs/Winter record book.pdf,54,2026-08-02T19:45:54Z,glm-5.2:cloud
Boys Indoor Track,3200 m,1978,ABC,Brad Vaughn,Thomas Johnson,9:32.9,pdfs/Winter record book.pdf,54,2026-08-02T19:45:54Z,glm-5.2:cloud
Boys Indoor Track,3200 m,1979,AA,Joe Schneider,Perry Hall,9:36.2,pdfs/Winter record book.pdf,54,2026-08-02T19:45:54Z,glm-5.2:cloud
Boys Indoor Track,3200 m,1979,ABC,Gary Hopkins,Einstein,9:39.5,pdfs/Winter record book.pdf,54,2026-08-02T19:45:54Z,glm-5.2:cloud
Boys Indoor Track,3200 m,1980,AA,Ian Cherry,Meade,9:32.1,pdfs/Winter record book.pdf,54,2026-08-02T19:45:54Z,glm-5.2:cloud
Boys Indoor Track,3200 m,1980,A,Doug Rohrer,Seneca Valley,9:37.6,pdfs/Winter record book.pdf,54,2026-08-02T19:45:54Z,glm-5.2:cloud
Boys Indoor Track,3200 m,1980,BC,Tony Lewis,Middletown,10:02.4,pdfs/Winter record book.pdf,54,2026-08-02T19:45:54Z,glm-5.2:cloud
Boys Indoor Track,3200 m,1981,AA,John O'Neill,Bowie,9:19.5,pdfs/Winter record book.pdf,54,2026-08-02T19:45:54Z,glm-5.2:cloud
Boys Indoor Track,3200 m,1981,A,Mike Hoppes,Seneca Valley,9:24.6,pdfs/Winter record book.pdf,54,2026-08-02T19:45:54Z,glm-5.2:cloud
Boys Indoor Track,3200 m,1981,BC,Danny Boyle,Joppatowne,10:04.9,pdfs/Winter record book.pdf,54,2026-08-02T19:45:54Z,glm-5.2:cloud
Boys Indoor Track,3200 m,1982,AA,Bob Shillinger,High Point,9:32.1,pdfs/Winter record book.pdf,54,2026-08-02T19:45:54Z,glm-5.2:cloud
Boys Indoor Track,3200 m,1982,A,Dwayne Neal,Thomas Johnson,9:56.4,pdfs/Winter record book.pdf,54,2026-08-02T19:45:54Z,glm-5.2:cloud
Boys Indoor Track,3200 m,1982,BC,Dave Mills,Einstein,9:39.5,pdfs/Winter record book.pdf,54,2026-08-02T19:45:54Z,glm-5.2:cloud
Boys Indoor Track,3200 m,1983,AA,Bob Shillinger,High Point,9:54.2,pdfs/Winter record book.pdf,54,2026-08-02T19:45:54Z,glm-5.2:cloud
Boys Indoor Track,3200 m,1983,A,Willie McBeth,Rockville,9:50.6,pdfs/Winter record book.pdf,54,2026-08-02T19:45:54Z,glm-5.2:cloud
Boys Indoor Track,3200 m,1983,BC,Tim Wright,Hereford,10:01.5,pdfs/Winter record book.pdf,54,2026-08-02T19:45:54Z,glm-5.2:cloud
Boys Indoor Track,3200 m,1984,AA,Kris Herdt,Whitman,9:49.0,pdfs/Winter record book.pdf,54,2026-08-02T19:45:54Z,glm-5.2:cloud
Boys Indoor Track,3200 m,1984,A,Joe McGirr,Sherwood,10:00.4,pdfs/Winter record book.pdf,54,2026-08-02T19:45:54Z,glm-5.2:cloud
Boys Indoor Track,3200 m,1984,BC,John Scherer,Glenelg,9:45.8,pdfs/Winter record book.pdf,54,2026-08-02T19:45:54Z,glm-5.2:cloud
Boys Indoor Track,3200 m,1985,AA,Eric McLeney,Whitman,9:49.2,pdfs/Winter record book.pdf,54,2026-08-02T19:45:54Z,glm-5.2:cloud
Boys Indoor Track,3200 m,1985,A,Dave Petzold,Rockville,9:43.2,pdfs/Winter record book.pdf,54,2026-08-02T19:45:54Z,glm-5.2:cloud
Boys Indoor Track,3200 m,1985,BC,Richard Williams,Wicomico,10:20.4,pdfs/Winter record book.pdf,54,2026-08-02T19:45:54Z,glm-5.2:cloud
Boys Indoor Track,3200 m,1986,Combined,Richard Williams,Wicomico,9:36.7,pdfs/Winter record book.pdf,54,2026-08-02T19:45:54Z,glm-5.2:cloud
Boys Indoor Track,3200 m,1987,AA,Gary Sherman,Whitman,9:50.5,pdfs/Winter record book.pdf,54,2026-08-02T19:45:54Z,glm-5.2:cloud
Boys Indoor Track,3200 m,1987,A,Vernon Chavis,Parkville,10:08.6,pdfs/Winter record book.pdf,54,2026-08-02T19:45:54Z,glm-5.2:cloud
Boys Indoor Track,3200 m,1987,BC,Lee Cox,Kenwood,10:06.1,pdfs/Winter record book.pdf,54,2026-08-02T19:45:54Z,glm-5.2:cloud
Boys Indoor Track,3200 m,1988,AA,Jeff Campbell,Randallstown,9:36.0,pdfs/Winter record book.pdf,54,2026-08-02T19:45:54Z,glm-5.2:cloud
Boys Indoor Track,3200 m,1988,A,Scott Frampton,Franklin,10:12.1,pdfs/Winter record book.pdf,54,2026-08-02T19:45:54Z,glm-5.2:cloud
Boys Indoor Track,3200 m,1988,BC,Chris Lesser,Parkside,10:01.1,pdfs/Winter record book.pdf,54,2026-08-02T19:45:54Z,glm-5.2:cloud
Boys Indoor Track,3200 m,1989,4A,Jeff Campbell,Randallstown,9:54.41,pdfs/Winter record book.pdf,54,2026-08-02T19:45:54Z,glm-5.2:cloud
Boys Indoor Track,3200 m,1989,3A,Jason Cox,Lansdowne,10:20.44,pdfs/Winter record book.pdf,54,2026-08-02T19:45:54Z,glm-5.2:cloud
Boys Indoor Track,3200 m,1989,2A-1A,Russ Adams,Brunswick,10:15.24,pdfs/Winter record book.pdf,54,2026-08-02T19:45:54Z,glm-5.2:cloud
Boys Indoor Track,3200 m,1990,4A,Brian Jenkins,Severna Park,10:07.1,pdfs/Winter record book.pdf,54,2026-08-02T19:45:54Z,glm-5.2:cloud
Boys Indoor Track,3200 m,1990,3A,Jason Cox,Lansdowne,9:56.1,pdfs/Winter record book.pdf,54,2026-08-02T19:45:54Z,glm-5.2:cloud
Boys Indoor Track,3200 m,1990,2A-1A,Russ Adams,Brunswick,10:19.3,pdfs/Winter record book.pdf,54,2026-08-02T19:45:54Z,glm-5.2:cloud
Boys Indoor Track,3200 m,1991,4A,Dave Wall,Broadneck,10:11.8,pdfs/Winter record book.pdf,54,2026-08-02T19:45:54Z,glm-5.2:cloud
Boys Indoor Track,3200 m,1991,3A,Pat Rodrigues,Centennial,9:39.0,pdfs/Winter record book.pdf,54,2026-08-02T19:45:54Z,glm-5.2:cloud
Boys Indoor Track,3200 m,1991,2A-1A,Gerard Hogan,Glenelg,10:43.3,pdfs/Winter record book.pdf,54,2026-08-02T19:45:54Z,glm-5.2:cloud
Boys Indoor Track,3200 m,1992,4A,Troy Harry,Quince Orchard,10:04.7,pdfs/Winter record book.pdf,54,2026-08-02T19:45:54Z,glm-5.2:cloud
Boys Indoor Track,3200 m,1992,3A,Bryan Townsend,Atholton,10:28.0,pdfs/Winter record book.pdf,54,2026-08-02T19:45:54Z,glm-5.2:cloud
Boys Indoor Track,3200 m,1992,2A-1A,Gerard Hogan,Glenelg,10:02.6,pdfs/Winter record book.pdf,54,2026-08-02T19:45:54Z,glm-5.2:cloud
Boys Indoor Track,3200 m,1993,4A,Geoff Warren,Arundel,10:00.0,pdfs/Winter record book.pdf,54,2026-08-02T19:45:54Z,glm-5.2:cloud
Boys Indoor Track,3200 m,1993,3A,Jamie Davies,Catonsville,10:01.9,pdfs/Winter record book.pdf,54,2026-08-02T19:45:54Z,glm-5.2:cloud
Boys Indoor Track,3200 m,1993,2A-1A,Edward Hogan,Glenelg,9:57.3,pdfs/Winter record book.pdf,54,2026-08-02T19:45:54Z,glm-5.2:cloud
Boys Indoor Track,3200 m,1994,4A,Geoff Warren,Arundel,10:06.6,pdfs/Winter record book.pdf,54,2026-08-02T19:45:54Z,glm-5.2:cloud
Boys Indoor Track,3200 m,1994,3A,Aaron Price,Linganore,10:00.5,pdfs/Winter record book.pdf,54,2026-08-02T19:45:54Z,glm-5.2:cloud
Boys Indoor Track,3200 m,1994,2A-1A,Jamie Davies,Catonsville,10:06.5,pdfs/Winter record book.pdf,54,2026-08-02T19:45:54Z,glm-5.2:cloud
Boys Indoor Track,3200 m,1995,4A,David Harry,Quince Orchard,10:08.1,pdfs/Winter record book.pdf,54,2026-08-02T19:45:54Z,glm-5.2:cloud
Boys Indoor Track,3200 m,1995,3A,Shawn Carpenter,Franklin,10:11.6,pdfs/Winter record book.pdf,54,2026-08-02T19:45:54Z,glm-5.2:cloud
Boys Indoor Track,3200 m,1995,2A-1A,Steve Petro,Oakland Mills,10:08.5,pdfs/Winter record book.pdf,54,2026-08-02T19:45:54Z,glm-5.2:cloud
Boys Indoor Track,3200 m,1996,4A,Ed Turfaro,Whitman,9:44.4,pdfs/Winter record book.pdf,54,2026-08-02T19:45:54Z,glm-5.2:cloud
Boys Indoor Track,3200 m,1996,3A,Mike French,Centennial,9:51.1,pdfs/Winter record book.pdf,54,2026-08-02T19:45:54Z,glm-5.2:cloud
Boys Indoor Track,3200 m,1996,2A-1A,Faisal Hasan,Wilde Lake,10:10.6,pdfs/Winter record book.pdf,54,2026-08-02T19:45:54Z,glm-5.2:cloud
Boys Indoor Track,3200 m,1997,4A-3A,Ed Tufaro,Whitman,9:59.6,pdfs/Winter record book.pdf,54,2026-08-02T19:45:54Z,glm-5.2:cloud
Boys Indoor Track,3200 m,1997,3A-2A,James Stack,Damascus,9:59.1,pdfs/Winter record book.pdf,54,2026-08-02T19:45:54Z,glm-5.2:cloud
Boys Indoor Track,3200 m,1997,2A-1A,Tim Mason,Clear Spring,10:15.5,pdfs/Winter record book.pdf,54,2026-08-02T19:45:54Z,glm-5.2:cloud
Boys Indoor Track,3200 m,1998,4A-3A,Victor Thillet,Old Mill,10:01.6,pdfs/Winter record book.pdf,54,2026-08-02T19:45:54Z,glm-5.2:cloud
Boys Indoor Track,3200 m,1998,3A-2A,David Glynn,Walter Johnson,10:10.2,pdfs/Winter record book.pdf,54,2026-08-02T19:45:54Z,glm-5.2:cloud
Boys Indoor Track,3200 m,1998,2A-1A,Tim Mason,Clear Spring,10:07.3,pdfs/Winter record book.pdf,54,2026-08-02T19:45:54Z,glm-5.2:cloud
Boys Indoor Track,3200 m,1999,4A-3A,Phil Knowlton,Whitman,10:01.1,pdfs/Winter record book.pdf,54,2026-08-02T19:45:54Z,glm-5.2:cloud
Boys Indoor Track,3200 m,1999,3A-2A,David Glynn,Walter Johnson,10:06.4,pdfs/Winter record book.pdf,54,2026-08-02T19:45:54Z,glm-5.2:cloud
Boys Indoor Track,3200 m,1999,2A-1A,Ryan Moore,Middletown,10:20.9,pdfs/Winter record book.pdf,54,2026-08-02T19:45:54Z,glm-5.2:cloud
Boys Indoor Track,3200 m,2000,4A-3A,Matt Seymour,Magruder,9:47.2,pdfs/Winter record book.pdf,54,2026-08-02T19:45:54Z,glm-5.2:cloud
Boys Indoor Track,3200 m,2000,3A-2A,Mike Stycznski,River Hill,9:54.9,pdfs/Winter record book.pdf,54,2026-08-02T19:45:54Z,glm-5.2:cloud
Boys Indoor Track,3200 m,2000,2A-1A,Greg Saylor,Walkersville,10:20.6,pdfs/Winter record book.pdf,54,2026-08-02T19:45:54Z,glm-5.2:cloud
Boys Indoor Track,3200 m,2001,4A-3A,Patrick Bailey,C.M. Wright,9:36.9,pdfs/Winter record book.pdf,55,2026-08-02T19:47:14Z,glm-5.2:cloud
Boys Indoor Track,3200 m,2001,3A-2A,William Christian,Great Mills,9:36.3,pdfs/Winter record book.pdf,55,2026-08-02T19:47:14Z,glm-5.2:cloud
Boys Indoor Track,3200 m,2001,2A-1A,Jon Goldsmith,Glenelg,9:49.5,pdfs/Winter record book.pdf,55,2026-08-02T19:47:14Z,glm-5.2:cloud
Boys Indoor Track,3200 m,2002,4A-3A,Patrick Bailey,C.M. Wright,9:45.50,pdfs/Winter record book.pdf,55,2026-08-02T19:47:14Z,glm-5.2:cloud
Boys Indoor Track,3200 m,2002,3A-2A,Matt Sanders,Mount Hebron,9:49.5,pdfs/Winter record book.pdf,55,2026-08-02T19:47:14Z,glm-5.2:cloud
Boys Indoor Track,3200 m,2002,2A-1A,Izudin Mehmedovic,Oakland Mills,10:00.9,pdfs/Winter record book.pdf,55,2026-08-02T19:47:14Z,glm-5.2:cloud
Boys Indoor Track,3200 m,2003,4A-3A,Awit Yohannes,Magruder,9:44.5,pdfs/Winter record book.pdf,55,2026-08-02T19:47:14Z,glm-5.2:cloud
Boys Indoor Track,3200 m,2003,3A-2A,William Eden,Annapolis,9:50.8,pdfs/Winter record book.pdf,55,2026-08-02T19:47:14Z,glm-5.2:cloud
Boys Indoor Track,3200 m,2003,2A-1A,Justin Myers,Middletown,10:28.6,pdfs/Winter record book.pdf,55,2026-08-02T19:47:14Z,glm-5.2:cloud
Boys Indoor Track,3200 m,2004,4A-3A,William Eden,Annapolis,9:48.62,pdfs/Winter record book.pdf,55,2026-08-02T19:47:14Z,glm-5.2:cloud
Boys Indoor Track,3200 m,2004,3A-2A,Ryan Murphy,Northern-C,9:54.03,pdfs/Winter record book.pdf,55,2026-08-02T19:47:14Z,glm-5.2:cloud
Boys Indoor Track,3200 m,2004,2A-1A,Devin Hewitt,Wiilamsport,10:18.92,pdfs/Winter record book.pdf,55,2026-08-02T19:47:14Z,glm-5.2:cloud
Boys Indoor Track,3200 m,2005,4A-3A,Andrew Jesien,Walter Johnson,9:32.15,pdfs/Winter record book.pdf,55,2026-08-02T19:47:14Z,glm-5.2:cloud
Boys Indoor Track,3200 m,2005,3A-2A,Hemagiri Arumugam,N. Hagerstown,10:01.74,pdfs/Winter record book.pdf,55,2026-08-02T19:47:14Z,glm-5.2:cloud
Boys Indoor Track,3200 m,2005,2A-1A,Daniel Dewitt,Beall,10:20.28,pdfs/Winter record book.pdf,55,2026-08-02T19:47:14Z,glm-5.2:cloud
Boys Indoor Track,3200 m,2006,4A-3A,Mikias Gelagle,E Roosevelt,9:32.16,pdfs/Winter record book.pdf,55,2026-08-02T19:47:14Z,glm-5.2:cloud
Boys Indoor Track,3200 m,2006,3A-2A,Travis Boccher,Wilde Lake,9:47.78,pdfs/Winter record book.pdf,55,2026-08-02T19:47:14Z,glm-5.2:cloud
Boys Indoor Track,3200 m,2006,2A-1A,Hemagiri Arumugam,N.Hagerstown,9:53.57,pdfs/Winter record book.pdf,55,2026-08-02T19:47:14Z,glm-5.2:cloud
Boys Indoor Track,3200 m,2007,4A-3A,William Palmer,Walt Whitman,9:44.85,pdfs/Winter record book.pdf,55,2026-08-02T19:47:14Z,glm-5.2:cloud
Boys Indoor Track,3200 m,2007,3A-2A,Graham Bazell,Atholton,9:30.06,pdfs/Winter record book.pdf,55,2026-08-02T19:47:14Z,glm-5.2:cloud
Boys Indoor Track,3200 m,2007,2A-1A,Dustin Adams,Clear Spring,10:02.25,pdfs/Winter record book.pdf,55,2026-08-02T19:47:14Z,glm-5.2:cloud
Boys Indoor Track,3200 m,2008,4A,Neal Darmody,Quince Orchard,9:34.45,pdfs/Winter record book.pdf,55,2026-08-02T19:47:14Z,glm-5.2:cloud
Boys Indoor Track,3200 m,2008,3A,Mason Campbell,Towson,9:36.99,pdfs/Winter record book.pdf,55,2026-08-02T19:47:14Z,glm-5.2:cloud
Boys Indoor Track,3200 m,2008,2A,Zach Weinstein,Mount Hebron,9:58.86,pdfs/Winter record book.pdf,55,2026-08-02T19:47:14Z,glm-5.2:cloud
Boys Indoor Track,3200 m,2008,1A,Michael Lilley,Williamsport,10:02.10,pdfs/Winter record book.pdf,55,2026-08-02T19:47:14Z,glm-5.2:cloud
Boys Indoor Track,3200 m,2009,4A,Solomon Haile,Sherwood,9:19.74,pdfs/Winter record book.pdf,55,2026-08-02T19:47:14Z,glm-5.2:cloud
Boys Indoor Track,3200 m,2009,3A,Michael Lynch,Atholton,9:25.53,pdfs/Winter record book.pdf,55,2026-08-02T19:47:14Z,glm-5.2:cloud
Boys Indoor Track,3200 m,2009,2A,Craig Morgan,River Hill,9:44.05,pdfs/Winter record book.pdf,55,2026-08-02T19:47:14Z,glm-5.2:cloud
Boys Indoor Track,3200 m,2009,1A,Michael Lilley,Williamsport,9:49.81,pdfs/Winter record book.pdf,55,2026-08-02T19:47:14Z,glm-5.2:cloud
Boys Indoor Track,3200 m,2010,4A,Jimmy Miller,Urbana,9:46.35,pdfs/Winter record book.pdf,55,2026-08-02T19:47:14Z,glm-5.2:cloud
Boys Indoor Track,3200 m,2010,3A,Kikanae Punyua,Wilde Lake,9:35.93,pdfs/Winter record book.pdf,55,2026-08-02T19:47:14Z,glm-5.2:cloud
Boys Indoor Track,3200 m,2010,2A,Robbie Creese,Glenelg,9:56.66,pdfs/Winter record book.pdf,55,2026-08-02T19:47:14Z,glm-5.2:cloud
Boys Indoor Track,3200 m,2010,1A,David Wilson,Smithsburg,9:31.42,pdfs/Winter record book.pdf,55,2026-08-02T19:47:14Z,glm-5.2:cloud
Boys Indoor Track,3200 m,2011,4A,Alex Willett,Walter Johnson,9:33.34,pdfs/Winter record book.pdf,55,2026-08-02T19:47:14Z,glm-5.2:cloud
Boys Indoor Track,3200 m,2011,3A,Conor Spaulding,Quince Orchard,9:46.84,pdfs/Winter record book.pdf,55,2026-08-02T19:47:14Z,glm-5.2:cloud
Boys Indoor Track,3200 m,2011,2A,Robbie Creese,Glenelg,9:37.46,pdfs/Winter record book.pdf,55,2026-08-02T19:47:14Z,glm-5.2:cloud
Boys Indoor Track,3200 m,2011,1A,Evan Hardy,Williamsport,10:00.57,pdfs/Winter record book.pdf,55,2026-08-02T19:47:14Z,glm-5.2:cloud
Boys Indoor Track,3200 m,2012,4A,Justin Ahalt,Eleanor Roosevelt,9:37.50,pdfs/Winter record book.pdf,55,2026-08-02T19:47:14Z,glm-5.2:cloud
Boys Indoor Track,3200 m,2012,3A,Braden Bruning,Linganore,9:38.37,pdfs/Winter record book.pdf,55,2026-08-02T19:47:14Z,glm-5.2:cloud
Boys Indoor Track,3200 m,2012,2A,Evan Hardy,Williamsport,9:35.61,pdfs/Winter record book.pdf,55,2026-08-02T19:47:14Z,glm-5.2:cloud
Boys Indoor Track,3200 m,2012,1A,Luke Daigneault,Smithsburg,10:00.08,pdfs/Winter record book.pdf,55,2026-08-02T19:47:14Z,glm-5.2:cloud
Boys Indoor Track,3200 m,2013,4A,Vincent Ciattei,Perry Hall,9:30.28,pdfs/Winter record book.pdf,55,2026-08-02T19:47:14Z,glm-5.2:cloud
Boys Indoor Track,3200 m,2013,3A,Harry Bullen,Annapolis,9:27.05,pdfs/Winter record book.pdf,55,2026-08-02T19:47:14Z,glm-5.2:cloud
Boys Indoor Track,3200 m,2013,2A,Chase Weaverling,Poolesville,9:46.81,pdfs/Winter record book.pdf,55,2026-08-02T19:47:14Z,glm-5.2:cloud
Boys Indoor Track,3200 m,2013,1A,Ty Franks,Bohemia Manor,10:21.42,pdfs/Winter record book.pdf,55,2026-08-02T19:47:14Z,glm-5.2:cloud
Boys Indoor Track,3200 m,2014,4A,Ryan Forsyth,Severna Park,9:16.00,pdfs/Winter record book.pdf,55,2026-08-02T19:47:14Z,glm-5.2:cloud
Boys Indoor Track,3200 m,2014,3A,Alec Font,Centennial,9:41.18,pdfs/Winter record book.pdf,55,2026-08-02T19:47:14Z,glm-5.2:cloud
Boys Indoor Track,3200 m,2014,2A,Chase Weaverling,Poolesville,9:29.76,pdfs/Winter record book.pdf,55,2026-08-02T19:47:14Z,glm-5.2:cloud
Boys Indoor Track,3200 m,2014,1A,Ty Franks,Bohemia Manor,10:17.75,pdfs/Winter record book.pdf,55,2026-08-02T19:47:14Z,glm-5.2:cloud
Boys Indoor Track,3200 m,2015,4A,Eric Walz,Dulaney,9:37.97,pdfs/Winter record book.pdf,55,2026-08-02T19:47:14Z,glm-5.2:cloud
Boys Indoor Track,3200 m,2015,3A,David Eisenhauer,Wilde Lake,9:30.31,pdfs/Winter record book.pdf,55,2026-08-02T19:47:14Z,glm-5.2:cloud
Boys Indoor Track,3200 m,2015,2A,Zach Gascho,Catoctin,10:05.06,pdfs/Winter record book.pdf,55,2026-08-02T19:47:14Z,glm-5.2:cloud
Boys Indoor Track,3200 m,2015,1A,Ty Franks,Bohemia Manor,10:18.35,pdfs/Winter record book.pdf,55,2026-08-02T19:47:14Z,glm-5.2:cloud
Boys Indoor Track,3200 m,2016,4A,Eric Walz,Dulaney,9:38.30,pdfs/Winter record book.pdf,55,2026-08-02T19:47:14Z,glm-5.2:cloud
Boys Indoor Track,3200 m,2016,3A,Darren Harman,South Hagerstown,9:35.11,pdfs/Winter record book.pdf,55,2026-08-02T19:47:14Z,glm-5.2:cloud
Boys Indoor Track,3200 m,2016,2A,Jay Hall,Westlake,10:02.35,pdfs/Winter record book.pdf,55,2026-08-02T19:47:14Z,glm-5.2:cloud
Boys Indoor Track,3200 m,2016,1A,Will Merritt,Smithsburg,10:08.77,pdfs/Winter record book.pdf,55,2026-08-02T19:47:14Z,glm-5.2:cloud
Boys Indoor Track,3200 m,2017,4A,Rohan Asfaw,Richard Montgomery,9:43.66,pdfs/Winter record book.pdf,55,2026-08-02T19:47:14Z,glm-5.2:cloud
Boys Indoor Track,3200 m,2017,3A,Ryan Lockett,Poolesville,9:41.04,pdfs/Winter record book.pdf,55,2026-08-02T19:47:14Z,glm-5.2:cloud
Boys Indoor Track,3200 m,2017,2A,Jay Hall,Westlake,9:41.99,pdfs/Winter record book.pdf,55,2026-08-02T19:47:14Z,glm-5.2:cloud
Boys Indoor Track,3200 m,2017,1A,Ben Hartings,Boonsboro,10:18.16,pdfs/Winter record book.pdf,55,2026-08-02T19:47:14Z,glm-5.2:cloud
Boys Indoor Track,3200 m,2018,4A,Adam Nakasaka,Bethesda-Chevy Chase,9:26.21,pdfs/Winter record book.pdf,55,2026-08-02T19:47:14Z,glm-5.2:cloud
Boys Indoor Track,3200 m,2018,3A,Michael Belmaggio,Linganore,9:47.46,pdfs/Winter record book.pdf,55,2026-08-02T19:47:14Z,glm-5.2:cloud
Boys Indoor Track,3200 m,2018,2A,Anish Nanjappa,River Hill,9:40.29,pdfs/Winter record book.pdf,55,2026-08-02T19:47:14Z,glm-5.2:cloud
Boys Indoor Track,3200 m,2018,1A,Declan Horner,Southern-Garrett,10:18.09,pdfs/Winter record book.pdf,55,2026-08-02T19:47:14Z,glm-5.2:cloud
Boys Indoor Track,3200 m,2019,4A,Eldad Mulugeta,Northwood,9:17.94,pdfs/Winter record book.pdf,55,2026-08-02T19:47:14Z,glm-5.2:cloud
Boys Indoor Track,3200 m,2019,3A,Michael Belmaggio,Linganore,9:39.08,pdfs/Winter record book.pdf,55,2026-08-02T19:47:14Z,glm-5.2:cloud
Boys Indoor Track,3200 m,2019,2A,Justin Diehl,Calvert,9:28.63,pdfs/Winter record book.pdf,55,2026-08-02T19:47:14Z,glm-5.2:cloud
Boys Indoor Track,3200 m,2019,1A,Henry Schmidt,Boonsboro,10:09.09,pdfs/Winter record book.pdf,55,2026-08-02T19:47:14Z,glm-5.2:cloud
Boys Indoor Track,3200 m,2020,4A,Sam Keeny,South River,9:21.94,pdfs/Winter record book.pdf,55,2026-08-02T19:47:14Z,glm-5.2:cloud
Boys Indoor Track,3200 m,2020,3A,Anish Nanjappa,River Hill,9:33.72,pdfs/Winter record book.pdf,55,2026-08-02T19:47:14Z,glm-5.2:cloud
Boys Indoor Track,3200 m,2020,2A,Zane Chalker,Williamsport,9:52.47,pdfs/Winter record book.pdf,55,2026-08-02T19:47:14Z,glm-5.2:cloud
Boys Indoor Track,3200 m,2020,1A,Day Leone,Bohemia Manor,10:19.90,pdfs/Winter record book.pdf,55,2026-08-02T19:47:14Z,glm-5.2:cloud
Boys Indoor Track,3200 m,2022,4A,Tucker Sangster,Arundel,9:45.43,pdfs/Winter record book.pdf,55,2026-08-02T19:47:14Z,glm-5.2:cloud
Boys Indoor Track,3200 m,2022,3A,John Sears,Linganore,9:52.22,pdfs/Winter record book.pdf,55,2026-08-02T19:47:14Z,glm-5.2:cloud
Boys Indoor Track,3200 m,2022,2A,Ethan Aidam,Oakland Mills,10:09.78,pdfs/Winter record book.pdf,55,2026-08-02T19:47:14Z,glm-5.2:cloud
Boys Indoor Track,3200 m,2022,1A,Sean Milligan,Smithsburg,10:22.97,pdfs/Winter record book.pdf,55,2026-08-02T19:47:14Z,glm-5.2:cloud
Boys Indoor Track,3200 m,2023,4A,Liam Hagerty,Severna Park,9:35.70,pdfs/Winter record book.pdf,55,2026-08-02T19:47:14Z,glm-5.2:cloud
Boys Indoor Track,3200 m,2023,3A,Henry Hopper,Wilde Lake,9:37.87,pdfs/Winter record book.pdf,55,2026-08-02T19:47:14Z,glm-5.2:cloud
Boys Indoor Track,3200 m,2023,2A,Ethan Aidam,Oakland Mills,10:03.23,pdfs/Winter record book.pdf,55,2026-08-02T19:47:14Z,glm-5.2:cloud
Boys Indoor Track,3200 m,2023,1A,Alexander Contreras,Catoctin,10:26.74,pdfs/Winter record book.pdf,55,2026-08-02T19:47:14Z,glm-5.2:cloud
Boys Indoor Track,3200 m,2024,4A,James Partlow,Gov. Thomas Johnson,9:15.77,pdfs/Winter record book.pdf,55,2026-08-02T19:47:14Z,glm-5.2:cloud
Boys Indoor Track,3200 m,2024,3A,Joseph Ensor,Howard,9:43.55,pdfs/Winter record book.pdf,55,2026-08-02T19:47:14Z,glm-5.2:cloud
Boys Indoor Track,3200 m,2024,2A,Eric Penkala,Southern-AA,9:31.39,pdfs/Winter record book.pdf,55,2026-08-02T19:47:14Z,glm-5.2:cloud
Boys Indoor Track,3200 m,2024,1A,Gabriel Riling,Catoctin,10:05.42,pdfs/Winter record book.pdf,55,2026-08-02T19:47:14Z,glm-5.2:cloud
Boys Indoor Track,3200 m,2025,4A,Kieran White,Parkdale,9:33.88,pdfs/Winter record book.pdf,55,2026-08-02T19:47:14Z,glm-5.2:cloud
Boys Indoor Track,3200 m,2025,3A,Theodore Brown,Towson,9:44.15,pdfs/Winter record book.pdf,55,2026-08-02T19:47:14Z,glm-5.2:cloud
Boys Indoor Track,3200 m,2025,2A,Eric Penkala,Southern-AA,9:44.91,pdfs/Winter record book.pdf,55,2026-08-02T19:47:14Z,glm-5.2:cloud
Boys Indoor Track,3200 m,2025,1A,Gregory Schellberg,Liberty,9:57.84,pdfs/Winter record book.pdf,55,2026-08-02T19:47:14Z,glm-5.2:cloud
Boys Indoor Track,55 m Hurdles,1972,Combined,Tom Gwaltney,Dundalk,7.6 (60y),pdfs/Winter record book.pdf,55,2026-08-02T19:47:14Z,glm-5.2:cloud
Boys Indoor Track,55 m Hurdles,1973,AA,Matt Jacobs,B-CC,6.6 (50m),pdfs/Winter record book.pdf,55,2026-08-02T19:47:14Z,glm-5.2:cloud
Boys Indoor Track,55 m Hurdles,1973,ABC,Chuck Wills,Thomas Johnson,6.6 (50m),pdfs/Winter record book.pdf,55,2026-08-02T19:47:14Z,glm-5.2:cloud
Boys Indoor Track,55 m Hurdles,1974,AA,Roger Geary,Woodlawn,6.2 (50m),pdfs/Winter record book.pdf,55,2026-08-02T19:47:14Z,glm-5.2:cloud
Boys Indoor Track,55 m Hurdles,1974,ABC,Chuck Wills,Thomas Johnson,6.4 (50m),pdfs/Winter record book.pdf,55,2026-08-02T19:47:14Z,glm-5.2:cloud
Boys Indoor Track,55 m Hurdles,1975,AA,Michael Holston,Bladensburg,6.4 (50m),pdfs/Winter record book.pdf,55,2026-08-02T19:47:14Z,glm-5.2:cloud
Boys Indoor Track,55 m Hurdles,1975,ABC,Leroy Walker,Friendly,6.4 (50m),pdfs/Winter record book.pdf,55,2026-08-02T19:47:14Z,glm-5.2:cloud
Boys Indoor Track,55 m Hurdles,1976,AA,Brock Ware,Churchill,6.2 (50m),pdfs/Winter record book.pdf,55,2026-08-02T19:47:14Z,glm-5.2:cloud
Boys Indoor Track,55 m Hurdles,1976,ABC,Rawle Ashley,Fairmont Heights,6.5 (50m),pdfs/Winter record book.pdf,55,2026-08-02T19:47:14Z,glm-5.2:cloud
Boys Indoor Track,55 m Hurdles,1977,AA,Cookie Hughes,Woodlawn,7.5 (60y),pdfs/Winter record book.pdf,55,2026-08-02T19:47:14Z,glm-5.2:cloud
Boys Indoor Track,55 m Hurdles,1977,ABC,Mike Tyler,Old Mill,7.3 (60y),pdfs/Winter record book.pdf,55,2026-08-02T19:47:14Z,glm-5.2:cloud
Boys Indoor Track,55 m Hurdles,1978,AA,Leon Jones,Old Mill,7.5 (60y),pdfs/Winter record book.pdf,55,2026-08-02T19:47:14Z,glm-5.2:cloud
Boys Indoor Track,55 m Hurdles,1978,ABC,Marvin Kelly,J.M. Bennett,7.4 (60y),pdfs/Winter record book.pdf,55,2026-08-02T19:47:14Z,glm-5.2:cloud
Boys Indoor Track,55 m Hurdles,1979,AA,Skip Robinson,Peary,7.4 (60y),pdfs/Winter record book.pdf,55,2026-08-02T19:47:14Z,glm-5.2:cloud
Boys Indoor Track,55 m Hurdles,1979,ABC,John Smith,Richard Montgomery,7.7 (60y),pdfs/Winter record book.pdf,55,2026-08-02T19:47:14Z,glm-5.2:cloud
Boys Indoor Track,55 m Hurdles,1980,AA,Bruce Wample,Annapolis,7.4 (60y),pdfs/Winter record book.pdf,55,2026-08-02T19:47:14Z,glm-5.2:cloud
Boys Indoor Track,55 m Hurdles,1980,A,Morris Walker,Central-PG,7.5 (60y),pdfs/Winter record book.pdf,55,2026-08-02T19:47:14Z,glm-5.2:cloud
Boys Indoor Track,55 m Hurdles,1980,BC,John Martin,Sparrows Point,7.6 (55m),pdfs/Winter record book.pdf,55,2026-08-02T19:47:14Z,glm-5.2:cloud
Boys Indoor Track,55 m Hurdles,1981,AA,Daryl Watson,Oxon Hill,7.2 (60y),pdfs/Winter record book.pdf,55,2026-08-02T19:47:14Z,glm-5.2:cloud
Boys Indoor Track,55 m Hurdles,1981,A,Tony Kiser,Milford Mill,7.4 (60y),pdfs/Winter record book.pdf,55,2026-08-02T19:47:14Z,glm-5.2:cloud
Boys Indoor Track,55 m Hurdles,1981,BC,Charlton Marshall,Oakland Mills,7.6 (60y),pdfs/Winter record book.pdf,55,2026-08-02T19:47:14Z,glm-5.2:cloud
Boys Indoor Track,55 m Hurdles,1982,AA,Barry Fikes,Crossland,7.56 (60y),pdfs/Winter record book.pdf,55,2026-08-02T19:47:14Z,glm-5.2:cloud
Boys Indoor Track,55 m Hurdles,1982,A,Gerald Hinton,Peary,8.00 (60y),pdfs/Winter record book.pdf,55,2026-08-02T19:47:14Z,glm-5.2:cloud
Boys Indoor Track,55 m Hurdles,1982,BC,Tony Kiser,Milford Mill,7.64 (60y),pdfs/Winter record book.pdf,55,2026-08-02T19:47:14Z,glm-5.2:cloud
Boys Indoor Track,55 m Hurdles,1983,AA,Tony Butts,Northwestern-PG,7.82 (60y),pdfs/Winter record book.pdf,55,2026-08-02T19:47:14Z,glm-5.2:cloud
Boys Indoor Track,55 m Hurdles,1983,A,Ronald Tyler,Peary,7.80 (60y),pdfs/Winter record book.pdf,55,2026-08-02T19:47:14Z,glm-5.2:cloud
Boys Indoor Track,55 m Hurdles,1983,BC,Maynard Hurd,Frederick,7.7 (60y),pdfs/Winter record book.pdf,55,2026-08-02T19:47:14Z,glm-5.2:cloud
Boys Indoor Track,55 m Hurdles,1984,AA,Lionel Montgomery,Old Mill,7.6,pdfs/Winter record book.pdf,55,2026-08-02T19:47:14Z,glm-5.2:cloud
Boys Indoor Track,55 m Hurdles,1984,A,Kenny Lewis,Douglass-PG,7.6,pdfs/Winter record book.pdf,55,2026-08-02T19:47:14Z,glm-5.2:cloud
Boys Indoor Track,55 m Hurdles,1984,BC,Steve Style,Forestville,7.8,pdfs/Winter record book.pdf,55,2026-08-02T19:47:14Z,glm-5.2:cloud
Boys Indoor Track,55 m Hurdles,1985,AA,Bruce Reid,Annapolis,7.4,pdfs/Winter record book.pdf,55,2026-08-02T19:47:14Z,glm-5.2:cloud
Boys Indoor Track,55 m Hurdles,1985,A,John White,Paint Branch,7.8,pdfs/Winter record book.pdf,55,2026-08-02T19:47:14Z,glm-5.2:cloud
Boys Indoor Track,55 m Hurdles,1985,BC,Sam Harris,Howard,7.6,pdfs/Winter record book.pdf,55,2026-08-02T19:47:14Z,glm-5.2:cloud
Boys Indoor Track,55 m Hurdles,1986,Combined,Bart Bailey,Suitland,7.3,pdfs/Winter record book.pdf,55,2026-08-02T19:47:14Z,glm-5.2:cloud
Boys Indoor Track,55 m Hurdles,1987,AA,T.J. Robinson,Woodlawn,7.6,pdfs/Winter record book.pdf,55,2026-08-02T19:47:14Z,glm-5.2:cloud
Boys Indoor Track,55 m Hurdles,1987,A,Chris Felton,Queen Anne's,7.7,pdfs/Winter record book.pdf,55,2026-08-02T19:47:14Z,glm-5.2:cloud
Boys Indoor Track,55 m Hurdles,1987,BC,Kelly Davis,Centennial,7.7,pdfs/Winter record book.pdf,55,2026-08-02T19:47:14Z,glm-5.2:cloud
Boys Indoor Track,55 m Hurdles,1988,AA,Jerry Roney,Woodlawn,7.4,pdfs/Winter record book.pdf,55,2026-08-02T19:47:14Z,glm-5.2:cloud
Boys Indoor Track,55 m Hurdles,1988,A,Chris Felton,Queen Anne's,7.6,pdfs/Winter record book.pdf,55,2026-08-02T19:47:14Z,glm-5.2:cloud
Boys Indoor Track,55 m Hurdles,1988,BC,Kelly Davis,Centennial,7.7,pdfs/Winter record book.pdf,55,2026-08-02T19:47:14Z,glm-5.2:cloud
Boys Indoor Track,55 m Hurdles,1989,4A,Gerald Taylor,Woodlawn,7.57,pdfs/Winter record book.pdf,55,2026-08-02T19:47:14Z,glm-5.2:cloud
Boys Indoor Track,55 m Hurdles,1989,3A,Tim Riverbark,Sherwood,8.01,pdfs/Winter record book.pdf,55,2026-08-02T19:47:14Z,glm-5.2:cloud
Boys Indoor Track,55 m Hurdles,1989,2A-1A,Shannon Flowers,Milford Mill,7.73,pdfs/Winter record book.pdf,55,2026-08-02T19:47:14Z,glm-5.2:cloud
Boys Indoor Track,55 m Hurdles,1990,4A,Michael Sye,Woodlawn,7.56,pdfs/Winter record book.pdf,55,2026-08-02T19:47:14Z,glm-5.2:cloud
Boys Indoor Track,55 m Hurdles,1990,3A,Tony Humenik,Great Mills,7.94,pdfs/Winter record book.pdf,55,2026-08-02T19:47:14Z,glm-5.2:cloud
Boys Indoor Track,55 m Hurdles,1990,2A-1A,Chip Hardick,Damascus,8.10,pdfs/Winter record book.pdf,55,2026-08-02T19:47:14Z,glm-5.2:cloud
Boys Indoor Track,55 m Hurdles,1991,4A,Rocky McMillan,Old Mill,7.7,pdfs/Winter record book.pdf,55,2026-08-02T19:47:14Z,glm-5.2:cloud
Boys Indoor Track,55 m Hurdles,1991,3A,Tyrone McKoy,Surrattsville,7.7,pdfs/Winter record book.pdf,55,2026-08-02T19:47:14Z,glm-5.2:cloud
Boys Indoor Track,55 m Hurdles,1991,2A-1A,Dave Royal,Milford Mill,7.7,pdfs/Winter record book.pdf,55,2026-08-02T19:47:14Z,glm-5.2:cloud
Boys Indoor Track,55 m Hurdles,1992,4A,Rocky McMillan,Old Mill,7.72,pdfs/Winter record book.pdf,55,2026-08-02T19:47:14Z,glm-5.2:cloud
Boys Indoor Track,55 m Hurdles,1992,3A,Jesse Patterson,B-CC,7.80,pdfs/Winter record book.pdf,55,2026-08-02T19:47:14Z,glm-5.2:cloud
Boys Indoor Track,55 m Hurdles,1992,2A-1A,Heath Crone,Smithsburg,7.60,pdfs/Winter record book.pdf,55,2026-08-02T19:47:14Z,glm-5.2:cloud
Boys Indoor Track,55 m Hurdles,1993,4A,Ernest Payton,Suitland,7.64,pdfs/Winter record book.pdf,55,2026-08-02T19:47:14Z,glm-5.2:cloud
Boys Indoor Track,55 m Hurdles,1993,3A,Jesse Patterson,B-CC,7.97,pdfs/Winter record book.pdf,55,2026-08-02T19:47:14Z,glm-5.2:cloud
Boys Indoor Track,55 m Hurdles,1993,2A-1A,Robert Sharps,Hammond,7.69,pdfs/Winter record book.pdf,55,2026-08-02T19:47:14Z,glm-5.2:cloud
Boys Indoor Track,55 m Hurdles,1994,4A,Todd Sheridan,Churchill,7.96,pdfs/Winter record book.pdf,55,2026-08-02T19:47:14Z,glm-5.2:cloud
Boys Indoor Track,55 m Hurdles,1994,3A,Alex Galifianakis,J.M. Bennett,7.70,pdfs/Winter record book.pdf,55,2026-08-02T19:47:14Z,glm-5.2:cloud
Boys Indoor Track,55 m Hurdles,1994,2A-1A,Desmond Doherty,Fairmont Heights,7.79,pdfs/Winter record book.pdf,55,2026-08-02T19:47:14Z,glm-5.2:cloud
Boys Indoor Track,55 m Hurdles,1995,4A,James Carter,Mergenthaler,7.58,pdfs/Winter record book.pdf,55,2026-08-02T19:47:14Z,glm-5.2:cloud
Boys Indoor Track,55 m Hurdles,1995,3A,Daniel Thompson,Douglass-PG,7.89,pdfs/Winter record book.pdf,55,2026-08-02T19:47:14Z,glm-5.2:cloud
Boys Indoor Track,55 m Hurdles,1995,2A-1A,Kyle Walker,Oakland Mills,7.60,pdfs/Winter record book.pdf,55,2026-08-02T19:47:14Z,glm-5.2:cloud
Boys Indoor Track,55 m Hurdles,1996,4A,Jack Jeffries,Largo,7.49,pdfs/Winter record book.pdf,55,2026-08-02T19:47:14Z,glm-5.2:cloud
Boys Indoor Track,55 m Hurdles,1996,3A,Craig Thompson,Woodlawn,7.61,pdfs/Winter record book.pdf,55,2026-08-02T19:47:14Z,glm-5.2:cloud
Boys Indoor Track,55 m Hurdles,1996,2A-1A,Larry Scroggins,Baltimore Polytechnic,7.83,pdfs/Winter record book.pdf,55,2026-08-02T19:47:14Z,glm-5.2:cloud
Boys Indoor Track,55 m Hurdles,1997,4A-3A,Malcolm Vaughn,Meade,7.61,pdfs/Winter record book.pdf,55,2026-08-02T19:47:14Z,glm-5.2:cloud
Boys Indoor Track,55 m Hurdles,1997,3A-2A,Jeff McKelvin,Randallstown,7.40,pdfs/Winter record book.pdf,55,2026-08-02T19:47:14Z,glm-5.2:cloud
Boys Indoor Track,55 m Hurdles,1997,2A-1A,Boyd Ouden,Central-PG,8.21,pdfs/Winter record book.pdf,55,2026-08-02T19:47:14Z,glm-5.2:cloud
Boys Indoor Track,55 m Hurdles,1998,4A-3A,Matt McGuire,Richard Montgomery,7.50,pdfs/Winter record book.pdf,55,2026-08-02T19:47:14Z,glm-5.2:cloud
Boys Indoor Track,55 m Hurdles,1998,3A-2A,Joel Brown,Woodlawn,7.62,pdfs/Winter record book.pdf,55,2026-08-02T19:47:14Z,glm-5.2:cloud
Boys Indoor Track,55 m Hurdles,1998,2A-1A,Arnold Henry,Polytechnic,7.70,pdfs/Winter record book.pdf,55,2026-08-02T19:47:14Z,glm-5.2:cloud
Boys Indoor Track,55 m Hurdles,1999,4A-3A,Dwight Thomas,High Point,7.40,pdfs/Winter record book.pdf,55,2026-08-02T19:47:14Z,glm-5.2:cloud
Boys Indoor Track,55 m Hurdles,1999,3A-2A,Joel Brown,Woodlawn,7.40,pdfs/Winter record book.pdf,55,2026-08-02T19:47:14Z,glm-5.2:cloud
Boys Indoor Track,55 m Hurdles,1999,2A-1A,Jerod Void,Surrattsville,7.60,pdfs/Winter record book.pdf,55,2026-08-02T19:47:14Z,glm-5.2:cloud
Boys Indoor Track,55 m Hurdles,2000,4A-3A,Jared Craig,Westminster,7.51,pdfs/Winter record book.pdf,55,2026-08-02T19:47:14Z,glm-5.2:cloud
Boys Indoor Track,55 m Hurdles,2000,3A-2A,Matt Metz,Urbana,8.06,pdfs/Winter record book.pdf,55,2026-08-02T19:47:14Z,glm-5.2:cloud
Boys Indoor Track,55 m Hurdles,2000,2A-1A,Jerod Void,Surrattsville,7.75,pdfs/Winter record book.pdf,55,2026-08-02T19:47:14Z,glm-5.2:cloud
Boys Indoor Track,55 m Hurdles,2001,4A-3A,Ronnie Beard,Frederick,7.50,pdfs/Winter record book.pdf,55,2026-08-02T19:47:14Z,glm-5.2:cloud
Boys Indoor Track,55 m Hurdles,2001,3A-2A,Ryan Blackwell,Howard,7.80,pdfs/Winter record book.pdf,55,2026-08-02T19:47:14Z,glm-5.2:cloud
Boys Indoor Track,55 m Hurdles,2001,2A-1A,Jerod Void,Surrattsville,7.48,pdfs/Winter record book.pdf,55,2026-08-02T19:47:14Z,glm-5.2:cloud
Boys Indoor Track,55 m Hurdles,2002,4A-3A,Deyon Williams,Suitland,7.51,pdfs/Winter record book.pdf,55,2026-08-02T19:47:14Z,glm-5.2:cloud
Boys Indoor Track,55 m Hurdles,2002,3A-2A,Mike Brown,Annapolis,7.80,pdfs/Winter record book.pdf,55,2026-08-02T19:47:14Z,glm-5.2:cloud
Boys Indoor Track,55 m Hurdles,2002,2A-1A,Dan Robinson,Boonsboro,8.15,pdfs/Winter record book.pdf,55,2026-08-02T19:47:14Z,glm-5.2:cloud
Boys Indoor Track,55 m Hurdles,2003,4A-3A,Ronnie Beard,Frederick,7.40,pdfs/Winter record book.pdf,55,2026-08-02T19:47:14Z,glm-5.2:cloud
Boys Indoor Track,55 m Hurdles,2003,3A-2A,Quinton Brown,Frederick,7.79,pdfs/Winter record book.pdf,55,2026-08-02T19:47:14Z,glm-5.2:cloud
Boys Indoor Track,55 m Hurdles,2003,2A-1A,Dan Robinson,Boonsboro,7.67,pdfs/Winter record book.pdf,55,2026-08-02T19:47:14Z,glm-5.2:cloud
Boys Indoor Track,55 m Hurdles,2004,4A-3A,Bryan Jones,Arundel,7.48,pdfs/Winter record book.pdf,55,2026-08-02T19:47:14Z,glm-5.2:cloud
Boys Indoor Track,55 m Hurdles,2004,3A-2A,Steve Knight,Calvert,7.46,pdfs/Winter record book.pdf,55,2026-08-02T19:47:14Z,glm-5.2:cloud
Boys Indoor Track,55 m Hurdles,2004,2A-1A,Dan Robinson,Boonsboro,7.72,pdfs/Winter record book.pdf,55,2026-08-02T19:47:14Z,glm-5.2:cloud
Boys Indoor Track,55 m Hurdles,2005,4A-3A,Brett Brown,C.H. Flowers,7.61,pdfs/Winter record book.pdf,55,2026-08-02T19:47:14Z,glm-5.2:cloud
Boys Indoor Track,55 m Hurdles,2005,3A-2A,Carnal Pugh,Gwynn Park,7.93,pdfs/Winter record book.pdf,55,2026-08-02T19:47:14Z,glm-5.2:cloud
Boys Indoor Track,55 m Hurdles,2005,2A-1A,Chris Jones,Century,7.71,pdfs/Winter record book.pdf,55,2026-08-02T19:47:14Z,glm-5.2:cloud
Boys Indoor Track,55 m Hurdles,2006,4A-3A,Carnal Pugh,Oxon Hill,7.64,pdfs/Winter record book.pdf,55,2026-08-02T19:47:14Z,glm-5.2:cloud
Boys Indoor Track,55 m Hurdles,2006,3A-2A,Jack Hutchison,Kent Island,7.57,pdfs/Winter record book.pdf,55,2026-08-02T19:47:14Z,glm-5.2:cloud
Boys Indoor Track,55 m Hurdles,2006,2A-1A,Garrett Summers,Fairmont Heights,7.75,pdfs/Winter record book.pdf,55,2026-08-02T19:47:14Z,glm-5.2:cloud
Boys Indoor Track,55 m Hurdles,2007,4A-3A,Tyler Jackson,Richard Montgomery,7.71,pdfs/Winter record book.pdf,55,2026-08-02T19:47:14Z,glm-5.2:cloud
Boys Indoor Track,55 m Hurdles,2007,3A-2A,Zach Ray,Huntingtown,7.45,pdfs/Winter record book.pdf,55,2026-08-02T19:47:14Z,glm-5.2:cloud
Boys Indoor Track,55 m Hurdles,2007,2A-1A,Jermol Dix,Western STES,7.78,pdfs/Winter record book.pdf,55,2026-08-02T19:47:14Z,glm-5.2:cloud
Boys Indoor Track,55 m Hurdles,2008,4A,Ernest Cooper,Henry Wise,7.57,pdfs/Winter record book.pdf,55,2026-08-02T19:47:14Z,glm-5.2:cloud
Boys Indoor Track,55 m Hurdles,2008,3A,Antonio Ricchiuto,Huntingtown,7.96,pdfs/Winter record book.pdf,55,2026-08-02T19:47:14Z,glm-5.2:cloud
Boys Indoor Track,55 m Hurdles,2008,2A,Mark Cover,Eastern Technical,7.77,pdfs/Winter record book.pdf,55,2026-08-02T19:47:14Z,glm-5.2:cloud
Boys Indoor Track,55 m Hurdles,2008,1A,Jermol Dix,Western STES,7.85,pdfs/Winter record book.pdf,55,2026-08-02T19:47:14Z,glm-5.2:cloud
Boys Indoor Track,55 m Hurdles,2009,4A,Trae Proctor,Thomas Stone,7.66,pdfs/Winter record book.pdf,55,2026-08-02T19:47:14Z,glm-5.2:cloud
Boys Indoor Track,55 m Hurdles,2009,3A,Robert Moore,Largo,7.85,pdfs/Winter record book.pdf,55,2026-08-02T19:47:14Z,glm-5.2:cloud
Boys Indoor Track,55 m Hurdles,2009,2A,Kenneth Andoll,Polytechnic,7.78,pdfs/Winter record book.pdf,55,2026-08-02T19:47:14Z,glm-5.2:cloud
Boys Indoor Track,55 m Hurdles,2009,1A,Justin Bowie,Williamsport,7.92,pdfs/Winter record book.pdf,55,2026-08-02T19:47:14Z,glm-5.2:cloud
Boys Indoor Track,55 m Hurdles,2010,4A,Marquis Woodyard,Thomas Johnson,7.41,pdfs/Winter record book.pdf,55,2026-08-02T19:47:14Z,glm-5.2:cloud
Boys Indoor Track,55 m Hurdles,2010,3A,Javar Cruz,Frederick,7.69,pdfs/Winter record book.pdf,55,2026-08-02T19:47:14Z,glm-5.2:cloud
Boys Indoor Track,55 m Hurdles,2010,2A,Austin Strine,Middletown,7.85,pdfs/Winter record book.pdf,55,2026-08-02T19:47:14Z,glm-5.2:cloud
Boys Indoor Track,55 m Hurdles,2010,1A,Christopher Jackson,Forest Park,7.72,pdfs/Winter record book.pdf,55,2026-08-02T19:47:14Z,glm-5.2:cloud
Boys Indoor Track,55 m Hurdles,2011,4A,Kyle Smith,Oxon Hill,7.66,pdfs/Winter record book.pdf,55,2026-08-02T19:47:14Z,glm-5.2:cloud
Boys Indoor Track,55 m Hurdles,2011,3A,Jeremy Dorsey,Linganore,7.58,pdfs/Winter record book.pdf,55,2026-08-02T19:47:14Z,glm-5.2:cloud
Boys Indoor Track,55 m Hurdles,2011,2A,Oyetemiosje Eyeguokan,Randallstown,7.76,pdfs/Winter record book.pdf,55,2026-08-02T19:47:14Z,glm-5.2:cloud
Boys Indoor Track,55 m Hurdles,2011,1A,Aaron Dove,Carver-B,7.98,pdfs/Winter record book.pdf,55,2026-08-02T19:47:14Z,glm-5.2:cloud
Boys Indoor Track,55 m Hurdles,2012,4A,Uche Oparaku,DuVal,7.73,pdfs/Winter record book.pdf,55,2026-08-02T19:47:14Z,glm-5.2:cloud
Boys Indoor Track,55 m Hurdles,2012,3A,Dondre Echols,Potomac,7.20,pdfs/Winter record book.pdf,55,2026-08-02T19:47:14Z,glm-5.2:cloud
Boys Indoor Track,55 m Hurdles,2012,2A,Kyle Smith,Douglass-PG,7.64,pdfs/Winter record book.pdf,55,2026-08-02T19:47:14Z,glm-5.2:cloud
Boys Indoor Track,55 m Hurdles,2012,1A,Zach Dell,North Carroll,8.18,pdfs/Winter record book.pdf,55,2026-08-02T19:47:14Z,glm-5.2:cloud
Boys Indoor Track,55 m Hurdles,2013,4A,Kevin Random,Meade,7.71,pdfs/Winter record book.pdf,55,2026-08-02T19:47:14Z,glm-5.2:cloud
Boys Indoor Track,55 m Hurdles,2013,3A,Marcus Foster,Tuscarora,7.66,pdfs/Winter record book.pdf,55,2026-08-02T19:47:14Z,glm-5.2:cloud
Boys Indoor Track,55 m Hurdles,2013,2A,Julian Woods,Century,7.56,pdfs/Winter record book.pdf,55,2026-08-02T19:47:14Z,glm-5.2:cloud
Boys Indoor Track,55 m Hurdles,2013,1A,Daniel Lewis,Pikesville,8.06,pdfs/Winter record book.pdf,55,2026-08-02T19:47:14Z,glm-5.2:cloud
Boys Indoor Track,55 m Hurdles,2014,4A,Devon Gutrick,North Point,7.59,pdfs/Winter record book.pdf,55,2026-08-02T19:47:14Z,glm-5.2:cloud
Boys Indoor Track,55 m Hurdles,2014,3A,Robert Carter,Long Reach,7.55,pdfs/Winter record book.pdf,55,2026-08-02T19:47:14Z,glm-5.2:cloud
Boys Indoor Track,55 m Hurdles,2014,2A,Jamal Cody,Hereford,7.89,pdfs/Winter record book.pdf,55,2026-08-02T19:47:14Z,glm-5.2:cloud
Boys Indoor Track,55 m Hurdles,2014,1A,Daniel Lewis,Pikesville,8.01,pdfs/Winter record book.pdf,55,2026-08-02T19:47:14Z,glm-5.2:cloud
Boys Indoor Track,55 m Hurdles,2015,4A,Shyheim Wright,Northwest,7.27,pdfs/Winter record book.pdf,55,2026-08-02T19:47:14Z,glm-5.2:cloud
Boys Indoor Track,55 m Hurdles,2015,3A,Robert Miller,City College,7.46,pdfs/Winter record book.pdf,55,2026-08-02T19:47:14Z,glm-5.2:cloud
Boys Indoor Track,55 m Hurdles,2015,2A,Bryan Howell,Loch Raven,7.77,pdfs/Winter record book.pdf,55,2026-08-02T19:47:14Z,glm-5.2:cloud
Boys Indoor Track,55 m Hurdles,2015,1A,Michale Reyes,Fairmont Heights,8.29,pdfs/Winter record book.pdf,55,2026-08-02T19:47:14Z,glm-5.2:cloud
Boys Indoor Track,55 m Hurdles,2016,4A,Shyheim Wright,Northwest,7.39,pdfs/Winter record book.pdf,55,2026-08-02T19:47:14Z,glm-5.2:cloud
Boys Indoor Track,55 m Hurdles,2016,3A,Casimir Tawiah,Great Mills,7.39,pdfs/Winter record book.pdf,55,2026-08-02T19:47:14Z,glm-5.2:cloud
Boys Indoor Track,55 m Hurdles,2016,2A,Jalen Elliott,Westlake,7.49,pdfs/Winter record book.pdf,55,2026-08-02T19:47:14Z,glm-5.2:cloud
Boys Indoor Track,55 m Hurdles,2016,1A,Michale Reyes,Fairmont Heights,8.12,pdfs/Winter record book.pdf,55,2026-08-02T19:47:14Z,glm-5.2:cloud
Boys Indoor Track,55 m Hurdles,2017,4A,Tyrone Bryan,Parkdale,7.49,pdfs/Winter record book.pdf,56,2026-08-02T19:47:30Z,glm-5.2:cloud
Boys Indoor Track,55 m Hurdles,2017,3A,William Henderson,Baltimore Polytechnic,7.27,pdfs/Winter record book.pdf,56,2026-08-02T19:47:30Z,glm-5.2:cloud
Boys Indoor Track,55 m Hurdles,2017,2A,Andre Turay,Oakland Mills,7.72,pdfs/Winter record book.pdf,56,2026-08-02T19:47:30Z,glm-5.2:cloud
Boys Indoor Track,55 m Hurdles,2017,1A,Brant Butler,McDonough,7.98,pdfs/Winter record book.pdf,56,2026-08-02T19:47:30Z,glm-5.2:cloud
Boys Indoor Track,55 m Hurdles,2018,4A,Brandon Tunson,Charles H. Flowers,7.44,pdfs/Winter record book.pdf,56,2026-08-02T19:47:30Z,glm-5.2:cloud
Boys Indoor Track,55 m Hurdles,2018,3A,Andre Turay,South Hagerstown,7.35,pdfs/Winter record book.pdf,56,2026-08-02T19:47:30Z,glm-5.2:cloud
Boys Indoor Track,55 m Hurdles,2018,2A,Alex Strong,La Plata,7.66,pdfs/Winter record book.pdf,56,2026-08-02T19:47:30Z,glm-5.2:cloud
Boys Indoor Track,55 m Hurdles,2018,1A,Aaron Hackett,Largo,7.65,pdfs/Winter record book.pdf,56,2026-08-02T19:47:30Z,glm-5.2:cloud
Boys Indoor Track,55 m Hurdles,2019,4A,Adetomiwa Adebayo,DuVal,7.46,pdfs/Winter record book.pdf,56,2026-08-02T19:47:30Z,glm-5.2:cloud
Boys Indoor Track,55 m Hurdles,2019,3A,Zackary Sampson,Oxon Hill,7.59,pdfs/Winter record book.pdf,56,2026-08-02T19:47:30Z,glm-5.2:cloud
Boys Indoor Track,55 m Hurdles,2019,2A,Jalen Stanton,Century,7.54,pdfs/Winter record book.pdf,56,2026-08-02T19:47:30Z,glm-5.2:cloud
Boys Indoor Track,55 m Hurdles,2019,1A,Kyle Noll,Crisfield,7.95,pdfs/Winter record book.pdf,56,2026-08-02T19:47:30Z,glm-5.2:cloud
Boys Indoor Track,55 m Hurdles,2020,4A,Abdul Henley,Dulaney,7.63,pdfs/Winter record book.pdf,56,2026-08-02T19:47:30Z,glm-5.2:cloud
Boys Indoor Track,55 m Hurdles,2020,3A,Taishaun Craddock,Dundalk,7.56,pdfs/Winter record book.pdf,56,2026-08-02T19:47:30Z,glm-5.2:cloud
Boys Indoor Track,55 m Hurdles,2020,2A,Shawn Getzen,Digital Harbor,7.65,pdfs/Winter record book.pdf,56,2026-08-02T19:47:30Z,glm-5.2:cloud
Boys Indoor Track,55 m Hurdles,2020,1A,Kyle Noll,Crisfield,7.71,pdfs/Winter record book.pdf,56,2026-08-02T19:47:30Z,glm-5.2:cloud
Boys Indoor Track,55 m Hurdles,2022,4A,Gavin Shaffer,Dulaney,7.69,pdfs/Winter record book.pdf,56,2026-08-02T19:47:30Z,glm-5.2:cloud
Boys Indoor Track,55 m Hurdles,2022,3A,Vaughn DeVaughn III,Mergenthaler Vo-Tech,7.80,pdfs/Winter record book.pdf,56,2026-08-02T19:47:30Z,glm-5.2:cloud
Boys Indoor Track,55 m Hurdles,2022,2A,Jadon Ra-Akbar,Hammond,7.83,pdfs/Winter record book.pdf,56,2026-08-02T19:47:30Z,glm-5.2:cloud
Boys Indoor Track,55 m Hurdles,2022,1A,Jaden Shelton,Mardela,7.68,pdfs/Winter record book.pdf,56,2026-08-02T19:47:30Z,glm-5.2:cloud
Boys Indoor Track,55 m Hurdles,2023,4A,Joseph DeRosier,Old Mill,7.47,pdfs/Winter record book.pdf,56,2026-08-02T19:47:30Z,glm-5.2:cloud
Boys Indoor Track,55 m Hurdles,2023,3A,Tele Abe,Wilde Lake,7.71,pdfs/Winter record book.pdf,56,2026-08-02T19:47:30Z,glm-5.2:cloud
Boys Indoor Track,55 m Hurdles,2023,2A,Abdur Hassan,Oakland Mills,7.79,pdfs/Winter record book.pdf,56,2026-08-02T19:47:30Z,glm-5.2:cloud
Boys Indoor Track,55 m Hurdles,2023,1A,Ta'Sean Dixon,Washington,7.82,pdfs/Winter record book.pdf,56,2026-08-02T19:47:30Z,glm-5.2:cloud
Boys Indoor Track,55 m Hurdles,2024,4A,Chancellor DeRosier,Old Mill,7.54,pdfs/Winter record book.pdf,56,2026-08-02T19:47:30Z,glm-5.2:cloud
Boys Indoor Track,55 m Hurdles,2024,3A,Jevonte Williams,Digital Harbor,7.51,pdfs/Winter record book.pdf,56,2026-08-02T19:47:30Z,glm-5.2:cloud
Boys Indoor Track,55 m Hurdles,2024,2A,Xavier Dailey,Huntingtown,7.84,pdfs/Winter record book.pdf,56,2026-08-02T19:47:30Z,glm-5.2:cloud
Boys Indoor Track,55 m Hurdles,2024,1A,Ojigwe Olua,Westner STES,7.67,pdfs/Winter record book.pdf,56,2026-08-02T19:47:30Z,glm-5.2:cloud
Boys Indoor Track,55 m Hurdles,2025,4A,Justin DeVaughn,Mergenthaler Vo-Tech,7.41,pdfs/Winter record book.pdf,56,2026-08-02T19:47:30Z,glm-5.2:cloud
Boys Indoor Track,55 m Hurdles,2025,3A,Gabriel Murray,Oakland Mills,7.42,pdfs/Winter record book.pdf,56,2026-08-02T19:47:30Z,glm-5.2:cloud
Boys Indoor Track,55 m Hurdles,2025,2A,Nanjo Levec,Middletown,7.72,pdfs/Winter record book.pdf,56,2026-08-02T19:47:30Z,glm-5.2:cloud
Boys Indoor Track,55 m Hurdles,2025,1A,Ojigwe Olua,Westner STES,7.60,pdfs/Winter record book.pdf,56,2026-08-02T19:47:30Z,glm-5.2:cloud
Boys Indoor Track,4x200 m Relay,1972,Combined,,Fairmont Heights,1:37.1,pdfs/Winter record book.pdf,56,2026-08-02T19:47:30Z,glm-5.2:cloud
Boys Indoor Track,4x200 m Relay,1973,AA,,Kenwood,1:16.2,pdfs/Winter record book.pdf,56,2026-08-02T19:47:30Z,glm-5.2:cloud
Boys Indoor Track,4x200 m Relay,1973,ABC,,Walter Johnson,1:17.1,pdfs/Winter record book.pdf,56,2026-08-02T19:47:30Z,glm-5.2:cloud
Boys Indoor Track,4x200 m Relay,1974,AA,,Woodlawn,1:17.6,pdfs/Winter record book.pdf,56,2026-08-02T19:47:30Z,glm-5.2:cloud
Boys Indoor Track,4x200 m Relay,1974,ABC,,Fairmont Heights,1:14.2,pdfs/Winter record book.pdf,56,2026-08-02T19:47:30Z,glm-5.2:cloud
Boys Indoor Track,4x200 m Relay,1975,AA,,Crossland,1:55.7,pdfs/Winter record book.pdf,56,2026-08-02T19:47:30Z,glm-5.2:cloud
Boys Indoor Track,4x200 m Relay,1975,ABC,,Fairmont Heights,1:55.2,pdfs/Winter record book.pdf,56,2026-08-02T19:47:30Z,glm-5.2:cloud
Boys Indoor Track,4x200 m Relay,1976,AA,,Northwestern-PG,1:57.9,pdfs/Winter record book.pdf,56,2026-08-02T19:47:30Z,glm-5.2:cloud
Boys Indoor Track,4x200 m Relay,1976,ABC,,Catonsville,1:59.5,pdfs/Winter record book.pdf,56,2026-08-02T19:47:30Z,glm-5.2:cloud
Boys Indoor Track,4x200 m Relay,1977,AA,,Crossland,1:32.2,pdfs/Winter record book.pdf,56,2026-08-02T19:47:30Z,glm-5.2:cloud
Boys Indoor Track,4x200 m Relay,1977,ABC,,Surrattsville,1:31.4,pdfs/Winter record book.pdf,56,2026-08-02T19:47:30Z,glm-5.2:cloud
Boys Indoor Track,4x200 m Relay,1978,AA,,Crossland,1:32.5,pdfs/Winter record book.pdf,56,2026-08-02T19:47:30Z,glm-5.2:cloud
Boys Indoor Track,4x200 m Relay,1978,ABC,,Eleanor Roosevelt,1:31.4,pdfs/Winter record book.pdf,56,2026-08-02T19:47:30Z,glm-5.2:cloud
Boys Indoor Track,4x200 m Relay,1979,AA,,Whitman,1:33.2,pdfs/Winter record book.pdf,56,2026-08-02T19:47:30Z,glm-5.2:cloud
Boys Indoor Track,4x200 m Relay,1979,ABC,,Fairmont Heights,1:53.3,pdfs/Winter record book.pdf,56,2026-08-02T19:47:30Z,glm-5.2:cloud
Boys Indoor Track,4x200 m Relay,1980,AA,,DuVal,1:34.0,pdfs/Winter record book.pdf,56,2026-08-02T19:47:30Z,glm-5.2:cloud
Boys Indoor Track,4x200 m Relay,1980,A,,Fairmont Heights,1:57.7,pdfs/Winter record book.pdf,56,2026-08-02T19:47:30Z,glm-5.2:cloud
Boys Indoor Track,4x200 m Relay,1980,BC,,Wicomico,1:37.8,pdfs/Winter record book.pdf,56,2026-08-02T19:47:30Z,glm-5.2:cloud
Boys Indoor Track,4x200 m Relay,1981,AA,,Oxon Hill,1:32.1,pdfs/Winter record book.pdf,56,2026-08-02T19:47:30Z,glm-5.2:cloud
Boys Indoor Track,4x200 m Relay,1981,A,,Milford Mill,1:32.0,pdfs/Winter record book.pdf,56,2026-08-02T19:47:30Z,glm-5.2:cloud
Boys Indoor Track,4x200 m Relay,1981,BC,,Oakland Mills,1:58.9,pdfs/Winter record book.pdf,56,2026-08-02T19:47:30Z,glm-5.2:cloud
Boys Indoor Track,4x200 m Relay,1982,AA,,Suitland,1:32.1,pdfs/Winter record book.pdf,56,2026-08-02T19:47:30Z,glm-5.2:cloud
Boys Indoor Track,4x200 m Relay,1982,A,,Fairmont Heights,1:32.7,pdfs/Winter record book.pdf,56,2026-08-02T19:47:30Z,glm-5.2:cloud
Boys Indoor Track,4x200 m Relay,1982,BC,,Milford Mill,1:32.5,pdfs/Winter record book.pdf,56,2026-08-02T19:47:30Z,glm-5.2:cloud
Boys Indoor Track,4x200 m Relay,1983,AA,,Largo,1:56.14,pdfs/Winter record book.pdf,56,2026-08-02T19:47:30Z,glm-5.2:cloud
Boys Indoor Track,4x200 m Relay,1983,A,,Gwynn Park,1:33.6,pdfs/Winter record book.pdf,56,2026-08-02T19:47:30Z,glm-5.2:cloud
Boys Indoor Track,4x200 m Relay,1983,BC,,Milford Mill,1:33.4,pdfs/Winter record book.pdf,56,2026-08-02T19:47:30Z,glm-5.2:cloud
Boys Indoor Track,4x200 m Relay,1984,AA,,Bladensburg,1:33.8,pdfs/Winter record book.pdf,56,2026-08-02T19:47:30Z,glm-5.2:cloud
Boys Indoor Track,4x200 m Relay,1984,A,,Central-PG,1:35.4,pdfs/Winter record book.pdf,56,2026-08-02T19:47:30Z,glm-5.2:cloud
Boys Indoor Track,4x200 m Relay,1984,BC,,Milford Mill,1:35.8,pdfs/Winter record book.pdf,56,2026-08-02T19:47:30Z,glm-5.2:cloud
Boys Indoor Track,4x200 m Relay,1985,AA,,Friendly,1:34.7,pdfs/Winter record book.pdf,56,2026-08-02T19:47:30Z,glm-5.2:cloud
Boys Indoor Track,4x200 m Relay,1985,A,,Central-PG,1:36.3,pdfs/Winter record book.pdf,56,2026-08-02T19:47:30Z,glm-5.2:cloud
Boys Indoor Track,4x200 m Relay,1985,BC,,Middletown,1:37.8,pdfs/Winter record book.pdf,56,2026-08-02T19:47:30Z,glm-5.2:cloud
Boys Indoor Track,4x200 m Relay,1986,Combined,,Largo,1:32.6,pdfs/Winter record book.pdf,56,2026-08-02T19:47:30Z,glm-5.2:cloud
Boys Indoor Track,4x200 m Relay,1987,AA,,Woodlawn,1:34.7,pdfs/Winter record book.pdf,56,2026-08-02T19:47:30Z,glm-5.2:cloud
Boys Indoor Track,4x200 m Relay,1987,A,,Einstein,1:36.5,pdfs/Winter record book.pdf,56,2026-08-02T19:47:30Z,glm-5.2:cloud
Boys Indoor Track,4x200 m Relay,1987,BC,,Howard,1:37.0,pdfs/Winter record book.pdf,56,2026-08-02T19:47:30Z,glm-5.2:cloud
Boys Indoor Track,4x200 m Relay,1988,AA,,Meade,1:33.6,pdfs/Winter record book.pdf,56,2026-08-02T19:47:30Z,glm-5.2:cloud
Boys Indoor Track,4x200 m Relay,1988,A,,Laurel & Potomac,1:37.3,pdfs/Winter record book.pdf,56,2026-08-02T19:47:30Z,glm-5.2:cloud
Boys Indoor Track,4x200 m Relay,1988,BC,,Milford Mill,1:37.7,pdfs/Winter record book.pdf,56,2026-08-02T19:47:30Z,glm-5.2:cloud
Boys Indoor Track,4x200 m Relay,1989,4A,,Meade,1:35.41,pdfs/Winter record book.pdf,56,2026-08-02T19:47:30Z,glm-5.2:cloud
Boys Indoor Track,4x200 m Relay,1989,3A,,Potomac,1:36.24,pdfs/Winter record book.pdf,56,2026-08-02T19:47:30Z,glm-5.2:cloud
Boys Indoor Track,4x200 m Relay,1989,2A-1A,,Howard,1:36.94,pdfs/Winter record book.pdf,56,2026-08-02T19:47:30Z,glm-5.2:cloud
Boys Indoor Track,4x200 m Relay,1990,4A,,Old Mill,1:36.6,pdfs/Winter record book.pdf,56,2026-08-02T19:47:30Z,glm-5.2:cloud
Boys Indoor Track,4x200 m Relay,1990,3A,,Potomac,1:38.5,pdfs/Winter record book.pdf,56,2026-08-02T19:47:30Z,glm-5.2:cloud
Boys Indoor Track,4x200 m Relay,1990,2A-1A,,Central-PG,1:39.0,pdfs/Winter record book.pdf,56,2026-08-02T19:47:30Z,glm-5.2:cloud
Boys Indoor Track,4x200 m Relay,1991,4A,,Bowie & Meade,1:36.3,pdfs/Winter record book.pdf,56,2026-08-02T19:47:30Z,glm-5.2:cloud
Boys Indoor Track,4x200 m Relay,1991,3A,,Leonardtown,1:37.7,pdfs/Winter record book.pdf,56,2026-08-02T19:47:30Z,glm-5.2:cloud
Boys Indoor Track,4x200 m Relay,1991,2A-1A,,Fairmont Heights,1:37.4,pdfs/Winter record book.pdf,56,2026-08-02T19:47:30Z,glm-5.2:cloud
Boys Indoor Track,4x200 m Relay,1992,4A,,Eleanor Roosevelt,1:34.82,pdfs/Winter record book.pdf,56,2026-08-02T19:47:30Z,glm-5.2:cloud
Boys Indoor Track,4x200 m Relay,1992,3A,,Potomac,1:36.90,pdfs/Winter record book.pdf,56,2026-08-02T19:47:30Z,glm-5.2:cloud
Boys Indoor Track,4x200 m Relay,1992,2A-1A,,Milford Mill,1:36.70,pdfs/Winter record book.pdf,56,2026-08-02T19:47:30Z,glm-5.2:cloud
Boys Indoor Track,4x200 m Relay,1993,4A,,Eleanor Roosevelt,1:34.8,pdfs/Winter record book.pdf,56,2026-08-02T19:47:30Z,glm-5.2:cloud
Boys Indoor Track,4x200 m Relay,1993,3A,,DuVal,1:37.8,pdfs/Winter record book.pdf,56,2026-08-02T19:47:30Z,glm-5.2:cloud
Boys Indoor Track,4x200 m Relay,1993,2A-1A,,Central-PG,1:35.7,pdfs/Winter record book.pdf,56,2026-08-02T19:47:30Z,glm-5.2:cloud
Boys Indoor Track,4x200 m Relay,1994,4A,,Woodlawn,1:34.8,pdfs/Winter record book.pdf,56,2026-08-02T19:47:30Z,glm-5.2:cloud
Boys Indoor Track,4x200 m Relay,1994,3A,,DuVal,1:36.0,pdfs/Winter record book.pdf,56,2026-08-02T19:47:30Z,glm-5.2:cloud
Boys Indoor Track,4x200 m Relay,1994,2A-1A,,Forestville,1:36.8,pdfs/Winter record book.pdf,56,2026-08-02T19:47:30Z,glm-5.2:cloud
Boys Indoor Track,4x200 m Relay,1995,4A,,Woodlawn,1:34.8,pdfs/Winter record book.pdf,56,2026-08-02T19:47:30Z,glm-5.2:cloud
Boys Indoor Track,4x200 m Relay,1995,3A,,DuVal,1:38.7,pdfs/Winter record book.pdf,56,2026-08-02T19:47:30Z,glm-5.2:cloud
Boys Indoor Track,4x200 m Relay,1995,2A-1A,,Central-PG,1:36.4,pdfs/Winter record book.pdf,56,2026-08-02T19:47:30Z,glm-5.2:cloud
Boys Indoor Track,4x200 m Relay,1996,4A,,Mergenthaler,1:34.5,pdfs/Winter record book.pdf,56,2026-08-02T19:47:30Z,glm-5.2:cloud
Boys Indoor Track,4x200 m Relay,1996,3A,,Gwynn Park,1:34.9,pdfs/Winter record book.pdf,56,2026-08-02T19:47:30Z,glm-5.2:cloud
Boys Indoor Track,4x200 m Relay,1996,2A-1A,,Surrattsville,1:35.6,pdfs/Winter record book.pdf,56,2026-08-02T19:47:30Z,glm-5.2:cloud
Boys Indoor Track,4x200 m Relay,1997,4A-3A,,High Point,1:34.5,pdfs/Winter record book.pdf,56,2026-08-02T19:47:30Z,glm-5.2:cloud
Boys Indoor Track,4x200 m Relay,1997,3A-2A,,Milford Mill,1:36.0,pdfs/Winter record book.pdf,56,2026-08-02T19:47:30Z,glm-5.2:cloud
Boys Indoor Track,4x200 m Relay,1997,2A-1A,,Fort Hill,1:38.4,pdfs/Winter record book.pdf,56,2026-08-02T19:47:30Z,glm-5.2:cloud
Boys Indoor Track,4x200 m Relay,1998,4A-3A,,Springbrook,1:37.9,pdfs/Winter record book.pdf,56,2026-08-02T19:47:30Z,glm-5.2:cloud
Boys Indoor Track,4x200 m Relay,1998,3A-2A,,Central-PG,1:37.3,pdfs/Winter record book.pdf,56,2026-08-02T19:47:30Z,glm-5.2:cloud
Boys Indoor Track,4x200 m Relay,1998,2A-1A,,Surrattsville,1:35.4,pdfs/Winter record book.pdf,56,2026-08-02T19:47:30Z,glm-5.2:cloud
Boys Indoor Track,4x200 m Relay,1999,4A-3A,,Eleanor Roosevelt,1:35.9,pdfs/Winter record book.pdf,56,2026-08-02T19:47:30Z,glm-5.2:cloud
Boys Indoor Track,4x200 m Relay,1999,3A-2A,,DuVal,1:35.8,pdfs/Winter record book.pdf,56,2026-08-02T19:47:30Z,glm-5.2:cloud
Boys Indoor Track,4x200 m Relay,1999,2A-1A,,Oakland Mills,1:37.4,pdfs/Winter record book.pdf,56,2026-08-02T19:47:30Z,glm-5.2:cloud
Boys Indoor Track,4x200 m Relay,2000,4A-3A,,Woodlawn,1:36.0,pdfs/Winter record book.pdf,56,2026-08-02T19:47:30Z,glm-5.2:cloud
Boys Indoor Track,4x200 m Relay,2000,3A-2A,,Gwynn Park,1:39.4,pdfs/Winter record book.pdf,56,2026-08-02T19:47:30Z,glm-5.2:cloud
Boys Indoor Track,4x200 m Relay,2000,2A-1A,,Surrattsville,1:37.8,pdfs/Winter record book.pdf,56,2026-08-02T19:47:30Z,glm-5.2:cloud
Boys Indoor Track,4x200 m Relay,2001,4A-3A,,Oxon Hill,1:32.10,pdfs/Winter record book.pdf,56,2026-08-02T19:47:30Z,glm-5.2:cloud
Boys Indoor Track,4x200 m Relay,2001,3A-2A,,Westlake,1:32.27,pdfs/Winter record book.pdf,56,2026-08-02T19:47:30Z,glm-5.2:cloud
Boys Indoor Track,4x200 m Relay,2001,2A-1A,,Surrattsville,1:34.17,pdfs/Winter record book.pdf,56,2026-08-02T19:47:30Z,glm-5.2:cloud
Boys Indoor Track,4x200 m Relay,2002,4A-3A,,Eleanor Roosevelt,1:30.19,pdfs/Winter record book.pdf,56,2026-08-02T19:47:30Z,glm-5.2:cloud
Boys Indoor Track,4x200 m Relay,2002,3A-2A,,Paint Branch,1:32.22,pdfs/Winter record book.pdf,56,2026-08-02T19:47:30Z,glm-5.2:cloud
Boys Indoor Track,4x200 m Relay,2002,2A-1A,,Central-PG,1:34.28,pdfs/Winter record book.pdf,56,2026-08-02T19:47:30Z,glm-5.2:cloud
Boys Indoor Track,4x200 m Relay,2003,4A-3A,,Mergenthaler,1:31.19,pdfs/Winter record book.pdf,56,2026-08-02T19:47:30Z,glm-5.2:cloud
Boys Indoor Track,4x200 m Relay,2003,3A-2A,,Paint Branch,1:33.15,pdfs/Winter record book.pdf,56,2026-08-02T19:47:30Z,glm-5.2:cloud
Boys Indoor Track,4x200 m Relay,2003,2A-1A,,Loch Raven,1:32.55,pdfs/Winter record book.pdf,56,2026-08-02T19:47:30Z,glm-5.2:cloud
Boys Indoor Track,4x200 m Relay,2004,4A-3A,,Suitland,1:29.67,pdfs/Winter record book.pdf,56,2026-08-02T19:47:30Z,glm-5.2:cloud
Boys Indoor Track,4x200 m Relay,2004,3A-2A,,Urbana,1:34.16,pdfs/Winter record book.pdf,56,2026-08-02T19:47:30Z,glm-5.2:cloud
Boys Indoor Track,4x200 m Relay,2004,2A-1A,,Oakland Mills,1:33.65,pdfs/Winter record book.pdf,56,2026-08-02T19:47:30Z,glm-5.2:cloud
Boys Indoor Track,4x200 m Relay,2005,4A-3A,,C.H. Flowers,1:31.53,pdfs/Winter record book.pdf,56,2026-08-02T19:47:30Z,glm-5.2:cloud
Boys Indoor Track,4x200 m Relay,2005,3A-2A,,La Plata,1:33.70,pdfs/Winter record book.pdf,56,2026-08-02T19:47:30Z,glm-5.2:cloud
Boys Indoor Track,4x200 m Relay,2005,2A-1A,,Howard,1:33.81,pdfs/Winter record book.pdf,56,2026-08-02T19:47:30Z,glm-5.2:cloud
Boys Indoor Track,4x200 m Relay,2006,4A-3A,,Bowie,1:32.22,pdfs/Winter record book.pdf,56,2026-08-02T19:47:30Z,glm-5.2:cloud
Boys Indoor Track,4x200 m Relay,2006,3A-2A,,Long Reach,1:32.99,pdfs/Winter record book.pdf,56,2026-08-02T19:47:30Z,glm-5.2:cloud
Boys Indoor Track,4x200 m Relay,2006,2A-1A,,Pikesville,1:35.12,pdfs/Winter record book.pdf,56,2026-08-02T19:47:30Z,glm-5.2:cloud
Boys Indoor Track,4x200 m Relay,2007,4A-3A,,Westlake,1:29.61,pdfs/Winter record book.pdf,56,2026-08-02T19:47:30Z,glm-5.2:cloud
Boys Indoor Track,4x200 m Relay,2007,3A-2A,,DuVal,1:32.37,pdfs/Winter record book.pdf,56,2026-08-02T19:47:30Z,glm-5.2:cloud
Boys Indoor Track,4x200 m Relay,2007,2A-1A,,Pikesville,1:33.44,pdfs/Winter record book.pdf,56,2026-08-02T19:47:30Z,glm-5.2:cloud
Boys Indoor Track,4x200 m Relay,2008,4A,,Montgomery Blair,1:31.73,pdfs/Winter record book.pdf,56,2026-08-02T19:47:30Z,glm-5.2:cloud
Boys Indoor Track,4x200 m Relay,2008,3A,,Westlake,1:28.99,pdfs/Winter record book.pdf,56,2026-08-02T19:47:30Z,glm-5.2:cloud
Boys Indoor Track,4x200 m Relay,2008,2A,,Polytechnic,1:32.71,pdfs/Winter record book.pdf,56,2026-08-02T19:47:30Z,glm-5.2:cloud
Boys Indoor Track,4x200 m Relay,2008,1A,,Western STES,1:32.60,pdfs/Winter record book.pdf,56,2026-08-02T19:47:30Z,glm-5.2:cloud
Boys Indoor Track,4x200 m Relay,2009,4A,,Eleanor Roosevelt,1:31.14,pdfs/Winter record book.pdf,56,2026-08-02T19:47:30Z,glm-5.2:cloud
Boys Indoor Track,4x200 m Relay,2009,3A,,Westlake,1:30.84,pdfs/Winter record book.pdf,56,2026-08-02T19:47:30Z,glm-5.2:cloud
Boys Indoor Track,4x200 m Relay,2009,2A,,North Point,1:31.81,pdfs/Winter record book.pdf,56,2026-08-02T19:47:30Z,glm-5.2:cloud
Boys Indoor Track,4x200 m Relay,2009,1A,,Western STES,1:33.37,pdfs/Winter record book.pdf,56,2026-08-02T19:47:30Z,glm-5.2:cloud
Boys Indoor Track,4x200 m Relay,2010,4A,,Suitland,1:31.45,pdfs/Winter record book.pdf,56,2026-08-02T19:47:30Z,glm-5.2:cloud
Boys Indoor Track,4x200 m Relay,2010,3A,,Westlake,1:33.52,pdfs/Winter record book.pdf,56,2026-08-02T19:47:30Z,glm-5.2:cloud
Boys Indoor Track,4x200 m Relay,2010,2A,,Oakland Mills,1:35.62,pdfs/Winter record book.pdf,56,2026-08-02T19:47:30Z,glm-5.2:cloud
Boys Indoor Track,4x200 m Relay,2010,1A,,Carver-B,1:33.02,pdfs/Winter record book.pdf,56,2026-08-02T19:47:30Z,glm-5.2:cloud
Boys Indoor Track,4x200 m Relay,2011,4A,,Eleanor Roosevelt,1:32.44,pdfs/Winter record book.pdf,56,2026-08-02T19:47:30Z,glm-5.2:cloud
Boys Indoor Track,4x200 m Relay,2011,3A,,Atholton,1:31.98,pdfs/Winter record book.pdf,56,2026-08-02T19:47:30Z,glm-5.2:cloud
Boys Indoor Track,4x200 m Relay,2011,2A,,Gwynn Park,1:31.26,pdfs/Winter record book.pdf,56,2026-08-02T19:47:30Z,glm-5.2:cloud
Boys Indoor Track,4x200 m Relay,2011,1A,,Carver-B,1:31.97,pdfs/Winter record book.pdf,56,2026-08-02T19:47:30Z,glm-5.2:cloud
Boys Indoor Track,4x200 m Relay,2012,4A,,Suitland,1:29.72,pdfs/Winter record book.pdf,56,2026-08-02T19:47:30Z,glm-5.2:cloud
Boys Indoor Track,4x200 m Relay,2012,3A,,Potomac,1:32.61,pdfs/Winter record book.pdf,56,2026-08-02T19:47:30Z,glm-5.2:cloud
Boys Indoor Track,4x200 m Relay,2012,2A,,Douglass-PG,1:32.00,pdfs/Winter record book.pdf,56,2026-08-02T19:47:30Z,glm-5.2:cloud
Boys Indoor Track,4x200 m Relay,2012,1A,,Smithsburg,1:34.42,pdfs/Winter record book.pdf,56,2026-08-02T19:47:30Z,glm-5.2:cloud
Boys Indoor Track,4x200 m Relay,2013,4A,,North Point,1:32.43,pdfs/Winter record book.pdf,56,2026-08-02T19:47:30Z,glm-5.2:cloud
Boys Indoor Track,4x200 m Relay,2013,3A,,Howard,1:31.09,pdfs/Winter record book.pdf,56,2026-08-02T19:47:30Z,glm-5.2:cloud
Boys Indoor Track,4x200 m Relay,2013,2A,,Long Reach,1:32.08,pdfs/Winter record book.pdf,56,2026-08-02T19:47:30Z,glm-5.2:cloud
Boys Indoor Track,4x200 m Relay,2013,1A,,Pikesville,1:34.29,pdfs/Winter record book.pdf,56,2026-08-02T19:47:30Z,glm-5.2:cloud
Boys Indoor Track,4x200 m Relay,2014,4A,,Eleanor Roosevelt,1:32.52,pdfs/Winter record book.pdf,56,2026-08-02T19:47:30Z,glm-5.2:cloud
Boys Indoor Track,4x200 m Relay,2014,3A,,Long Reach,1:31.00,pdfs/Winter record book.pdf,56,2026-08-02T19:47:30Z,glm-5.2:cloud
Boys Indoor Track,4x200 m Relay,2014,2A,,Largo,1:32.00,pdfs/Winter record book.pdf,56,2026-08-02T19:47:30Z,glm-5.2:cloud
Boys Indoor Track,4x200 m Relay,2014,1A,,Pikesville,1:33.57,pdfs/Winter record book.pdf,56,2026-08-02T19:47:30Z,glm-5.2:cloud
Boys Indoor Track,4x200 m Relay,2015,4A,,Bowie,1:30.51,pdfs/Winter record book.pdf,56,2026-08-02T19:47:30Z,glm-5.2:cloud
Boys Indoor Track,4x200 m Relay,2015,3A,,Westlake,1:31.90,pdfs/Winter record book.pdf,56,2026-08-02T19:47:30Z,glm-5.2:cloud
Boys Indoor Track,4x200 m Relay,2015,2A,,Calvert,1:33.71,pdfs/Winter record book.pdf,56,2026-08-02T19:47:30Z,glm-5.2:cloud
Boys Indoor Track,4x200 m Relay,2015,1A,,Surrattsville,1:33.93,pdfs/Winter record book.pdf,56,2026-08-02T19:47:30Z,glm-5.2:cloud
Boys Indoor Track,4x200 m Relay,2016,4A,,Charles H. Flowers,1:30.77,pdfs/Winter record book.pdf,56,2026-08-02T19:47:30Z,glm-5.2:cloud
Boys Indoor Track,4x200 m Relay,2016,3A,,Oxon Hill,1:32.45,pdfs/Winter record book.pdf,56,2026-08-02T19:47:30Z,glm-5.2:cloud
Boys Indoor Track,4x200 m Relay,2016,2A,,Westlake,1:32.55,pdfs/Winter record book.pdf,56,2026-08-02T19:47:30Z,glm-5.2:cloud
Boys Indoor Track,4x200 m Relay,2016,1A,,Edmondson-Westside,1:36.77,pdfs/Winter record book.pdf,56,2026-08-02T19:47:30Z,glm-5.2:cloud
Boys Indoor Track,4x200 m Relay,2017,4A,,Northwest,1:31.31,pdfs/Winter record book.pdf,56,2026-08-02T19:47:30Z,glm-5.2:cloud
Boys Indoor Track,4x200 m Relay,2017,3A,,Oxon Hill,1:31.13,pdfs/Winter record book.pdf,56,2026-08-02T19:47:30Z,glm-5.2:cloud
Boys Indoor Track,4x200 m Relay,2017,2A,,Largo,1:30.74,pdfs/Winter record book.pdf,56,2026-08-02T19:47:30Z,glm-5.2:cloud
Boys Indoor Track,4x200 m Relay,2017,1A,,Edmondson-Westside,1:33.65,pdfs/Winter record book.pdf,56,2026-08-02T19:47:30Z,glm-5.2:cloud
Boys Indoor Track,4x200 m Relay,2018,4A,,"Dr. Henry A. Wise, Jr.",1:30.85,pdfs/Winter record book.pdf,56,2026-08-02T19:47:30Z,glm-5.2:cloud
Boys Indoor Track,4x200 m Relay,2018,3A,,Reservoir,1:31.19,pdfs/Winter record book.pdf,56,2026-08-02T19:47:30Z,glm-5.2:cloud
Boys Indoor Track,4x200 m Relay,2018,2A,,Central-PG,1:33.14,pdfs/Winter record book.pdf,56,2026-08-02T19:47:30Z,glm-5.2:cloud
Boys Indoor Track,4x200 m Relay,2018,1A,,Henry E. Lackey,1:34.16,pdfs/Winter record book.pdf,56,2026-08-02T19:47:30Z,glm-5.2:cloud
Boys Indoor Track,4x200 m Relay,2019,4A,,Paint Branch,1:30.84,pdfs/Winter record book.pdf,56,2026-08-02T19:47:30Z,glm-5.2:cloud
Boys Indoor Track,4x200 m Relay,2019,3A,,South Hagerstown,1:32.05,pdfs/Winter record book.pdf,56,2026-08-02T19:47:30Z,glm-5.2:cloud
Boys Indoor Track,4x200 m Relay,2019,2A,,Westlake,1:33.21,pdfs/Winter record book.pdf,56,2026-08-02T19:47:30Z,glm-5.2:cloud
Boys Indoor Track,4x200 m Relay,2019,1A,,Largo,1:33.03,pdfs/Winter record book.pdf,56,2026-08-02T19:47:30Z,glm-5.2:cloud
Boys Indoor Track,4x200 m Relay,2020,4A,,Old Mill,1:33.10,pdfs/Winter record book.pdf,56,2026-08-02T19:47:30Z,glm-5.2:cloud
Boys Indoor Track,4x200 m Relay,2020,3A,,Huntingtown,1:30.40,pdfs/Winter record book.pdf,56,2026-08-02T19:47:30Z,glm-5.2:cloud
Boys Indoor Track,4x200 m Relay,2020,2A,,Parkside,1:33.04,pdfs/Winter record book.pdf,56,2026-08-02T19:47:30Z,glm-5.2:cloud
Boys Indoor Track,4x200 m Relay,2020,1A,,Largo,1:33.20,pdfs/Winter record book.pdf,56,2026-08-02T19:47:30Z,glm-5.2:cloud
Boys Indoor Track,4x200 m Relay,2022,4A,,Montgomery Blair,1:38.47,pdfs/Winter record book.pdf,56,2026-08-02T19:47:30Z,glm-5.2:cloud
Boys Indoor Track,4x200 m Relay,2022,3A,,Baltimore Polytechnic,1:36.00,pdfs/Winter record book.pdf,56,2026-08-02T19:47:30Z,glm-5.2:cloud
Boys Indoor Track,4x200 m Relay,2022,2A,,Oakland Mills,1:35.54,pdfs/Winter record book.pdf,56,2026-08-02T19:47:30Z,glm-5.2:cloud
Boys Indoor Track,4x200 m Relay,2022,1A,,Francis Scott Key,1:41.75,pdfs/Winter record book.pdf,56,2026-08-02T19:47:30Z,glm-5.2:cloud
Boys Indoor Track,4x200 m Relay,2023,4A,,North Point,1:31.05,pdfs/Winter record book.pdf,56,2026-08-02T19:47:30Z,glm-5.2:cloud
Boys Indoor Track,4x200 m Relay,2023,3A,,Mergenthaler Vo-Tech,1:31.45,pdfs/Winter record book.pdf,56,2026-08-02T19:47:30Z,glm-5.2:cloud
Boys Indoor Track,4x200 m Relay,2023,2A,,New Town,1:33.37,pdfs/Winter record book.pdf,56,2026-08-02T19:47:30Z,glm-5.2:cloud
Boys Indoor Track,4x200 m Relay,2023,1A,,Catoctin,1:32.79,pdfs/Winter record book.pdf,56,2026-08-02T19:47:30Z,glm-5.2:cloud
Boys Indoor Track,4x200 m Relay,2024,4A,,North Point,1:30.92,pdfs/Winter record book.pdf,56,2026-08-02T19:47:30Z,glm-5.2:cloud
Boys Indoor Track,4x200 m Relay,2024,3A,,Digital Harbor,1:31.13,pdfs/Winter record book.pdf,56,2026-08-02T19:47:30Z,glm-5.2:cloud
Boys Indoor Track,4x200 m Relay,2024,2A,,Westlake,1:31.03,pdfs/Winter record book.pdf,56,2026-08-02T19:47:30Z,glm-5.2:cloud
Boys Indoor Track,4x200 m Relay,2024,1A,,Harford Technical,1:33.49,pdfs/Winter record book.pdf,56,2026-08-02T19:47:30Z,glm-5.2:cloud
Boys Indoor Track,4x200 m Relay,2025,4A,,Mergenthaler Vo-Tech,1:30.41,pdfs/Winter record book.pdf,56,2026-08-02T19:47:30Z,glm-5.2:cloud
Boys Indoor Track,4x200 m Relay,2025,3A,,Oakland Mills,1:30.59,pdfs/Winter record book.pdf,56,2026-08-02T19:47:30Z,glm-5.2:cloud
Boys Indoor Track,4x200 m Relay,2025,2A,,Westlake,1:30.32,pdfs/Winter record book.pdf,56,2026-08-02T19:47:30Z,glm-5.2:cloud
Boys Indoor Track,4x200 m Relay,2025,1A,,Largo,1:31.02,pdfs/Winter record book.pdf,56,2026-08-02T19:47:30Z,glm-5.2:cloud
Boys Indoor Track,4x400 m Relay,1972,Combined,,Fairmont Heights,3:36.8,pdfs/Winter record book.pdf,56,2026-08-02T19:47:30Z,glm-5.2:cloud
Boys Indoor Track,4x400 m Relay,1973,AA,,Arundel,3:35.3,pdfs/Winter record book.pdf,56,2026-08-02T19:47:30Z,glm-5.2:cloud
Boys Indoor Track,4x400 m Relay,1973,ABC,,Franklin,3:41.7,pdfs/Winter record book.pdf,56,2026-08-02T19:47:30Z,glm-5.2:cloud
Boys Indoor Track,4x400 m Relay,1974,AA,,Crossland,3:37.8,pdfs/Winter record book.pdf,56,2026-08-02T19:47:30Z,glm-5.2:cloud
Boys Indoor Track,4x400 m Relay,1974,ABC,,Fairmont Heights,3:34.9,pdfs/Winter record book.pdf,56,2026-08-02T19:47:30Z,glm-5.2:cloud
Boys Indoor Track,4x400 m Relay,1975,AA,,Crossland,3:32.8,pdfs/Winter record book.pdf,56,2026-08-02T19:47:30Z,glm-5.2:cloud
Boys Indoor Track,4x400 m Relay,1975,ABC,,Friendly,3:30.3,pdfs/Winter record book.pdf,56,2026-08-02T19:47:30Z,glm-5.2:cloud
Boys Indoor Track,4x400 m Relay,1976,AA,,Northwestern-PG,3:32.8,pdfs/Winter record book.pdf,56,2026-08-02T19:47:30Z,glm-5.2:cloud
Boys Indoor Track,4x400 m Relay,1976,ABC,,Kennedy,3:38.7,pdfs/Winter record book.pdf,56,2026-08-02T19:47:30Z,glm-5.2:cloud
Boys Indoor Track,4x400 m Relay,1977,AA,,High Point,3:29.0,pdfs/Winter record book.pdf,56,2026-08-02T19:47:30Z,glm-5.2:cloud
Boys Indoor Track,4x400 m Relay,1977,ABC,,Fairmont Heights,3:26.3,pdfs/Winter record book.pdf,56,2026-08-02T19:47:30Z,glm-5.2:cloud
Boys Indoor Track,4x400 m Relay,1978,AA,,Crossland,3:29.4,pdfs/Winter record book.pdf,56,2026-08-02T19:47:30Z,glm-5.2:cloud
Boys Indoor Track,4x400 m Relay,1978,ABC,,Fairmont Heights,3:24.0,pdfs/Winter record book.pdf,56,2026-08-02T19:47:30Z,glm-5.2:cloud
Boys Indoor Track,4x400 m Relay,1979,AA,,DuVal,3:31.8,pdfs/Winter record book.pdf,56,2026-08-02T19:47:30Z,glm-5.2:cloud
Boys Indoor Track,4x400 m Relay,1979,ABC,,Fairmont Heights,3:26.0,pdfs/Winter record book.pdf,56,2026-08-02T19:47:30Z,glm-5.2:cloud
Boys Indoor Track,4x400 m Relay,1980,AA,,Eleanor Roosevelt,3:28.4,pdfs/Winter record book.pdf,56,2026-08-02T19:47:30Z,glm-5.2:cloud
Boys Indoor Track,4x400 m Relay,1980,A,,Fairmont Heights,3:32.4,pdfs/Winter record book.pdf,56,2026-08-02T19:47:30Z,glm-5.2:cloud
Boys Indoor Track,4x400 m Relay,1980,BC,,Oakland Mills,3:38.2,pdfs/Winter record book.pdf,56,2026-08-02T19:47:30Z,glm-5.2:cloud
Boys Indoor Track,4x400 m Relay,1981,AA,,Crossland,3:27.0,pdfs/Winter record book.pdf,57,2026-08-02T19:48:42Z,glm-5.2:cloud
Boys Indoor Track,4x400 m Relay,1981,A,,Milford Mill,3:32.4,pdfs/Winter record book.pdf,57,2026-08-02T19:48:42Z,glm-5.2:cloud
Boys Indoor Track,4x400 m Relay,1981,BC,,Oakland Mills,3:38.7,pdfs/Winter record book.pdf,57,2026-08-02T19:48:42Z,glm-5.2:cloud
Boys Indoor Track,4x400 m Relay,1982,AA,,Suitland,3:20.7,pdfs/Winter record book.pdf,57,2026-08-02T19:48:42Z,glm-5.2:cloud
Boys Indoor Track,4x400 m Relay,1982,A,,Fairmont Heights,3:28.2,pdfs/Winter record book.pdf,57,2026-08-02T19:48:42Z,glm-5.2:cloud
Boys Indoor Track,4x400 m Relay,1982,BC,,Milford Mill,3:36.2,pdfs/Winter record book.pdf,57,2026-08-02T19:48:42Z,glm-5.2:cloud
Boys Indoor Track,4x400 m Relay,1983,AA,,Bladensburg,3:34.5,pdfs/Winter record book.pdf,57,2026-08-02T19:48:42Z,glm-5.2:cloud
Boys Indoor Track,4x400 m Relay,1983,A,,Central-PG,3:29.6,pdfs/Winter record book.pdf,57,2026-08-02T19:48:42Z,glm-5.2:cloud
Boys Indoor Track,4x400 m Relay,1983,BC,,Douglass—PG,3:36.7,pdfs/Winter record book.pdf,57,2026-08-02T19:48:42Z,glm-5.2:cloud
Boys Indoor Track,4x400 m Relay,1984,AA,,Bladensburg,3:31.0,pdfs/Winter record book.pdf,57,2026-08-02T19:48:42Z,glm-5.2:cloud
Boys Indoor Track,4x400 m Relay,1984,A,,Central-PG,3:31.7,pdfs/Winter record book.pdf,57,2026-08-02T19:48:42Z,glm-5.2:cloud
Boys Indoor Track,4x400 m Relay,1984,BC,,Howard,3:35.6,pdfs/Winter record book.pdf,57,2026-08-02T19:48:42Z,glm-5.2:cloud
Boys Indoor Track,4x400 m Relay,1985,AA,,Friendly,3:30.7,pdfs/Winter record book.pdf,57,2026-08-02T19:48:42Z,glm-5.2:cloud
Boys Indoor Track,4x400 m Relay,1985,A,,Central-PG,3:36.7,pdfs/Winter record book.pdf,57,2026-08-02T19:48:42Z,glm-5.2:cloud
Boys Indoor Track,4x400 m Relay,1985,BC,,Stephen Decatur,3:40.0,pdfs/Winter record book.pdf,57,2026-08-02T19:48:42Z,glm-5.2:cloud
Boys Indoor Track,4x400 m Relay,1986,Combined,,Largo,3:26.0,pdfs/Winter record book.pdf,57,2026-08-02T19:48:42Z,glm-5.2:cloud
Boys Indoor Track,4x400 m Relay,1987,AA,,Woodlawn,3:31.8,pdfs/Winter record book.pdf,57,2026-08-02T19:48:42Z,glm-5.2:cloud
Boys Indoor Track,4x400 m Relay,1987,A,,South River,3:39.3,pdfs/Winter record book.pdf,57,2026-08-02T19:48:42Z,glm-5.2:cloud
Boys Indoor Track,4x400 m Relay,1987,BC,,Milford Mill,3:34.0,pdfs/Winter record book.pdf,57,2026-08-02T19:48:42Z,glm-5.2:cloud
Boys Indoor Track,4x400 m Relay,1988,AA,,Woodlawn,3:29.6,pdfs/Winter record book.pdf,57,2026-08-02T19:48:42Z,glm-5.2:cloud
Boys Indoor Track,4x400 m Relay,1988,A,,Laurel,3:34.8,pdfs/Winter record book.pdf,57,2026-08-02T19:48:42Z,glm-5.2:cloud
Boys Indoor Track,4x400 m Relay,1988,BC,,Centennial,3:38.4,pdfs/Winter record book.pdf,57,2026-08-02T19:48:42Z,glm-5.2:cloud
Boys Indoor Track,4x400 m Relay,1989,4A,,Suitland,3:36.34,pdfs/Winter record book.pdf,57,2026-08-02T19:48:42Z,glm-5.2:cloud
Boys Indoor Track,4x400 m Relay,1989,3A,,Potomac,3:37.19,pdfs/Winter record book.pdf,57,2026-08-02T19:48:42Z,glm-5.2:cloud
Boys Indoor Track,4x400 m Relay,1989,2A-1A,,Howard,3:39.84,pdfs/Winter record book.pdf,57,2026-08-02T19:48:42Z,glm-5.2:cloud
Boys Indoor Track,4x400 m Relay,1990,4A,,Eleanor Roosevelt,3:33.1,pdfs/Winter record book.pdf,57,2026-08-02T19:48:42Z,glm-5.2:cloud
Boys Indoor Track,4x400 m Relay,1990,3A,,Potomac,3:37.5,pdfs/Winter record book.pdf,57,2026-08-02T19:48:42Z,glm-5.2:cloud
Boys Indoor Track,4x400 m Relay,1990,2A-1A,,Glenelg,3:39.0,pdfs/Winter record book.pdf,57,2026-08-02T19:48:42Z,glm-5.2:cloud
Boys Indoor Track,4x400 m Relay,1991,4A,,Eleanor Roosevelt,3:31.6,pdfs/Winter record book.pdf,57,2026-08-02T19:48:42Z,glm-5.2:cloud
Boys Indoor Track,4x400 m Relay,1991,3A,,Oakland Mills,3:38.9,pdfs/Winter record book.pdf,57,2026-08-02T19:48:42Z,glm-5.2:cloud
Boys Indoor Track,4x400 m Relay,1991,2A-1A,,Fairmont Heights,3:38.3,pdfs/Winter record book.pdf,57,2026-08-02T19:48:42Z,glm-5.2:cloud
Boys Indoor Track,4x400 m Relay,1992,4A,,Old Mill,3:30.86,pdfs/Winter record book.pdf,57,2026-08-02T19:48:42Z,glm-5.2:cloud
Boys Indoor Track,4x400 m Relay,1992,3A,,Potomac,3:38.2,pdfs/Winter record book.pdf,57,2026-08-02T19:48:42Z,glm-5.2:cloud
Boys Indoor Track,4x400 m Relay,1992,2A-1A,,Surrattsville,3:39.9,pdfs/Winter record book.pdf,57,2026-08-02T19:48:42Z,glm-5.2:cloud
Boys Indoor Track,4x400 m Relay,1993,4A,,Suitland,3:35.0,pdfs/Winter record book.pdf,57,2026-08-02T19:48:42Z,glm-5.2:cloud
Boys Indoor Track,4x400 m Relay,1993,3A,,Howard,3:43.6,pdfs/Winter record book.pdf,57,2026-08-02T19:48:42Z,glm-5.2:cloud
Boys Indoor Track,4x400 m Relay,1993,2A-1A,,Oakland Mills,3:38.1,pdfs/Winter record book.pdf,57,2026-08-02T19:48:42Z,glm-5.2:cloud
Boys Indoor Track,4x400 m Relay,1994,4A,,Suitland,3:33.2,pdfs/Winter record book.pdf,57,2026-08-02T19:48:42Z,glm-5.2:cloud
Boys Indoor Track,4x400 m Relay,1994,3A,,DuVal,3:39.1,pdfs/Winter record book.pdf,57,2026-08-02T19:48:42Z,glm-5.2:cloud
Boys Indoor Track,4x400 m Relay,1994,2A-1A,,Oakland Mills,3:39.1,pdfs/Winter record book.pdf,57,2026-08-02T19:48:42Z,glm-5.2:cloud
Boys Indoor Track,4x400 m Relay,1995,4A,,North County,3:33.1,pdfs/Winter record book.pdf,57,2026-08-02T19:48:42Z,glm-5.2:cloud
Boys Indoor Track,4x400 m Relay,1995,3A,,DuVal,3:39.5,pdfs/Winter record book.pdf,57,2026-08-02T19:48:42Z,glm-5.2:cloud
Boys Indoor Track,4x400 m Relay,1995,2A-1A,,Atholton,3:33.6,pdfs/Winter record book.pdf,57,2026-08-02T19:48:42Z,glm-5.2:cloud
Boys Indoor Track,4x400 m Relay,1996,4A,,Eleanor Roosevelt,3:33.0,pdfs/Winter record book.pdf,57,2026-08-02T19:48:42Z,glm-5.2:cloud
Boys Indoor Track,4x400 m Relay,1996,3A,,DuVal,3:37.0,pdfs/Winter record book.pdf,57,2026-08-02T19:48:42Z,glm-5.2:cloud
Boys Indoor Track,4x400 m Relay,1996,2A-1A,,Surrattsville,3:37.9,pdfs/Winter record book.pdf,57,2026-08-02T19:48:42Z,glm-5.2:cloud
Boys Indoor Track,4x400 m Relay,1997,4A-3A,,High Point,3:30.9,pdfs/Winter record book.pdf,57,2026-08-02T19:48:42Z,glm-5.2:cloud
Boys Indoor Track,4x400 m Relay,1997,3A-2A,,Milford Mill,3:37.0,pdfs/Winter record book.pdf,57,2026-08-02T19:48:42Z,glm-5.2:cloud
Boys Indoor Track,4x400 m Relay,1997,2A-1A,,Surrattsville,3:42.1,pdfs/Winter record book.pdf,57,2026-08-02T19:48:42Z,glm-5.2:cloud
Boys Indoor Track,4x400 m Relay,1998,4A-3A,,Springbrook,3:34.9,pdfs/Winter record book.pdf,57,2026-08-02T19:48:42Z,glm-5.2:cloud
Boys Indoor Track,4x400 m Relay,1998,3A-2A,,DuVal,3:32.4,pdfs/Winter record book.pdf,57,2026-08-02T19:48:42Z,glm-5.2:cloud
Boys Indoor Track,4x400 m Relay,1998,2A-1A,,Polytechnic,3:44.0,pdfs/Winter record book.pdf,57,2026-08-02T19:48:42Z,glm-5.2:cloud
Boys Indoor Track,4x400 m Relay,1999,4A-3A,,Northwestern-PG,3:35.3,pdfs/Winter record book.pdf,57,2026-08-02T19:48:42Z,glm-5.2:cloud
Boys Indoor Track,4x400 m Relay,1999,3A-2A,,DuVal,3:34.6,pdfs/Winter record book.pdf,57,2026-08-02T19:48:42Z,glm-5.2:cloud
Boys Indoor Track,4x400 m Relay,1999,2A-1A,,Oakland Mills,3:39.6,pdfs/Winter record book.pdf,57,2026-08-02T19:48:42Z,glm-5.2:cloud
Boys Indoor Track,4x400 m Relay,2000,4A-3A,,Woodlawn,3:32.7,pdfs/Winter record book.pdf,57,2026-08-02T19:48:42Z,glm-5.2:cloud
Boys Indoor Track,4x400 m Relay,2000,3A-2A,,La Plata,3:39.7,pdfs/Winter record book.pdf,57,2026-08-02T19:48:42Z,glm-5.2:cloud
Boys Indoor Track,4x400 m Relay,2000,2A-1A,,Surrattsville,3:37.6,pdfs/Winter record book.pdf,57,2026-08-02T19:48:42Z,glm-5.2:cloud
Boys Indoor Track,4x400 m Relay,2001,4A-3A,,Laurel,3:28.18,pdfs/Winter record book.pdf,57,2026-08-02T19:48:42Z,glm-5.2:cloud
Boys Indoor Track,4x400 m Relay,2001,3A-2A,,La Plata,3:35.23,pdfs/Winter record book.pdf,57,2026-08-02T19:48:42Z,glm-5.2:cloud
Boys Indoor Track,4x400 m Relay,2001,2A-1A,,Surrattsville,3:33.70,pdfs/Winter record book.pdf,57,2026-08-02T19:48:42Z,glm-5.2:cloud
Boys Indoor Track,4x400 m Relay,2002,4A-3A,,Oxon Hill,3:25.32,pdfs/Winter record book.pdf,57,2026-08-02T19:48:42Z,glm-5.2:cloud
Boys Indoor Track,4x400 m Relay,2002,3A-2A,,Paint Branch,3:29.69,pdfs/Winter record book.pdf,57,2026-08-02T19:48:42Z,glm-5.2:cloud
Boys Indoor Track,4x400 m Relay,2002,2A-1A,,Oakland Mills,3:31.30,pdfs/Winter record book.pdf,57,2026-08-02T19:48:42Z,glm-5.2:cloud
Boys Indoor Track,4x400 m Relay,2003,4A-3A,,C.H. Flowers,3:26.98,pdfs/Winter record book.pdf,57,2026-08-02T19:48:42Z,glm-5.2:cloud
Boys Indoor Track,4x400 m Relay,2003,3A-2A,,Paint Branch,3:30.07,pdfs/Winter record book.pdf,57,2026-08-02T19:48:42Z,glm-5.2:cloud
Boys Indoor Track,4x400 m Relay,2003,2A-1A,,Loch Raven,3:31.75,pdfs/Winter record book.pdf,57,2026-08-02T19:48:42Z,glm-5.2:cloud
Boys Indoor Track,4x400 m Relay,2004,4A-3A,,Suitland,3:25.28,pdfs/Winter record book.pdf,57,2026-08-02T19:48:42Z,glm-5.2:cloud
Boys Indoor Track,4x400 m Relay,2004,3A-2A,,Mergenthaler,3:30.26,pdfs/Winter record book.pdf,57,2026-08-02T19:48:42Z,glm-5.2:cloud
Boys Indoor Track,4x400 m Relay,2004,2A-1A,,Oakland Mills,3:31.84,pdfs/Winter record book.pdf,57,2026-08-02T19:48:42Z,glm-5.2:cloud
Boys Indoor Track,4x400 m Relay,2005,4A-3A,,Eleanor Roosevelt,3:25.82,pdfs/Winter record book.pdf,57,2026-08-02T19:48:42Z,glm-5.2:cloud
Boys Indoor Track,4x400 m Relay,2005,3A-2A,,Westlake,3:32.81,pdfs/Winter record book.pdf,57,2026-08-02T19:48:42Z,glm-5.2:cloud
Boys Indoor Track,4x400 m Relay,2005,2A-1A,,Oakland Mills,3:31.68,pdfs/Winter record book.pdf,57,2026-08-02T19:48:42Z,glm-5.2:cloud
Boys Indoor Track,4x400 m Relay,2006,4A-3A,,Richard Montgomery,3:27.85,pdfs/Winter record book.pdf,57,2026-08-02T19:48:42Z,glm-5.2:cloud
Boys Indoor Track,4x400 m Relay,2006,3A-2A,,Mergenthaler,3:31.74,pdfs/Winter record book.pdf,57,2026-08-02T19:48:42Z,glm-5.2:cloud
Boys Indoor Track,4x400 m Relay,2006,2A-1A,,Forestville,3:34.37,pdfs/Winter record book.pdf,57,2026-08-02T19:48:42Z,glm-5.2:cloud
Boys Indoor Track,4x400 m Relay,2007,4A-3A,,Westlake,3:26.75,pdfs/Winter record book.pdf,57,2026-08-02T19:48:42Z,glm-5.2:cloud
Boys Indoor Track,4x400 m Relay,2007,3A-2A,,Potomac,3:31.39,pdfs/Winter record book.pdf,57,2026-08-02T19:48:42Z,glm-5.2:cloud
Boys Indoor Track,4x400 m Relay,2007,2A-1A,,Polytechnic,3:27.92,pdfs/Winter record book.pdf,57,2026-08-02T19:48:42Z,glm-5.2:cloud
Boys Indoor Track,4x400 m Relay,2008,4A,,C.H. Flowers,3:31.03,pdfs/Winter record book.pdf,57,2026-08-02T19:48:42Z,glm-5.2:cloud
Boys Indoor Track,4x400 m Relay,2008,3A,,Westlake,3:25.31,pdfs/Winter record book.pdf,57,2026-08-02T19:48:42Z,glm-5.2:cloud
Boys Indoor Track,4x400 m Relay,2008,2A,,Polytechnic,3:32.29,pdfs/Winter record book.pdf,57,2026-08-02T19:48:42Z,glm-5.2:cloud
Boys Indoor Track,4x400 m Relay,2008,1A,,Digital Harbor,3:31.99,pdfs/Winter record book.pdf,57,2026-08-02T19:48:42Z,glm-5.2:cloud
Boys Indoor Track,4x400 m Relay,2009,4A,,Northwest,3:27.55,pdfs/Winter record book.pdf,57,2026-08-02T19:48:42Z,glm-5.2:cloud
Boys Indoor Track,4x400 m Relay,2009,3A,,Tuscarora,3:29.37,pdfs/Winter record book.pdf,57,2026-08-02T19:48:42Z,glm-5.2:cloud
Boys Indoor Track,4x400 m Relay,2009,2A,,Randallstown,3:30.40,pdfs/Winter record book.pdf,57,2026-08-02T19:48:42Z,glm-5.2:cloud
Boys Indoor Track,4x400 m Relay,2009,1A,,Western STES,3:31.34,pdfs/Winter record book.pdf,57,2026-08-02T19:48:42Z,glm-5.2:cloud
Boys Indoor Track,4x400 m Relay,2010,4A,,Thomas Johnson,3:25.91,pdfs/Winter record book.pdf,57,2026-08-02T19:48:42Z,glm-5.2:cloud
Boys Indoor Track,4x400 m Relay,2010,3A,,Baltimore Polytechnic,3:30.74,pdfs/Winter record book.pdf,57,2026-08-02T19:48:42Z,glm-5.2:cloud
Boys Indoor Track,4x400 m Relay,2010,2A,,Poolesville,3:36.16,pdfs/Winter record book.pdf,57,2026-08-02T19:48:42Z,glm-5.2:cloud
Boys Indoor Track,4x400 m Relay,2010,1A,,Northwestern-B,3:32.68,pdfs/Winter record book.pdf,57,2026-08-02T19:48:42Z,glm-5.2:cloud
Boys Indoor Track,4x400 m Relay,2011,4A,,Laurel,3:27.03,pdfs/Winter record book.pdf,57,2026-08-02T19:48:42Z,glm-5.2:cloud
Boys Indoor Track,4x400 m Relay,2011,3A,,Largo,3:30.82,pdfs/Winter record book.pdf,57,2026-08-02T19:48:42Z,glm-5.2:cloud
Boys Indoor Track,4x400 m Relay,2011,2A,,Oakland Mills,3:29.87,pdfs/Winter record book.pdf,57,2026-08-02T19:48:42Z,glm-5.2:cloud
Boys Indoor Track,4x400 m Relay,2011,1A,,Western STES,3:32.43,pdfs/Winter record book.pdf,57,2026-08-02T19:48:42Z,glm-5.2:cloud
Boys Indoor Track,4x400 m Relay,2012,4A,,Laurel,3:24.11,pdfs/Winter record book.pdf,57,2026-08-02T19:48:42Z,glm-5.2:cloud
Boys Indoor Track,4x400 m Relay,2012,3A,,Digital Harbor,3:28.71,pdfs/Winter record book.pdf,57,2026-08-02T19:48:42Z,glm-5.2:cloud
Boys Indoor Track,4x400 m Relay,2012,2A,,Douglass-PG,3:29.66,pdfs/Winter record book.pdf,57,2026-08-02T19:48:42Z,glm-5.2:cloud
Boys Indoor Track,4x400 m Relay,2012,1A,,Northwestern-B,3:32.19,pdfs/Winter record book.pdf,57,2026-08-02T19:48:42Z,glm-5.2:cloud
Boys Indoor Track,4x400 m Relay,2013,4A,,Northwest,3:28.68,pdfs/Winter record book.pdf,57,2026-08-02T19:48:42Z,glm-5.2:cloud
Boys Indoor Track,4x400 m Relay,2013,3A,,Digital Harbor,3:26.70,pdfs/Winter record book.pdf,57,2026-08-02T19:48:42Z,glm-5.2:cloud
Boys Indoor Track,4x400 m Relay,2013,2A,,Douglass-PG,3:29.98,pdfs/Winter record book.pdf,57,2026-08-02T19:48:42Z,glm-5.2:cloud
Boys Indoor Track,4x400 m Relay,2013,1A,,Pikesville,3:30.50,pdfs/Winter record book.pdf,57,2026-08-02T19:48:42Z,glm-5.2:cloud
Boys Indoor Track,4x400 m Relay,2014,4A,,Bowie,3:26.71,pdfs/Winter record book.pdf,57,2026-08-02T19:48:42Z,glm-5.2:cloud
Boys Indoor Track,4x400 m Relay,2014,3A,,Franklin,3:31.00,pdfs/Winter record book.pdf,57,2026-08-02T19:48:42Z,glm-5.2:cloud
Boys Indoor Track,4x400 m Relay,2014,2A,,Largo,3:29.05,pdfs/Winter record book.pdf,57,2026-08-02T19:48:42Z,glm-5.2:cloud
Boys Indoor Track,4x400 m Relay,2014,1A,,Pikesville,3:33.55,pdfs/Winter record book.pdf,57,2026-08-02T19:48:42Z,glm-5.2:cloud
Boys Indoor Track,4x400 m Relay,2015,4A,,Bowie,3:27.59,pdfs/Winter record book.pdf,57,2026-08-02T19:48:42Z,glm-5.2:cloud
Boys Indoor Track,4x400 m Relay,2015,3A,,Milford Mill,3:26.53,pdfs/Winter record book.pdf,57,2026-08-02T19:48:42Z,glm-5.2:cloud
Boys Indoor Track,4x400 m Relay,2015,2A,,Largo,3:30.68,pdfs/Winter record book.pdf,57,2026-08-02T19:48:42Z,glm-5.2:cloud
Boys Indoor Track,4x400 m Relay,2015,1A,,Central-PG,3:36.57,pdfs/Winter record book.pdf,57,2026-08-02T19:48:42Z,glm-5.2:cloud
Boys Indoor Track,4x400 m Relay,2016,4A,,Digital Harbor,3:27.54,pdfs/Winter record book.pdf,57,2026-08-02T19:48:42Z,glm-5.2:cloud
Boys Indoor Track,4x400 m Relay,2016,3A,,Oakdale,3:31.50,pdfs/Winter record book.pdf,57,2026-08-02T19:48:42Z,glm-5.2:cloud
Boys Indoor Track,4x400 m Relay,2016,2A,,Westlake,3:28.28,pdfs/Winter record book.pdf,57,2026-08-02T19:48:42Z,glm-5.2:cloud
Boys Indoor Track,4x400 m Relay,2016,1A,,Fairmont Heights,3:40.86,pdfs/Winter record book.pdf,57,2026-08-02T19:48:42Z,glm-5.2:cloud
Boys Indoor Track,4x400 m Relay,2017,4A,,Springbrook,3:25.83,pdfs/Winter record book.pdf,57,2026-08-02T19:48:42Z,glm-5.2:cloud
Boys Indoor Track,4x400 m Relay,2017,3A,,Oakdale,3:26.76,pdfs/Winter record book.pdf,57,2026-08-02T19:48:42Z,glm-5.2:cloud
Boys Indoor Track,4x400 m Relay,2017,2A,,Largo,3:28.96,pdfs/Winter record book.pdf,57,2026-08-02T19:48:42Z,glm-5.2:cloud
Boys Indoor Track,4x400 m Relay,2017,1A,,Fairmont Heights,3:36.37,pdfs/Winter record book.pdf,57,2026-08-02T19:48:42Z,glm-5.2:cloud
Boys Indoor Track,4x400 m Relay,2018,4A,,"Dr. Henry A. Wise, Jr.",3:26.92,pdfs/Winter record book.pdf,57,2026-08-02T19:48:42Z,glm-5.2:cloud
Boys Indoor Track,4x400 m Relay,2018,3A,,Oxon Hill,3:29.46,pdfs/Winter record book.pdf,57,2026-08-02T19:48:42Z,glm-5.2:cloud
Boys Indoor Track,4x400 m Relay,2018,2A,,New Town,3:30.88,pdfs/Winter record book.pdf,57,2026-08-02T19:48:42Z,glm-5.2:cloud
Boys Indoor Track,4x400 m Relay,2018,1A,,Henry E. Lackey,3:34.75,pdfs/Winter record book.pdf,57,2026-08-02T19:48:42Z,glm-5.2:cloud
Boys Indoor Track,4x400 m Relay,2019,4A,,North Point,3:27.71,pdfs/Winter record book.pdf,57,2026-08-02T19:48:42Z,glm-5.2:cloud
Boys Indoor Track,4x400 m Relay,2019,3A,,Baltimore Polytechnic,3:29.68,pdfs/Winter record book.pdf,57,2026-08-02T19:48:42Z,glm-5.2:cloud
Boys Indoor Track,4x400 m Relay,2019,2A,,Oakland Mills,3:30.98,pdfs/Winter record book.pdf,57,2026-08-02T19:48:42Z,glm-5.2:cloud
Boys Indoor Track,4x400 m Relay,2019,1A,,Henry E. Lackey,3:29.91,pdfs/Winter record book.pdf,57,2026-08-02T19:48:42Z,glm-5.2:cloud
Boys Indoor Track,4x400 m Relay,2020,4A,,Richard Montgomery,3:29.23,pdfs/Winter record book.pdf,57,2026-08-02T19:48:42Z,glm-5.2:cloud
Boys Indoor Track,4x400 m Relay,2020,3A,,Woodlawn,3:25.98,pdfs/Winter record book.pdf,57,2026-08-02T19:48:42Z,glm-5.2:cloud
Boys Indoor Track,4x400 m Relay,2020,2A,,Oakdale,3:26.72,pdfs/Winter record book.pdf,57,2026-08-02T19:48:42Z,glm-5.2:cloud
Boys Indoor Track,4x400 m Relay,2020,1A,,Largo,3:36.01,pdfs/Winter record book.pdf,57,2026-08-02T19:48:42Z,glm-5.2:cloud
Boys Indoor Track,4x400 m Relay,2022,4A,,Dulaney,3:42.62,pdfs/Winter record book.pdf,57,2026-08-02T19:48:42Z,glm-5.2:cloud
Boys Indoor Track,4x400 m Relay,2022,3A,,South Hagerstown,3:39.28,pdfs/Winter record book.pdf,57,2026-08-02T19:48:42Z,glm-5.2:cloud
Boys Indoor Track,4x400 m Relay,2022,2A,,Oakland Mills,3:40.75,pdfs/Winter record book.pdf,57,2026-08-02T19:48:42Z,glm-5.2:cloud
Boys Indoor Track,4x400 m Relay,2022,1A,,Catoctin,3:53.60,pdfs/Winter record book.pdf,57,2026-08-02T19:48:42Z,glm-5.2:cloud
Boys Indoor Track,4x400 m Relay,2023,4A,,DuVal,3:27.49,pdfs/Winter record book.pdf,57,2026-08-02T19:48:42Z,glm-5.2:cloud
Boys Indoor Track,4x400 m Relay,2023,3A,,Manchester Valley,3:26.99,pdfs/Winter record book.pdf,57,2026-08-02T19:48:42Z,glm-5.2:cloud
Boys Indoor Track,4x400 m Relay,2023,2A,,Oakland Mills,3:31.70,pdfs/Winter record book.pdf,57,2026-08-02T19:48:42Z,glm-5.2:cloud
Boys Indoor Track,4x400 m Relay,2023,1A,,Cambridge-South Dorchester,3:35.72,pdfs/Winter record book.pdf,57,2026-08-02T19:48:42Z,glm-5.2:cloud
Boys Indoor Track,4x400 m Relay,2024,4A,,Bowie,3:26.50,pdfs/Winter record book.pdf,57,2026-08-02T19:48:42Z,glm-5.2:cloud
Boys Indoor Track,4x400 m Relay,2024,3A,,Digital Harbor,3:26.86,pdfs/Winter record book.pdf,57,2026-08-02T19:48:42Z,glm-5.2:cloud
Boys Indoor Track,4x400 m Relay,2024,2A,,Milford Mill,3:28.36,pdfs/Winter record book.pdf,57,2026-08-02T19:48:42Z,glm-5.2:cloud
Boys Indoor Track,4x400 m Relay,2024,1A,,Largo,3:29.72,pdfs/Winter record book.pdf,57,2026-08-02T19:48:42Z,glm-5.2:cloud
Boys Indoor Track,4x400 m Relay,2025,4A,,Paint Branch,3:23.99,pdfs/Winter record book.pdf,57,2026-08-02T19:48:42Z,glm-5.2:cloud
Boys Indoor Track,4x400 m Relay,2025,3A,,Digital Harbor,3:23.24,pdfs/Winter record book.pdf,57,2026-08-02T19:48:42Z,glm-5.2:cloud
Boys Indoor Track,4x400 m Relay,2025,2A,,Westlake,3:26.49,pdfs/Winter record book.pdf,57,2026-08-02T19:48:42Z,glm-5.2:cloud
Boys Indoor Track,4x400 m Relay,2025,1A,,Largo,3:28.42,pdfs/Winter record book.pdf,57,2026-08-02T19:48:42Z,glm-5.2:cloud
Boys Indoor Track,4x800 m Relay,1972,Combined,,Hereford,8:39.8,pdfs/Winter record book.pdf,57,2026-08-02T19:48:42Z,glm-5.2:cloud
Boys Indoor Track,4x800 m Relay,1973,AA,,Churchill,8:18.0,pdfs/Winter record book.pdf,57,2026-08-02T19:48:42Z,glm-5.2:cloud
Boys Indoor Track,4x800 m Relay,1973,ABC,,Woodward,8:43.8,pdfs/Winter record book.pdf,57,2026-08-02T19:48:42Z,glm-5.2:cloud
Boys Indoor Track,4x800 m Relay,1974,AA,,Crossland,8:21.7,pdfs/Winter record book.pdf,57,2026-08-02T19:48:42Z,glm-5.2:cloud
Boys Indoor Track,4x800 m Relay,1974,ABC,,Friendly,8:31.9,pdfs/Winter record book.pdf,57,2026-08-02T19:48:42Z,glm-5.2:cloud
Boys Indoor Track,4x800 m Relay,1975,AA,,Crossland,8:20.2,pdfs/Winter record book.pdf,57,2026-08-02T19:48:42Z,glm-5.2:cloud
Boys Indoor Track,4x800 m Relay,1975,ABC,,Friendly,8:22.1,pdfs/Winter record book.pdf,57,2026-08-02T19:48:42Z,glm-5.2:cloud
Boys Indoor Track,4x800 m Relay,1976,AA,,Churchill,8:15.3,pdfs/Winter record book.pdf,57,2026-08-02T19:48:42Z,glm-5.2:cloud
Boys Indoor Track,4x800 m Relay,1976,ABC,,Magruder,8:28.0,pdfs/Winter record book.pdf,57,2026-08-02T19:48:42Z,glm-5.2:cloud
Boys Indoor Track,4x800 m Relay,1977,AA,,Crossland,8:05.4,pdfs/Winter record book.pdf,57,2026-08-02T19:48:42Z,glm-5.2:cloud
Boys Indoor Track,4x800 m Relay,1977,ABC,,Fairmont Heights,8:03.3,pdfs/Winter record book.pdf,57,2026-08-02T19:48:42Z,glm-5.2:cloud
Boys Indoor Track,4x800 m Relay,1978,AA,,Churchill,8:11.8,pdfs/Winter record book.pdf,57,2026-08-02T19:48:42Z,glm-5.2:cloud
Boys Indoor Track,4x800 m Relay,1978,ABC,,Fairmont Heights,8:07.5,pdfs/Winter record book.pdf,57,2026-08-02T19:48:42Z,glm-5.2:cloud
Boys Indoor Track,4x800 m Relay,1979,AA,,Old Mill,8:12.5,pdfs/Winter record book.pdf,57,2026-08-02T19:48:42Z,glm-5.2:cloud
Boys Indoor Track,4x800 m Relay,1979,ABC,,Kennedy,8:09.1,pdfs/Winter record book.pdf,57,2026-08-02T19:48:42Z,glm-5.2:cloud
Boys Indoor Track,4x800 m Relay,1980,AA,,Friendly,8:10.1,pdfs/Winter record book.pdf,57,2026-08-02T19:48:42Z,glm-5.2:cloud
Boys Indoor Track,4x800 m Relay,1980,A,,Fairmont Heights,8:26.6,pdfs/Winter record book.pdf,57,2026-08-02T19:48:42Z,glm-5.2:cloud
Boys Indoor Track,4x800 m Relay,1980,BC,,Hereford,8:35.5,pdfs/Winter record book.pdf,57,2026-08-02T19:48:42Z,glm-5.2:cloud
Boys Indoor Track,4x800 m Relay,1981,AA,,Dulaney,8:04.4,pdfs/Winter record book.pdf,57,2026-08-02T19:48:42Z,glm-5.2:cloud
Boys Indoor Track,4x800 m Relay,1981,A,,Woodward,8:16.2,pdfs/Winter record book.pdf,57,2026-08-02T19:48:42Z,glm-5.2:cloud
Boys Indoor Track,4x800 m Relay,1981,BC,,Joppatowne,8:31.3,pdfs/Winter record book.pdf,57,2026-08-02T19:48:42Z,glm-5.2:cloud
Boys Indoor Track,4x800 m Relay,1982,AA,,Suitland,8:08.6,pdfs/Winter record book.pdf,57,2026-08-02T19:48:42Z,glm-5.2:cloud
Boys Indoor Track,4x800 m Relay,1982,A,,Kennedy,8:23.9,pdfs/Winter record book.pdf,57,2026-08-02T19:48:42Z,glm-5.2:cloud
Boys Indoor Track,4x800 m Relay,1982,BC,,Milford Mill,8:26.7,pdfs/Winter record book.pdf,57,2026-08-02T19:48:42Z,glm-5.2:cloud
Boys Indoor Track,4x800 m Relay,1983,AA,,Dulaney,9:30.0,pdfs/Winter record book.pdf,57,2026-08-02T19:48:42Z,glm-5.2:cloud
Boys Indoor Track,4x800 m Relay,1983,A,,Kennedy,8:22.9,pdfs/Winter record book.pdf,57,2026-08-02T19:48:42Z,glm-5.2:cloud
Boys Indoor Track,4x800 m Relay,1983,BC,,Woodward,8:37.2,pdfs/Winter record book.pdf,57,2026-08-02T19:48:42Z,glm-5.2:cloud
Boys Indoor Track,4x800 m Relay,1984,AA,,Suitland,8:19.1,pdfs/Winter record book.pdf,57,2026-08-02T19:48:42Z,glm-5.2:cloud
Boys Indoor Track,4x800 m Relay,1984,A,,Central-PG,8:33.2,pdfs/Winter record book.pdf,57,2026-08-02T19:48:42Z,glm-5.2:cloud
Boys Indoor Track,4x800 m Relay,1984,BC,,Glenelg,8:30.9,pdfs/Winter record book.pdf,57,2026-08-02T19:48:42Z,glm-5.2:cloud
Boys Indoor Track,4x800 m Relay,1985,AA,,Eleanor Roosevelt,8:32.0,pdfs/Winter record book.pdf,57,2026-08-02T19:48:42Z,glm-5.2:cloud
Boys Indoor Track,4x800 m Relay,1985,A,,Broadneck,8:30.7,pdfs/Winter record book.pdf,57,2026-08-02T19:48:42Z,glm-5.2:cloud
Boys Indoor Track,4x800 m Relay,1985,BC,,Middletown,8:33.4,pdfs/Winter record book.pdf,57,2026-08-02T19:48:42Z,glm-5.2:cloud
Boys Indoor Track,4x800 m Relay,1986,Combined,,B-CC,8:15.3,pdfs/Winter record book.pdf,57,2026-08-02T19:48:42Z,glm-5.2:cloud
Boys Indoor Track,4x800 m Relay,1987,AA,,Meade,8:20.8,pdfs/Winter record book.pdf,57,2026-08-02T19:48:42Z,glm-5.2:cloud
Boys Indoor Track,4x800 m Relay,1987,A,,Parkville,8:30.2,pdfs/Winter record book.pdf,57,2026-08-02T19:48:42Z,glm-5.2:cloud
Boys Indoor Track,4x800 m Relay,1987,BC,,Oakland Mills,8:31.8,pdfs/Winter record book.pdf,57,2026-08-02T19:48:42Z,glm-5.2:cloud
Boys Indoor Track,4x800 m Relay,1988,AA,,Eleanor Roosevelt,8:16.1,pdfs/Winter record book.pdf,57,2026-08-02T19:48:42Z,glm-5.2:cloud
Boys Indoor Track,4x800 m Relay,1988,A,,Douglass-PG,8:38.3,pdfs/Winter record book.pdf,57,2026-08-02T19:48:42Z,glm-5.2:cloud
Boys Indoor Track,4x800 m Relay,1988,BC,,Glenelg,8:36.4,pdfs/Winter record book.pdf,57,2026-08-02T19:48:42Z,glm-5.2:cloud
Boys Indoor Track,4x800 m Relay,1989,4A,,Meade,8:27.26,pdfs/Winter record book.pdf,57,2026-08-02T19:48:42Z,glm-5.2:cloud
Boys Indoor Track,4x800 m Relay,1989,3A,,Dundalk,8:27.64,pdfs/Winter record book.pdf,57,2026-08-02T19:48:42Z,glm-5.2:cloud
Boys Indoor Track,4x800 m Relay,1989,2A-1A,,Oakland Mills,8:38.12,pdfs/Winter record book.pdf,57,2026-08-02T19:48:42Z,glm-5.2:cloud
Boys Indoor Track,4x800 m Relay,1990,4A,,B-CC,8:27.6,pdfs/Winter record book.pdf,57,2026-08-02T19:48:42Z,glm-5.2:cloud
Boys Indoor Track,4x800 m Relay,1990,3A,,Dundalk,8:36.1,pdfs/Winter record book.pdf,57,2026-08-02T19:48:42Z,glm-5.2:cloud
Boys Indoor Track,4x800 m Relay,1990,2A-1A,,Glenelg,8:30.6,pdfs/Winter record book.pdf,57,2026-08-02T19:48:42Z,glm-5.2:cloud
Boys Indoor Track,4x800 m Relay,1991,4A,,Broadneck,8:26.3,pdfs/Winter record book.pdf,57,2026-08-02T19:48:42Z,glm-5.2:cloud
Boys Indoor Track,4x800 m Relay,1991,3A,,Oakland Mills,8:40.4,pdfs/Winter record book.pdf,57,2026-08-02T19:48:42Z,glm-5.2:cloud
Boys Indoor Track,4x800 m Relay,1991,2A-1A,,Glenelg,8:38.4,pdfs/Winter record book.pdf,57,2026-08-02T19:48:42Z,glm-5.2:cloud
Boys Indoor Track,4x800 m Relay,1992,4A,,Severna Park,8:23.5,pdfs/Winter record book.pdf,57,2026-08-02T19:48:42Z,glm-5.2:cloud
Boys Indoor Track,4x800 m Relay,1992,3A,,Howard,8:42.8,pdfs/Winter record book.pdf,57,2026-08-02T19:48:42Z,glm-5.2:cloud
Boys Indoor Track,4x800 m Relay,1992,2A-1A,,Glenelg,8:34.3,pdfs/Winter record book.pdf,57,2026-08-02T19:48:42Z,glm-5.2:cloud
Boys Indoor Track,4x800 m Relay,1993,4A,,Chesapeake-AA,8:32.3,pdfs/Winter record book.pdf,57,2026-08-02T19:48:42Z,glm-5.2:cloud
Boys Indoor Track,4x800 m Relay,1993,3A,,Centennial,8:47.0,pdfs/Winter record book.pdf,57,2026-08-02T19:48:42Z,glm-5.2:cloud
Boys Indoor Track,4x800 m Relay,1993,2A-1A,,Oakland Mills,8:35.2,pdfs/Winter record book.pdf,57,2026-08-02T19:48:42Z,glm-5.2:cloud
Boys Indoor Track,4x800 m Relay,1994,4A,,Eleanor Roosevelt,8:28.9,pdfs/Winter record book.pdf,57,2026-08-02T19:48:42Z,glm-5.2:cloud
Boys Indoor Track,4x800 m Relay,1994,3A,,Whitman,8:30.6,pdfs/Winter record book.pdf,57,2026-08-02T19:48:42Z,glm-5.2:cloud
Boys Indoor Track,4x800 m Relay,1994,2A-1A,,Oakland Mills,8:35.1,pdfs/Winter record book.pdf,57,2026-08-02T19:48:42Z,glm-5.2:cloud
Boys Indoor Track,4x800 m Relay,1995,4A,,Eleanor Roosevelt,8:21.6,pdfs/Winter record book.pdf,57,2026-08-02T19:48:42Z,glm-5.2:cloud
Boys Indoor Track,4x800 m Relay,1995,3A,,Linganore,8:38.4,pdfs/Winter record book.pdf,57,2026-08-02T19:48:42Z,glm-5.2:cloud
Boys Indoor Track,4x800 m Relay,1995,2A-1A,,Oakland Mills,8:33.7,pdfs/Winter record book.pdf,57,2026-08-02T19:48:42Z,glm-5.2:cloud
Boys Indoor Track,4x800 m Relay,1996,4A,,Perry Hall,8:18.6,pdfs/Winter record book.pdf,57,2026-08-02T19:48:42Z,glm-5.2:cloud
Boys Indoor Track,4x800 m Relay,1996,3A,,Richard Montgomery,8:25.3,pdfs/Winter record book.pdf,57,2026-08-02T19:48:42Z,glm-5.2:cloud
Boys Indoor Track,4x800 m Relay,1996,2A-1A,,Glenelg,8:36.2,pdfs/Winter record book.pdf,57,2026-08-02T19:48:42Z,glm-5.2:cloud
Boys Indoor Track,4x800 m Relay,1997,4A-3A,,Parkdale,8:22.6,pdfs/Winter record book.pdf,57,2026-08-02T19:48:42Z,glm-5.2:cloud
Boys Indoor Track,4x800 m Relay,1997,3A-2A,,Linganore,8:34.7,pdfs/Winter record book.pdf,57,2026-08-02T19:48:42Z,glm-5.2:cloud
Boys Indoor Track,4x800 m Relay,1997,2A-1A,,Glenelg,8:30.7,pdfs/Winter record book.pdf,57,2026-08-02T19:48:42Z,glm-5.2:cloud
Boys Indoor Track,4x800 m Relay,1998,4A-3A,,Watkins Mill,8:22.7,pdfs/Winter record book.pdf,57,2026-08-02T19:48:42Z,glm-5.2:cloud
Boys Indoor Track,4x800 m Relay,1998,3A-2A,,Wilde Lake,8:24.7,pdfs/Winter record book.pdf,57,2026-08-02T19:48:42Z,glm-5.2:cloud
Boys Indoor Track,4x800 m Relay,1998,2A-1A,,Atholton,8:38.7,pdfs/Winter record book.pdf,57,2026-08-02T19:48:42Z,glm-5.2:cloud
Boys Indoor Track,4x800 m Relay,1999,4A-3A,,Watkins Mill,8:21.1,pdfs/Winter record book.pdf,57,2026-08-02T19:48:42Z,glm-5.2:cloud
Boys Indoor Track,4x800 m Relay,1999,3A-2A,,North Hagerstown,8:34.4,pdfs/Winter record book.pdf,57,2026-08-02T19:48:42Z,glm-5.2:cloud
Boys Indoor Track,4x800 m Relay,1999,2A-1A,,Middletown,8:48.7,pdfs/Winter record book.pdf,57,2026-08-02T19:48:42Z,glm-5.2:cloud
Boys Indoor Track,4x800 m Relay,2000,4A-3A,,Westminster,8:18.1,pdfs/Winter record book.pdf,57,2026-08-02T19:48:42Z,glm-5.2:cloud
Boys Indoor Track,4x800 m Relay,2000,3A-2A,,Franklin,8:28.7,pdfs/Winter record book.pdf,57,2026-08-02T19:48:42Z,glm-5.2:cloud
Boys Indoor Track,4x800 m Relay,2000,2A-1A,,Williamsport,8:35.3,pdfs/Winter record book.pdf,57,2026-08-02T19:48:42Z,glm-5.2:cloud
Boys Indoor Track,4x800 m Relay,2001,4A-3A,,Severna Park,8:19.23,pdfs/Winter record book.pdf,57,2026-08-02T19:48:42Z,glm-5.2:cloud
Boys Indoor Track,4x800 m Relay,2001,3A-2A,,River Hill,8:14.00,pdfs/Winter record book.pdf,57,2026-08-02T19:48:42Z,glm-5.2:cloud
Boys Indoor Track,4x800 m Relay,2001,2A-1A,,Middletown,8:20.53,pdfs/Winter record book.pdf,57,2026-08-02T19:48:42Z,glm-5.2:cloud
Boys Indoor Track,High Jump,1972,Combined,Richard Barr,Walter Johnson,6-00,pdfs/Winter record book.pdf,58,2026-08-02T19:49:34Z,glm-5.2:cloud
Boys Indoor Track,High Jump,1973,AA,Roger Erricker,Gaithersburg,6-05,pdfs/Winter record book.pdf,58,2026-08-02T19:49:34Z,glm-5.2:cloud
Boys Indoor Track,High Jump,1973,ABC,Shane Stroup,Sherwood,6-00,pdfs/Winter record book.pdf,58,2026-08-02T19:49:34Z,glm-5.2:cloud
Boys Indoor Track,High Jump,1974,AA,William Bell,Wheaton,6-02,pdfs/Winter record book.pdf,58,2026-08-02T19:49:34Z,glm-5.2:cloud
Boys Indoor Track,High Jump,1974,ABC,Shane Stroup,Sherwood,6-04,pdfs/Winter record book.pdf,58,2026-08-02T19:49:34Z,glm-5.2:cloud
Boys Indoor Track,High Jump,1975,AA,Owen Stevenson,Potomac,6-01 1/2,pdfs/Winter record book.pdf,58,2026-08-02T19:49:34Z,glm-5.2:cloud
Boys Indoor Track,High Jump,1975,ABC,Joe Robinson,Fairmont Heights,6-04 1/4,pdfs/Winter record book.pdf,58,2026-08-02T19:49:34Z,glm-5.2:cloud
Boys Indoor Track,High Jump,1976,AA,Rod McKeller,Parkdale,60-4 1/4,pdfs/Winter record book.pdf,58,2026-08-02T19:49:34Z,glm-5.2:cloud
Boys Indoor Track,High Jump,1976,ABC,Joe Robinson,Fairmont Heights,6-06 5/8,pdfs/Winter record book.pdf,58,2026-08-02T19:49:34Z,glm-5.2:cloud
Boys Indoor Track,High Jump,1977,AA,Jon Kinnamon,Springbrook,6-04,pdfs/Winter record book.pdf,58,2026-08-02T19:49:34Z,glm-5.2:cloud
Boys Indoor Track,High Jump,1977,ABC,Dwayne Renehan,South Carroll,6-06,pdfs/Winter record book.pdf,58,2026-08-02T19:49:34Z,glm-5.2:cloud
Boys Indoor Track,High Jump,1978,AA,Dave Kelly,Dundalk,6-04,pdfs/Winter record book.pdf,58,2026-08-02T19:49:34Z,glm-5.2:cloud
Boys Indoor Track,High Jump,1978,ABC,Chris McGordy,Gaithersburg,6-08,pdfs/Winter record book.pdf,58,2026-08-02T19:49:34Z,glm-5.2:cloud
Boys Indoor Track,High Jump,1979,AA,Bob Smith,Westminster,6-08 1/2,pdfs/Winter record book.pdf,58,2026-08-02T19:49:34Z,glm-5.2:cloud
Boys Indoor Track,High Jump,1979,ABC,Mark Gavar,Middletown,6-02,pdfs/Winter record book.pdf,58,2026-08-02T19:49:34Z,glm-5.2:cloud
Boys Indoor Track,High Jump,1980,AA,Bob Smith,Westminster,6-09,pdfs/Winter record book.pdf,58,2026-08-02T19:49:34Z,glm-5.2:cloud
Boys Indoor Track,High Jump,1980,A,Scott Dunham,Central-PG,7-00,pdfs/Winter record book.pdf,58,2026-08-02T19:49:34Z,glm-5.2:cloud
Boys Indoor Track,High Jump,1980,BC,David Thompson,Douglass-PG,6-04,pdfs/Winter record book.pdf,58,2026-08-02T19:49:34Z,glm-5.2:cloud
Boys Indoor Track,High Jump,1981,AA,Brian Stokes,High Point,6-08,pdfs/Winter record book.pdf,58,2026-08-02T19:49:34Z,glm-5.2:cloud
Boys Indoor Track,High Jump,1981,A,Ted Edleman,South Carroll,6-04,pdfs/Winter record book.pdf,58,2026-08-02T19:49:34Z,glm-5.2:cloud
Boys Indoor Track,High Jump,1981,BC,Shawn Rafferty,Brooklyn Park,6-05,pdfs/Winter record book.pdf,58,2026-08-02T19:49:34Z,glm-5.2:cloud
Boys Indoor Track,High Jump,1982,AA,Gary Jones,Friendly,6-07 3/4,pdfs/Winter record book.pdf,58,2026-08-02T19:49:34Z,glm-5.2:cloud
Boys Indoor Track,High Jump,1982,A,John Risinger,Paint Branch,6-02,pdfs/Winter record book.pdf,58,2026-08-02T19:49:34Z,glm-5.2:cloud
Boys Indoor Track,High Jump,1982,BC,Tyrone Washington,Joppatowne,6-01,pdfs/Winter record book.pdf,58,2026-08-02T19:49:34Z,glm-5.2:cloud
Boys Indoor Track,High Jump,1983,AA,Rick Perry,Annapolis,6-02,pdfs/Winter record book.pdf,58,2026-08-02T19:49:34Z,glm-5.2:cloud
Boys Indoor Track,High Jump,1983,A,Mike Flowers,Central-PG,6-03,pdfs/Winter record book.pdf,58,2026-08-02T19:49:34Z,glm-5.2:cloud
Boys Indoor Track,High Jump,1983,BC,Gene Gregory,Howard,6-03,pdfs/Winter record book.pdf,58,2026-08-02T19:49:34Z,glm-5.2:cloud
Boys Indoor Track,High Jump,1984,AA,Bruce Reid,Annapolis,6-06,pdfs/Winter record book.pdf,58,2026-08-02T19:49:34Z,glm-5.2:cloud
Boys Indoor Track,High Jump,1984,A,Dave Huffman,Walter Johnson,6-03,pdfs/Winter record book.pdf,58,2026-08-02T19:49:34Z,glm-5.2:cloud
Boys Indoor Track,High Jump,1984,BC,Gregory,Howard,6-02,pdfs/Winter record book.pdf,58,2026-08-02T19:49:34Z,glm-5.2:cloud
Boys Indoor Track,High Jump,1985,AA,Bruce Reid,Annapolis,6-08,pdfs/Winter record book.pdf,58,2026-08-02T19:49:34Z,glm-5.2:cloud
Boys Indoor Track,High Jump,1985,A,Dave Huffman,Walter Johnson,6-06,pdfs/Winter record book.pdf,58,2026-08-02T19:49:34Z,glm-5.2:cloud
Boys Indoor Track,High Jump,1985,BC,Jim Barger,Linganore,6-04,pdfs/Winter record book.pdf,58,2026-08-02T19:49:34Z,glm-5.2:cloud
Boys Indoor Track,High Jump,1986,Combined,Kevin Swann,Friendly,6-04,pdfs/Winter record book.pdf,58,2026-08-02T19:49:34Z,glm-5.2:cloud
Boys Indoor Track,High Jump,1987,AA,Eldrick Hair,Friendly,6-03,pdfs/Winter record book.pdf,58,2026-08-02T19:49:34Z,glm-5.2:cloud
Boys Indoor Track,High Jump,1987,A,Brad Sigsimondi,Broadneck,6-00,pdfs/Winter record book.pdf,58,2026-08-02T19:49:34Z,glm-5.2:cloud
Boys Indoor Track,High Jump,1987,BC,Orrin Barton,Milford Mill,6-04,pdfs/Winter record book.pdf,58,2026-08-02T19:49:34Z,glm-5.2:cloud
Boys Indoor Track,High Jump,1988,AA,Jerry Roney,Woodlawn,6-06,pdfs/Winter record book.pdf,58,2026-08-02T19:49:34Z,glm-5.2:cloud
Boys Indoor Track,High Jump,1988,A,Kevin Brightful,Frederick,6-00,pdfs/Winter record book.pdf,58,2026-08-02T19:49:34Z,glm-5.2:cloud
Boys Indoor Track,High Jump,1988,BC,Steve Gillespie,Boonsboro,6-01,pdfs/Winter record book.pdf,58,2026-08-02T19:49:34Z,glm-5.2:cloud
Boys Indoor Track,High Jump,1989,4A,Kevin Jordan,High Point,6-07,pdfs/Winter record book.pdf,58,2026-08-02T19:49:34Z,glm-5.2:cloud
Boys Indoor Track,High Jump,1989,3A,Robbie Wilhelm,Linganore,6-02,pdfs/Winter record book.pdf,58,2026-08-02T19:49:34Z,glm-5.2:cloud
Boys Indoor Track,High Jump,1989,2A-1A,Bobby Stanley,Howard,6-04,pdfs/Winter record book.pdf,58,2026-08-02T19:49:34Z,glm-5.2:cloud
Boys Indoor Track,High Jump,1990,4A,Kevin Jordan,High Point,6-06,pdfs/Winter record book.pdf,58,2026-08-02T19:49:34Z,glm-5.2:cloud
Boys Indoor Track,High Jump,1990,3A,Larry Jordan,Surrattsville,6-02,pdfs/Winter record book.pdf,58,2026-08-02T19:49:34Z,glm-5.2:cloud
Boys Indoor Track,High Jump,1990,2A-1A,Scott Brintnall,Andover,6-02,pdfs/Winter record book.pdf,58,2026-08-02T19:49:34Z,glm-5.2:cloud
Boys Indoor Track,High Jump,1991,4A,Tracy Roberts,Suitland,6-08,pdfs/Winter record book.pdf,58,2026-08-02T19:49:34Z,glm-5.2:cloud
Boys Indoor Track,High Jump,1991,3A,Reggie Gunn,Leonardtown,6-00,pdfs/Winter record book.pdf,58,2026-08-02T19:49:34Z,glm-5.2:cloud
Boys Indoor Track,High Jump,1991,2A-1A,Jason Redman,Boonsboro,6-04,pdfs/Winter record book.pdf,58,2026-08-02T19:49:34Z,glm-5.2:cloud
Boys Indoor Track,High Jump,1992,4A,Donald Duckett,Eleanor Roosevelt,6-04,pdfs/Winter record book.pdf,58,2026-08-02T19:49:34Z,glm-5.2:cloud
Boys Indoor Track,High Jump,1992,3A,Aaron Wynnings,Linganore,6-04,pdfs/Winter record book.pdf,58,2026-08-02T19:49:34Z,glm-5.2:cloud
Boys Indoor Track,High Jump,1992,2A-1A,Earl Geisbert,Middletown,6-02,pdfs/Winter record book.pdf,58,2026-08-02T19:49:34Z,glm-5.2:cloud
Boys Indoor Track,High Jump,1993,4A,Martin Seonarian,Quince Orchard,6-02,pdfs/Winter record book.pdf,58,2026-08-02T19:49:34Z,glm-5.2:cloud
Boys Indoor Track,High Jump,1993,3A,James Koehler,Centennial,6-04,pdfs/Winter record book.pdf,58,2026-08-02T19:49:34Z,glm-5.2:cloud
Boys Indoor Track,High Jump,1993,2A-1A,Kelly Murphy,Middletown,6-06,pdfs/Winter record book.pdf,58,2026-08-02T19:49:34Z,glm-5.2:cloud
Boys Indoor Track,High Jump,1994,4A,Delvell Johnson,Old Mill,6-04,pdfs/Winter record book.pdf,58,2026-08-02T19:49:34Z,glm-5.2:cloud
Boys Indoor Track,High Jump,1994,3A,Hugo Trotman,Seneca Valley,6-04,pdfs/Winter record book.pdf,58,2026-08-02T19:49:34Z,glm-5.2:cloud
Boys Indoor Track,High Jump,1994,2A-1A,Steve Stafford,Fort Hill,6-06,pdfs/Winter record book.pdf,58,2026-08-02T19:49:34Z,glm-5.2:cloud
Boys Indoor Track,High Jump,1995,4A,Tavis Ndure,Gaithersburg,6-06,pdfs/Winter record book.pdf,58,2026-08-02T19:49:34Z,glm-5.2:cloud
Boys Indoor Track,High Jump,1995,3A,Charles Wyatt,Seneca Valley,6-02,pdfs/Winter record book.pdf,58,2026-08-02T19:49:34Z,glm-5.2:cloud
Boys Indoor Track,High Jump,1995,2A-1A,Alex Fraschetti,Stephen Decatur,6-02,pdfs/Winter record book.pdf,58,2026-08-02T19:49:34Z,glm-5.2:cloud
Boys Indoor Track,High Jump,1996,4A,Damion Moss,Meade,6-04,pdfs/Winter record book.pdf,58,2026-08-02T19:49:34Z,glm-5.2:cloud
Boys Indoor Track,High Jump,1996,3A,Anthony Scott,McDonough,6-02,pdfs/Winter record book.pdf,58,2026-08-02T19:49:34Z,glm-5.2:cloud
Boys Indoor Track,High Jump,1996,2A-1A,Andre Blackwell,Milford Mill,6-02,pdfs/Winter record book.pdf,58,2026-08-02T19:49:34Z,glm-5.2:cloud
Boys Indoor Track,High Jump,1997,4A-3A,Malcolm Vaughn,Meade,6-06,pdfs/Winter record book.pdf,58,2026-08-02T19:49:34Z,glm-5.2:cloud
Boys Indoor Track,High Jump,1997,3A-2A,Jeff McKelvin,Randallstown,6-05,pdfs/Winter record book.pdf,58,2026-08-02T19:49:34Z,glm-5.2:cloud
Boys Indoor Track,High Jump,1997,2A-1A,Derek Dye,Middletown,6-04,pdfs/Winter record book.pdf,58,2026-08-02T19:49:34Z,glm-5.2:cloud
Boys Indoor Track,High Jump,1998,4A-3A,Tuan Wreh,Richard Montgomery,6-04,pdfs/Winter record book.pdf,58,2026-08-02T19:49:34Z,glm-5.2:cloud
Boys Indoor Track,High Jump,1998,3A-2A,Jeff McKelvin,Randallstown,6-04,pdfs/Winter record book.pdf,58,2026-08-02T19:49:34Z,glm-5.2:cloud
Boys Indoor Track,High Jump,1998,2A-1A,Derek Dye,Middletown,6-04,pdfs/Winter record book.pdf,58,2026-08-02T19:49:34Z,glm-5.2:cloud
Boys Indoor Track,High Jump,1999,4A-3A,Paul Comas,Annapolis,6-06,pdfs/Winter record book.pdf,58,2026-08-02T19:49:34Z,glm-5.2:cloud
Boys Indoor Track,High Jump,1999,3A-2A,Terrence Brown,Patuxent,6-02,pdfs/Winter record book.pdf,58,2026-08-02T19:49:34Z,glm-5.2:cloud
Boys Indoor Track,High Jump,1999,2A-1A,Greg McCormick,Middletown,6-02,pdfs/Winter record book.pdf,58,2026-08-02T19:49:34Z,glm-5.2:cloud
Boys Indoor Track,High Jump,2000,4A-3A,Yeahmu Kyne,E Roosevelt,6-04,pdfs/Winter record book.pdf,58,2026-08-02T19:49:34Z,glm-5.2:cloud
Boys Indoor Track,High Jump,2000,3A-2A,Gary Bates,Randallstown,6-02,pdfs/Winter record book.pdf,58,2026-08-02T19:49:34Z,glm-5.2:cloud
Boys Indoor Track,High Jump,2000,2A-1A,Greg McCormick,Middletown,6-04,pdfs/Winter record book.pdf,58,2026-08-02T19:49:34Z,glm-5.2:cloud
Boys Indoor Track,High Jump,2001,4A-3A,Matt Waranius,Chesapeake-AA,6-08,pdfs/Winter record book.pdf,58,2026-08-02T19:49:34Z,glm-5.2:cloud
Boys Indoor Track,High Jump,2001,3A-2A,Gary Bates,Randallstown,6-06,pdfs/Winter record book.pdf,58,2026-08-02T19:49:34Z,glm-5.2:cloud
Boys Indoor Track,High Jump,2001,2A-1A,Greg McCormick,Middletown,6-06,pdfs/Winter record book.pdf,58,2026-08-02T19:49:34Z,glm-5.2:cloud
Boys Indoor Track,High Jump,2002,4A-3A,Vaclav Malek,Walter Johnson,6-06,pdfs/Winter record book.pdf,58,2026-08-02T19:49:34Z,glm-5.2:cloud
Boys Indoor Track,High Jump,2002,3A-2A,Larry Hawkins,Gwynn Park,6-04,pdfs/Winter record book.pdf,58,2026-08-02T19:49:34Z,glm-5.2:cloud
Boys Indoor Track,High Jump,2002,2A-1A,Matt Kutcher,Francis Scott Key,6-04,pdfs/Winter record book.pdf,58,2026-08-02T19:49:34Z,glm-5.2:cloud
Boys Indoor Track,High Jump,2003,4A-3A,Mike Bukosky,Perry Hall,6-02,pdfs/Winter record book.pdf,58,2026-08-02T19:49:34Z,glm-5.2:cloud
Boys Indoor Track,High Jump,2003,3A-2A,Damon Gasque,Mount Hebron,6-02,pdfs/Winter record book.pdf,58,2026-08-02T19:49:34Z,glm-5.2:cloud
Boys Indoor Track,High Jump,2003,2A-1A,David McDougal,Smithsburg,6-02,pdfs/Winter record book.pdf,58,2026-08-02T19:49:34Z,glm-5.2:cloud
Boys Indoor Track,High Jump,2004,4A-3A,Ronald Bias,Woodlawn,6-02,pdfs/Winter record book.pdf,58,2026-08-02T19:49:34Z,glm-5.2:cloud
Boys Indoor Track,High Jump,2004,3A-2A,Boris Roslov,Middletown,6-06,pdfs/Winter record book.pdf,58,2026-08-02T19:49:34Z,glm-5.2:cloud
Boys Indoor Track,High Jump,2004,2A-1A,Joe Talley,North Caroline,6-00,pdfs/Winter record book.pdf,58,2026-08-02T19:49:34Z,glm-5.2:cloud
Boys Indoor Track,High Jump,2005,4A-3A,Charles Wilkinson,Oxon Hill,6-04,pdfs/Winter record book.pdf,58,2026-08-02T19:49:34Z,glm-5.2:cloud
Boys Indoor Track,High Jump,2005,3A-2A,Jason Allen,Mount Hebron,6-02,pdfs/Winter record book.pdf,58,2026-08-02T19:49:34Z,glm-5.2:cloud
Boys Indoor Track,High Jump,2005,2A-1A,Marc Gast,Parkside,6-00,pdfs/Winter record book.pdf,58,2026-08-02T19:49:34Z,glm-5.2:cloud
Boys Indoor Track,High Jump,2006,4A-3A,Aaron Johnson,Oxon Hill,6-09,pdfs/Winter record book.pdf,58,2026-08-02T19:49:34Z,glm-5.2:cloud
Boys Indoor Track,High Jump,2006,3A-2A,Jason Allen,Mount Hebron,6-04,pdfs/Winter record book.pdf,58,2026-08-02T19:49:34Z,glm-5.2:cloud
Boys Indoor Track,High Jump,2006,2A-1A,Jordan Dyson,Frederick,6-06,pdfs/Winter record book.pdf,58,2026-08-02T19:49:34Z,glm-5.2:cloud
Boys Indoor Track,High Jump,2007,4A-3A,Jamal Currica,Damascus,6-06,pdfs/Winter record book.pdf,58,2026-08-02T19:49:34Z,glm-5.2:cloud
Boys Indoor Track,High Jump,2007,3A-2A,Justin Fontanzo,Lansdowne,6-06,pdfs/Winter record book.pdf,58,2026-08-02T19:49:34Z,glm-5.2:cloud
Boys Indoor Track,High Jump,2007,2A-1A,Nick Hruch,Liberty,6-06,pdfs/Winter record book.pdf,58,2026-08-02T19:49:34Z,glm-5.2:cloud
Boys Indoor Track,High Jump,2008,4A,Richard Graham,Linganore,6-02,pdfs/Winter record book.pdf,58,2026-08-02T19:49:34Z,glm-5.2:cloud
Boys Indoor Track,High Jump,2008,3A,Ryan Mullsteff,Damascus,6-06,pdfs/Winter record book.pdf,58,2026-08-02T19:49:34Z,glm-5.2:cloud
Boys Indoor Track,High Jump,2008,2A,Jon Hill,Walkersville,6-08,pdfs/Winter record book.pdf,58,2026-08-02T19:49:34Z,glm-5.2:cloud
Boys Indoor Track,High Jump,2008,1A,Robert Kornides,Boonsboro,5-10,pdfs/Winter record book.pdf,58,2026-08-02T19:49:34Z,glm-5.2:cloud
Boys Indoor Track,High Jump,2009,4A,Owen Cain,Gaithersburg,6-02,pdfs/Winter record book.pdf,58,2026-08-02T19:49:34Z,glm-5.2:cloud
Boys Indoor Track,High Jump,2009,3A,Jonathan Harper,Westlake,6-02,pdfs/Winter record book.pdf,58,2026-08-02T19:49:34Z,glm-5.2:cloud
Boys Indoor Track,High Jump,2009,2A,Jon Hill,Walkersville,6-10 1/2,pdfs/Winter record book.pdf,58,2026-08-02T19:49:34Z,glm-5.2:cloud
Boys Indoor Track,High Jump,2009,1A,Billy Lawrence,Smithsburg,6-04,pdfs/Winter record book.pdf,58,2026-08-02T19:49:34Z,glm-5.2:cloud
Boys Indoor Track,High Jump,2010,4A,Zach Fetters,Gaithersburg,6-04,pdfs/Winter record book.pdf,58,2026-08-02T19:49:34Z,glm-5.2:cloud
Boys Indoor Track,High Jump,2010,3A,Chris Yamoah,Reservoir,6-02,pdfs/Winter record book.pdf,58,2026-08-02T19:49:34Z,glm-5.2:cloud
Boys Indoor Track,High Jump,2010,2A,Tommy Butler,F.S. Key,6-06,pdfs/Winter record book.pdf,58,2026-08-02T19:49:34Z,glm-5.2:cloud
Boys Indoor Track,High Jump,2010,1A,Xavier Stinson,Perryville,6-02,pdfs/Winter record book.pdf,58,2026-08-02T19:49:34Z,glm-5.2:cloud
Boys Indoor Track,High Jump,2011,4A,Jamal Butler,North Point,6-04,pdfs/Winter record book.pdf,58,2026-08-02T19:49:34Z,glm-5.2:cloud
Boys Indoor Track,High Jump,2011,3A,Josh Mathis,Franklin,6-02,pdfs/Winter record book.pdf,58,2026-08-02T19:49:34Z,glm-5.2:cloud
Boys Indoor Track,High Jump,2011,2A,Rakim Hamilton,Middletown,6-00,pdfs/Winter record book.pdf,58,2026-08-02T19:49:34Z,glm-5.2:cloud
Boys Indoor Track,High Jump,2011,1A,Andrew Allen,Forest Park,6-02,pdfs/Winter record book.pdf,58,2026-08-02T19:49:34Z,glm-5.2:cloud
Boys Indoor Track,High Jump,2012,4A,Michael Abraham,North Point,6-02,pdfs/Winter record book.pdf,58,2026-08-02T19:49:34Z,glm-5.2:cloud
Boys Indoor Track,High Jump,2012,3A,Gregory Petersen,Stephen Decatur,6-06,pdfs/Winter record book.pdf,58,2026-08-02T19:49:34Z,glm-5.2:cloud
Boys Indoor Track,High Jump,2012,2A,Kyle Smith,Douglass-PG,6-00,pdfs/Winter record book.pdf,58,2026-08-02T19:49:34Z,glm-5.2:cloud
Boys Indoor Track,High Jump,2012,1A,Martin Davis,New Town,6-00,pdfs/Winter record book.pdf,58,2026-08-02T19:49:34Z,glm-5.2:cloud
Boys Indoor Track,High Jump,2013,4A,Jack O'Keefe,Quince Orchard,6-02,pdfs/Winter record book.pdf,58,2026-08-02T19:49:34Z,glm-5.2:cloud
Boys Indoor Track,High Jump,2013,3A,Lucas Duker,Stephen Decatur,6-00,pdfs/Winter record book.pdf,58,2026-08-02T19:49:34Z,glm-5.2:cloud
Boys Indoor Track,High Jump,2013,2A,Jake Stefanik,Century,6-02,pdfs/Winter record book.pdf,58,2026-08-02T19:49:34Z,glm-5.2:cloud
Boys Indoor Track,High Jump,2013,1A,Nick Seabright,Boonsboro,6-00,pdfs/Winter record book.pdf,58,2026-08-02T19:49:34Z,glm-5.2:cloud
Boys Indoor Track,High Jump,2014,4A,Austin Castleberry,Northwest,6-02,pdfs/Winter record book.pdf,58,2026-08-02T19:49:34Z,glm-5.2:cloud
Boys Indoor Track,High Jump,2014,3A,Tanguy Bukasa,Frederick,6-04,pdfs/Winter record book.pdf,58,2026-08-02T19:49:34Z,glm-5.2:cloud
Boys Indoor Track,High Jump,2014,2A,Kollin Smith,Douglass-PG,6-02,pdfs/Winter record book.pdf,58,2026-08-02T19:49:34Z,glm-5.2:cloud
Boys Indoor Track,High Jump,2014,1A,David Tarczar,Brunswick,6-02,pdfs/Winter record book.pdf,58,2026-08-02T19:49:34Z,glm-5.2:cloud
Boys Indoor Track,High Jump,2015,4A,Aaron Beidleman,Northwest,6-02,pdfs/Winter record book.pdf,58,2026-08-02T19:49:34Z,glm-5.2:cloud
Boys Indoor Track,High Jump,2015,3A,Tevin Bailey,Westminster,6-02,pdfs/Winter record book.pdf,58,2026-08-02T19:49:34Z,glm-5.2:cloud
Boys Indoor Track,High Jump,2015,2A,Adam Middlebrook,Oakdale,6-02,pdfs/Winter record book.pdf,58,2026-08-02T19:49:34Z,glm-5.2:cloud
Boys Indoor Track,High Jump,2015,1A,Nathan Gill,Manchester Valley,6-04,pdfs/Winter record book.pdf,58,2026-08-02T19:49:34Z,glm-5.2:cloud
Boys Indoor Track,High Jump,2016,4A,Dylan Bikim,Quince Orchard,6-04,pdfs/Winter record book.pdf,58,2026-08-02T19:49:34Z,glm-5.2:cloud
Boys Indoor Track,High Jump,2016,3A,Henry Forson,Oxon Hill,6-02,pdfs/Winter record book.pdf,58,2026-08-02T19:49:34Z,glm-5.2:cloud
Boys Indoor Track,High Jump,2016,2A,Alex Stefanick,Century,6-04,pdfs/Winter record book.pdf,58,2026-08-02T19:49:34Z,glm-5.2:cloud
Boys Indoor Track,High Jump,2016,1A,Isaiah Elzie,Boonsboro,5-10,pdfs/Winter record book.pdf,58,2026-08-02T19:49:34Z,glm-5.2:cloud
Boys Indoor Track,High Jump,2017,4A,Tyrek Goy,Paint Branch,6-06,pdfs/Winter record book.pdf,58,2026-08-02T19:49:34Z,glm-5.2:cloud
Boys Indoor Track,High Jump,2017,3A,William Henderson,Baltimore Polytechnic,6-06,pdfs/Winter record book.pdf,58,2026-08-02T19:49:34Z,glm-5.2:cloud
Boys Indoor Track,High Jump,2017,2A,Collin Hess,Walkersville,6-05,pdfs/Winter record book.pdf,58,2026-08-02T19:49:34Z,glm-5.2:cloud
Boys Indoor Track,High Jump,2017,1A,Avaughn Holley,Maurice J. McDonough,6-00,pdfs/Winter record book.pdf,58,2026-08-02T19:49:34Z,glm-5.2:cloud
Boys Indoor Track,4x800 m Relay,2002,4A-3A,,C. Milton Wright,8:04.5,pdfs/Winter record book.pdf,58,2026-08-02T19:49:34Z,glm-5.2:cloud
Boys Indoor Track,4x800 m Relay,2002,3A-2A,,River Hill,8:11.7,pdfs/Winter record book.pdf,58,2026-08-02T19:49:34Z,glm-5.2:cloud
Boys Indoor Track,4x800 m Relay,2002,2A-1A,,Glenelg,8:24.1,pdfs/Winter record book.pdf,58,2026-08-02T19:49:34Z,glm-5.2:cloud
Boys Indoor Track,4x800 m Relay,2003,4A-3A,,Walter Johnson,8:12.68,pdfs/Winter record book.pdf,58,2026-08-02T19:49:34Z,glm-5.2:cloud
Boys Indoor Track,4x800 m Relay,2003,3A-2A,,Mount Hebron,8:23.20,pdfs/Winter record book.pdf,58,2026-08-02T19:49:34Z,glm-5.2:cloud
Boys Indoor Track,4x800 m Relay,2003,2A-1A,,Williamsport,8:17.10,pdfs/Winter record book.pdf,58,2026-08-02T19:49:34Z,glm-5.2:cloud
Boys Indoor Track,4x800 m Relay,2004,4A-3A,,Suitland,8:05.70,pdfs/Winter record book.pdf,58,2026-08-02T19:49:34Z,glm-5.2:cloud
Boys Indoor Track,4x800 m Relay,2004,3A-2A,,La Plata,8:23.63,pdfs/Winter record book.pdf,58,2026-08-02T19:49:34Z,glm-5.2:cloud
Boys Indoor Track,4x800 m Relay,2004,2A-1A,,Williamsport,8:35.20,pdfs/Winter record book.pdf,58,2026-08-02T19:49:34Z,glm-5.2:cloud
Boys Indoor Track,4x800 m Relay,2005,4A-3A,,Eleanor Roosevelt,7.59.73,pdfs/Winter record book.pdf,58,2026-08-02T19:49:34Z,glm-5.2:cloud
Boys Indoor Track,4x800 m Relay,2005,3A-2A,,Southern-AA,8:28.63,pdfs/Winter record book.pdf,58,2026-08-02T19:49:34Z,glm-5.2:cloud
Boys Indoor Track,4x800 m Relay,2005,2A-1A,,Winters Mill,8:29.32,pdfs/Winter record book.pdf,58,2026-08-02T19:49:34Z,glm-5.2:cloud
Boys Indoor Track,4x800 m Relay,2006,4A-3A,,Eleanor Roosevelt,8:20.89,pdfs/Winter record book.pdf,58,2026-08-02T19:49:34Z,glm-5.2:cloud
Boys Indoor Track,4x800 m Relay,2006,3A-2A,,Kent Island,8:14.20,pdfs/Winter record book.pdf,58,2026-08-02T19:49:34Z,glm-5.2:cloud
Boys Indoor Track,4x800 m Relay,2006,2A-1A,,Liberty,8:21.96,pdfs/Winter record book.pdf,58,2026-08-02T19:49:34Z,glm-5.2:cloud
Boys Indoor Track,4x800 m Relay,2007,4A-3A,,Eleanor Roosevelt,8:04.92,pdfs/Winter record book.pdf,58,2026-08-02T19:49:34Z,glm-5.2:cloud
Boys Indoor Track,4x800 m Relay,2007,3A-2A,,Urbana,8:23.67,pdfs/Winter record book.pdf,58,2026-08-02T19:49:34Z,glm-5.2:cloud
Boys Indoor Track,4x800 m Relay,2007,2A-1A,,Polytechnic,8:20.47,pdfs/Winter record book.pdf,58,2026-08-02T19:49:34Z,glm-5.2:cloud
Boys Indoor Track,4x800 m Relay,2008,4A,,Quince Orchard,8:03.88,pdfs/Winter record book.pdf,58,2026-08-02T19:49:34Z,glm-5.2:cloud
Boys Indoor Track,4x800 m Relay,2008,3A,,Damascus,8:07.25,pdfs/Winter record book.pdf,58,2026-08-02T19:49:34Z,glm-5.2:cloud
Boys Indoor Track,4x800 m Relay,2008,2A,,Century,8:26.83,pdfs/Winter record book.pdf,58,2026-08-02T19:49:34Z,glm-5.2:cloud
Boys Indoor Track,4x800 m Relay,2008,1A,,Williamsport,8:25.18,pdfs/Winter record book.pdf,58,2026-08-02T19:49:34Z,glm-5.2:cloud
Boys Indoor Track,4x800 m Relay,2009,4A,,Broadneck,8:02.05,pdfs/Winter record book.pdf,58,2026-08-02T19:49:34Z,glm-5.2:cloud
Boys Indoor Track,4x800 m Relay,2009,3A,,Damascus,8:19.69,pdfs/Winter record book.pdf,58,2026-08-02T19:49:34Z,glm-5.2:cloud
Boys Indoor Track,4x800 m Relay,2009,2A,,Winters Mill,8:13.55,pdfs/Winter record book.pdf,58,2026-08-02T19:49:34Z,glm-5.2:cloud
Boys Indoor Track,4x800 m Relay,2009,1A,,Williamsport,8:28.94,pdfs/Winter record book.pdf,58,2026-08-02T19:49:34Z,glm-5.2:cloud
Boys Indoor Track,4x800 m Relay,2010,4A,,Richard Montgomery,8:04.20,pdfs/Winter record book.pdf,58,2026-08-02T19:49:34Z,glm-5.2:cloud
Boys Indoor Track,4x800 m Relay,2010,3A,,Damascus,8:06.69,pdfs/Winter record book.pdf,58,2026-08-02T19:49:34Z,glm-5.2:cloud
Boys Indoor Track,4x800 m Relay,2010,2A,,Walkersville,8:17.98,pdfs/Winter record book.pdf,58,2026-08-02T19:49:34Z,glm-5.2:cloud
Boys Indoor Track,4x800 m Relay,2010,1A,,Northwestern-B,8:25.67,pdfs/Winter record book.pdf,58,2026-08-02T19:49:34Z,glm-5.2:cloud
Boys Indoor Track,4x800 m Relay,2011,4A,,Richard Montgomery,8:05.61,pdfs/Winter record book.pdf,58,2026-08-02T19:49:34Z,glm-5.2:cloud
Boys Indoor Track,4x800 m Relay,2011,3A,,Quince Orchard,8:13.81,pdfs/Winter record book.pdf,58,2026-08-02T19:49:34Z,glm-5.2:cloud
Boys Indoor Track,4x800 m Relay,2011,2A,,Edmondson-Westside,8:23.08,pdfs/Winter record book.pdf,58,2026-08-02T19:49:34Z,glm-5.2:cloud
Boys Indoor Track,4x800 m Relay,2011,1A,,Northwestern-B,8:30.37,pdfs/Winter record book.pdf,58,2026-08-02T19:49:34Z,glm-5.2:cloud
Boys Indoor Track,4x800 m Relay,2012,4A,,Perry Hall,8:14.02,pdfs/Winter record book.pdf,58,2026-08-02T19:49:34Z,glm-5.2:cloud
Boys Indoor Track,4x800 m Relay,2012,3A,,Urbana,8:11.11,pdfs/Winter record book.pdf,58,2026-08-02T19:49:34Z,glm-5.2:cloud
Boys Indoor Track,4x800 m Relay,2012,2A,,Winters Mill,8:23.88,pdfs/Winter record book.pdf,58,2026-08-02T19:49:34Z,glm-5.2:cloud
Boys Indoor Track,4x800 m Relay,2012,1A,,North Carroll,8:31.50,pdfs/Winter record book.pdf,58,2026-08-02T19:49:34Z,glm-5.2:cloud
Boys Indoor Track,4x800 m Relay,2013,4A,,Oxon Hill,8:14.71,pdfs/Winter record book.pdf,58,2026-08-02T19:49:34Z,glm-5.2:cloud
Boys Indoor Track,4x800 m Relay,2013,3A,,Mount Hebron,8:20.33,pdfs/Winter record book.pdf,58,2026-08-02T19:49:34Z,glm-5.2:cloud
Boys Indoor Track,4x800 m Relay,2013,2A,,Liberty,8:15.57,pdfs/Winter record book.pdf,58,2026-08-02T19:49:34Z,glm-5.2:cloud
Boys Indoor Track,4x800 m Relay,2013,1A,,Boonsboro,8:34.31,pdfs/Winter record book.pdf,58,2026-08-02T19:49:34Z,glm-5.2:cloud
Boys Indoor Track,4x800 m Relay,2014,4A,,Richard Montgomery,8:05.59,pdfs/Winter record book.pdf,58,2026-08-02T19:49:34Z,glm-5.2:cloud
Boys Indoor Track,4x800 m Relay,2014,3A,,Mount Hebron,8:23.99,pdfs/Winter record book.pdf,58,2026-08-02T19:49:34Z,glm-5.2:cloud
Boys Indoor Track,4x800 m Relay,2014,2A,,Century,8:20.10,pdfs/Winter record book.pdf,58,2026-08-02T19:49:34Z,glm-5.2:cloud
Boys Indoor Track,4x800 m Relay,2014,1A,,North Carroll,8:31.52,pdfs/Winter record book.pdf,58,2026-08-02T19:49:34Z,glm-5.2:cloud
Boys Indoor Track,4x800 m Relay,2015,4A,,Paint Branch,8:05.85,pdfs/Winter record book.pdf,58,2026-08-02T19:49:34Z,glm-5.2:cloud
Boys Indoor Track,4x800 m Relay,2015,3A,,River Hill,8:10.71,pdfs/Winter record book.pdf,58,2026-08-02T19:49:34Z,glm-5.2:cloud
Boys Indoor Track,4x800 m Relay,2015,2A,,Century,8:17.62,pdfs/Winter record book.pdf,58,2026-08-02T19:49:34Z,glm-5.2:cloud
Boys Indoor Track,4x800 m Relay,2015,1A,,Bohemia Manor,8:38.65,pdfs/Winter record book.pdf,58,2026-08-02T19:49:34Z,glm-5.2:cloud
Boys Indoor Track,4x800 m Relay,2016,4A,,Howard,8:17.84,pdfs/Winter record book.pdf,58,2026-08-02T19:49:34Z,glm-5.2:cloud
Boys Indoor Track,4x800 m Relay,2016,3A,,Oxon Hill,8:21.26,pdfs/Winter record book.pdf,58,2026-08-02T19:49:34Z,glm-5.2:cloud
Boys Indoor Track,4x800 m Relay,2016,2A,,Oakland Mills,8:24.02,pdfs/Winter record book.pdf,58,2026-08-02T19:49:34Z,glm-5.2:cloud
Boys Indoor Track,4x800 m Relay,2016,1A,,North Carroll,8:47.68,pdfs/Winter record book.pdf,58,2026-08-02T19:49:34Z,glm-5.2:cloud
Boys Indoor Track,4x800 m Relay,2017,4A,,Bethesda-Chevy Chase,8:13.05,pdfs/Winter record book.pdf,58,2026-08-02T19:49:34Z,glm-5.2:cloud
Boys Indoor Track,4x800 m Relay,2017,3A,,Oxon Hill,8:07.56,pdfs/Winter record book.pdf,58,2026-08-02T19:49:34Z,glm-5.2:cloud
Boys Indoor Track,4x800 m Relay,2017,2A,,Parkside,8:23.66,pdfs/Winter record book.pdf,58,2026-08-02T19:49:34Z,glm-5.2:cloud
Boys Indoor Track,4x800 m Relay,2017,1A,,Cambridge-SD,8:32.34,pdfs/Winter record book.pdf,58,2026-08-02T19:49:34Z,glm-5.2:cloud
Boys Indoor Track,4x800 m Relay,2018,4A,,Bethesda-Chevy Chase,8:08.39,pdfs/Winter record book.pdf,58,2026-08-02T19:49:34Z,glm-5.2:cloud
Boys Indoor Track,4x800 m Relay,2018,3A,,North Hagerstown,8:15.02,pdfs/Winter record book.pdf,58,2026-08-02T19:49:34Z,glm-5.2:cloud
Boys Indoor Track,4x800 m Relay,2018,2A,,River Hill,8:12.37,pdfs/Winter record book.pdf,58,2026-08-02T19:49:34Z,glm-5.2:cloud
Boys Indoor Track,4x800 m Relay,2018,1A,,Boonsboro,8:41.07,pdfs/Winter record book.pdf,58,2026-08-02T19:49:34Z,glm-5.2:cloud
Boys Indoor Track,4x800 m Relay,2019,4A,,Bethesda-Chevy Chase,8:05.37,pdfs/Winter record book.pdf,58,2026-08-02T19:49:34Z,glm-5.2:cloud
Boys Indoor Track,4x800 m Relay,2019,3A,,Chopticon,8:04.53,pdfs/Winter record book.pdf,58,2026-08-02T19:49:34Z,glm-5.2:cloud
Boys Indoor Track,4x800 m Relay,2019,2A,,Harford Technical,8:11.28,pdfs/Winter record book.pdf,58,2026-08-02T19:49:34Z,glm-5.2:cloud
Boys Indoor Track,4x800 m Relay,2019,1A,,Boonsboro,8:41.49,pdfs/Winter record book.pdf,58,2026-08-02T19:49:34Z,glm-5.2:cloud
Boys Indoor Track,4x800 m Relay,2020,4A,,Richard Montgomery,7:59.00,pdfs/Winter record book.pdf,58,2026-08-02T19:49:34Z,glm-5.2:cloud
Boys Indoor Track,4x800 m Relay,2020,3A,,Chopticon,8:10.39,pdfs/Winter record book.pdf,58,2026-08-02T19:49:34Z,glm-5.2:cloud
Boys Indoor Track,4x800 m Relay,2020,2A,,Oakdale,8:21.43,pdfs/Winter record book.pdf,58,2026-08-02T19:49:34Z,glm-5.2:cloud
Boys Indoor Track,4x800 m Relay,2020,1A,,Western STES,8:37.69,pdfs/Winter record book.pdf,58,2026-08-02T19:49:34Z,glm-5.2:cloud
Boys Indoor Track,4x800 m Relay,2022,4A,,Severna Park,8:32.97,pdfs/Winter record book.pdf,58,2026-08-02T19:49:34Z,glm-5.2:cloud
Boys Indoor Track,4x800 m Relay,2022,3A,,Chopticon,8:36.32,pdfs/Winter record book.pdf,58,2026-08-02T19:49:34Z,glm-5.2:cloud
Boys Indoor Track,4x800 m Relay,2022,2A,,Fallston,8:52.18,pdfs/Winter record book.pdf,58,2026-08-02T19:49:34Z,glm-5.2:cloud
Boys Indoor Track,4x800 m Relay,2022,1A,,Snow Hill,9:03.67,pdfs/Winter record book.pdf,58,2026-08-02T19:49:34Z,glm-5.2:cloud
Boys Indoor Track,4x800 m Relay,2023,4A,,Severna Park,8:09.99,pdfs/Winter record book.pdf,58,2026-08-02T19:49:34Z,glm-5.2:cloud
Boys Indoor Track,4x800 m Relay,2023,3A,,Chopticon,8:05.95,pdfs/Winter record book.pdf,58,2026-08-02T19:49:34Z,glm-5.2:cloud
Boys Indoor Track,4x800 m Relay,2023,2A,,Liberty,8:17.08,pdfs/Winter record book.pdf,58,2026-08-02T19:49:34Z,glm-5.2:cloud
Boys Indoor Track,4x800 m Relay,2023,1A,,Mountain Ridge,8:27.50,pdfs/Winter record book.pdf,58,2026-08-02T19:49:34Z,glm-5.2:cloud
Boys Indoor Track,4x800 m Relay,2024,4A,,Urbana,8:06.89,pdfs/Winter record book.pdf,58,2026-08-02T19:49:34Z,glm-5.2:cloud
Boys Indoor Track,4x800 m Relay,2024,3A,,Chopticon,8:08.89,pdfs/Winter record book.pdf,58,2026-08-02T19:49:34Z,glm-5.2:cloud
Boys Indoor Track,4x800 m Relay,2024,2A,,Glenelg,8:21.86,pdfs/Winter record book.pdf,58,2026-08-02T19:49:34Z,glm-5.2:cloud
Boys Indoor Track,4x800 m Relay,2024,1A,,Liberty,8:22.42,pdfs/Winter record book.pdf,58,2026-08-02T19:49:34Z,glm-5.2:cloud
Boys Indoor Track,4x800 m Relay,2025,4A,,Montgomery Blair,8:10.16,pdfs/Winter record book.pdf,58,2026-08-02T19:49:34Z,glm-5.2:cloud
Boys Indoor Track,4x800 m Relay,2025,3A,,Towson,8:14.20,pdfs/Winter record book.pdf,58,2026-08-02T19:49:34Z,glm-5.2:cloud
Boys Indoor Track,4x800 m Relay,2025,2A,,Paul Laurence Dunbar,8:14.93,pdfs/Winter record book.pdf,58,2026-08-02T19:49:34Z,glm-5.2:cloud
Boys Indoor Track,4x800 m Relay,2025,1A,,Harford Technical,8:25.71,pdfs/Winter record book.pdf,58,2026-08-02T19:49:34Z,glm-5.2:cloud
Boys Indoor Track,High Jump,2018,4A,Josiah Nilsen,Dulaney,6-06,pdfs/Winter record book.pdf,59,2026-08-02T19:50:44Z,glm-5.2:cloud
Boys Indoor Track,High Jump,2018,3A,Kaithon McDonald,South Hagerstown,6-06,pdfs/Winter record book.pdf,59,2026-08-02T19:50:44Z,glm-5.2:cloud
Boys Indoor Track,High Jump,2018,2A,Jalen Stanton,Century,6-07,pdfs/Winter record book.pdf,59,2026-08-02T19:50:44Z,glm-5.2:cloud
Boys Indoor Track,High Jump,2018,1A,Michael Hollingsworth,Southern-Garrett,5-10,pdfs/Winter record book.pdf,59,2026-08-02T19:50:44Z,glm-5.2:cloud
Boys Indoor Track,High Jump,2019,4A,Kavi Caster,South River,6-06,pdfs/Winter record book.pdf,59,2026-08-02T19:50:44Z,glm-5.2:cloud
Boys Indoor Track,High Jump,2019,3A,Colby Bannon,Linganore,6-02,pdfs/Winter record book.pdf,59,2026-08-02T19:50:44Z,glm-5.2:cloud
Boys Indoor Track,High Jump,2019,2A,Jalen Stanton,Century,6-07,pdfs/Winter record book.pdf,59,2026-08-02T19:50:44Z,glm-5.2:cloud
Boys Indoor Track,High Jump,2019,1A,Kyle Noll,Crisfield,6-00,pdfs/Winter record book.pdf,59,2026-08-02T19:50:44Z,glm-5.2:cloud
Boys Indoor Track,High Jump,2020,4A,Leroy Neal,Richard Montgomery,6-02,pdfs/Winter record book.pdf,59,2026-08-02T19:50:44Z,glm-5.2:cloud
Boys Indoor Track,High Jump,2020,3A,Charlie Hoston,South Hagerstown,6-08,pdfs/Winter record book.pdf,59,2026-08-02T19:50:44Z,glm-5.2:cloud
Boys Indoor Track,High Jump,2020,2A,Duane Branch,Frederick Douglass-PG,6-02,pdfs/Winter record book.pdf,59,2026-08-02T19:50:44Z,glm-5.2:cloud
Boys Indoor Track,High Jump,2020,1A,Eric Browner,Lake Clifton,6-00,pdfs/Winter record book.pdf,59,2026-08-02T19:50:44Z,glm-5.2:cloud
Boys Indoor Track,High Jump,2022,4A,Gavin Shaffer,Dulaney,6-02,pdfs/Winter record book.pdf,59,2026-08-02T19:50:44Z,glm-5.2:cloud
Boys Indoor Track,High Jump,2022,3A,Vaughn DeVaughn III,Mergenthaler Vo-Tech,6-00,pdfs/Winter record book.pdf,59,2026-08-02T19:50:44Z,glm-5.2:cloud
Boys Indoor Track,High Jump,2022,2A,Aki Harvey,Oakland Mills,5-10,pdfs/Winter record book.pdf,59,2026-08-02T19:50:44Z,glm-5.2:cloud
Boys Indoor Track,High Jump,2022,1A,Tyler Josenhans,Clear Spring,5-08,pdfs/Winter record book.pdf,59,2026-08-02T19:50:44Z,glm-5.2:cloud
Boys Indoor Track,High Jump,2023,4A,Yule Pieters,Thomas S. Wootton,6-02,pdfs/Winter record book.pdf,59,2026-08-02T19:50:44Z,glm-5.2:cloud
Boys Indoor Track,High Jump,2023,3A,Myles Taylor,Franklin,6-04,pdfs/Winter record book.pdf,59,2026-08-02T19:50:44Z,glm-5.2:cloud
Boys Indoor Track,High Jump,2023,2A,Abdur Hassan,Oakland Mills,6-00,pdfs/Winter record book.pdf,59,2026-08-02T19:50:44Z,glm-5.2:cloud
Boys Indoor Track,High Jump,2023,1A,Jacob Faith,Clear Spring,6-02,pdfs/Winter record book.pdf,59,2026-08-02T19:50:44Z,glm-5.2:cloud
Boys Indoor Track,High Jump,2024,4A,Justin DeVaughn,Mergenthaler Vo-Tech,6-06,pdfs/Winter record book.pdf,59,2026-08-02T19:50:44Z,glm-5.2:cloud
Boys Indoor Track,High Jump,2024,3A,Kian Williams,Severna Park,6-06,pdfs/Winter record book.pdf,59,2026-08-02T19:50:44Z,glm-5.2:cloud
Boys Indoor Track,High Jump,2024,2A,Jadon Gaines,Hereford,6-04,pdfs/Winter record book.pdf,59,2026-08-02T19:50:44Z,glm-5.2:cloud
Boys Indoor Track,High Jump,2024,1A,Larry Steward,Kent County,6-04 1/4,pdfs/Winter record book.pdf,59,2026-08-02T19:50:44Z,glm-5.2:cloud
Boys Indoor Track,High Jump,2025,4A,Bakari Taylor,Winston Churchill,6-08,pdfs/Winter record book.pdf,59,2026-08-02T19:50:44Z,glm-5.2:cloud
Boys Indoor Track,High Jump,2025,3A,Mobolaji Popoola,Great Mills,6-08,pdfs/Winter record book.pdf,59,2026-08-02T19:50:44Z,glm-5.2:cloud
Boys Indoor Track,High Jump,2025,2A,Nanjo Levec,Middletown,6-06,pdfs/Winter record book.pdf,59,2026-08-02T19:50:44Z,glm-5.2:cloud
Boys Indoor Track,High Jump,2025,1A,Derrick Jones,Boonsboro,6-04,pdfs/Winter record book.pdf,59,2026-08-02T19:50:44Z,glm-5.2:cloud
Boys Indoor Track,Shot Put,1972,Combined,Paul Savchuck,Springbrook,53-11 1/2,pdfs/Winter record book.pdf,59,2026-08-02T19:50:44Z,glm-5.2:cloud
Boys Indoor Track,Shot Put,1973,AA,Bill Wright,Severna Park,53-03,pdfs/Winter record book.pdf,59,2026-08-02T19:50:44Z,glm-5.2:cloud
Boys Indoor Track,Shot Put,1973,ABC,Mike Niner,Westminster,51-08 3/4,pdfs/Winter record book.pdf,59,2026-08-02T19:50:44Z,glm-5.2:cloud
Boys Indoor Track,Shot Put,1974,AA,Rico Massimino,Severna Park,50-03 1/4,pdfs/Winter record book.pdf,59,2026-08-02T19:50:44Z,glm-5.2:cloud
Boys Indoor Track,Shot Put,1974,ABC,Tom Deem,Friendly,55-06,pdfs/Winter record book.pdf,59,2026-08-02T19:50:44Z,glm-5.2:cloud
Boys Indoor Track,Shot Put,1975,AA,Bill Hodge,Arundel,50-10 1/4,pdfs/Winter record book.pdf,59,2026-08-02T19:50:44Z,glm-5.2:cloud
Boys Indoor Track,Shot Put,1975,ABC,David Lane,Hereford,53-11,pdfs/Winter record book.pdf,59,2026-08-02T19:50:44Z,glm-5.2:cloud
Boys Indoor Track,Shot Put,1976,AA,Charlie Lester,Glen Burnie,54-09 1/2,pdfs/Winter record book.pdf,59,2026-08-02T19:50:44Z,glm-5.2:cloud
Boys Indoor Track,Shot Put,1976,ABC,Wayne Mims,Wilde Lake,57-01 1/2,pdfs/Winter record book.pdf,59,2026-08-02T19:50:44Z,glm-5.2:cloud
Boys Indoor Track,Shot Put,1977,AA,George Saah,Montgomery Blair,56-02 1/4,pdfs/Winter record book.pdf,59,2026-08-02T19:50:44Z,glm-5.2:cloud
Boys Indoor Track,Shot Put,1977,ABC,Larry Rosen,Einstein,52-11,pdfs/Winter record book.pdf,59,2026-08-02T19:50:44Z,glm-5.2:cloud
Boys Indoor Track,Shot Put,1978,AA,George Saah,Montgomery Blair,58-11 3/4,pdfs/Winter record book.pdf,59,2026-08-02T19:50:44Z,glm-5.2:cloud
Boys Indoor Track,Shot Put,1978,ABC,James Joyce,Gaithersburg,59-01 3/4,pdfs/Winter record book.pdf,59,2026-08-02T19:50:44Z,glm-5.2:cloud
Boys Indoor Track,Shot Put,1979,AA,George Saah,Montgomery Blair,60-11 1/2,pdfs/Winter record book.pdf,59,2026-08-02T19:50:44Z,glm-5.2:cloud
Boys Indoor Track,Shot Put,1979,ABC,James Joyce,Gaithersburg,60-05 3/4,pdfs/Winter record book.pdf,59,2026-08-02T19:50:44Z,glm-5.2:cloud
Boys Indoor Track,Shot Put,1980,AA,Vince Coles,Montgomery Blair,54-09 3/4,pdfs/Winter record book.pdf,59,2026-08-02T19:50:44Z,glm-5.2:cloud
Boys Indoor Track,Shot Put,1980,A,Nick Agoris,South Carroll,49-03,pdfs/Winter record book.pdf,59,2026-08-02T19:50:44Z,glm-5.2:cloud
Boys Indoor Track,Shot Put,1980,BC,Donald Washington,Cambridge,51-07,pdfs/Winter record book.pdf,59,2026-08-02T19:50:44Z,glm-5.2:cloud
Boys Indoor Track,Shot Put,1981,AA,Dan Garrison,Friendly,52-07 3/4,pdfs/Winter record book.pdf,59,2026-08-02T19:50:44Z,glm-5.2:cloud
Boys Indoor Track,Shot Put,1981,A,Terrence Matthews,Paint Branch,47-07 1/4,pdfs/Winter record book.pdf,59,2026-08-02T19:50:44Z,glm-5.2:cloud
Boys Indoor Track,Shot Put,1981,BC,Joe Fowler,F.S. Key,50-06 1/2,pdfs/Winter record book.pdf,59,2026-08-02T19:50:44Z,glm-5.2:cloud
Boys Indoor Track,Shot Put,1982,AA,John Chinault,Lansdowne,52-07 1/4,pdfs/Winter record book.pdf,59,2026-08-02T19:50:44Z,glm-5.2:cloud
Boys Indoor Track,Shot Put,1982,A,David Kramer,Queen Anne's,48-06 1/4,pdfs/Winter record book.pdf,59,2026-08-02T19:50:44Z,glm-5.2:cloud
Boys Indoor Track,Shot Put,1982,BC,Carlton Adkins,Wicomico,45-00,pdfs/Winter record book.pdf,59,2026-08-02T19:50:44Z,glm-5.2:cloud
Boys Indoor Track,Shot Put,1983,AA,Steve Oleyszyk,Severna Park,53-08 1/2,pdfs/Winter record book.pdf,59,2026-08-02T19:50:44Z,glm-5.2:cloud
Boys Indoor Track,Shot Put,1983,A,Gary Gross,Northern-C,51-10,pdfs/Winter record book.pdf,59,2026-08-02T19:50:44Z,glm-5.2:cloud
Boys Indoor Track,Shot Put,1983,BC,Mark Engle,Boonsboro,47-11,pdfs/Winter record book.pdf,59,2026-08-02T19:50:44Z,glm-5.2:cloud
Boys Indoor Track,Shot Put,1984,AA,Tom Butler,Oxon Hill,49-10 3/4,pdfs/Winter record book.pdf,59,2026-08-02T19:50:44Z,glm-5.2:cloud
Boys Indoor Track,Shot Put,1984,A,Chris Miller,Frederick,50-10 3/4,pdfs/Winter record book.pdf,59,2026-08-02T19:50:44Z,glm-5.2:cloud
Boys Indoor Track,Shot Put,1984,BC,Walter Solley,North East-Cecil,48-05,pdfs/Winter record book.pdf,59,2026-08-02T19:50:44Z,glm-5.2:cloud
Boys Indoor Track,Shot Put,1985,AA,Tom Mattras,Bowie,52-03 3/4,pdfs/Winter record book.pdf,59,2026-08-02T19:50:44Z,glm-5.2:cloud
Boys Indoor Track,Shot Put,1985,A,Alex Kyriacos,Lansdowne,47-02 1/2,pdfs/Winter record book.pdf,59,2026-08-02T19:50:44Z,glm-5.2:cloud
Boys Indoor Track,Shot Put,1985,BC,Frank Allnutt,Poolesville,47-04 1/4,pdfs/Winter record book.pdf,59,2026-08-02T19:50:44Z,glm-5.2:cloud
Boys Indoor Track,Shot Put,1986,Combined,Vic Vali,Perry Hall,56-07,pdfs/Winter record book.pdf,59,2026-08-02T19:50:44Z,glm-5.2:cloud
Boys Indoor Track,Shot Put,1987,AA,Nevin Paige,High Point,51-08,pdfs/Winter record book.pdf,59,2026-08-02T19:50:44Z,glm-5.2:cloud
Boys Indoor Track,Shot Put,1987,A,Kenny Banner,Chesapeake-AA,49-10,pdfs/Winter record book.pdf,59,2026-08-02T19:50:44Z,glm-5.2:cloud
Boys Indoor Track,Shot Put,1987,BC,Jessie Ketterman,Catoctin,47-00 1/2,pdfs/Winter record book.pdf,59,2026-08-02T19:50:44Z,glm-5.2:cloud
Boys Indoor Track,Shot Put,1988,AA,Jeff Thew,Meade,49-00,pdfs/Winter record book.pdf,59,2026-08-02T19:50:44Z,glm-5.2:cloud
Boys Indoor Track,Shot Put,1988,A,Wade Coleman,Queen Anne's,52-01 1/2,pdfs/Winter record book.pdf,59,2026-08-02T19:50:44Z,glm-5.2:cloud
Boys Indoor Track,Shot Put,1988,BC,Gerald Reeder,Boonsboro,50-11 1/2,pdfs/Winter record book.pdf,59,2026-08-02T19:50:44Z,glm-5.2:cloud
Boys Indoor Track,Shot Put,1989,4A,Demark Thompson,Friendly,51-08 1/2,pdfs/Winter record book.pdf,59,2026-08-02T19:50:44Z,glm-5.2:cloud
Boys Indoor Track,Shot Put,1989,3A,Rodney Tasker,South River,46-03,pdfs/Winter record book.pdf,59,2026-08-02T19:50:44Z,glm-5.2:cloud
Boys Indoor Track,Shot Put,1989,2A-1A,Jessie Ketterman,Catoctin,48-08,pdfs/Winter record book.pdf,59,2026-08-02T19:50:44Z,glm-5.2:cloud
Boys Indoor Track,Shot Put,1990,4A,Demark Thompson,Friendly,56-01,pdfs/Winter record book.pdf,59,2026-08-02T19:50:44Z,glm-5.2:cloud
Boys Indoor Track,Shot Put,1990,3A,Rodney Tasker,South River,48-02 1/2,pdfs/Winter record book.pdf,59,2026-08-02T19:50:44Z,glm-5.2:cloud
Boys Indoor Track,Shot Put,1990,2A-1A,Ed Condon,Middletown,47-01 1/2,pdfs/Winter record book.pdf,59,2026-08-02T19:50:44Z,glm-5.2:cloud
Boys Indoor Track,Shot Put,1991,4A,Ted Horn,Gaithersburg,48-10 1/4,pdfs/Winter record book.pdf,59,2026-08-02T19:50:44Z,glm-5.2:cloud
Boys Indoor Track,Shot Put,1991,3A,David Becker,Richard Montgomery,44-07 1/2,pdfs/Winter record book.pdf,59,2026-08-02T19:50:44Z,glm-5.2:cloud
Boys Indoor Track,Shot Put,1991,2A-1A,Marshall Hamilton,Steph. Decatur,47-01 1/4,pdfs/Winter record book.pdf,59,2026-08-02T19:50:44Z,glm-5.2:cloud
Boys Indoor Track,Shot Put,1992,4A,Charles Adams,Perry Hall,52-00 1/2,pdfs/Winter record book.pdf,59,2026-08-02T19:50:44Z,glm-5.2:cloud
Boys Indoor Track,Shot Put,1992,3A,Chuck Apperson,Leonardtown,46-02,pdfs/Winter record book.pdf,59,2026-08-02T19:50:44Z,glm-5.2:cloud
Boys Indoor Track,Shot Put,1992,2A-1A,Scott Baker,Catoctin,48-03 1/2,pdfs/Winter record book.pdf,59,2026-08-02T19:50:44Z,glm-5.2:cloud
Boys Indoor Track,Shot Put,1993,4A,Jaamal Dixon-Hawkins,Old Mill,54-08,pdfs/Winter record book.pdf,59,2026-08-02T19:50:44Z,glm-5.2:cloud
Boys Indoor Track,Shot Put,1993,3A,John Seymour,Linganore,53-03,pdfs/Winter record book.pdf,59,2026-08-02T19:50:44Z,glm-5.2:cloud
Boys Indoor Track,Shot Put,1993,2A-1A,Scott Baker,Catoctin,54-03,pdfs/Winter record book.pdf,59,2026-08-02T19:50:44Z,glm-5.2:cloud
Boys Indoor Track,Shot Put,1994,4A,David Neubiser,Gaithersburg,52-03,pdfs/Winter record book.pdf,59,2026-08-02T19:50:44Z,glm-5.2:cloud
Boys Indoor Track,Shot Put,1994,3A,Michael Leone,J.M. Bennett,47-05 1/2,pdfs/Winter record book.pdf,59,2026-08-02T19:50:44Z,glm-5.2:cloud
Boys Indoor Track,Shot Put,1994,2A-1A,Allen Mullendore,Boonsboro,46-00,pdfs/Winter record book.pdf,59,2026-08-02T19:50:44Z,glm-5.2:cloud
Boys Indoor Track,Shot Put,1995,4A,Dave Neubiser,Gaithersburg,56-03,pdfs/Winter record book.pdf,59,2026-08-02T19:50:44Z,glm-5.2:cloud
Boys Indoor Track,Shot Put,1995,3A,Dave Keller,Parkville,51-08,pdfs/Winter record book.pdf,59,2026-08-02T19:50:44Z,glm-5.2:cloud
Boys Indoor Track,Shot Put,1995,2A-1A,Adrian Newman,South River,50-05,pdfs/Winter record book.pdf,59,2026-08-02T19:50:44Z,glm-5.2:cloud
Boys Indoor Track,Shot Put,1996,4A,Mathias Nkwent,Wootton,50-11,pdfs/Winter record book.pdf,59,2026-08-02T19:50:44Z,glm-5.2:cloud
Boys Indoor Track,Shot Put,1996,3A,Rashawn Frost,Friendly,46-03,pdfs/Winter record book.pdf,59,2026-08-02T19:50:44Z,glm-5.2:cloud
Boys Indoor Track,Shot Put,1996,2A-1A,Kevin Carpenter,Linganore,53-00 1/2,pdfs/Winter record book.pdf,59,2026-08-02T19:50:44Z,glm-5.2:cloud
Boys Indoor Track,Shot Put,1997,4A-3A,Alton McCullum,Frederick,48-02 1/2,pdfs/Winter record book.pdf,59,2026-08-02T19:50:44Z,glm-5.2:cloud
Boys Indoor Track,Shot Put,1997,3A-2A,Patrick Sherriff,McDonough,48-01 1/2,pdfs/Winter record book.pdf,59,2026-08-02T19:50:44Z,glm-5.2:cloud
Boys Indoor Track,Shot Put,1997,2A-1A,Brian Lawrence,Fairmont Heights,49-05,pdfs/Winter record book.pdf,59,2026-08-02T19:50:44Z,glm-5.2:cloud
Boys Indoor Track,Shot Put,1998,4A-3A,Robert Frieson,Gaithersburg,51-05,pdfs/Winter record book.pdf,59,2026-08-02T19:50:44Z,glm-5.2:cloud
Boys Indoor Track,Shot Put,1998,3A-2A,Tom Miller,Urbana,50-07 1/2,pdfs/Winter record book.pdf,59,2026-08-02T19:50:44Z,glm-5.2:cloud
Boys Indoor Track,Shot Put,1998,2A-1A,Andrew Long,Oakland Mills,55-10,pdfs/Winter record book.pdf,59,2026-08-02T19:50:44Z,glm-5.2:cloud
Boys Indoor Track,Shot Put,1999,4A-3A,John Rydezewski,Gaithersburg,54-02 1/2,pdfs/Winter record book.pdf,59,2026-08-02T19:50:44Z,glm-5.2:cloud
Boys Indoor Track,Shot Put,1999,3A-2A,Tim Bilmanis,Thomas Stone,52-07,pdfs/Winter record book.pdf,59,2026-08-02T19:50:44Z,glm-5.2:cloud
Boys Indoor Track,Shot Put,1999,2A-1A,Sam Hess,Hancock,50-00,pdfs/Winter record book.pdf,59,2026-08-02T19:50:44Z,glm-5.2:cloud
Boys Indoor Track,Shot Put,2000,4A-3A,Vikas Gowda,Frederick,58-06,pdfs/Winter record book.pdf,59,2026-08-02T19:50:44Z,glm-5.2:cloud
Boys Indoor Track,Shot Put,2000,3A-2A,Chris Parsons,Northern-C,57-08 3/4,pdfs/Winter record book.pdf,59,2026-08-02T19:50:44Z,glm-5.2:cloud
Boys Indoor Track,Shot Put,2000,2A-1A,Nicholas Fambro,Oakland Mills,45-06,pdfs/Winter record book.pdf,59,2026-08-02T19:50:44Z,glm-5.2:cloud
Boys Indoor Track,Shot Put,2001,4A-3A,Vikas Gowda,Frederick,57-09 1/2,pdfs/Winter record book.pdf,59,2026-08-02T19:50:44Z,glm-5.2:cloud
Boys Indoor Track,Shot Put,2001,3A-2A,Nick Williams,Urbana,52-03,pdfs/Winter record book.pdf,59,2026-08-02T19:50:44Z,glm-5.2:cloud
Boys Indoor Track,Shot Put,2001,2A-1A,Adam Escamilla,Brunswick,50-02 1/2,pdfs/Winter record book.pdf,59,2026-08-02T19:50:44Z,glm-5.2:cloud
Boys Indoor Track,Shot Put,2002,4A-3A,Leif Crago,Bowie,54-10 1/4,pdfs/Winter record book.pdf,59,2026-08-02T19:50:44Z,glm-5.2:cloud
Boys Indoor Track,Shot Put,2002,3A-2A,Nick Williams,Urbana,55-05,pdfs/Winter record book.pdf,59,2026-08-02T19:50:44Z,glm-5.2:cloud
Boys Indoor Track,Shot Put,2002,2A-1A,Frederick Ballenger,Potomac,49-07,pdfs/Winter record book.pdf,59,2026-08-02T19:50:44Z,glm-5.2:cloud
Boys Indoor Track,Shot Put,2003,4A-3A,Thomas Foley,Patuxent,58-04 1/2,pdfs/Winter record book.pdf,59,2026-08-02T19:50:44Z,glm-5.2:cloud
Boys Indoor Track,Shot Put,2003,3A-2A,Nick Williams,Urbana,55-01 3/4,pdfs/Winter record book.pdf,59,2026-08-02T19:50:44Z,glm-5.2:cloud
Boys Indoor Track,Shot Put,2003,2A-1A,Frederick Ballenger,Potomac,56-01 3/4,pdfs/Winter record book.pdf,59,2026-08-02T19:50:44Z,glm-5.2:cloud
Boys Indoor Track,Shot Put,2004,4A-3A,Kerry Pollard,E Roosevelt,49-02 1/2,pdfs/Winter record book.pdf,59,2026-08-02T19:50:44Z,glm-5.2:cloud
Boys Indoor Track,Shot Put,2004,3A-2A,Derrick Williams,Gwynn Park,56-00,pdfs/Winter record book.pdf,59,2026-08-02T19:50:44Z,glm-5.2:cloud
Boys Indoor Track,Shot Put,2004,2A-1A,Johnny Cooper,Fort Hill,49-11 1/2,pdfs/Winter record book.pdf,59,2026-08-02T19:50:44Z,glm-5.2:cloud
Boys Indoor Track,Shot Put,2005,4A-3A,Matt Miller,Richard Montgomery,45-03 1/2,pdfs/Winter record book.pdf,59,2026-08-02T19:50:44Z,glm-5.2:cloud
Boys Indoor Track,Shot Put,2005,3A-2A,Ricky Moore,Northern-C,53-09 1/4,pdfs/Winter record book.pdf,59,2026-08-02T19:50:44Z,glm-5.2:cloud
Boys Indoor Track,Shot Put,2005,2A-1A,Johnny Cooper,Fort Hill,56-02 1/4,pdfs/Winter record book.pdf,59,2026-08-02T19:50:44Z,glm-5.2:cloud
Boys Indoor Track,Shot Put,2006,4A-3A,Matt Miller,Richard Montgomery,51-10 1/4,pdfs/Winter record book.pdf,59,2026-08-02T19:50:44Z,glm-5.2:cloud
Boys Indoor Track,Shot Put,2006,3A-2A,Phillip Taylor,Gwynn Park,54-03 1/4,pdfs/Winter record book.pdf,59,2026-08-02T19:50:44Z,glm-5.2:cloud
Boys Indoor Track,Shot Put,2006,2A-1A,Ben Horner,Brunswick,50-07 1/4,pdfs/Winter record book.pdf,59,2026-08-02T19:50:44Z,glm-5.2:cloud
Boys Indoor Track,Shot Put,2007,4A-3A,Sean Stanley,Gaithersburg,50-06 1/2,pdfs/Winter record book.pdf,59,2026-08-02T19:50:44Z,glm-5.2:cloud
Boys Indoor Track,Shot Put,2007,3A-2A,Stacey Adams,Potomac,50-03 1/4,pdfs/Winter record book.pdf,59,2026-08-02T19:50:44Z,glm-5.2:cloud
Boys Indoor Track,Shot Put,2007,2A-1A,Ben Horner,Brunswick,51-01 1/4,pdfs/Winter record book.pdf,59,2026-08-02T19:50:44Z,glm-5.2:cloud
Boys Indoor Track,Shot Put,2008,4A,Sean Stanley,Gaithersburg,54-11 3/4,pdfs/Winter record book.pdf,59,2026-08-02T19:50:44Z,glm-5.2:cloud
Boys Indoor Track,Shot Put,2008,3A,Cameron McDearmon,Franklin,49-03,pdfs/Winter record book.pdf,59,2026-08-02T19:50:44Z,glm-5.2:cloud
Boys Indoor Track,Shot Put,2008,2A,Avery Graham,Clarksburg,50-00 1/2,pdfs/Winter record book.pdf,59,2026-08-02T19:50:44Z,glm-5.2:cloud
Boys Indoor Track,Shot Put,2008,1A,Ben Horner,Brunswick,52-08 1/2,pdfs/Winter record book.pdf,59,2026-08-02T19:50:44Z,glm-5.2:cloud
Boys Indoor Track,Shot Put,2009,4A,Marcus Brown,Quince Orchard,56-07 3/4,pdfs/Winter record book.pdf,59,2026-08-02T19:50:44Z,glm-5.2:cloud
Boys Indoor Track,Shot Put,2009,3A,Cameron McDearmon,Franklin,51-02 1/4,pdfs/Winter record book.pdf,59,2026-08-02T19:50:44Z,glm-5.2:cloud
Boys Indoor Track,Shot Put,2009,2A,Robert Thompson,Clarksburg,50-01,pdfs/Winter record book.pdf,59,2026-08-02T19:50:44Z,glm-5.2:cloud
Boys Indoor Track,Shot Put,2009,1A,Grant Smith,Brunswick,49-01 1/2,pdfs/Winter record book.pdf,59,2026-08-02T19:50:44Z,glm-5.2:cloud
Boys Indoor Track,Shot Put,2010,4A,Jeff Butler,Henry A. Wise,54-11,pdfs/Winter record book.pdf,59,2026-08-02T19:50:44Z,glm-5.2:cloud
Boys Indoor Track,Shot Put,2010,3A,Yao Andantor,Reservoir,55-01 1/2,pdfs/Winter record book.pdf,59,2026-08-02T19:50:44Z,glm-5.2:cloud
Boys Indoor Track,Shot Put,2010,2A,Lucas Dayhoff,Walkersville,49-07 1/4,pdfs/Winter record book.pdf,59,2026-08-02T19:50:44Z,glm-5.2:cloud
Boys Indoor Track,Shot Put,2010,1A,Grant Smith,Brunswick,53-02 1/4,pdfs/Winter record book.pdf,59,2026-08-02T19:50:44Z,glm-5.2:cloud
Boys Indoor Track,Shot Put,2011,4A,Brian Uthe,Thomas Johnson,52-11,pdfs/Winter record book.pdf,59,2026-08-02T19:50:44Z,glm-5.2:cloud
Boys Indoor Track,Shot Put,2011,3A,John Randall,Franklin,49-07 1/2,pdfs/Winter record book.pdf,59,2026-08-02T19:50:44Z,glm-5.2:cloud
Boys Indoor Track,Shot Put,2011,2A,Anthony Winter,North Hagerstown,48-02,pdfs/Winter record book.pdf,59,2026-08-02T19:50:44Z,glm-5.2:cloud
Boys Indoor Track,Shot Put,2011,1A,John Lowery,Boonsboro,50-07 1/2,pdfs/Winter record book.pdf,59,2026-08-02T19:50:44Z,glm-5.2:cloud
Boys Indoor Track,Shot Put,2012,4A,Nadim Elhage,Churchill,52-01.00,pdfs/Winter record book.pdf,59,2026-08-02T19:50:44Z,glm-5.2:cloud
Boys Indoor Track,Shot Put,2012,3A,Avon Davey,Thomas Johnson,52-07.75,pdfs/Winter record book.pdf,59,2026-08-02T19:50:44Z,glm-5.2:cloud
Boys Indoor Track,Shot Put,2012,2A,Ralph VanVeen,Queen Anne's,49-04.25,pdfs/Winter record book.pdf,59,2026-08-02T19:50:44Z,glm-5.2:cloud
Boys Indoor Track,Shot Put,2012,1A,Pierrysen Henry,Fairmont Heights,53-03.50,pdfs/Winter record book.pdf,59,2026-08-02T19:50:44Z,glm-5.2:cloud
Boys Indoor Track,Shot Put,2013,4A,Dalton Earl,Leonardtown,49-03.25,pdfs/Winter record book.pdf,59,2026-08-02T19:50:44Z,glm-5.2:cloud
Boys Indoor Track,Shot Put,2013,3A,Kevin Mackey,North Harford,50-00.75,pdfs/Winter record book.pdf,59,2026-08-02T19:50:44Z,glm-5.2:cloud
Boys Indoor Track,Shot Put,2013,2A,Lamarr Poole,Owings Mills,48-02.00,pdfs/Winter record book.pdf,59,2026-08-02T19:50:44Z,glm-5.2:cloud
Boys Indoor Track,Shot Put,2013,1A,Gerick Allen,Boonsboro,47-00.25,pdfs/Winter record book.pdf,59,2026-08-02T19:50:44Z,glm-5.2:cloud
Boys Indoor Track,Shot Put,2014,4A,Devonte Johnson,Paint Branch,50-07.00,pdfs/Winter record book.pdf,59,2026-08-02T19:50:44Z,glm-5.2:cloud
Boys Indoor Track,Shot Put,2014,3A,Collin McKenny,Huntingtown,57-04.75,pdfs/Winter record book.pdf,59,2026-08-02T19:50:44Z,glm-5.2:cloud
Boys Indoor Track,Shot Put,2014,2A,Garrett Friday,Oakdale,49-09.00,pdfs/Winter record book.pdf,59,2026-08-02T19:50:44Z,glm-5.2:cloud
Boys Indoor Track,Shot Put,2014,1A,Caleb Cardone,Smithsburg,41-05.00,pdfs/Winter record book.pdf,59,2026-08-02T19:50:44Z,glm-5.2:cloud
Boys Indoor Track,Shot Put,2015,4A,Noah Vernick,Quince Orchard,53-02.50,pdfs/Winter record book.pdf,59,2026-08-02T19:50:44Z,glm-5.2:cloud
Boys Indoor Track,Shot Put,2015,3A,Steven Thomas,Baltimore Polytechnic,49-10.75,pdfs/Winter record book.pdf,59,2026-08-02T19:50:44Z,glm-5.2:cloud
Boys Indoor Track,Shot Put,2015,2A,Mike Nash,Hereford,48-03.50,pdfs/Winter record book.pdf,59,2026-08-02T19:50:44Z,glm-5.2:cloud
Boys Indoor Track,Shot Put,2015,1A,Heath Hott,Smithsburg,44-06.00,pdfs/Winter record book.pdf,59,2026-08-02T19:50:44Z,glm-5.2:cloud
Boys Indoor Track,Shot Put,2016,4A,Nanakofi Appiah,Charles H. Flowers,45-10.75,pdfs/Winter record book.pdf,59,2026-08-02T19:50:44Z,glm-5.2:cloud
Boys Indoor Track,Shot Put,2016,3A,Jabari Bennett,James H. Blake,51-05.00,pdfs/Winter record book.pdf,59,2026-08-02T19:50:44Z,glm-5.2:cloud
Boys Indoor Track,Shot Put,2016,2A,Alexander Devine,La Plata,51-11.75,pdfs/Winter record book.pdf,59,2026-08-02T19:50:44Z,glm-5.2:cloud
Boys Indoor Track,Shot Put,2016,1A,Jordan Churchey,Boonsboro,43-03.00,pdfs/Winter record book.pdf,59,2026-08-02T19:50:44Z,glm-5.2:cloud
Boys Indoor Track,Shot Put,2017,4A,Ethan Aus,Leonardtown,47-18.00,pdfs/Winter record book.pdf,59,2026-08-02T19:50:44Z,glm-5.2:cloud
Boys Indoor Track,Shot Put,2017,3A,Jabari Bennett,James H. Blake,59-00.25,pdfs/Winter record book.pdf,59,2026-08-02T19:50:44Z,glm-5.2:cloud
Boys Indoor Track,Shot Put,2017,2A,Mike Nash,Hereford,55-03.50,pdfs/Winter record book.pdf,59,2026-08-02T19:50:44Z,glm-5.2:cloud
Boys Indoor Track,Shot Put,2017,1A,Nick Kidwell,Boonsboro,51-03.00,pdfs/Winter record book.pdf,59,2026-08-02T19:50:44Z,glm-5.2:cloud
Boys Indoor Track,Shot Put,2018,4A,Elian Ahmar,Broadneck,56-09.50,pdfs/Winter record book.pdf,59,2026-08-02T19:50:44Z,glm-5.2:cloud
Boys Indoor Track,Shot Put,2018,3A,Ryan Brown,Northern-Calvert,49-01.00,pdfs/Winter record book.pdf,59,2026-08-02T19:50:44Z,glm-5.2:cloud
Boys Indoor Track,Shot Put,2018,2A,Connor Yedinak,North East,47-00.50,pdfs/Winter record book.pdf,59,2026-08-02T19:50:44Z,glm-5.2:cloud
Boys Indoor Track,Shot Put,2018,1A,Nick Kidwell,Boonsboro,55-05.50,pdfs/Winter record book.pdf,59,2026-08-02T19:50:44Z,glm-5.2:cloud
Boys Indoor Track,Shot Put,2019,4A,Nnamdi Olebara,Charles H. Flowers,53-01.00,pdfs/Winter record book.pdf,59,2026-08-02T19:50:44Z,glm-5.2:cloud
Boys Indoor Track,Shot Put,2019,3A,Nikolas McKoy,North Hagerstown,49-07.75,pdfs/Winter record book.pdf,59,2026-08-02T19:50:44Z,glm-5.2:cloud
Boys Indoor Track,Shot Put,2019,2A,Dylan Steinwedel,Winters Mill,46-04.00,pdfs/Winter record book.pdf,59,2026-08-02T19:50:44Z,glm-5.2:cloud
Boys Indoor Track,Shot Put,2019,1A,Dominic Hawkins,Henry E. Lackey,51-06.00,pdfs/Winter record book.pdf,59,2026-08-02T19:50:44Z,glm-5.2:cloud
Boys Indoor Track,Shot Put,2020,4A,Collin Greene,Howard,55-11.50,pdfs/Winter record book.pdf,59,2026-08-02T19:50:44Z,glm-5.2:cloud
Boys Indoor Track,Shot Put,2020,3A,Damone Moore,Towson,51-10.75,pdfs/Winter record book.pdf,59,2026-08-02T19:50:44Z,glm-5.2:cloud
Boys Indoor Track,Shot Put,2020,2A,Chet Brunner,Century,53-06.50,pdfs/Winter record book.pdf,59,2026-08-02T19:50:44Z,glm-5.2:cloud
Boys Indoor Track,Shot Put,2020,1A,Renaldi Falwell,Largo,51-00.50,pdfs/Winter record book.pdf,59,2026-08-02T19:50:44Z,glm-5.2:cloud
Boys Indoor Track,Shot Put,2022,4A,Ayden Wheless,Broadneck,52-00.75,pdfs/Winter record book.pdf,59,2026-08-02T19:50:44Z,glm-5.2:cloud
Boys Indoor Track,Shot Put,2022,3A,Adam Szatanek,Huntingtown,58-05.25,pdfs/Winter record book.pdf,59,2026-08-02T19:50:44Z,glm-5.2:cloud
Boys Indoor Track,Shot Put,2022,2A,Darius Grimes,Frederick Douglass-PG,46-09,pdfs/Winter record book.pdf,59,2026-08-02T19:50:44Z,glm-5.2:cloud
Boys Indoor Track,Shot Put,2022,1A,Nathan Fields,South Carroll,45-02,pdfs/Winter record book.pdf,59,2026-08-02T19:50:44Z,glm-5.2:cloud
Boys Indoor Track,Shot Put,2023,4A,"Neil Telfer, Jr.",Seneca Valley,49-01.25,pdfs/Winter record book.pdf,59,2026-08-02T19:50:44Z,glm-5.2:cloud
Boys Indoor Track,Shot Put,2023,3A,Ethan VanMeter,South Hagerstown,50-09,pdfs/Winter record book.pdf,59,2026-08-02T19:50:44Z,glm-5.2:cloud
Boys Indoor Track,Shot Put,2023,2A,Darius Grimes,Frederick Douglass-PG,52-03,pdfs/Winter record book.pdf,59,2026-08-02T19:50:44Z,glm-5.2:cloud
Boys Indoor Track,Shot Put,2023,1A,Sydney Phillips,Perryville,44-06.50,pdfs/Winter record book.pdf,59,2026-08-02T19:50:44Z,glm-5.2:cloud
Boys Indoor Track,Shot Put,2024,4A,Aaron Humes,Urbana,50-08,pdfs/Winter record book.pdf,59,2026-08-02T19:50:44Z,glm-5.2:cloud
Boys Indoor Track,Shot Put,2024,3A,Grant Lohr,Oakdale,55-05 .50,pdfs/Winter record book.pdf,59,2026-08-02T19:50:44Z,glm-5.2:cloud
Boys Indoor Track,Shot Put,2024,2A,Xavion Fidele,Crossland,47-07.25,pdfs/Winter record book.pdf,59,2026-08-02T19:50:44Z,glm-5.2:cloud
Boys Indoor Track,Shot Put,2024,1A,Carter Hess,Fort Hill,49-05.50,pdfs/Winter record book.pdf,59,2026-08-02T19:50:44Z,glm-5.2:cloud
Boys Indoor Track,Shot Put,2025,4A,Gabriel Amadi,DuVal,48-04.50,pdfs/Winter record book.pdf,59,2026-08-02T19:50:44Z,glm-5.2:cloud
Boys Indoor Track,Shot Put,2025,3A,Grant Lohr,Oakdale,56-02,pdfs/Winter record book.pdf,59,2026-08-02T19:50:44Z,glm-5.2:cloud
Boys Indoor Track,Shot Put,2025,2A,Mike Simmons,Henry E. Lackey,52-05.25,pdfs/Winter record book.pdf,59,2026-08-02T19:50:44Z,glm-5.2:cloud
Boys Indoor Track,Shot Put,2025,1A,Elijah Smith,Western STES,50-02.75,pdfs/Winter record book.pdf,59,2026-08-02T19:50:44Z,glm-5.2:cloud
Boys Indoor Track,Pole Vault,1975,AA,Nelson Hardy,Northeast-AA,12-06,pdfs/Winter record book.pdf,59,2026-08-02T19:50:44Z,glm-5.2:cloud
Boys Indoor Track,Pole Vault,1975,ABC,Paul Schaffner,Friendly,13-01,pdfs/Winter record book.pdf,59,2026-08-02T19:50:44Z,glm-5.2:cloud
Boys Indoor Track,Pole Vault,1976,AA,Bob Phillips,Perry Hall,12-03,pdfs/Winter record book.pdf,59,2026-08-02T19:50:44Z,glm-5.2:cloud
Boys Indoor Track,Pole Vault,1976,ABC,Tim Downs,Richard Montgomery,12-06,pdfs/Winter record book.pdf,59,2026-08-02T19:50:44Z,glm-5.2:cloud
Boys Indoor Track,Pole Vault,1977,AA,Bob Phillips,Perry Hall,13-06,pdfs/Winter record book.pdf,59,2026-08-02T19:50:44Z,glm-5.2:cloud
Boys Indoor Track,Pole Vault,1977,ABC,Tim Downs,Richard Montgomery,14-03,pdfs/Winter record book.pdf,59,2026-08-02T19:50:44Z,glm-5.2:cloud
Boys Indoor Track,Pole Vault,1978,AA,Bob Lloyd,Perry Hall,12-06,pdfs/Winter record book.pdf,59,2026-08-02T19:50:44Z,glm-5.2:cloud
Boys Indoor Track,Pole Vault,1978,ABC,Maurice McClain,Arundel,13-06,pdfs/Winter record book.pdf,59,2026-08-02T19:50:44Z,glm-5.2:cloud
Boys Indoor Track,Pole Vault,1979,AA,Jay Hill,Perry Hall,12-06,pdfs/Winter record book.pdf,59,2026-08-02T19:50:44Z,glm-5.2:cloud
Boys Indoor Track,Pole Vault,1979,ABC,Jamie Dodd,Paint Branch,13-03,pdfs/Winter record book.pdf,59,2026-08-02T19:50:44Z,glm-5.2:cloud
Boys Indoor Track,Pole Vault,1980,AA,Grant Wagner,Peary,13-06 1/4,pdfs/Winter record book.pdf,59,2026-08-02T19:50:44Z,glm-5.2:cloud
Boys Indoor Track,Pole Vault,1980,A,Kirby Brown,Fairmont Heights,13-00,pdfs/Winter record book.pdf,59,2026-08-02T19:50:44Z,glm-5.2:cloud
Boys Indoor Track,Pole Vault,1980,BC,Chuck Clipp,Williamsport,12-03,pdfs/Winter record book.pdf,59,2026-08-02T19:50:44Z,glm-5.2:cloud
Boys Indoor Track,Pole Vault,1981,AA,Ed Eisenberg,Whitman,13-00,pdfs/Winter record book.pdf,59,2026-08-02T19:50:44Z,glm-5.2:cloud
Boys Indoor Track,Pole Vault,1981,A,Kirby Brown,Fairmont Heights,13-00,pdfs/Winter record book.pdf,59,2026-08-02T19:50:44Z,glm-5.2:cloud
Boys Indoor Track,Pole Vault,1981,BC,Joe Seabright,Boonsboro,12-06,pdfs/Winter record book.pdf,59,2026-08-02T19:50:44Z,glm-5.2:cloud
Boys Indoor Track,Pole Vault,1982,AA,Jeff Seifeld,Old Mill,12-03,pdfs/Winter record book.pdf,59,2026-08-02T19:50:44Z,glm-5.2:cloud
Boys Indoor Track,Pole Vault,1982,A,Damon Dartouzos,Paint Branch,12-00,pdfs/Winter record book.pdf,59,2026-08-02T19:50:44Z,glm-5.2:cloud
Boys Indoor Track,Pole Vault,1982,BC,Chris Yakabe,Einstein,12-00,pdfs/Winter record book.pdf,59,2026-08-02T19:50:44Z,glm-5.2:cloud
Boys Indoor Track,Pole Vault,1983,AA,Bryant Glenn,Suitland,13-00,pdfs/Winter record book.pdf,59,2026-08-02T19:50:44Z,glm-5.2:cloud
Boys Indoor Track,Pole Vault,1983,A,John Rhinehart,Northern-C,11-09,pdfs/Winter record book.pdf,59,2026-08-02T19:50:44Z,glm-5.2:cloud
Boys Indoor Track,Pole Vault,1983,BC,Robbie Barber,Middletown,13-00,pdfs/Winter record book.pdf,59,2026-08-02T19:50:44Z,glm-5.2:cloud
Boys Indoor Track,Pole Vault,1984,AA,Ernie Donaldson,Perry Hall,13-1,pdfs/Winter record book.pdf,59,2026-08-02T19:50:44Z,glm-5.2:cloud
Boys Indoor Track,Pole Vault,1984,A,John Finnessy,Parkville,11-9,pdfs/Winter record book.pdf,59,2026-08-02T19:50:44Z,glm-5.2:cloud
Boys Indoor Track,Pole Vault,1984,BC,Andrew Bevan,Magruder,13-9,pdfs/Winter record book.pdf,59,2026-08-02T19:50:44Z,glm-5.2:cloud
Boys Indoor Track,Pole Vault,1985,AA,Ernie Donaldson,Perry Hall,12-06,pdfs/Winter record book.pdf,60,2026-08-02T19:51:26Z,glm-5.2:cloud
Boys Indoor Track,Pole Vault,1985,A,Brian Cusic,Parkville,11-06,pdfs/Winter record book.pdf,60,2026-08-02T19:51:26Z,glm-5.2:cloud
Boys Indoor Track,Pole Vault,1985,BC,Mike Ellrich,Centennial,13-06,pdfs/Winter record book.pdf,60,2026-08-02T19:51:26Z,glm-5.2:cloud
Boys Indoor Track,Pole Vault,1986,Combined,Jim Yurwitz,Old Mill,13-04,pdfs/Winter record book.pdf,60,2026-08-02T19:51:26Z,glm-5.2:cloud
Boys Indoor Track,Pole Vault,1987,AA,Jim Yurwitz,Old Mill,15-00,pdfs/Winter record book.pdf,60,2026-08-02T19:51:26Z,glm-5.2:cloud
Boys Indoor Track,Pole Vault,1987,A,Rattana Chhay,Queen Anne's,12-06,pdfs/Winter record book.pdf,60,2026-08-02T19:51:26Z,glm-5.2:cloud
Boys Indoor Track,Pole Vault,1987,BC,Mike Carroll,Howard,13-06,pdfs/Winter record book.pdf,60,2026-08-02T19:51:26Z,glm-5.2:cloud
Boys Indoor Track,Pole Vault,1988,AA,Matt Garvin,Old Mill,14-06,pdfs/Winter record book.pdf,60,2026-08-02T19:51:26Z,glm-5.2:cloud
Boys Indoor Track,Pole Vault,1988,A,Willy Talley,Lackey,12-00,pdfs/Winter record book.pdf,60,2026-08-02T19:51:26Z,glm-5.2:cloud
Boys Indoor Track,Pole Vault,1988,BC,Chris Rhode,Glenelg,12-00,pdfs/Winter record book.pdf,60,2026-08-02T19:51:26Z,glm-5.2:cloud
Boys Indoor Track,Pole Vault,1989,4A,Scott Allen,Old Mill,13-06 1/2,pdfs/Winter record book.pdf,60,2026-08-02T19:51:26Z,glm-5.2:cloud
Boys Indoor Track,Pole Vault,1989,3A,Jon Cooper,Linganore,10-06,pdfs/Winter record book.pdf,60,2026-08-02T19:51:26Z,glm-5.2:cloud
Boys Indoor Track,Pole Vault,1989,2A-1A,Rob Pearce,Wicomico,12-09,pdfs/Winter record book.pdf,60,2026-08-02T19:51:26Z,glm-5.2:cloud
Boys Indoor Track,Pole Vault,1990,4A,Mike Dibella,Old Mill,13-00,pdfs/Winter record book.pdf,60,2026-08-02T19:51:26Z,glm-5.2:cloud
Boys Indoor Track,Pole Vault,1990,3A,Tony Humenik,Great Mills,13-03,pdfs/Winter record book.pdf,60,2026-08-02T19:51:26Z,glm-5.2:cloud
Boys Indoor Track,Pole Vault,1990,2A-1A,Dan Carroll,Mount Hebron,12-06,pdfs/Winter record book.pdf,60,2026-08-02T19:51:26Z,glm-5.2:cloud
Boys Indoor Track,Pole Vault,1991,4A,Jeff Miller,Meade,13-06,pdfs/Winter record book.pdf,60,2026-08-02T19:51:26Z,glm-5.2:cloud
Boys Indoor Track,Pole Vault,1991,3A,Kevin Lauer,Leonardtown,11-06,pdfs/Winter record book.pdf,60,2026-08-02T19:51:26Z,glm-5.2:cloud
Boys Indoor Track,Pole Vault,1991,2A-1A,Jason Botterill,Glenelg,11-00,pdfs/Winter record book.pdf,60,2026-08-02T19:51:26Z,glm-5.2:cloud
Boys Indoor Track,Pole Vault,1992,4A,Ray Richardson,Suitland,14-06,pdfs/Winter record book.pdf,60,2026-08-02T19:51:26Z,glm-5.2:cloud
Boys Indoor Track,Pole Vault,1992,3A,Paul Clark,Leonardtown,13-03,pdfs/Winter record book.pdf,60,2026-08-02T19:51:26Z,glm-5.2:cloud
Boys Indoor Track,Pole Vault,1992,2A-1A,Todd Orchard,Walkersville,12-06,pdfs/Winter record book.pdf,60,2026-08-02T19:51:26Z,glm-5.2:cloud
Boys Indoor Track,Pole Vault,1993,4A,Jim Greer,Old Mill,12-06,pdfs/Winter record book.pdf,60,2026-08-02T19:51:26Z,glm-5.2:cloud
Boys Indoor Track,Pole Vault,1993,3A,Omar El Sawi,Atholton,13-01,pdfs/Winter record book.pdf,60,2026-08-02T19:51:26Z,glm-5.2:cloud
Boys Indoor Track,Pole Vault,1993,2A-1A,John Merritt,Parkside,12-00,pdfs/Winter record book.pdf,60,2026-08-02T19:51:26Z,glm-5.2:cloud
Boys Indoor Track,Pole Vault,1994,4A,Dave Russell,Perry Hall,13-06,pdfs/Winter record book.pdf,60,2026-08-02T19:51:26Z,glm-5.2:cloud
Boys Indoor Track,Pole Vault,1994,3A,Nathan Fee,Linganore,12-00,pdfs/Winter record book.pdf,60,2026-08-02T19:51:26Z,glm-5.2:cloud
Boys Indoor Track,Pole Vault,1994,2A-1A,Omar El-Sawi,Atholton,13-00,pdfs/Winter record book.pdf,60,2026-08-02T19:51:26Z,glm-5.2:cloud
Boys Indoor Track,Pole Vault,1995,4A,Dave Russell,Perry Hall,14-070,pdfs/Winter record book.pdf,60,2026-08-02T19:51:26Z,glm-5.2:cloud
Boys Indoor Track,Pole Vault,1995,3A,Nathan Fee,Linganore,12-6,pdfs/Winter record book.pdf,60,2026-08-02T19:51:26Z,glm-5.2:cloud
Boys Indoor Track,Pole Vault,1995,2A-1A,Pat Tvarkunas,Glenelg,12-00,pdfs/Winter record book.pdf,60,2026-08-02T19:51:26Z,glm-5.2:cloud
Boys Indoor Track,Pole Vault,1996,4A,James Rabbitt,North County,13-00,pdfs/Winter record book.pdf,60,2026-08-02T19:51:26Z,glm-5.2:cloud
Boys Indoor Track,Pole Vault,1996,3A,Dave Gurzick,Thomas Johnson,12-06,pdfs/Winter record book.pdf,60,2026-08-02T19:51:26Z,glm-5.2:cloud
Boys Indoor Track,Pole Vault,1996,2A-1A,Pat Tvarkunas,Glenelg,15-01,pdfs/Winter record book.pdf,60,2026-08-02T19:51:26Z,glm-5.2:cloud
Boys Indoor Track,Pole Vault,1997,4A-3A,Matt Lindeman,Glen Burnie,12-06,pdfs/Winter record book.pdf,60,2026-08-02T19:51:26Z,glm-5.2:cloud
Boys Indoor Track,Pole Vault,1997,3A-2A,Dave Johnson,Centennial,12-00,pdfs/Winter record book.pdf,60,2026-08-02T19:51:26Z,glm-5.2:cloud
Boys Indoor Track,Pole Vault,1997,2A-1A,Mike Eshoo,Atholton,12-06,pdfs/Winter record book.pdf,60,2026-08-02T19:51:26Z,glm-5.2:cloud
Boys Indoor Track,Pole Vault,1998,4A-3A,Rich Richardson,Suitland,12-06,pdfs/Winter record book.pdf,60,2026-08-02T19:51:26Z,glm-5.2:cloud
Boys Indoor Track,Pole Vault,1998,3A-2A,Jared Benoit,Thomas Johnson,12-06,pdfs/Winter record book.pdf,60,2026-08-02T19:51:26Z,glm-5.2:cloud
Boys Indoor Track,Pole Vault,1998,2A-1A,Tony Pesce,Atholton,13-00,pdfs/Winter record book.pdf,60,2026-08-02T19:51:26Z,glm-5.2:cloud
Boys Indoor Track,Pole Vault,1999,4A-3A,Chris Stark,Springbrook,12-06,pdfs/Winter record book.pdf,60,2026-08-02T19:51:26Z,glm-5.2:cloud
Boys Indoor Track,Pole Vault,1999,3A-2A,Jared Benoit,Thomas Johnson,13-04,pdfs/Winter record book.pdf,60,2026-08-02T19:51:26Z,glm-5.2:cloud
Boys Indoor Track,Pole Vault,1999,2A-1A,Tony Pesce,Atholton,13-08,pdfs/Winter record book.pdf,60,2026-08-02T19:51:26Z,glm-5.2:cloud
Boys Indoor Track,Pole Vault,2000,4A-3A,Dan Liden,Old Mill,12-06,pdfs/Winter record book.pdf,60,2026-08-02T19:51:26Z,glm-5.2:cloud
Boys Indoor Track,Pole Vault,2000,3A-2A,Adam Leach,Northern-Cal,13-06,pdfs/Winter record book.pdf,60,2026-08-02T19:51:26Z,glm-5.2:cloud
Boys Indoor Track,Pole Vault,2000,2A-1A,Greg McCormick,Middletown,15-00,pdfs/Winter record book.pdf,60,2026-08-02T19:51:26Z,glm-5.2:cloud
Boys Indoor Track,Pole Vault,2001,4A-3A,James Morrison,Walter Johnson,13-00,pdfs/Winter record book.pdf,60,2026-08-02T19:51:26Z,glm-5.2:cloud
Boys Indoor Track,Pole Vault,2001,3A-2A,Chris Gore,Leonardtown,13-00,pdfs/Winter record book.pdf,60,2026-08-02T19:51:26Z,glm-5.2:cloud
Boys Indoor Track,Pole Vault,2001,2A-1A,Lucas Fleming,Fort Hill,12-00,pdfs/Winter record book.pdf,60,2026-08-02T19:51:26Z,glm-5.2:cloud
Boys Indoor Track,Pole Vault,2002,4A-3A,Nathan Dixon,Patuxent,13-06,pdfs/Winter record book.pdf,60,2026-08-02T19:51:26Z,glm-5.2:cloud
Boys Indoor Track,Pole Vault,2002,3A-2A,Ryan Gore,Leonardtown,14-04,pdfs/Winter record book.pdf,60,2026-08-02T19:51:26Z,glm-5.2:cloud
Boys Indoor Track,Pole Vault,2002,2A-1A,Kris Greenwell,Lackey,13-00,pdfs/Winter record book.pdf,60,2026-08-02T19:51:26Z,glm-5.2:cloud
Boys Indoor Track,Pole Vault,2003,4A-3A,Martin Dougherty,South River,13-00,pdfs/Winter record book.pdf,60,2026-08-02T19:51:26Z,glm-5.2:cloud
Boys Indoor Track,Pole Vault,2003,3A-2A,Dan McKenzie,J.M. Bennett,12-06,pdfs/Winter record book.pdf,60,2026-08-02T19:51:26Z,glm-5.2:cloud
Boys Indoor Track,Pole Vault,2003,2A-1A,Mark Gouker,Middletown,12-00,pdfs/Winter record book.pdf,60,2026-08-02T19:51:26Z,glm-5.2:cloud
Boys Indoor Track,Pole Vault,2004,4A-3A,Matt Begley,Sherwood,13-00,pdfs/Winter record book.pdf,60,2026-08-02T19:51:26Z,glm-5.2:cloud
Boys Indoor Track,Pole Vault,2004,3A-2A,David Chesney,Middletown,12-06,pdfs/Winter record book.pdf,60,2026-08-02T19:51:26Z,glm-5.2:cloud
Boys Indoor Track,Pole Vault,2004,2A-1A,Chris Cromwell,Williamsport,12-00,pdfs/Winter record book.pdf,60,2026-08-02T19:51:26Z,glm-5.2:cloud
Boys Indoor Track,Pole Vault,2005,4A-3A,Joe Dillard,Perry Hall,13-04,pdfs/Winter record book.pdf,60,2026-08-02T19:51:26Z,glm-5.2:cloud
Boys Indoor Track,Pole Vault,2005,3A-2A,Steven Hendrix,Centennial,12-00,pdfs/Winter record book.pdf,60,2026-08-02T19:51:26Z,glm-5.2:cloud
Boys Indoor Track,Pole Vault,2005,2A-1A,Jordan Wike,Winters Mill,11-06,pdfs/Winter record book.pdf,60,2026-08-02T19:51:26Z,glm-5.2:cloud
Boys Indoor Track,Pole Vault,2006,4A-3A,Casey Rudd,Chesapeake-AA,12-00,pdfs/Winter record book.pdf,60,2026-08-02T19:51:26Z,glm-5.2:cloud
Boys Indoor Track,Pole Vault,2006,3A-2A,Matt Kepler,Middletown,12-06,pdfs/Winter record book.pdf,60,2026-08-02T19:51:26Z,glm-5.2:cloud
Boys Indoor Track,Pole Vault,2006,2A-1A,Jordan Wike,Winters Mill,12-03,pdfs/Winter record book.pdf,60,2026-08-02T19:51:26Z,glm-5.2:cloud
Boys Indoor Track,Pole Vault,2007,4A-3A,Sam Wilson,South River,13-00,pdfs/Winter record book.pdf,60,2026-08-02T19:51:26Z,glm-5.2:cloud
Boys Indoor Track,Pole Vault,2007,3A-2A,Matt Kepler,Middletown,13-00,pdfs/Winter record book.pdf,60,2026-08-02T19:51:26Z,glm-5.2:cloud
Boys Indoor Track,Pole Vault,2007,2A-1A,Matt Baum,Brunswick,13-01,pdfs/Winter record book.pdf,60,2026-08-02T19:51:26Z,glm-5.2:cloud
Boys Indoor Track,Pole Vault,2008,4A,Shawn Myers,Perry Hall,14-00,pdfs/Winter record book.pdf,60,2026-08-02T19:51:26Z,glm-5.2:cloud
Boys Indoor Track,Pole Vault,2008,3A,Dustin Fishman,Urbana,12-06,pdfs/Winter record book.pdf,60,2026-08-02T19:51:26Z,glm-5.2:cloud
Boys Indoor Track,Pole Vault,2008,2A,Alex Edelmann,Middletown,13-00,pdfs/Winter record book.pdf,60,2026-08-02T19:51:26Z,glm-5.2:cloud
Boys Indoor Track,Pole Vault,2008,1A,Scott Rice,Boonsboro,13-02,pdfs/Winter record book.pdf,60,2026-08-02T19:51:26Z,glm-5.2:cloud
Boys Indoor Track,Pole Vault,2009,4A,Erick Artusio,Thomas Johnson,15-00,pdfs/Winter record book.pdf,60,2026-08-02T19:51:26Z,glm-5.2:cloud
Boys Indoor Track,Pole Vault,2009,3A,Dustin Fishman,Urbana,13-06,pdfs/Winter record book.pdf,60,2026-08-02T19:51:26Z,glm-5.2:cloud
Boys Indoor Track,Pole Vault,2009,2A,Alex Edelmann,Middletown,13-00,pdfs/Winter record book.pdf,60,2026-08-02T19:51:26Z,glm-5.2:cloud
Boys Indoor Track,Pole Vault,2009,1A,Geoffrey Boggs,Pikesville,12-06,pdfs/Winter record book.pdf,60,2026-08-02T19:51:26Z,glm-5.2:cloud
Boys Indoor Track,Pole Vault,2010,4A,Erick Artusio,Thomas Johnson,15-01 1/2,pdfs/Winter record book.pdf,60,2026-08-02T19:51:26Z,glm-5.2:cloud
Boys Indoor Track,Pole Vault,2010,3A,Bradley Hollowell,Stephen Decatur,13-06,pdfs/Winter record book.pdf,60,2026-08-02T19:51:26Z,glm-5.2:cloud
Boys Indoor Track,Pole Vault,2010,2A,Ryan Sullivan,Southern-AA,13-06,pdfs/Winter record book.pdf,60,2026-08-02T19:51:26Z,glm-5.2:cloud
Boys Indoor Track,Pole Vault,2010,1A,Johnny Karroll,Smithsburg,12-00,pdfs/Winter record book.pdf,60,2026-08-02T19:51:26Z,glm-5.2:cloud
Boys Indoor Track,Pole Vault,2011,4A,Lewis Shirima,Thomas Johnson,13-06,pdfs/Winter record book.pdf,60,2026-08-02T19:51:26Z,glm-5.2:cloud
Boys Indoor Track,Pole Vault,2011,3A,Bradley Hollowell,Stephen Decatur,15-00,pdfs/Winter record book.pdf,60,2026-08-02T19:51:26Z,glm-5.2:cloud
Boys Indoor Track,Pole Vault,2011,2A,Seth Fritz,Middletown,12-06,pdfs/Winter record book.pdf,60,2026-08-02T19:51:26Z,glm-5.2:cloud
Boys Indoor Track,Pole Vault,2011,1A,Nathan Diaz,Brunswick,12-06,pdfs/Winter record book.pdf,60,2026-08-02T19:51:26Z,glm-5.2:cloud
Boys Indoor Track,Pole Vault,2012,4A,Andre DiPaola,Chesapeake-AA,12-00,pdfs/Winter record book.pdf,60,2026-08-02T19:51:26Z,glm-5.2:cloud
Boys Indoor Track,Pole Vault,2012,3A,Robert Mercer,Crossland,14-00,pdfs/Winter record book.pdf,60,2026-08-02T19:51:26Z,glm-5.2:cloud
Boys Indoor Track,Pole Vault,2012,2A,Jonathan Hatcher,North Caroline,13-09,pdfs/Winter record book.pdf,60,2026-08-02T19:51:26Z,glm-5.2:cloud
Boys Indoor Track,Pole Vault,2012,1A,Nick Seabright,Boonsboro,12-00,pdfs/Winter record book.pdf,60,2026-08-02T19:51:26Z,glm-5.2:cloud
Boys Indoor Track,Pole Vault,2013,4A,Brennan Hardesty,Chesapeake-AA,13-00,pdfs/Winter record book.pdf,60,2026-08-02T19:51:26Z,glm-5.2:cloud
Boys Indoor Track,Pole Vault,2013,3A,Jason White,North Hagerstown,13-00,pdfs/Winter record book.pdf,60,2026-08-02T19:51:26Z,glm-5.2:cloud
Boys Indoor Track,Pole Vault,2013,2A,Chandler Kennell,Century,14-00,pdfs/Winter record book.pdf,60,2026-08-02T19:51:26Z,glm-5.2:cloud
Boys Indoor Track,Pole Vault,2013,1A,Andre Pollard,Pikesville,13-06,pdfs/Winter record book.pdf,60,2026-08-02T19:51:26Z,glm-5.2:cloud
Boys Indoor Track,Pole Vault,2014,4A,Danny Stringer,Severna Park,13-06,pdfs/Winter record book.pdf,60,2026-08-02T19:51:26Z,glm-5.2:cloud
Boys Indoor Track,Pole Vault,2014,3A,Calvin Pitney,Glenelg,13-00,pdfs/Winter record book.pdf,60,2026-08-02T19:51:26Z,glm-5.2:cloud
Boys Indoor Track,Pole Vault,2014,2A,Nick Neral,Century,15-00,pdfs/Winter record book.pdf,60,2026-08-02T19:51:26Z,glm-5.2:cloud
Boys Indoor Track,Pole Vault,2014,1A,Bryan Sloper,Brunswick,11-06,pdfs/Winter record book.pdf,60,2026-08-02T19:51:26Z,glm-5.2:cloud
Boys Indoor Track,Pole Vault,2015,4A,Trey Clark,Howard,13-00,pdfs/Winter record book.pdf,60,2026-08-02T19:51:26Z,glm-5.2:cloud
Boys Indoor Track,Pole Vault,2015,3A,Calvin Pitney,Glenelg,14-00,pdfs/Winter record book.pdf,60,2026-08-02T19:51:26Z,glm-5.2:cloud
Boys Indoor Track,Pole Vault,2015,2A,Nick Neral,Century,14-06,pdfs/Winter record book.pdf,60,2026-08-02T19:51:26Z,glm-5.2:cloud
Boys Indoor Track,Pole Vault,2015,1A,Corban Porch,Perryville,11-00,pdfs/Winter record book.pdf,60,2026-08-02T19:51:26Z,glm-5.2:cloud
Boys Indoor Track,Pole Vault,2016,4A,Chris Spiess,Clarksburg,13-06,pdfs/Winter record book.pdf,60,2026-08-02T19:51:26Z,glm-5.2:cloud
Boys Indoor Track,Pole Vault,2016,3A,George Stultz,Oakdale,13-00,pdfs/Winter record book.pdf,60,2026-08-02T19:51:26Z,glm-5.2:cloud
Boys Indoor Track,Pole Vault,2016,2A,Kyle Bryant,Century,13-06,pdfs/Winter record book.pdf,60,2026-08-02T19:51:26Z,glm-5.2:cloud
Boys Indoor Track,Pole Vault,2016,1A,Cage Jones,Perryville,11-00,pdfs/Winter record book.pdf,60,2026-08-02T19:51:26Z,glm-5.2:cloud
Boys Indoor Track,Pole Vault,2017,4A,Jaron Baluyot,Broadneck,13-00,pdfs/Winter record book.pdf,60,2026-08-02T19:51:26Z,glm-5.2:cloud
Boys Indoor Track,Pole Vault,2017,3A,George Stultz,Oakdale,13-06,pdfs/Winter record book.pdf,60,2026-08-02T19:51:26Z,glm-5.2:cloud
Boys Indoor Track,Pole Vault,2017,2A,Kyle Bryant,Century,14-04,pdfs/Winter record book.pdf,60,2026-08-02T19:51:26Z,glm-5.2:cloud
Boys Indoor Track,Pole Vault,2017,1A,Carter Nave,Allegeny,13-07,pdfs/Winter record book.pdf,60,2026-08-02T19:51:26Z,glm-5.2:cloud
Boys Indoor Track,Pole Vault,2018,4A,Jaron Baluyot,Broadneck,13-00,pdfs/Winter record book.pdf,60,2026-08-02T19:51:26Z,glm-5.2:cloud
Boys Indoor Track,Pole Vault,2018,3A,Carter Holsinger,Linganore,14-00,pdfs/Winter record book.pdf,60,2026-08-02T19:51:26Z,glm-5.2:cloud
Boys Indoor Track,Pole Vault,2018,2A,Frederick Roberts,Middletown,13-06,pdfs/Winter record book.pdf,60,2026-08-02T19:51:26Z,glm-5.2:cloud
Boys Indoor Track,Pole Vault,2018,1A,Cage Jones,Perryville,13-00,pdfs/Winter record book.pdf,60,2026-08-02T19:51:26Z,glm-5.2:cloud
Boys Indoor Track,Pole Vault,2019,4A,Corey Troxler,South River,13-06,pdfs/Winter record book.pdf,60,2026-08-02T19:51:26Z,glm-5.2:cloud
Boys Indoor Track,Pole Vault,2019,3A,Carter Holsinger,Linganore,14-07,pdfs/Winter record book.pdf,60,2026-08-02T19:51:26Z,glm-5.2:cloud
Boys Indoor Track,Pole Vault,2019,2A,Erik Starks,Oakdale,14-01,pdfs/Winter record book.pdf,60,2026-08-02T19:51:26Z,glm-5.2:cloud
Boys Indoor Track,Pole Vault,2019,1A,Jackson Tuomey,Brunswick,13-00,pdfs/Winter record book.pdf,60,2026-08-02T19:51:26Z,glm-5.2:cloud
Boys Indoor Track,Pole Vault,2020,4A,Corey Troxler,South River,14-06,pdfs/Winter record book.pdf,60,2026-08-02T19:51:26Z,glm-5.2:cloud
Boys Indoor Track,Pole Vault,2020,3A,Carter Holsinger,Linganore,14-06,pdfs/Winter record book.pdf,60,2026-08-02T19:51:26Z,glm-5.2:cloud
Boys Indoor Track,Pole Vault,2020,2A,Samuel Starrs,Oakdale,14-03,pdfs/Winter record book.pdf,60,2026-08-02T19:51:26Z,glm-5.2:cloud
Boys Indoor Track,Pole Vault,2020,1A,Jackson Tuomey,Brunswick,14-03,pdfs/Winter record book.pdf,60,2026-08-02T19:51:26Z,glm-5.2:cloud
Boys Indoor Track,Pole Vault,2022,4A,Clark Didavi,Gaithersburg,12-00,pdfs/Winter record book.pdf,60,2026-08-02T19:51:26Z,glm-5.2:cloud
Boys Indoor Track,Pole Vault,2022,3A,Samuel Starrs,Oakdale,15-05,pdfs/Winter record book.pdf,60,2026-08-02T19:51:26Z,glm-5.2:cloud
Boys Indoor Track,Pole Vault,2022,2A,Zack Kralec,Hereford,14-00,pdfs/Winter record book.pdf,60,2026-08-02T19:51:26Z,glm-5.2:cloud
Boys Indoor Track,Pole Vault,2022,1A,Peyton Thomas,South Carroll,13-06,pdfs/Winter record book.pdf,60,2026-08-02T19:51:26Z,glm-5.2:cloud
Boys Indoor Track,Pole Vault,2023,4A,Julien Badoo,Seneca Valley,12-06,pdfs/Winter record book.pdf,60,2026-08-02T19:51:26Z,glm-5.2:cloud
Boys Indoor Track,Pole Vault,2023,3A,Lukas Michael,Westminster,12-06,pdfs/Winter record book.pdf,60,2026-08-02T19:51:26Z,glm-5.2:cloud
Boys Indoor Track,Pole Vault,2023,2A,Kareem Kamandego,Parkside,13-00,pdfs/Winter record book.pdf,60,2026-08-02T19:51:26Z,glm-5.2:cloud
Boys Indoor Track,Pole Vault,2023,1A,Morgon Corwine,Brunswick,12-00,pdfs/Winter record book.pdf,60,2026-08-02T19:51:26Z,glm-5.2:cloud
Boys Indoor Track,Pole Vault,2024,4A,Gilberto Ramos,Gov. Thomas Johnson,14-06,pdfs/Winter record book.pdf,60,2026-08-02T19:51:26Z,glm-5.2:cloud
Boys Indoor Track,Pole Vault,2024,3A,Lukas Michael,Westminster,14-00,pdfs/Winter record book.pdf,60,2026-08-02T19:51:26Z,glm-5.2:cloud
Boys Indoor Track,Pole Vault,2024,2A,Reese Howard,Parkside,14-06,pdfs/Winter record book.pdf,60,2026-08-02T19:51:26Z,glm-5.2:cloud
Boys Indoor Track,Pole Vault,2024,1A,Morgon Corwine,Brunswick,13-00,pdfs/Winter record book.pdf,60,2026-08-02T19:51:26Z,glm-5.2:cloud
Boys Indoor Track,Pole Vault,2025,4A,Gilberto Ramos,Gov. Thomas Johnson,14-00,pdfs/Winter record book.pdf,60,2026-08-02T19:51:26Z,glm-5.2:cloud
Boys Indoor Track,Pole Vault,2025,3A,Jonas Sparks,Oakdale,14-07,pdfs/Winter record book.pdf,60,2026-08-02T19:51:26Z,glm-5.2:cloud
Boys Indoor Track,Pole Vault,2025,2A,Reese Howard,Parkside,15-00,pdfs/Winter record book.pdf,60,2026-08-02T19:51:26Z,glm-5.2:cloud
Boys Indoor Track,Pole Vault,2025,1A,Alaric Blattau,Liberty,13-00,pdfs/Winter record book.pdf,60,2026-08-02T19:51:26Z,glm-5.2:cloud
Girls Swimming & Diving,200 Yard Freestyle,2007,4A-3A,Jordan Gibbs,Severna Park,1:58.24,pdfs/Winter record book.pdf,65,2026-08-02T19:52:15Z,glm-5.2:cloud
Girls Swimming & Diving,200 Yard Freestyle,2007,3A-2A-1A,Kori Golden,Northeast-AA,1:58.17,pdfs/Winter record book.pdf,65,2026-08-02T19:52:15Z,glm-5.2:cloud
Girls Swimming & Diving,200 Yard Freestyle,2008,4A-3A,Hannah Betman,Eleanor Roosevelt,2:02.15,pdfs/Winter record book.pdf,65,2026-08-02T19:52:15Z,glm-5.2:cloud
Girls Swimming & Diving,200 Yard Freestyle,2008,3A-2A-1A,Holly Roumeliotis,Middletown,2:05.35,pdfs/Winter record book.pdf,65,2026-08-02T19:52:15Z,glm-5.2:cloud
Girls Swimming & Diving,200 Yard Freestyle,2009,4A-3A,JoAnna Yeh,Urbana,1:55.67,pdfs/Winter record book.pdf,65,2026-08-02T19:52:15Z,glm-5.2:cloud
Girls Swimming & Diving,200 Yard Freestyle,2009,3A-2A-1A,Selena Martin,Baltimore Polytechnic,1:56.82,pdfs/Winter record book.pdf,65,2026-08-02T19:52:15Z,glm-5.2:cloud
Girls Swimming & Diving,200 Yard Freestyle,2010,4A-3A,Emily Lloyd,Severna Park,1:52.69,pdfs/Winter record book.pdf,65,2026-08-02T19:52:15Z,glm-5.2:cloud
Girls Swimming & Diving,200 Yard Freestyle,2010,3A-2A-1A,Kelsey Lessard,Queen Anne's,2:03.06,pdfs/Winter record book.pdf,65,2026-08-02T19:52:15Z,glm-5.2:cloud
Girls Swimming & Diving,200 Yard Freestyle,2011,4A-3A,Claire McIlmail,Urbana,1:55.66,pdfs/Winter record book.pdf,65,2026-08-02T19:52:15Z,glm-5.2:cloud
Girls Swimming & Diving,200 Yard Freestyle,2011,3A-2A-1A,Hanne Borgerson,Frederick,1:53.95,pdfs/Winter record book.pdf,65,2026-08-02T19:52:15Z,glm-5.2:cloud
Girls Swimming & Diving,200 Yard Freestyle,2012,4A-3A,Anna Kolanowski,Sherwood,1:50.79,pdfs/Winter record book.pdf,65,2026-08-02T19:52:15Z,glm-5.2:cloud
Girls Swimming & Diving,200 Yard Freestyle,2012,3A-2A-1A,Chelsea Vanderweele,Northwood,1:53.88,pdfs/Winter record book.pdf,65,2026-08-02T19:52:15Z,glm-5.2:cloud
Girls Swimming & Diving,200 Yard Freestyle,2013,4A-3A,Anna Kolanowski,Sherwood,1:53.21,pdfs/Winter record book.pdf,65,2026-08-02T19:52:15Z,glm-5.2:cloud
Girls Swimming & Diving,200 Yard Freestyle,2013,3A-2A-1A,Megan Cowan,C. Milton Wright,1:55.08,pdfs/Winter record book.pdf,65,2026-08-02T19:52:15Z,glm-5.2:cloud
Girls Swimming & Diving,200 Yard Freestyle,2014,4A-3A,Elaina Gu,Winston Churchill,1:52.89,pdfs/Winter record book.pdf,65,2026-08-02T19:52:15Z,glm-5.2:cloud
Girls Swimming & Diving,200 Yard Freestyle,2014,3A-2A-1A,Megan Cowan,C. Milton Wright,1:56.52,pdfs/Winter record book.pdf,65,2026-08-02T19:52:15Z,glm-5.2:cloud
Girls Swimming & Diving,200 Yard Freestyle,2015,4A-3A,Madison Waechter,Montgomery Blair,1:52.64,pdfs/Winter record book.pdf,65,2026-08-02T19:52:15Z,glm-5.2:cloud
Girls Swimming & Diving,200 Yard Freestyle,2015,3A-2A-1A,Dorit Song,Poolesville,1:57.17,pdfs/Winter record book.pdf,65,2026-08-02T19:52:15Z,glm-5.2:cloud
Girls Swimming & Diving,200 Yard Freestyle,2016,4A-3A,Hannah Lindsey,Winston Churchill,1:49.71,pdfs/Winter record book.pdf,65,2026-08-02T19:52:15Z,glm-5.2:cloud
Girls Swimming & Diving,200 Yard Freestyle,2016,3A-2A-1A,Megan Cowan,C. Milton Wright,1:57.62,pdfs/Winter record book.pdf,65,2026-08-02T19:52:15Z,glm-5.2:cloud
Girls Swimming & Diving,200 Yard Freestyle,2017,4A-3A,Madison Waechter,Montgomery Blair,1:50.93,pdfs/Winter record book.pdf,65,2026-08-02T19:52:15Z,glm-5.2:cloud
Girls Swimming & Diving,200 Yard Freestyle,2017,3A-2A-1A,Tori Weems,Easton,1:55.96,pdfs/Winter record book.pdf,65,2026-08-02T19:52:15Z,glm-5.2:cloud
Girls Swimming & Diving,200 Yard Freestyle,2018,4A-3A,Sophia Ryan,Sherwood,1:51.46,pdfs/Winter record book.pdf,65,2026-08-02T19:52:15Z,glm-5.2:cloud
Girls Swimming & Diving,200 Yard Freestyle,2018,3A-2A-1A,Moshelle Borjigin,Poolesville,1:52.90,pdfs/Winter record book.pdf,65,2026-08-02T19:52:15Z,glm-5.2:cloud
Girls Swimming & Diving,200 Yard Freestyle,2019,4A-3A,Molly Benson,Walter Johnson,1:50.95,pdfs/Winter record book.pdf,65,2026-08-02T19:52:15Z,glm-5.2:cloud
Girls Swimming & Diving,200 Yard Freestyle,2019,3A-2A-1A,Moshelle Borjigin,Poolesville,1:54.15,pdfs/Winter record book.pdf,65,2026-08-02T19:52:15Z,glm-5.2:cloud
Girls Swimming & Diving,200 Yard Freestyle,2020,4A-3A,Maren Conze,Walter Johnson,1:49.97,pdfs/Winter record book.pdf,65,2026-08-02T19:52:15Z,glm-5.2:cloud
Girls Swimming & Diving,200 Yard Freestyle,2020,3A-2A-1A,Moshelle Borjigin,Poolesville,1:52.17,pdfs/Winter record book.pdf,65,2026-08-02T19:52:15Z,glm-5.2:cloud
Girls Swimming & Diving,200 Yard Freestyle,2022,4A-3A,Lauren West,Albert Einstein,1:48.72,pdfs/Winter record book.pdf,65,2026-08-02T19:52:15Z,glm-5.2:cloud
Girls Swimming & Diving,200 Yard Freestyle,2022,3A-2A-1A,Molly Kroeger,Easton,1:53.76,pdfs/Winter record book.pdf,65,2026-08-02T19:52:15Z,glm-5.2:cloud
Girls Swimming & Diving,200 Yard Freestyle,2023,4A-3A,Andrea Dworak,James H. Blake,1:48.40,pdfs/Winter record book.pdf,65,2026-08-02T19:52:15Z,glm-5.2:cloud
Girls Swimming & Diving,200 Yard Freestyle,2023,3A-2A-1A,Molly Kroeger,Easton,1:51.94,pdfs/Winter record book.pdf,65,2026-08-02T19:52:15Z,glm-5.2:cloud
Girls Swimming & Diving,200 Yard Freestyle,2024,4A-3A,Andrea Dworak,James H. Blake,1:46.72,pdfs/Winter record book.pdf,65,2026-08-02T19:52:15Z,glm-5.2:cloud
Girls Swimming & Diving,200 Yard Freestyle,2024,3A-2A-1A,Maddie Weems,Easton,1:54.53,pdfs/Winter record book.pdf,65,2026-08-02T19:52:15Z,glm-5.2:cloud
Girls Swimming & Diving,200 Yard Freestyle,2025,4A-3A,Andrea Dworak,James H. Blake,1:47.70,pdfs/Winter record book.pdf,65,2026-08-02T19:52:15Z,glm-5.2:cloud
Girls Swimming & Diving,200 Yard Freestyle,2025,3A-2A-1A,Maeve Cutter,Rockville,1:56.16,pdfs/Winter record book.pdf,65,2026-08-02T19:52:15Z,glm-5.2:cloud
Girls Swimming & Diving,200 Yard Individual Medley,2007,4A-3A,Emily Morse,Eleanor Roosevelt,2:13.81,pdfs/Winter record book.pdf,65,2026-08-02T19:52:15Z,glm-5.2:cloud
Girls Swimming & Diving,200 Yard Individual Medley,2007,3A-2A-1A,Katelyn Rossick,Middletown,2:11.00,pdfs/Winter record book.pdf,65,2026-08-02T19:52:15Z,glm-5.2:cloud
Girls Swimming & Diving,200 Yard Individual Medley,2008,4A-3A,Sarah Lloyd,Severna Park,2:09.15,pdfs/Winter record book.pdf,65,2026-08-02T19:52:15Z,glm-5.2:cloud
Girls Swimming & Diving,200 Yard Individual Medley,2008,3A-2A-1A,Katelyn Rossick,Middletown,2:09.88,pdfs/Winter record book.pdf,65,2026-08-02T19:52:15Z,glm-5.2:cloud
Girls Swimming & Diving,200 Yard Individual Medley,2009,4A-3A,Sarah Lloyd,Severna Park,2:08.82,pdfs/Winter record book.pdf,65,2026-08-02T19:52:15Z,glm-5.2:cloud
Girls Swimming & Diving,200 Yard Individual Medley,2009,3A-2A-1A,Katelyn Rossick,Middletown,2:15.41,pdfs/Winter record book.pdf,65,2026-08-02T19:52:15Z,glm-5.2:cloud
Girls Swimming & Diving,200 Yard Individual Medley,2010,4A-3A,Margot Manning,Thomas Johnson,2:12.07,pdfs/Winter record book.pdf,65,2026-08-02T19:52:15Z,glm-5.2:cloud
Girls Swimming & Diving,200 Yard Individual Medley,2010,3A-2A-1A,Katelyn Rossick,Middletown,2:10.99,pdfs/Winter record book.pdf,65,2026-08-02T19:52:15Z,glm-5.2:cloud
Girls Swimming & Diving,200 Yard Individual Medley,2011,4A-3A,Katie Parker,Severna Park,2:11.64,pdfs/Winter record book.pdf,65,2026-08-02T19:52:15Z,glm-5.2:cloud
Girls Swimming & Diving,200 Yard Individual Medley,2011,3A-2A-1A,Madison Brown,Fallston,2:15.99,pdfs/Winter record book.pdf,65,2026-08-02T19:52:15Z,glm-5.2:cloud
Girls Swimming & Diving,200 Yard Individual Medley,2012,4A-3A,Charlotte Meyer,Walt Whitman,2:05.01,pdfs/Winter record book.pdf,65,2026-08-02T19:52:15Z,glm-5.2:cloud
Girls Swimming & Diving,200 Yard Individual Medley,2012,3A-2A-1A,Diana Hanson,Poolesville,2:13.93,pdfs/Winter record book.pdf,65,2026-08-02T19:52:15Z,glm-5.2:cloud
Girls Swimming & Diving,200 Yard Individual Medley,2013,4A-3A,Charlotte Meyer,Walt Whitman,2:07.66,pdfs/Winter record book.pdf,65,2026-08-02T19:52:15Z,glm-5.2:cloud
Girls Swimming & Diving,200 Yard Individual Medley,2013,3A-2A-1A,Diana Hanson,Poolesville,2:11.41,pdfs/Winter record book.pdf,65,2026-08-02T19:52:15Z,glm-5.2:cloud
Girls Swimming & Diving,200 Yard Individual Medley,2014,4A-3A,Emily Zhang,Thomas Wootton,2:07.12,pdfs/Winter record book.pdf,65,2026-08-02T19:52:15Z,glm-5.2:cloud
Girls Swimming & Diving,200 Yard Individual Medley,2014,3A-2A-1A,Dorit Song,Poolesville,2:10.64,pdfs/Winter record book.pdf,65,2026-08-02T19:52:15Z,glm-5.2:cloud
Girls Swimming & Diving,200 Yard Individual Medley,2015,4A-3A,Emily Zhang,Thomas Wootton,2:06.77,pdfs/Winter record book.pdf,65,2026-08-02T19:52:15Z,glm-5.2:cloud
Girls Swimming & Diving,200 Yard Individual Medley,2015,3A-2A-1A,Katarina Lechner,Poolesville,2:15.19,pdfs/Winter record book.pdf,65,2026-08-02T19:52:15Z,glm-5.2:cloud
Girls Swimming & Diving,200 Yard Individual Medley,2016,4A-3A,Celine Nugent,Walter Johnson,2:04.97,pdfs/Winter record book.pdf,65,2026-08-02T19:52:15Z,glm-5.2:cloud
Girls Swimming & Diving,200 Yard Individual Medley,2016,3A-2A-1A,Eliza Manning,Gov. Thomas Johnson,2:04.82,pdfs/Winter record book.pdf,65,2026-08-02T19:52:15Z,glm-5.2:cloud
Girls Swimming & Diving,200 Yard Individual Medley,2017,4A-3A,Catherine Belyakov,Quince Orchard,2:03.81,pdfs/Winter record book.pdf,65,2026-08-02T19:52:15Z,glm-5.2:cloud
Girls Swimming & Diving,200 Yard Individual Medley,2017,3A-2A-1A,Jordan Friedman,Easton,2:11.55,pdfs/Winter record book.pdf,65,2026-08-02T19:52:15Z,glm-5.2:cloud
Girls Swimming & Diving,200 Yard Individual Medley,2018,4A-3A,Catherine Belyakov,Quince Orchard,2:02.36,pdfs/Winter record book.pdf,65,2026-08-02T19:52:15Z,glm-5.2:cloud
Girls Swimming & Diving,200 Yard Individual Medley,2018,3A-2A-1A,Jordan Friedman,Easton,2:19.41,pdfs/Winter record book.pdf,65,2026-08-02T19:52:15Z,glm-5.2:cloud
Girls Swimming & Diving,200 Yard Medley Relay,2007,4A-3A,,Leonardtown,1:56.17,pdfs/Winter record book.pdf,65,2026-08-02T19:52:15Z,glm-5.2:cloud
Girls Swimming & Diving,200 Yard Medley Relay,2007,3A-2A-1A,,Urbana,1:59.21,pdfs/Winter record book.pdf,65,2026-08-02T19:52:15Z,glm-5.2:cloud
Girls Swimming & Diving,200 Yard Medley Relay,2008,4A-3A,,Severna Park,1:54.17,pdfs/Winter record book.pdf,65,2026-08-02T19:52:15Z,glm-5.2:cloud
Girls Swimming & Diving,200 Yard Medley Relay,2008,3A-2A-1A,,Queen Anne's,1:58.06,pdfs/Winter record book.pdf,65,2026-08-02T19:52:15Z,glm-5.2:cloud
Girls Swimming & Diving,200 Yard Medley Relay,2009,4A-3A,,Severna Park,1:48.36,pdfs/Winter record book.pdf,65,2026-08-02T19:52:15Z,glm-5.2:cloud
Girls Swimming & Diving,200 Yard Medley Relay,2009,3A-2A-1A,,Queen Anne's,1:56.39,pdfs/Winter record book.pdf,65,2026-08-02T19:52:15Z,glm-5.2:cloud
Girls Swimming & Diving,200 Yard Medley Relay,2010,4A-3A,,Severna Park,1:54.58,pdfs/Winter record book.pdf,65,2026-08-02T19:52:15Z,glm-5.2:cloud
Girls Swimming & Diving,200 Yard Medley Relay,2010,3A-2A-1A,,Middletown,1:58.99,pdfs/Winter record book.pdf,65,2026-08-02T19:52:15Z,glm-5.2:cloud
Girls Swimming & Diving,200 Yard Medley Relay,2011,4A-3A,,Severna Park,1:50.99,pdfs/Winter record book.pdf,65,2026-08-02T19:52:15Z,glm-5.2:cloud
Girls Swimming & Diving,200 Yard Medley Relay,2011,3A-2A-1A,,Middletown,2:02.67,pdfs/Winter record book.pdf,65,2026-08-02T19:52:15Z,glm-5.2:cloud
Girls Swimming & Diving,200 Yard Medley Relay,2012,4A-3A,,Thomas Wootton,1:50.98,pdfs/Winter record book.pdf,65,2026-08-02T19:52:15Z,glm-5.2:cloud
Girls Swimming & Diving,200 Yard Medley Relay,2012,3A-2A-1A,,C. Milton Wright,1:54.82,pdfs/Winter record book.pdf,65,2026-08-02T19:52:15Z,glm-5.2:cloud
Girls Swimming & Diving,200 Yard Medley Relay,2013,4A-3A,,Thomas Wootton,1:49.70,pdfs/Winter record book.pdf,65,2026-08-02T19:52:15Z,glm-5.2:cloud
Girls Swimming & Diving,200 Yard Medley Relay,2013,3A-2A-1A,,C. Milton Wright,1:53.24,pdfs/Winter record book.pdf,65,2026-08-02T19:52:15Z,glm-5.2:cloud
Girls Swimming & Diving,200 Yard Medley Relay,2014,4A-3A,,Thomas Wootton,1:49.64,pdfs/Winter record book.pdf,65,2026-08-02T19:52:15Z,glm-5.2:cloud
Girls Swimming & Diving,200 Yard Medley Relay,2014,3A-2A-1A,,C. Milton Wright,1:56.19,pdfs/Winter record book.pdf,65,2026-08-02T19:52:15Z,glm-5.2:cloud
Girls Swimming & Diving,200 Yard Medley Relay,2015,4A-3A,,Winston Churchill,1:50.81,pdfs/Winter record book.pdf,65,2026-08-02T19:52:15Z,glm-5.2:cloud
Girls Swimming & Diving,200 Yard Medley Relay,2015,3A-2A-1A,,Poolesville,1:55.67,pdfs/Winter record book.pdf,65,2026-08-02T19:52:15Z,glm-5.2:cloud
Girls Swimming & Diving,200 Yard Medley Relay,2016,4A-3A,,Sherwood,1:46.00,pdfs/Winter record book.pdf,65,2026-08-02T19:52:15Z,glm-5.2:cloud
Girls Swimming & Diving,200 Yard Medley Relay,2016,3A-2A-1A,,Poolesville,1:52.24,pdfs/Winter record book.pdf,65,2026-08-02T19:52:15Z,glm-5.2:cloud
Girls Swimming & Diving,200 Yard Medley Relay,2017,4A-3A,,Walter Johnson,1:47.72,pdfs/Winter record book.pdf,65,2026-08-02T19:52:15Z,glm-5.2:cloud
Girls Swimming & Diving,200 Yard Medley Relay,2017,3A-2A-1A,,Poolesville,1:51.53,pdfs/Winter record book.pdf,65,2026-08-02T19:52:15Z,glm-5.2:cloud
Girls Swimming & Diving,200 Yard Medley Relay,2018,4A-3A,,Montgomery Blair,1:45.84,pdfs/Winter record book.pdf,65,2026-08-02T19:52:15Z,glm-5.2:cloud
Girls Swimming & Diving,200 Yard Medley Relay,2018,3A-2A-1A,,Poolesville,1:50.38,pdfs/Winter record book.pdf,65,2026-08-02T19:52:15Z,glm-5.2:cloud
Girls Swimming & Diving,200 Yard Medley Relay,2019,4A-3A,,Bethesda-Chevy Chase,1:46.73,pdfs/Winter record book.pdf,65,2026-08-02T19:52:15Z,glm-5.2:cloud
Girls Swimming & Diving,200 Yard Medley Relay,2019,3A-2A-1A,,Poolesville,1:52.58,pdfs/Winter record book.pdf,65,2026-08-02T19:52:15Z,glm-5.2:cloud
Girls Swimming & Diving,200 Yard Medley Relay,2020,4A-3A,,Bethesda-Chevy Chase,1:46.25,pdfs/Winter record book.pdf,65,2026-08-02T19:52:15Z,glm-5.2:cloud
Girls Swimming & Diving,200 Yard Medley Relay,2020,3A-2A-1A,,Poolesville,1:48.57,pdfs/Winter record book.pdf,65,2026-08-02T19:52:15Z,glm-5.2:cloud
Girls Swimming & Diving,200 Yard Medley Relay,2022,4A-3A,M. Conze & H. Bingley & S. Karp & L. Rosman,Walter Johnson,1:46.34,pdfs/Winter record book.pdf,65,2026-08-02T19:52:15Z,glm-5.2:cloud
Girls Swimming & Diving,200 Yard Medley Relay,2022,3A-2A-1A,A. Donnick & J. Woolsey & E. French & K. Cupples,La Plata,1:48.69,pdfs/Winter record book.pdf,65,2026-08-02T19:52:15Z,glm-5.2:cloud
Girls Swimming & Diving,200 Yard Medley Relay,2023,4A-3A,M. Conze & S. Karp & M. Simmons & H. Morgan,Walter Johnson,1:44.92,pdfs/Winter record book.pdf,65,2026-08-02T19:52:15Z,glm-5.2:cloud
Girls Swimming & Diving,200 Yard Medley Relay,2023,3A-2A-1A,S. Huang & A. Li & A. Ye & L. Abzakh,Poolesville,1:50.50,pdfs/Winter record book.pdf,65,2026-08-02T19:52:15Z,glm-5.2:cloud
Girls Swimming & Diving,200 Yard Medley Relay,2024,4A-3A,E. Chen & A. Qin & C. Scofield & A. Nishnianidze,Thomas S. Wootton,1:45.54,pdfs/Winter record book.pdf,65,2026-08-02T19:52:15Z,glm-5.2:cloud
Girls Swimming & Diving,200 Yard Medley Relay,2024,3A-2A-1A,C. Damon & L. Smith & C. Gallaudet & A. Gallaudet,Northern-Cal,1:50.14,pdfs/Winter record book.pdf,65,2026-08-02T19:52:15Z,glm-5.2:cloud
Girls Swimming & Diving,200 Yard Medley Relay,2025,4A-3A,V. HInds & T. Morse & H. Hammond & M. Mendizabal,Bethesda-Chevy Chase,1:45.29,pdfs/Winter record book.pdf,65,2026-08-02T19:52:15Z,glm-5.2:cloud
Girls Swimming & Diving,200 Yard Medley Relay,2025,3A-2A-1A,C. Beabout & V. Sunjaya & S. Hennelly & H. Douglas,Damascus,1:50.52,pdfs/Winter record book.pdf,65,2026-08-02T19:52:15Z,glm-5.2:cloud
Girls Swimming & Diving,200 Yard Individual Medley,2019,4A-3A,Catherine Belyakov,Quince Orchard,2:01.41,pdfs/Winter record book.pdf,66,2026-08-02T19:52:36Z,glm-5.2:cloud
Girls Swimming & Diving,200 Yard Individual Medley,2019,3A-2A-1A,Carly Sebring,Damascus,2:03.32,pdfs/Winter record book.pdf,66,2026-08-02T19:52:36Z,glm-5.2:cloud
Girls Swimming & Diving,200 Yard Individual Medley,2020,4A-3A,Katherine Blake,Richard Montgomery,2:05.58,pdfs/Winter record book.pdf,66,2026-08-02T19:52:36Z,glm-5.2:cloud
Girls Swimming & Diving,200 Yard Individual Medley,2020,3A-2A-1A,Helena Narisu,Poolesville,2:09.73,pdfs/Winter record book.pdf,66,2026-08-02T19:52:36Z,glm-5.2:cloud
Girls Swimming & Diving,200 Yard Individual Medley,2022,4A-3A,Sienna Karp,Walter Johnson,2:04.58,pdfs/Winter record book.pdf,66,2026-08-02T19:52:36Z,glm-5.2:cloud
Girls Swimming & Diving,200 Yard Individual Medley,2022,3A-2A-1A,Anna Li,Poolesville,2:06.84,pdfs/Winter record book.pdf,66,2026-08-02T19:52:36Z,glm-5.2:cloud
Girls Swimming & Diving,200 Yard Individual Medley,2023,4A-3A,Sienna Karp,Walter Johnson,2:01.15,pdfs/Winter record book.pdf,66,2026-08-02T19:52:36Z,glm-5.2:cloud
Girls Swimming & Diving,200 Yard Individual Medley,2023,3A-2A-1A,Anna Li,Poolesville,2:04.97,pdfs/Winter record book.pdf,66,2026-08-02T19:52:36Z,glm-5.2:cloud
Girls Swimming & Diving,200 Yard Individual Medley,2024,4A-3A,Madeleine Simmons,Walter Johnson,2:01.93,pdfs/Winter record book.pdf,66,2026-08-02T19:52:36Z,glm-5.2:cloud
Girls Swimming & Diving,200 Yard Individual Medley,2024,3A-2A-1A,Viona Sunjaya,Damascus,2:07.53,pdfs/Winter record book.pdf,66,2026-08-02T19:52:36Z,glm-5.2:cloud
Girls Swimming & Diving,200 Yard Individual Medley,2025,4A-3A,Madeleine Simmons,Walter Johnson,2:02.83,pdfs/Winter record book.pdf,66,2026-08-02T19:52:36Z,glm-5.2:cloud
Girls Swimming & Diving,200 Yard Individual Medley,2025,3A-2A-1A,Viona Sunjaya,Damascus,2:07.01,pdfs/Winter record book.pdf,66,2026-08-02T19:52:36Z,glm-5.2:cloud
Girls Swimming & Diving,50 Yard Freestyle,2007,4A-3A,Jaime Schmidt,North County,25.70,pdfs/Winter record book.pdf,66,2026-08-02T19:52:36Z,glm-5.2:cloud
Girls Swimming & Diving,50 Yard Freestyle,2007,3A-2A-1A,Taylor McWilliams,Cambridge/S. Dorchester,25.44,pdfs/Winter record book.pdf,66,2026-08-02T19:52:36Z,glm-5.2:cloud
Girls Swimming & Diving,50 Yard Freestyle,2008,4A-3A,Emily Lloyd,Severna Park,23.86,pdfs/Winter record book.pdf,66,2026-08-02T19:52:36Z,glm-5.2:cloud
Girls Swimming & Diving,50 Yard Freestyle,2008,3A-2A-1A,Samantha Durham,Walkersville,25.25,pdfs/Winter record book.pdf,66,2026-08-02T19:52:36Z,glm-5.2:cloud
Girls Swimming & Diving,50 Yard Freestyle,2009,4A-3A,Mary Kay Harris,South River,24.50,pdfs/Winter record book.pdf,66,2026-08-02T19:52:36Z,glm-5.2:cloud
Girls Swimming & Diving,50 Yard Freestyle,2009,3A-2A-1A,Taylor McWilliams,Cambridge/S.Dorchester,24.86,pdfs/Winter record book.pdf,66,2026-08-02T19:52:36Z,glm-5.2:cloud
Girls Swimming & Diving,50 Yard Freestyle,2010,4A-3A,Emily Lloyd,Severna Park,23.16,pdfs/Winter record book.pdf,66,2026-08-02T19:52:36Z,glm-5.2:cloud
Girls Swimming & Diving,50 Yard Freestyle,2010,3A-2A-1A,Hanne Borgerson,Frederick,25.21,pdfs/Winter record book.pdf,66,2026-08-02T19:52:36Z,glm-5.2:cloud
Girls Swimming & Diving,50 Yard Freestyle,2011,4A-3A,Margaret Manning,Thomas Johnson,24.53,pdfs/Winter record book.pdf,66,2026-08-02T19:52:36Z,glm-5.2:cloud
Girls Swimming & Diving,50 Yard Freestyle,2011,3A-2A-1A,Carley Nitchie,Bel Air,25.30,pdfs/Winter record book.pdf,66,2026-08-02T19:52:36Z,glm-5.2:cloud
Girls Swimming & Diving,50 Yard Freestyle,2012,4A-3A,Reia Tong,Walt Whitman,23.93,pdfs/Winter record book.pdf,66,2026-08-02T19:52:36Z,glm-5.2:cloud
Girls Swimming & Diving,50 Yard Freestyle,2012,3A-2A-1A,Brooke Bielecki,Easton,25.08,pdfs/Winter record book.pdf,66,2026-08-02T19:52:36Z,glm-5.2:cloud
Girls Swimming & Diving,50 Yard Freestyle,2013,4A-3A,Michelle Illig,Winston Churchill,24.42,pdfs/Winter record book.pdf,66,2026-08-02T19:52:36Z,glm-5.2:cloud
Girls Swimming & Diving,50 Yard Freestyle,2013,3A-2A-1A,Brooke Bielecki,Easton,25.09,pdfs/Winter record book.pdf,66,2026-08-02T19:52:36Z,glm-5.2:cloud
Girls Swimming & Diving,50 Yard Freestyle,2014,4A-3A,Morgan Hill,Sherwood,23.60,pdfs/Winter record book.pdf,66,2026-08-02T19:52:36Z,glm-5.2:cloud
Girls Swimming & Diving,50 Yard Freestyle,2014,3A-2A-1A,Sayaka Vaules,Poolesville,25.25,pdfs/Winter record book.pdf,66,2026-08-02T19:52:36Z,glm-5.2:cloud
Girls Swimming & Diving,50 Yard Freestyle,2015,4A-3A,Morgan Hill,Sherwood,23.75,pdfs/Winter record book.pdf,66,2026-08-02T19:52:36Z,glm-5.2:cloud
Girls Swimming & Diving,50 Yard Freestyle,2015,3A-2A-1A,Lindsay Knapp,Poolesville,25.79,pdfs/Winter record book.pdf,66,2026-08-02T19:52:36Z,glm-5.2:cloud
Girls Swimming & Diving,50 Yard Freestyle,2016,4A-3A,Morgan Hill,Sherwood,23.10,pdfs/Winter record book.pdf,66,2026-08-02T19:52:36Z,glm-5.2:cloud
Girls Swimming & Diving,50 Yard Freestyle,2016,3A-2A-1A,Hailey Ritter,Queen Anne's,24.65,pdfs/Winter record book.pdf,66,2026-08-02T19:52:36Z,glm-5.2:cloud
Girls Swimming & Diving,50 Yard Freestyle,2017,4A-3A,Avery Williams,Walt Whitman,23.97,pdfs/Winter record book.pdf,66,2026-08-02T19:52:36Z,glm-5.2:cloud
Girls Swimming & Diving,50 Yard Freestyle,2017,3A-2A-1A,Hailey Ritter,Queen Anne's,24.48,pdfs/Winter record book.pdf,66,2026-08-02T19:52:36Z,glm-5.2:cloud
Girls Swimming & Diving,50 Yard Freestyle,2018,4A-3A,Amanda Wenhold,Sherwood,23.84,pdfs/Winter record book.pdf,66,2026-08-02T19:52:36Z,glm-5.2:cloud
Girls Swimming & Diving,50 Yard Freestyle,2018,3A-2A-1A,Megan Schueller,La Plata,24.48,pdfs/Winter record book.pdf,66,2026-08-02T19:52:36Z,glm-5.2:cloud
Girls Swimming & Diving,50 Yard Freestyle,2019,4A-3A,Amanda Wenhold,Sherwood,24.23,pdfs/Winter record book.pdf,66,2026-08-02T19:52:36Z,glm-5.2:cloud
Girls Swimming & Diving,50 Yard Freestyle,2019,3A-2A-1A,Megan Schueller,La Plata,24.39,pdfs/Winter record book.pdf,66,2026-08-02T19:52:36Z,glm-5.2:cloud
Girls Swimming & Diving,50 Yard Freestyle,2020,4A-3A,Nina Allen,Bethesda-Chevy Chase,23.70,pdfs/Winter record book.pdf,66,2026-08-02T19:52:36Z,glm-5.2:cloud
Girls Swimming & Diving,50 Yard Freestyle,2020,3A-2A-1A,Carly Sebring,Damascus,23.69,pdfs/Winter record book.pdf,66,2026-08-02T19:52:36Z,glm-5.2:cloud
Girls Swimming & Diving,50 Yard Freestyle,2022,4A-3A,Nina Allen,Bethesda-Chevy Chase,22.81,pdfs/Winter record book.pdf,66,2026-08-02T19:52:36Z,glm-5.2:cloud
Girls Swimming & Diving,50 Yard Freestyle,2022,3A-2A-1A,Jadyn Woolsey,La Plata,24.17,pdfs/Winter record book.pdf,66,2026-08-02T19:52:36Z,glm-5.2:cloud
Girls Swimming & Diving,50 Yard Freestyle,2023,4A-3A,Nina Allen,Bethesda-Chevy Chase,22.91,pdfs/Winter record book.pdf,66,2026-08-02T19:52:36Z,glm-5.2:cloud
Girls Swimming & Diving,50 Yard Freestyle,2023,3A-2A-1A,Emerson Young,Harford Technical,24.08,pdfs/Winter record book.pdf,66,2026-08-02T19:52:36Z,glm-5.2:cloud
Girls Swimming & Diving,50 Yard Freestyle,2024,4A-3A,Amy Qin,Thomas S. Wootton,22.86,pdfs/Winter record book.pdf,66,2026-08-02T19:52:36Z,glm-5.2:cloud
Girls Swimming & Diving,50 Yard Freestyle,2024,3A-2A-1A,Jadyn Woolsey,La Plata,23.88,pdfs/Winter record book.pdf,66,2026-08-02T19:52:36Z,glm-5.2:cloud
Girls Swimming & Diving,50 Yard Freestyle,2025,4A-3A,Anna Nishnianidze,Thomas S. Wootton,23.64,pdfs/Winter record book.pdf,66,2026-08-02T19:52:36Z,glm-5.2:cloud
Girls Swimming & Diving,50 Yard Freestyle,2025,3A-2A-1A,Jadyn Woolsey,La Plata,24.01,pdfs/Winter record book.pdf,66,2026-08-02T19:52:36Z,glm-5.2:cloud
Girls Swimming & Diving,100 Yard Butterfly,2007,4A-3A,Sarah Lloyd,Severna Park,58.36,pdfs/Winter record book.pdf,66,2026-08-02T19:52:36Z,glm-5.2:cloud
Girls Swimming & Diving,100 Yard Butterfly,2007,3A-2A-1A,Devin Lessard,Queen Anne's,1:01.05,pdfs/Winter record book.pdf,66,2026-08-02T19:52:36Z,glm-5.2:cloud
Girls Swimming & Diving,100 Yard Butterfly,2008,4A-3A,Sarah Lloyd,Severna Park,56.61,pdfs/Winter record book.pdf,66,2026-08-02T19:52:36Z,glm-5.2:cloud
Girls Swimming & Diving,100 Yard Butterfly,2008,3A-2A-1A,Devin Lessard,Queen Anne's,59.59,pdfs/Winter record book.pdf,66,2026-08-02T19:52:36Z,glm-5.2:cloud
Girls Swimming & Diving,100 Yard Butterfly,2009,4A-3A,Sarah Lloyd,Severna Park,56.22,pdfs/Winter record book.pdf,66,2026-08-02T19:52:36Z,glm-5.2:cloud
Girls Swimming & Diving,100 Yard Butterfly,2009,3A-2A-1A,Devin Lessard,Queen Anne's,59.54,pdfs/Winter record book.pdf,66,2026-08-02T19:52:36Z,glm-5.2:cloud
Girls Swimming & Diving,100 Yard Butterfly,2010,4A-3A,Sarah Lloyd,Severna Park,56.52,pdfs/Winter record book.pdf,66,2026-08-02T19:52:36Z,glm-5.2:cloud
Girls Swimming & Diving,100 Yard Butterfly,2010,3A-2A-1A,Katelyn Rossick,Middletown,59.47,pdfs/Winter record book.pdf,66,2026-08-02T19:52:36Z,glm-5.2:cloud
Girls Swimming & Diving,100 Yard Butterfly,2011,4A-3A,Katelyn Sowinski,Severna Park,56.84,pdfs/Winter record book.pdf,66,2026-08-02T19:52:36Z,glm-5.2:cloud
Girls Swimming & Diving,100 Yard Butterfly,2011,3A-2A-1A,Hanne Borgerson,Frederick,59.32,pdfs/Winter record book.pdf,66,2026-08-02T19:52:36Z,glm-5.2:cloud
Girls Swimming & Diving,100 Yard Butterfly,2012,4A-3A,Natalya Ares,Winston Churchill,57.85,pdfs/Winter record book.pdf,66,2026-08-02T19:52:36Z,glm-5.2:cloud
Girls Swimming & Diving,100 Yard Butterfly,2012,3A-2A-1A,Cora Summerfield,Aberdeen,1:00.41,pdfs/Winter record book.pdf,66,2026-08-02T19:52:36Z,glm-5.2:cloud
Girls Swimming & Diving,100 Yard Butterfly,2013,4A-3A,Morgan Hill,Sherwood,57.06,pdfs/Winter record book.pdf,66,2026-08-02T19:52:36Z,glm-5.2:cloud
Girls Swimming & Diving,100 Yard Butterfly,2013,3A-2A-1A,Megan Cowan,C. Milton Wright,59.14,pdfs/Winter record book.pdf,66,2026-08-02T19:52:36Z,glm-5.2:cloud
Girls Swimming & Diving,100 Yard Butterfly,2014,4A-3A,Emily Wang,Winston Churchill,57.87,pdfs/Winter record book.pdf,66,2026-08-02T19:52:36Z,glm-5.2:cloud
Girls Swimming & Diving,100 Yard Butterfly,2014,3A-2A-1A,Alexa Stewart,Rockville,1:00.05,pdfs/Winter record book.pdf,66,2026-08-02T19:52:36Z,glm-5.2:cloud
Girls Swimming & Diving,100 Yard Butterfly,2015,4A-3A,Emily Wang,Winston Churchill,56.14,pdfs/Winter record book.pdf,66,2026-08-02T19:52:36Z,glm-5.2:cloud
Girls Swimming & Diving,100 Yard Butterfly,2015,3A-2A-1A,Alexa Stewart,Rockville,1:00.88,pdfs/Winter record book.pdf,66,2026-08-02T19:52:36Z,glm-5.2:cloud
Girls Swimming & Diving,100 Yard Butterfly,2016,4A-3A,Hannah Kannan,Montgomery Blair,55.72,pdfs/Winter record book.pdf,66,2026-08-02T19:52:36Z,glm-5.2:cloud
Girls Swimming & Diving,100 Yard Butterfly,2016,3A-2A-1A,Fanny Wu,Poolesville,59.16,pdfs/Winter record book.pdf,66,2026-08-02T19:52:36Z,glm-5.2:cloud
Girls Swimming & Diving,100 Yard Butterfly,2017,4A-3A,Emily Wang,Winston Churchill,55.18,pdfs/Winter record book.pdf,66,2026-08-02T19:52:36Z,glm-5.2:cloud
Girls Swimming & Diving,100 Yard Butterfly,2017,3A-2A-1A,Hailey Ritter,Queen Anne's,58.55,pdfs/Winter record book.pdf,66,2026-08-02T19:52:36Z,glm-5.2:cloud
Girls Swimming & Diving,100 Yard Butterfly,2018,4A-3A,Hannah Kannan,Montgomery Blair,54.71,pdfs/Winter record book.pdf,66,2026-08-02T19:52:36Z,glm-5.2:cloud
Girls Swimming & Diving,100 Yard Butterfly,2018,3A-2A-1A,Hailey Ritter,Queen Anne's,57.45,pdfs/Winter record book.pdf,66,2026-08-02T19:52:36Z,glm-5.2:cloud
Girls Swimming & Diving,100 Yard Butterfly,2019,4A-3A,Sophie Reilly,Walt Whitman,55.91,pdfs/Winter record book.pdf,66,2026-08-02T19:52:36Z,glm-5.2:cloud
Girls Swimming & Diving,100 Yard Butterfly,2019,3A-2A-1A,Katerina Lomis,Patterson Mill,58.54,pdfs/Winter record book.pdf,66,2026-08-02T19:52:36Z,glm-5.2:cloud
Girls Swimming & Diving,100 Yard Butterfly,2020,4A-3A,Jill Berger,Bethesda-Chevy Chase,55.76,pdfs/Winter record book.pdf,66,2026-08-02T19:52:36Z,glm-5.2:cloud
Girls Swimming & Diving,100 Yard Butterfly,2020,3A-2A-1A,Kaitlyn Hunter,Damascus,57.02,pdfs/Winter record book.pdf,66,2026-08-02T19:52:36Z,glm-5.2:cloud
Girls Swimming & Diving,100 Yard Butterfly,2022,4A-3A,Georgia Yang,Winston Churchill,55.46,pdfs/Winter record book.pdf,66,2026-08-02T19:52:36Z,glm-5.2:cloud
Girls Swimming & Diving,100 Yard Butterfly,2022,3A-2A-1A,Carly Sebring,Damascus,54.78,pdfs/Winter record book.pdf,66,2026-08-02T19:52:36Z,glm-5.2:cloud
Girls Swimming & Diving,100 Yard Butterfly,2023,4A-3A,Sarah Eliason,Richard Montgomery,54.38,pdfs/Winter record book.pdf,66,2026-08-02T19:52:36Z,glm-5.2:cloud
Girls Swimming & Diving,100 Yard Butterfly,2023,3A-2A-1A,Sadie Hebert,Damascus,59.12,pdfs/Winter record book.pdf,66,2026-08-02T19:52:36Z,glm-5.2:cloud
Girls Swimming & Diving,100 Yard Butterfly,2024,4A-3A,Sarah Eliason,Richard Montgomery,54.33,pdfs/Winter record book.pdf,66,2026-08-02T19:52:36Z,glm-5.2:cloud
Girls Swimming & Diving,100 Yard Butterfly,2024,3A-2A-1A,Cedar Gallaudet,Northern-Cal,59.00,pdfs/Winter record book.pdf,66,2026-08-02T19:52:36Z,glm-5.2:cloud
Girls Swimming & Diving,100 Yard Butterfly,2025,4A-3A,Maria Webb,Col. Zadok Magruder,54.65,pdfs/Winter record book.pdf,66,2026-08-02T19:52:36Z,glm-5.2:cloud
Girls Swimming & Diving,100 Yard Butterfly,2025,3A-2A-1A,Samantha Hennelly,Damascus,1:00.18,pdfs/Winter record book.pdf,66,2026-08-02T19:52:36Z,glm-5.2:cloud
Girls Swimming & Diving,100 Yard Freestyle,2007,4A-3A,Emily Lloyd,Severna Park,51.97,pdfs/Winter record book.pdf,66,2026-08-02T19:52:36Z,glm-5.2:cloud
Girls Swimming & Diving,100 Yard Freestyle,2007,3A-2A-1A,JoAnna Yeh,Urbana,54.44,pdfs/Winter record book.pdf,66,2026-08-02T19:52:36Z,glm-5.2:cloud
Girls Swimming & Diving,100 Yard Freestyle,2008,4A-3A,Emily Lloyd,Severna Park,52.54,pdfs/Winter record book.pdf,66,2026-08-02T19:52:36Z,glm-5.2:cloud
Girls Swimming & Diving,100 Yard Freestyle,2008,3A-2A-1A,Katelyn Rossick,Middletown,54.19,pdfs/Winter record book.pdf,66,2026-08-02T19:52:36Z,glm-5.2:cloud
Girls Swimming & Diving,100 Yard Freestyle,2009,4A-3A,Emily Lloyd,Severna Park,50.89,pdfs/Winter record book.pdf,66,2026-08-02T19:52:36Z,glm-5.2:cloud
Girls Swimming & Diving,100 Yard Freestyle,2009,3A-2A-1A,Hanne Borgerson,Frederick,54.67,pdfs/Winter record book.pdf,66,2026-08-02T19:52:36Z,glm-5.2:cloud
Girls Swimming & Diving,100 Yard Freestyle,2010,4A-3A,Rachel Flint,C. Milton Wright,54.72,pdfs/Winter record book.pdf,66,2026-08-02T19:52:36Z,glm-5.2:cloud
Girls Swimming & Diving,100 Yard Freestyle,2010,3A-2A-1A,Hanne Borgerson,Frederick,54.27,pdfs/Winter record book.pdf,66,2026-08-02T19:52:36Z,glm-5.2:cloud
Girls Swimming & Diving,100 Yard Freestyle,2011,4A-3A,Margaret Manning,Thomas Johnson,53.63,pdfs/Winter record book.pdf,66,2026-08-02T19:52:36Z,glm-5.2:cloud
Girls Swimming & Diving,100 Yard Freestyle,2011,3A-2A-1A,Page Fox,Frederick,55.91,pdfs/Winter record book.pdf,66,2026-08-02T19:52:36Z,glm-5.2:cloud
Girls Swimming & Diving,100 Yard Freestyle,2012,4A-3A,Reia Tong,Walt Whitman,52.10,pdfs/Winter record book.pdf,66,2026-08-02T19:52:36Z,glm-5.2:cloud
Girls Swimming & Diving,100 Yard Freestyle,2012,3A-2A-1A,Dorit Song,Poolesville,53.88,pdfs/Winter record book.pdf,66,2026-08-02T19:52:36Z,glm-5.2:cloud
Girls Swimming & Diving,100 Yard Freestyle,2013,4A-3A,Anna Kolanowski,Sherwood,52.12,pdfs/Winter record book.pdf,66,2026-08-02T19:52:36Z,glm-5.2:cloud
Girls Swimming & Diving,100 Yard Freestyle,2013,3A-2A-1A,Dorit Song,Poolesville,53.20,pdfs/Winter record book.pdf,66,2026-08-02T19:52:36Z,glm-5.2:cloud
Girls Swimming & Diving,100 Yard Freestyle,2014,4A-3A,Morgan Hill,Sherwood,51.71,pdfs/Winter record book.pdf,67,2026-08-02T19:53:05Z,glm-5.2:cloud
Girls Swimming & Diving,100 Yard Freestyle,2014,3A-2A-1A,Dorit Song,Poolesville,52.98,pdfs/Winter record book.pdf,67,2026-08-02T19:53:05Z,glm-5.2:cloud
Girls Swimming & Diving,100 Yard Freestyle,2015,4A-3A,Morgan Hill,Sherwood,51.05,pdfs/Winter record book.pdf,67,2026-08-02T19:53:05Z,glm-5.2:cloud
Girls Swimming & Diving,100 Yard Freestyle,2015,3A-2A-1A,Dorit Song,Poolesville,53.98,pdfs/Winter record book.pdf,67,2026-08-02T19:53:05Z,glm-5.2:cloud
Girls Swimming & Diving,100 Yard Freestyle,2016,4A-3A,Morgan Hill,Sherwood,50.02,pdfs/Winter record book.pdf,67,2026-08-02T19:53:05Z,glm-5.2:cloud
Girls Swimming & Diving,100 Yard Freestyle,2016,3A-2A-1A,Megan Cowan,C. Milton Wright,54.32,pdfs/Winter record book.pdf,67,2026-08-02T19:53:05Z,glm-5.2:cloud
Girls Swimming & Diving,100 Yard Freestyle,2017,4A-3A,Sydney Knapp,Northwest,51.63,pdfs/Winter record book.pdf,67,2026-08-02T19:53:05Z,glm-5.2:cloud
Girls Swimming & Diving,100 Yard Freestyle,2017,3A-2A-1A,McKenzie Hemingway,Queen Anne's,52.79,pdfs/Winter record book.pdf,67,2026-08-02T19:53:05Z,glm-5.2:cloud
Girls Swimming & Diving,100 Yard Freestyle,2018,4A-3A,Amanda Wenhold,Sherwood,51.53,pdfs/Winter record book.pdf,67,2026-08-02T19:53:05Z,glm-5.2:cloud
Girls Swimming & Diving,100 Yard Freestyle,2018,3A-2A-1A,McKenzie Hemingway,Queen Anne's,51.92,pdfs/Winter record book.pdf,67,2026-08-02T19:53:05Z,glm-5.2:cloud
Girls Swimming & Diving,100 Yard Freestyle,2019,4A-3A,Alexandra Marney-Bell,Montgomery Blair,52.04,pdfs/Winter record book.pdf,67,2026-08-02T19:53:05Z,glm-5.2:cloud
Girls Swimming & Diving,100 Yard Freestyle,2019,3A-2A-1A,Carly Sebring,Damascus,50.84,pdfs/Winter record book.pdf,67,2026-08-02T19:53:05Z,glm-5.2:cloud
Girls Swimming & Diving,100 Yard Freestyle,2020,4A-3A,Lauren West,Albert Einstein,51.48,pdfs/Winter record book.pdf,67,2026-08-02T19:53:05Z,glm-5.2:cloud
Girls Swimming & Diving,100 Yard Freestyle,2020,3A-2A-1A,Carly Sebring,Damascus,50.90,pdfs/Winter record book.pdf,67,2026-08-02T19:53:05Z,glm-5.2:cloud
Girls Swimming & Diving,100 Yard Freestyle,2022,4A-3A,Lauren West,Albert Einstein,50.19,pdfs/Winter record book.pdf,67,2026-08-02T19:53:05Z,glm-5.2:cloud
Girls Swimming & Diving,100 Yard Freestyle,2022,3A-2A-1A,Addy Donnick,La Plata,50.95,pdfs/Winter record book.pdf,67,2026-08-02T19:53:05Z,glm-5.2:cloud
Girls Swimming & Diving,100 Yard Freestyle,2023,4A-3A,Andrea Dworak,James H. Blake,50.62,pdfs/Winter record book.pdf,67,2026-08-02T19:53:05Z,glm-5.2:cloud
Girls Swimming & Diving,100 Yard Freestyle,2023,3A-2A-1A,Addy Donnick,La Plata,50.39,pdfs/Winter record book.pdf,67,2026-08-02T19:53:05Z,glm-5.2:cloud
Girls Swimming & Diving,100 Yard Freestyle,2024,4A-3A,Virginia Hinds,Bethesda-Chevy Chase,49.93,pdfs/Winter record book.pdf,67,2026-08-02T19:53:05Z,glm-5.2:cloud
Girls Swimming & Diving,100 Yard Freestyle,2024,3A-2A-1A,Addy Donnick,La Plata,51.08,pdfs/Winter record book.pdf,67,2026-08-02T19:53:05Z,glm-5.2:cloud
Girls Swimming & Diving,100 Yard Freestyle,2025,4A-3A,Virginia Hinds,Bethesda-Chevy Chase,49.41,pdfs/Winter record book.pdf,67,2026-08-02T19:53:05Z,glm-5.2:cloud
Girls Swimming & Diving,100 Yard Freestyle,2025,3A-2A-1A,Maddie Weems,Easton,53.13,pdfs/Winter record book.pdf,67,2026-08-02T19:53:05Z,glm-5.2:cloud
Girls Swimming & Diving,500 Yard Freestyle,2007,4A-3A,Jordan Gibbs,Severna Park,5:08.51,pdfs/Winter record book.pdf,67,2026-08-02T19:53:05Z,glm-5.2:cloud
Girls Swimming & Diving,500 Yard Freestyle,2007,3A-2A-1A,Devin Lessard,Queen Anne's,5:29.70,pdfs/Winter record book.pdf,67,2026-08-02T19:53:05Z,glm-5.2:cloud
Girls Swimming & Diving,500 Yard Freestyle,2008,4A-3A,Hannah Betman,Eleanor Roosevelt,5:19.86,pdfs/Winter record book.pdf,67,2026-08-02T19:53:05Z,glm-5.2:cloud
Girls Swimming & Diving,500 Yard Freestyle,2008,3A-2A-1A,Ally Long,Frederick,5:11.67,pdfs/Winter record book.pdf,67,2026-08-02T19:53:05Z,glm-5.2:cloud
Girls Swimming & Diving,500 Yard Freestyle,2009,4A-3A,Emily Lloyd,Severna Park,5:08.06,pdfs/Winter record book.pdf,67,2026-08-02T19:53:05Z,glm-5.2:cloud
Girls Swimming & Diving,500 Yard Freestyle,2009,3A-2A-1A,Selena Martin,Baltimore Polytechnic,5:09.54,pdfs/Winter record book.pdf,67,2026-08-02T19:53:05Z,glm-5.2:cloud
Girls Swimming & Diving,500 Yard Freestyle,2010,4A-3A,Cassie Sorna,Urbana,5:13.45,pdfs/Winter record book.pdf,67,2026-08-02T19:53:05Z,glm-5.2:cloud
Girls Swimming & Diving,500 Yard Freestyle,2010,3A-2A-1A,Madison Brown,Fallston,5:37.84,pdfs/Winter record book.pdf,67,2026-08-02T19:53:05Z,glm-5.2:cloud
Girls Swimming & Diving,500 Yard Freestyle,2011,4A-3A,Sydney Williams,Urbana,5:08.28,pdfs/Winter record book.pdf,67,2026-08-02T19:53:05Z,glm-5.2:cloud
Girls Swimming & Diving,500 Yard Freestyle,2011,3A-2A-1A,Madison Brown,Fallston,5:28.54,pdfs/Winter record book.pdf,67,2026-08-02T19:53:05Z,glm-5.2:cloud
Girls Swimming & Diving,500 Yard Freestyle,2012,4A-3A,Ellen Anderson,Gaithersburg,4:54.96,pdfs/Winter record book.pdf,67,2026-08-02T19:53:05Z,glm-5.2:cloud
Girls Swimming & Diving,500 Yard Freestyle,2012,3A-2A-1A,Philipa Rogers,Oakdale,5:19.87,pdfs/Winter record book.pdf,67,2026-08-02T19:53:05Z,glm-5.2:cloud
Girls Swimming & Diving,500 Yard Freestyle,2013,4A-3A,Charlotte Meyer,Walt Whitman,5:02.93,pdfs/Winter record book.pdf,67,2026-08-02T19:53:05Z,glm-5.2:cloud
Girls Swimming & Diving,500 Yard Freestyle,2013,3A-2A-1A,Hedda Boege,Damascus,5:10.03,pdfs/Winter record book.pdf,67,2026-08-02T19:53:05Z,glm-5.2:cloud
Girls Swimming & Diving,500 Yard Freestyle,2014,4A-3A,Madison Waechter,Montgomery Blair,5:01.73,pdfs/Winter record book.pdf,67,2026-08-02T19:53:05Z,glm-5.2:cloud
Girls Swimming & Diving,500 Yard Freestyle,2014,3A-2A-1A,Megan Cowan,C. Milton Wright,5:16.05,pdfs/Winter record book.pdf,67,2026-08-02T19:53:05Z,glm-5.2:cloud
Girls Swimming & Diving,500 Yard Freestyle,2015,4A-3A,Madison Waechter,Montgomery Blair,4:59.78,pdfs/Winter record book.pdf,67,2026-08-02T19:53:05Z,glm-5.2:cloud
Girls Swimming & Diving,500 Yard Freestyle,2015,3A-2A-1A,Alexa Stewart,Rockville,5:17.94,pdfs/Winter record book.pdf,67,2026-08-02T19:53:05Z,glm-5.2:cloud
Girls Swimming & Diving,500 Yard Freestyle,2016,4A-3A,Madison Waechter,Montgomery Blair,4:53.48,pdfs/Winter record book.pdf,67,2026-08-02T19:53:05Z,glm-5.2:cloud
Girls Swimming & Diving,500 Yard Freestyle,2016,3A-2A-1A,Alexa Stewart,Rockville,5:11.16,pdfs/Winter record book.pdf,67,2026-08-02T19:53:05Z,glm-5.2:cloud
Girls Swimming & Diving,500 Yard Freestyle,2017,4A-3A,Madison Waechter,Montgomery Blair,4:52.65,pdfs/Winter record book.pdf,67,2026-08-02T19:53:05Z,glm-5.2:cloud
Girls Swimming & Diving,500 Yard Freestyle,2017,3A-2A-1A,Katarina Lechner,Poolesville,5:12.15,pdfs/Winter record book.pdf,67,2026-08-02T19:53:05Z,glm-5.2:cloud
Girls Swimming & Diving,500 Yard Freestyle,2018,4A-3A,Grace Giddings,Sherwood,4:54.55,pdfs/Winter record book.pdf,67,2026-08-02T19:53:05Z,glm-5.2:cloud
Girls Swimming & Diving,500 Yard Freestyle,2018,3A-2A-1A,Moshelle Borjigin,Poolesville,5:03.89,pdfs/Winter record book.pdf,67,2026-08-02T19:53:05Z,glm-5.2:cloud
Girls Swimming & Diving,500 Yard Freestyle,2019,4A-3A,Kaitlin Gravell,Sherwood,4:55.59,pdfs/Winter record book.pdf,67,2026-08-02T19:53:05Z,glm-5.2:cloud
Girls Swimming & Diving,500 Yard Freestyle,2019,3A-2A-1A,Moshelle Borjigin,Poolesville,5:08.25,pdfs/Winter record book.pdf,67,2026-08-02T19:53:05Z,glm-5.2:cloud
Girls Swimming & Diving,500 Yard Freestyle,2020,4A-3A,Maren Conze,Walter Johnson,4:52.25,pdfs/Winter record book.pdf,67,2026-08-02T19:53:05Z,glm-5.2:cloud
Girls Swimming & Diving,500 Yard Freestyle,2020,3A-2A-1A,Moshelle Borjigin,Poolesville,5:05.77,pdfs/Winter record book.pdf,67,2026-08-02T19:53:05Z,glm-5.2:cloud
Girls Swimming & Diving,500 Yard Freestyle,2022,4A-3A,Maren Conze,Walter Johnson,4:54.17,pdfs/Winter record book.pdf,67,2026-08-02T19:53:05Z,glm-5.2:cloud
Girls Swimming & Diving,500 Yard Freestyle,2022,3A-2A-1A,Molly Kroeger,Easton,5:05.21,pdfs/Winter record book.pdf,67,2026-08-02T19:53:05Z,glm-5.2:cloud
Girls Swimming & Diving,500 Yard Freestyle,2023,4A-3A,Campbell Scofield,Thomas S. Wootton,4:58.80,pdfs/Winter record book.pdf,67,2026-08-02T19:53:05Z,glm-5.2:cloud
Girls Swimming & Diving,500 Yard Freestyle,2023,3A-2A-1A,Molly Kroeger,Easton,5:02.64,pdfs/Winter record book.pdf,67,2026-08-02T19:53:05Z,glm-5.2:cloud
Girls Swimming & Diving,500 Yard Freestyle,2024,4A-3A,Andrea Dworak,James H. Blake,4:46.55,pdfs/Winter record book.pdf,67,2026-08-02T19:53:05Z,glm-5.2:cloud
Girls Swimming & Diving,500 Yard Freestyle,2024,3A-2A-1A,Taya Ivanovskaya,Damascus,5:07.58,pdfs/Winter record book.pdf,67,2026-08-02T19:53:05Z,glm-5.2:cloud
Girls Swimming & Diving,500 Yard Freestyle,2025,4A-3A,Elanor Saybolt,Walter Johnson,5:00.87,pdfs/Winter record book.pdf,67,2026-08-02T19:53:05Z,glm-5.2:cloud
Girls Swimming & Diving,500 Yard Freestyle,2025,3A-2A-1A,Taya Ivanovskaya,Damascus,5:10.41,pdfs/Winter record book.pdf,67,2026-08-02T19:53:05Z,glm-5.2:cloud
Girls Swimming & Diving,200 Yard Freestyle Relay,2022,4A-3A,A. Qin & A. Woo & C. Scofield & S. Thompson,Thomas S. Wootton,1:36.42,pdfs/Winter record book.pdf,67,2026-08-02T19:53:05Z,glm-5.2:cloud
Girls Swimming & Diving,200 Yard Freestyle Relay,2022,3A-2A-1A,J. Woolsey & K. Cupples & E. French & A. Donnick,La Plata,1:38.92,pdfs/Winter record book.pdf,67,2026-08-02T19:53:05Z,glm-5.2:cloud
Girls Swimming & Diving,200 Yard Freestyle Relay,2023,4A-3A,D. Brindle & R. Drakakis & H. Hammond & N. Allen,Bethesda-Chevy Chase,1:35.63,pdfs/Winter record book.pdf,67,2026-08-02T19:53:05Z,glm-5.2:cloud
Girls Swimming & Diving,200 Yard Freestyle Relay,2023,3A-2A-1A,M. Weems & I. Westerfield & K. Weems & M. Kroeger,Easton,1:39.11,pdfs/Winter record book.pdf,67,2026-08-02T19:53:05Z,glm-5.2:cloud
Girls Swimming & Diving,200 Yard Freestyle Relay,2024,4A-3A,L. Vinditti & A. Mitchum & L. Gotting & S. Eliason,Richard Montgomery,1:35.81,pdfs/Winter record book.pdf,67,2026-08-02T19:53:05Z,glm-5.2:cloud
Girls Swimming & Diving,200 Yard Freestyle Relay,2024,3A-2A-1A,C. Gallaudet & M.K. Stum & L. Smith & A. Gallaudet,Northern-Cal,1:39.43,pdfs/Winter record book.pdf,67,2026-08-02T19:53:05Z,glm-5.2:cloud
Girls Swimming & Diving,200 Yard Freestyle Relay,2025,4A-3A,M. Simmons & E. Saybolt & Isla Bartholomew & F. Jeffrey,Walter Johnson,1:38.22,pdfs/Winter record book.pdf,67,2026-08-02T19:53:05Z,glm-5.2:cloud
Girls Swimming & Diving,200 Yard Freestyle Relay,2025,3A-2A-1A,S. Huang & C. Wang & L. Congdon & V. Mitin,Poolesville,1:41.25,pdfs/Winter record book.pdf,67,2026-08-02T19:53:05Z,glm-5.2:cloud
Girls Swimming & Diving,200 Yard Freestyle Relay,2007,4A-3A,,Severna Park,1:43.40,pdfs/Winter record book.pdf,67,2026-08-02T19:53:05Z,glm-5.2:cloud
Girls Swimming & Diving,200 Yard Freestyle Relay,2007,3A-2A-1A,,North Harford,1:46.37,pdfs/Winter record book.pdf,67,2026-08-02T19:53:05Z,glm-5.2:cloud
Girls Swimming & Diving,200 Yard Freestyle Relay,2008,4A-3A,,Severna Park,1:45.43,pdfs/Winter record book.pdf,67,2026-08-02T19:53:05Z,glm-5.2:cloud
Girls Swimming & Diving,200 Yard Freestyle Relay,2008,3A-2A-1A,,Queen Anne's,1:46.77,pdfs/Winter record book.pdf,67,2026-08-02T19:53:05Z,glm-5.2:cloud
Girls Swimming & Diving,200 Yard Freestyle Relay,2009,4A-3A,,Severna Park,1:42.15,pdfs/Winter record book.pdf,67,2026-08-02T19:53:05Z,glm-5.2:cloud
Girls Swimming & Diving,200 Yard Freestyle Relay,2009,3A-2A-1A,,Cambridge/S. Dorchester,1:47.10,pdfs/Winter record book.pdf,67,2026-08-02T19:53:05Z,glm-5.2:cloud
Girls Swimming & Diving,200 Yard Freestyle Relay,2010,4A-3A,,Severna Park,1:39.86,pdfs/Winter record book.pdf,67,2026-08-02T19:53:05Z,glm-5.2:cloud
Girls Swimming & Diving,200 Yard Freestyle Relay,2010,3A-2A-1A,,Frederick,1:48.78,pdfs/Winter record book.pdf,67,2026-08-02T19:53:05Z,glm-5.2:cloud
Girls Swimming & Diving,200 Yard Freestyle Relay,2011,4A-3A,,Urbana,1:42.17,pdfs/Winter record book.pdf,67,2026-08-02T19:53:05Z,glm-5.2:cloud
Girls Swimming & Diving,200 Yard Freestyle Relay,2011,3A-2A-1A,,Frederick,1:45.76,pdfs/Winter record book.pdf,67,2026-08-02T19:53:05Z,glm-5.2:cloud
Girls Swimming & Diving,200 Yard Freestyle Relay,2012,4A-3A,,Walt Whitman,1:37.81,pdfs/Winter record book.pdf,67,2026-08-02T19:53:05Z,glm-5.2:cloud
Girls Swimming & Diving,200 Yard Freestyle Relay,2012,3A-2A-1A,,C. Milton Wright,1:44.38,pdfs/Winter record book.pdf,67,2026-08-02T19:53:05Z,glm-5.2:cloud
Girls Swimming & Diving,200 Yard Freestyle Relay,2013,4A-3A,,Richard Montgomery,1:39.86,pdfs/Winter record book.pdf,67,2026-08-02T19:53:05Z,glm-5.2:cloud
Girls Swimming & Diving,200 Yard Freestyle Relay,2013,3A-2A-1A,,Poolesville,1:44.03,pdfs/Winter record book.pdf,67,2026-08-02T19:53:05Z,glm-5.2:cloud
Girls Swimming & Diving,200 Yard Freestyle Relay,2014,4A-3A,,Winston Churchill,1:39.21,pdfs/Winter record book.pdf,67,2026-08-02T19:53:05Z,glm-5.2:cloud
Girls Swimming & Diving,200 Yard Freestyle Relay,2014,3A-2A-1A,,C. Milton Wright,1:40.75,pdfs/Winter record book.pdf,67,2026-08-02T19:53:05Z,glm-5.2:cloud
Girls Swimming & Diving,200 Yard Freestyle Relay,2015,4A-3A,,Winston Churchill,1:40.53,pdfs/Winter record book.pdf,67,2026-08-02T19:53:05Z,glm-5.2:cloud
Girls Swimming & Diving,200 Yard Freestyle Relay,2015,3A-2A-1A,,Poolesville,1:42.68,pdfs/Winter record book.pdf,67,2026-08-02T19:53:05Z,glm-5.2:cloud
Girls Swimming & Diving,200 Yard Freestyle Relay,2016,4A-3A,,Walter Johnson,1:37.86,pdfs/Winter record book.pdf,67,2026-08-02T19:53:05Z,glm-5.2:cloud
Girls Swimming & Diving,200 Yard Freestyle Relay,2016,3A-2A-1A,,Poolesville,1:40.78,pdfs/Winter record book.pdf,67,2026-08-02T19:53:05Z,glm-5.2:cloud
Girls Swimming & Diving,200 Yard Freestyle Relay,2017,4A-3A,,Walter Johnson,1:36.74,pdfs/Winter record book.pdf,67,2026-08-02T19:53:05Z,glm-5.2:cloud
Girls Swimming & Diving,200 Yard Freestyle Relay,2017,3A-2A-1A,,Poolesville,1:40.83,pdfs/Winter record book.pdf,67,2026-08-02T19:53:05Z,glm-5.2:cloud
Girls Swimming & Diving,200 Yard Freestyle Relay,2018,4A-3A,,Montgomery Blair,1:36.15,pdfs/Winter record book.pdf,67,2026-08-02T19:53:05Z,glm-5.2:cloud
Girls Swimming & Diving,200 Yard Freestyle Relay,2018,3A-2A-1A,,Poolesville,1:42.78,pdfs/Winter record book.pdf,67,2026-08-02T19:53:05Z,glm-5.2:cloud
Girls Swimming & Diving,200 Yard Freestyle Relay,2019,4A-3A,,Walter Johnson,1:36.13,pdfs/Winter record book.pdf,67,2026-08-02T19:53:05Z,glm-5.2:cloud
Girls Swimming & Diving,200 Yard Freestyle Relay,2019,3A-2A-1A,,Damascus,1:42.20,pdfs/Winter record book.pdf,67,2026-08-02T19:53:05Z,glm-5.2:cloud
Girls Swimming & Diving,200 Yard Freestyle Relay,2020,4A-3A,,Walter Johnson,1:35.95,pdfs/Winter record book.pdf,67,2026-08-02T19:53:05Z,glm-5.2:cloud
Girls Swimming & Diving,200 Yard Freestyle Relay,2020,3A-2A-1A,,Poolesville,1:41.94,pdfs/Winter record book.pdf,67,2026-08-02T19:53:05Z,glm-5.2:cloud
Girls Swimming & Diving,100 Yard Backstroke,2007,4A-3A,Emily Lloyd,Severna Park,1:01.69,pdfs/Winter record book.pdf,68,2026-08-02T19:53:43Z,glm-5.2:cloud
Girls Swimming & Diving,100 Yard Backstroke,2007,3A-2A-1A,Ally Long,Frederick,1:01.36,pdfs/Winter record book.pdf,68,2026-08-02T19:53:43Z,glm-5.2:cloud
Girls Swimming & Diving,100 Yard Backstroke,2008,4A-3A,Lauren Armstrong,Broadneck,1:02.11,pdfs/Winter record book.pdf,68,2026-08-02T19:53:43Z,glm-5.2:cloud
Girls Swimming & Diving,100 Yard Backstroke,2008,3A-2A-1A,Ally Long,Frederick,1:00.53,pdfs/Winter record book.pdf,68,2026-08-02T19:53:43Z,glm-5.2:cloud
Girls Swimming & Diving,100 Yard Backstroke,2009,4A-3A,Melissa Cropper,Severna Park,1:01.35,pdfs/Winter record book.pdf,68,2026-08-02T19:53:43Z,glm-5.2:cloud
Girls Swimming & Diving,100 Yard Backstroke,2009,3A-2A-1A,Ally Long,Frederick,1:00.84,pdfs/Winter record book.pdf,68,2026-08-02T19:53:43Z,glm-5.2:cloud
Girls Swimming & Diving,100 Yard Backstroke,2010,4A-3A,Alexa Santis,Urbana,1:01.68,pdfs/Winter record book.pdf,68,2026-08-02T19:53:43Z,glm-5.2:cloud
Girls Swimming & Diving,100 Yard Backstroke,2010,3A-2A-1A,Meredith Foster,North Harford,1:01.23,pdfs/Winter record book.pdf,68,2026-08-02T19:53:43Z,glm-5.2:cloud
Girls Swimming & Diving,100 Yard Backstroke,2011,4A-3A,Alexa Santis,Urbana,1:01.08,pdfs/Winter record book.pdf,68,2026-08-02T19:53:43Z,glm-5.2:cloud
Girls Swimming & Diving,100 Yard Backstroke,2011,3A-2A-1A,Chelsea Rossick,Middletown,1:03.30,pdfs/Winter record book.pdf,68,2026-08-02T19:53:43Z,glm-5.2:cloud
Girls Swimming & Diving,100 Yard Backstroke,2012,4A-3A,Kristina Li,Thomas Wootton,57.02,pdfs/Winter record book.pdf,68,2026-08-02T19:53:43Z,glm-5.2:cloud
Girls Swimming & Diving,100 Yard Backstroke,2012,3A-2A-1A,Chelsea Vanderweele,Northwood,59.70,pdfs/Winter record book.pdf,68,2026-08-02T19:53:43Z,glm-5.2:cloud
Girls Swimming & Diving,100 Yard Backstroke,2013,4A-3A,Natsumi Horikawa,Thomas Wootton,58.14,pdfs/Winter record book.pdf,68,2026-08-02T19:53:43Z,glm-5.2:cloud
Girls Swimming & Diving,100 Yard Backstroke,2013,3A-2A-1A,Madison Brown,Fallston,1:01.99,pdfs/Winter record book.pdf,68,2026-08-02T19:53:43Z,glm-5.2:cloud
Girls Swimming & Diving,100 Yard Backstroke,2014,4A-3A,Hannah Lindsey,Winston Churchill,56.42,pdfs/Winter record book.pdf,68,2026-08-02T19:53:43Z,glm-5.2:cloud
Girls Swimming & Diving,100 Yard Backstroke,2014,3A-2A-1A,Page Fox,Frederick,1:02.03,pdfs/Winter record book.pdf,68,2026-08-02T19:53:43Z,glm-5.2:cloud
Girls Swimming & Diving,100 Yard Backstroke,2015,4A-3A,Hannah Lindsey,Winston Churchill,56.19,pdfs/Winter record book.pdf,68,2026-08-02T19:53:43Z,glm-5.2:cloud
Girls Swimming & Diving,100 Yard Backstroke,2015,3A-2A-1A,Katarina Lechner,Poolesville,1:01.27,pdfs/Winter record book.pdf,68,2026-08-02T19:53:43Z,glm-5.2:cloud
Girls Swimming & Diving,100 Yard Backstroke,2016,4A-3A,Hannah Lindsey,Winston Churchill,55.08,pdfs/Winter record book.pdf,68,2026-08-02T19:53:43Z,glm-5.2:cloud
Girls Swimming & Diving,100 Yard Backstroke,2016,3A-2A-1A,Justine Wantz,Walkersville,59.26,pdfs/Winter record book.pdf,68,2026-08-02T19:53:43Z,glm-5.2:cloud
Girls Swimming & Diving,100 Yard Backstroke,2017,4A-3A,Katie Smith,Bethesda-Chevy Chase,55.77,pdfs/Winter record book.pdf,68,2026-08-02T19:53:43Z,glm-5.2:cloud
Girls Swimming & Diving,100 Yard Backstroke,2017,3A-2A-1A,Moshelle Borjigin,Poolesville,59.24,pdfs/Winter record book.pdf,68,2026-08-02T19:53:43Z,glm-5.2:cloud
Girls Swimming & Diving,100 Yard Backstroke,2018,4A-3A,Hannah Kannan,Montgomery Blair,55.21,pdfs/Winter record book.pdf,68,2026-08-02T19:53:43Z,glm-5.2:cloud
Girls Swimming & Diving,100 Yard Backstroke,2018,3A-2A-1A,Sydney Atkins,Huntingtown,58.05,pdfs/Winter record book.pdf,68,2026-08-02T19:53:43Z,glm-5.2:cloud
Girls Swimming & Diving,100 Yard Backstroke,2019,4A-3A,Sophia Ryan,Sherwood,56.66,pdfs/Winter record book.pdf,68,2026-08-02T19:53:43Z,glm-5.2:cloud
Girls Swimming & Diving,100 Yard Backstroke,2019,3A-2A-1A,Autumn Wang,Poolesville,1:01.03,pdfs/Winter record book.pdf,68,2026-08-02T19:53:43Z,glm-5.2:cloud
Girls Swimming & Diving,100 Yard Backstroke,2020,4A-3A,Samantha Smith,Bethesda-Chevy Chase,56.30,pdfs/Winter record book.pdf,68,2026-08-02T19:53:43Z,glm-5.2:cloud
Girls Swimming & Diving,100 Yard Backstroke,2020,3A-2A-1A,Elizabeth Pennington,Elkton,57.11,pdfs/Winter record book.pdf,68,2026-08-02T19:53:43Z,glm-5.2:cloud
Girls Swimming & Diving,100 Yard Backstroke,2022,4A-3A,Victoria Svensson,Walt Whitman,55.68,pdfs/Winter record book.pdf,68,2026-08-02T19:53:43Z,glm-5.2:cloud
Girls Swimming & Diving,100 Yard Backstroke,2022,3A-2A-1A,Addy Donnick,La Plata,53.68,pdfs/Winter record book.pdf,68,2026-08-02T19:53:43Z,glm-5.2:cloud
Girls Swimming & Diving,100 Yard Backstroke,2023,4A-3A,Virginia Hinds,Bethesda-Chevy Chase,54.02,pdfs/Winter record book.pdf,68,2026-08-02T19:53:43Z,glm-5.2:cloud
Girls Swimming & Diving,100 Yard Backstroke,2023,3A-2A-1A,Addy Donnick,La Plata,55.15,pdfs/Winter record book.pdf,68,2026-08-02T19:53:43Z,glm-5.2:cloud
Girls Swimming & Diving,100 Yard Backstroke,2024,4A-3A,Virginia Hinds,Bethesda-Chevy Chase,53.35,pdfs/Winter record book.pdf,68,2026-08-02T19:53:43Z,glm-5.2:cloud
Girls Swimming & Diving,100 Yard Backstroke,2024,3A-2A-1A,Addy Donnick,La Plata,56.55,pdfs/Winter record book.pdf,68,2026-08-02T19:53:43Z,glm-5.2:cloud
Girls Swimming & Diving,100 Yard Backstroke,2025,4A-3A,Virginia Hinds,Bethesda-Chevy Chase,53.32,pdfs/Winter record book.pdf,68,2026-08-02T19:53:43Z,glm-5.2:cloud
Girls Swimming & Diving,100 Yard Backstroke,2025,3A-2A-1A,Carly Damon,Northern-Cal,59.82,pdfs/Winter record book.pdf,68,2026-08-02T19:53:43Z,glm-5.2:cloud
Girls Swimming & Diving,100 Yard Breaststroke,2007,4A-3A,Stephanie Goldbeck,Eleanor Roosevelt,1:11.32,pdfs/Winter record book.pdf,68,2026-08-02T19:53:43Z,glm-5.2:cloud
Girls Swimming & Diving,100 Yard Breaststroke,2007,3A-2A-1A,Amber Meer,Easton,1:09.20,pdfs/Winter record book.pdf,68,2026-08-02T19:53:43Z,glm-5.2:cloud
Girls Swimming & Diving,100 Yard Breaststroke,2008,4A-3A,Brittany Culpepper,Leonardtown,1:10.02,pdfs/Winter record book.pdf,68,2026-08-02T19:53:43Z,glm-5.2:cloud
Girls Swimming & Diving,100 Yard Breaststroke,2008,3A-2A-1A,Christine Dunleavy,La Plata,1:10.07,pdfs/Winter record book.pdf,68,2026-08-02T19:53:43Z,glm-5.2:cloud
Girls Swimming & Diving,100 Yard Breaststroke,2009,4A-3A,Brittany Culpepper,Leonardtown,1:08.65,pdfs/Winter record book.pdf,68,2026-08-02T19:53:43Z,glm-5.2:cloud
Girls Swimming & Diving,100 Yard Breaststroke,2009,3A-2A-1A,Amber Meer,Easton,1:10.52,pdfs/Winter record book.pdf,68,2026-08-02T19:53:43Z,glm-5.2:cloud
Girls Swimming & Diving,100 Yard Breaststroke,2010,4A-3A,Margot Manning,Thomas Johnson,1:07.06,pdfs/Winter record book.pdf,68,2026-08-02T19:53:43Z,glm-5.2:cloud
Girls Swimming & Diving,100 Yard Breaststroke,2010,3A-2A-1A,Kelsey Lessard,Queen Anne's,1:12.86,pdfs/Winter record book.pdf,68,2026-08-02T19:53:43Z,glm-5.2:cloud
Girls Swimming & Diving,100 Yard Breaststroke,2011,4A-3A,Katie Parker,Severna Park,1:07.23,pdfs/Winter record book.pdf,68,2026-08-02T19:53:43Z,glm-5.2:cloud
Girls Swimming & Diving,100 Yard Breaststroke,2011,3A-2A-1A,Danielle Jackson,Fairmont Heights,1:11.56,pdfs/Winter record book.pdf,68,2026-08-02T19:53:43Z,glm-5.2:cloud
Girls Swimming & Diving,100 Yard Breaststroke,2012,4A-3A,Audrey Gould,Walt Whitman,1:06.48,pdfs/Winter record book.pdf,68,2026-08-02T19:53:43Z,glm-5.2:cloud
Girls Swimming & Diving,100 Yard Breaststroke,2012,3A-2A-1A,Diana Hanson,Poolesville,1:07.51,pdfs/Winter record book.pdf,68,2026-08-02T19:53:43Z,glm-5.2:cloud
Girls Swimming & Diving,100 Yard Breaststroke,2013,4A-3A,Audrey Gould,Walt Whitman,1:06.72,pdfs/Winter record book.pdf,68,2026-08-02T19:53:43Z,glm-5.2:cloud
Girls Swimming & Diving,100 Yard Breaststroke,2013,3A-2A-1A,Lauren O'Mara,C. Milton Wright,1:06.70,pdfs/Winter record book.pdf,68,2026-08-02T19:53:43Z,glm-5.2:cloud
Girls Swimming & Diving,100 Yard Breaststroke,2014,4A-3A,Katie Parker,Severna Park,1:05.67,pdfs/Winter record book.pdf,68,2026-08-02T19:53:43Z,glm-5.2:cloud
Girls Swimming & Diving,100 Yard Breaststroke,2014,3A-2A-1A,Lauren O'Mara,C. Milton Wright,1:07.49,pdfs/Winter record book.pdf,68,2026-08-02T19:53:43Z,glm-5.2:cloud
Girls Swimming & Diving,100 Yard Breaststroke,2015,4A-3A,Jaycee Yegher,Northwest,1:05.40,pdfs/Winter record book.pdf,68,2026-08-02T19:53:43Z,glm-5.2:cloud
Girls Swimming & Diving,100 Yard Breaststroke,2015,3A-2A-1A,Lauren O'Mara,C. Milton Wright,1:08.25,pdfs/Winter record book.pdf,68,2026-08-02T19:53:43Z,glm-5.2:cloud
Girls Swimming & Diving,100 Yard Breaststroke,2016,4A-3A,Jaycee Yegher,Northwest,1:02.74,pdfs/Winter record book.pdf,68,2026-08-02T19:53:43Z,glm-5.2:cloud
Girls Swimming & Diving,100 Yard Breaststroke,2016,3A-2A-1A,Eliza Manning,Gov. Thomas Johnson,1:04.45,pdfs/Winter record book.pdf,68,2026-08-02T19:53:43Z,glm-5.2:cloud
Girls Swimming & Diving,100 Yard Breaststroke,2017,4A-3A,Jaycee Yegher,Northwest,1:01.76,pdfs/Winter record book.pdf,68,2026-08-02T19:53:43Z,glm-5.2:cloud
Girls Swimming & Diving,100 Yard Breaststroke,2017,3A-2A-1A,McKenzie Hemingway,Queen Anne',1:07.67,pdfs/Winter record book.pdf,68,2026-08-02T19:53:43Z,glm-5.2:cloud
Girls Swimming & Diving,100 Yard Breaststroke,2018,4A-3A,Catherine Belyakov,Quince Orchard,1:03.86,pdfs/Winter record book.pdf,68,2026-08-02T19:53:43Z,glm-5.2:cloud
Girls Swimming & Diving,100 Yard Breaststroke,2018,3A-2A-1A,McKenzie Hemingway,Queen Anne's,1:06.26,pdfs/Winter record book.pdf,68,2026-08-02T19:53:43Z,glm-5.2:cloud
Girls Swimming & Diving,100 Yard Breaststroke,2019,4A-3A,Catherine Belyakov,Quince Orchard,1:02.71,pdfs/Winter record book.pdf,68,2026-08-02T19:53:43Z,glm-5.2:cloud
Girls Swimming & Diving,100 Yard Breaststroke,2019,3A-2A-1A,McKenzie Hemingway,Queen Anne's,1:05.06,pdfs/Winter record book.pdf,68,2026-08-02T19:53:43Z,glm-5.2:cloud
Girls Swimming & Diving,100 Yard Breaststroke,2020,4A-3A,Catherine Belyakov,Quince Orchard,1:02.10,pdfs/Winter record book.pdf,68,2026-08-02T19:53:43Z,glm-5.2:cloud
Girls Swimming & Diving,100 Yard Breaststroke,2020,3A-2A-1A,McKenzie Hemingway,Queen Anne's,1:04.98,pdfs/Winter record book.pdf,68,2026-08-02T19:53:43Z,glm-5.2:cloud
Girls Swimming & Diving,100 Yard Breaststroke,2022,4A-3A,Hanna Bingley,Walter Johnson,1:03.41,pdfs/Winter record book.pdf,68,2026-08-02T19:53:43Z,glm-5.2:cloud
Girls Swimming & Diving,100 Yard Breaststroke,2022,3A-2A-1A,Heidi Tomlin,Middletown,1:07.22,pdfs/Winter record book.pdf,68,2026-08-02T19:53:43Z,glm-5.2:cloud
Girls Swimming & Diving,100 Yard Breaststroke,2023,4A-3A,Sienna Karp,,1:01.54,pdfs/Winter record book.pdf,68,2026-08-02T19:53:43Z,glm-5.2:cloud
Girls Swimming & Diving,100 Yard Breaststroke,2023,3A-2A-1A,Anna Li,Poolesville,1:04.50,pdfs/Winter record book.pdf,68,2026-08-02T19:53:43Z,glm-5.2:cloud
Girls Swimming & Diving,100 Yard Breaststroke,2024,4A-3A,Isla Bartholomew,Walter Johnson,1:04.08,pdfs/Winter record book.pdf,68,2026-08-02T19:53:43Z,glm-5.2:cloud
Girls Swimming & Diving,100 Yard Breaststroke,2024,3A-2A-1A,Viona Sunjaya,Damascus,1:04.09,pdfs/Winter record book.pdf,68,2026-08-02T19:53:43Z,glm-5.2:cloud
Girls Swimming & Diving,100 Yard Breaststroke,2025,4A-3A,Catherine Bu,Winston Churchill,1:03.16,pdfs/Winter record book.pdf,68,2026-08-02T19:53:43Z,glm-5.2:cloud
Girls Swimming & Diving,100 Yard Breaststroke,2025,3A-2A-1A,Viona Sunjaya,Damascus,1:03.69,pdfs/Winter record book.pdf,68,2026-08-02T19:53:43Z,glm-5.2:cloud
Boys Swimming & Diving,200 Yard Medley Relay,2007,4A-3A,,Fallston,1:45.14,pdfs/Winter record book.pdf,74,2026-08-02T19:55:10Z,glm-5.2:cloud
Boys Swimming & Diving,200 Yard Medley Relay,2007,3A-2A-1A,,Huntingtown,1:46.99,pdfs/Winter record book.pdf,74,2026-08-02T19:55:10Z,glm-5.2:cloud
Boys Swimming & Diving,200 Yard Medley Relay,2008,4A-3A,,Huntingtown,1:43.90,pdfs/Winter record book.pdf,74,2026-08-02T19:55:10Z,glm-5.2:cloud
Boys Swimming & Diving,200 Yard Medley Relay,2008,3A-2A-1A,,Fallston,1:47.75,pdfs/Winter record book.pdf,74,2026-08-02T19:55:10Z,glm-5.2:cloud
Boys Swimming & Diving,200 Yard Medley Relay,2009,4A-3A,,Broadneck,1:44.61,pdfs/Winter record book.pdf,74,2026-08-02T19:55:10Z,glm-5.2:cloud
Boys Swimming & Diving,200 Yard Medley Relay,2009,3A-2A-1A,,Easton,1:47.23,pdfs/Winter record book.pdf,74,2026-08-02T19:55:10Z,glm-5.2:cloud
Boys Swimming & Diving,200 Yard Medley Relay,2010,4A-3A,,Annapolis,1:46.08,pdfs/Winter record book.pdf,74,2026-08-02T19:55:10Z,glm-5.2:cloud
Boys Swimming & Diving,200 Yard Medley Relay,2010,3A-2A-1A,,Frederick,1:46.14,pdfs/Winter record book.pdf,74,2026-08-02T19:55:10Z,glm-5.2:cloud
Boys Swimming & Diving,200 Yard Medley Relay,2011,4A-3A,,Severna Park,1:42.81,pdfs/Winter record book.pdf,74,2026-08-02T19:55:10Z,glm-5.2:cloud
Boys Swimming & Diving,200 Yard Medley Relay,2011,3A-2A-1A,,Stephen Decatur,1:45.10,pdfs/Winter record book.pdf,74,2026-08-02T19:55:10Z,glm-5.2:cloud
Boys Swimming & Diving,200 Yard Medley Relay,2012,4A-3A,,Thomas Wootton,1:39.02,pdfs/Winter record book.pdf,74,2026-08-02T19:55:10Z,glm-5.2:cloud
Boys Swimming & Diving,200 Yard Medley Relay,2012,3A-2A-1A,,Oakdale,1:44.55,pdfs/Winter record book.pdf,74,2026-08-02T19:55:10Z,glm-5.2:cloud
Boys Swimming & Diving,200 Yard Medley Relay,2013,4A-3A,,Quince Orchard,1:37.94,pdfs/Winter record book.pdf,74,2026-08-02T19:55:10Z,glm-5.2:cloud
Boys Swimming & Diving,200 Yard Medley Relay,2013,3A-2A-1A,,Poolesville,1:44.93,pdfs/Winter record book.pdf,74,2026-08-02T19:55:10Z,glm-5.2:cloud
Boys Swimming & Diving,200 Yard Medley Relay,2014,4A-3A,,Richard Montgomery,1:38.20,pdfs/Winter record book.pdf,74,2026-08-02T19:55:10Z,glm-5.2:cloud
Boys Swimming & Diving,200 Yard Medley Relay,2014,3A-2A-1A,,Poolesville,1:43.55,pdfs/Winter record book.pdf,74,2026-08-02T19:55:10Z,glm-5.2:cloud
Boys Swimming & Diving,200 Yard Medley Relay,2015,4A-3A,,Richard Montgomery,1:38.08,pdfs/Winter record book.pdf,74,2026-08-02T19:55:10Z,glm-5.2:cloud
Boys Swimming & Diving,200 Yard Medley Relay,2015,3A-2A-1A,,Poolesville,1:44.40,pdfs/Winter record book.pdf,74,2026-08-02T19:55:10Z,glm-5.2:cloud
Boys Swimming & Diving,200 Yard Medley Relay,2016,4A-3A,,Richard Montgomery,1:34.57,pdfs/Winter record book.pdf,74,2026-08-02T19:55:10Z,glm-5.2:cloud
Boys Swimming & Diving,200 Yard Medley Relay,2016,3A-2A-1A,,Rockville,1:39.53,pdfs/Winter record book.pdf,74,2026-08-02T19:55:10Z,glm-5.2:cloud
Boys Swimming & Diving,200 Yard Medley Relay,2017,4A-3A,,Richard Montgomery,1:35.35,pdfs/Winter record book.pdf,74,2026-08-02T19:55:10Z,glm-5.2:cloud
Boys Swimming & Diving,200 Yard Medley Relay,2017,3A-2A-1A,,Poolesville,1:39.27,pdfs/Winter record book.pdf,74,2026-08-02T19:55:10Z,glm-5.2:cloud
Boys Swimming & Diving,200 Yard Medley Relay,2018,4A-3A,,Quince Orchard,1:35.12,pdfs/Winter record book.pdf,74,2026-08-02T19:55:10Z,glm-5.2:cloud
Boys Swimming & Diving,200 Yard Medley Relay,2018,3A-2A-1A,,Poolesville,1:41.04,pdfs/Winter record book.pdf,74,2026-08-02T19:55:10Z,glm-5.2:cloud
Boys Swimming & Diving,200 Yard Medley Relay,2019,4A-3A,,Richard Montgomery,1:35.33,pdfs/Winter record book.pdf,74,2026-08-02T19:55:10Z,glm-5.2:cloud
Boys Swimming & Diving,200 Yard Medley Relay,2019,3A-2A-1A,,Poolesville,1:40.16,pdfs/Winter record book.pdf,74,2026-08-02T19:55:10Z,glm-5.2:cloud
Boys Swimming & Diving,200 Yard Medley Relay,2020,4A-3A,,Winston Churchill,1:33.51,pdfs/Winter record book.pdf,74,2026-08-02T19:55:10Z,glm-5.2:cloud
Boys Swimming & Diving,200 Yard Medley Relay,2020,3A-2A-1A,,Poolesville,1:37.30,pdfs/Winter record book.pdf,74,2026-08-02T19:55:10Z,glm-5.2:cloud
Boys Swimming & Diving,200 Yard Medley Relay,2022,4A-3A,B. Conway & M. Eskin & K. Lawson & Z. Owen,Walt Whitman,1:32.18,pdfs/Winter record book.pdf,74,2026-08-02T19:55:10Z,glm-5.2:cloud
Boys Swimming & Diving,200 Yard Medley Relay,2022,3A-2A-1A,A. Hancu & B. Nachod & M. Chen & K. Chen,Poolesville,1:35.65,pdfs/Winter record book.pdf,74,2026-08-02T19:55:10Z,glm-5.2:cloud
Boys Swimming & Diving,200 Yard Medley Relay,2023,4A-3A,B. Conway & M. Eskin & K. Lawson & C. Boucree,Walt Whitman,1:32.81,pdfs/Winter record book.pdf,74,2026-08-02T19:55:10Z,glm-5.2:cloud
Boys Swimming & Diving,200 Yard Medley Relay,2023,3A-2A-1A,B. Barnett & E. Pak & T. Barnett & L. Ament,Rockville,1:36.57,pdfs/Winter record book.pdf,74,2026-08-02T19:55:10Z,glm-5.2:cloud
Boys Swimming & Diving,200 Yard Medley Relay,2024,4A-3A,C. Begin & M. Devinney & M. Kaiser & J. Ginsburg,Winston Churchill,1:35.06,pdfs/Winter record book.pdf,74,2026-08-02T19:55:10Z,glm-5.2:cloud
Boys Swimming & Diving,200 Yard Medley Relay,2024,3A-2A-1A,B. Barnett & L. Ament & D. Akslioglu & M. Henry,Rockville,1:36.61,pdfs/Winter record book.pdf,74,2026-08-02T19:55:10Z,glm-5.2:cloud
Boys Swimming & Diving,200 Yard Medley Relay,2025,4A-3A,O. Friedman & L. Dionne & N. Potter & R. Mukoyama,Walter Johnson,1:33.36,pdfs/Winter record book.pdf,74,2026-08-02T19:55:10Z,glm-5.2:cloud
Boys Swimming & Diving,200 Yard Medley Relay,2025,3A-2A-1A,C. Iavarone-Garza & E. Qian & I. Soles & E. Ferrara,Poolesville,1:37.91,pdfs/Winter record book.pdf,74,2026-08-02T19:55:10Z,glm-5.2:cloud
Boys Swimming & Diving,200 Yard Freestyle,2007,4A-3A,Justin Vagts,South River,1:45.89,pdfs/Winter record book.pdf,74,2026-08-02T19:55:10Z,glm-5.2:cloud
Boys Swimming & Diving,200 Yard Freestyle,2007,3A-2A-1A,Michael Gray,Northern-Calvert,1:52.59,pdfs/Winter record book.pdf,74,2026-08-02T19:55:10Z,glm-5.2:cloud
Boys Swimming & Diving,200 Yard Freestyle,2008,4A-3A,Justin Vagts,South River,1:46.59,pdfs/Winter record book.pdf,74,2026-08-02T19:55:10Z,glm-5.2:cloud
Boys Swimming & Diving,200 Yard Freestyle,2008,3A-2A-1A,Paul Zoli,Fallston,1:52.41,pdfs/Winter record book.pdf,74,2026-08-02T19:55:10Z,glm-5.2:cloud
Boys Swimming & Diving,200 Yard Freestyle,2009,4A-3A,Justin Vagts,South River,1:47.12,pdfs/Winter record book.pdf,74,2026-08-02T19:55:10Z,glm-5.2:cloud
Boys Swimming & Diving,200 Yard Freestyle,2009,3A-2A-1A,Dylan Howell,Fallston,1:51.07,pdfs/Winter record book.pdf,74,2026-08-02T19:55:10Z,glm-5.2:cloud
Boys Swimming & Diving,200 Yard Freestyle,2010,4A-3A,Kyle DeVore,South River,1:52.7,pdfs/Winter record book.pdf,74,2026-08-02T19:55:10Z,glm-5.2:cloud
Boys Swimming & Diving,200 Yard Freestyle,2010,3A-2A-1A,Jake Carlsen,Frederick,1:48.32,pdfs/Winter record book.pdf,74,2026-08-02T19:55:10Z,glm-5.2:cloud
Boys Swimming & Diving,200 Yard Freestyle,2011,4A-3A,James Robichaud,Broadneck,1:45.90,pdfs/Winter record book.pdf,74,2026-08-02T19:55:10Z,glm-5.2:cloud
Boys Swimming & Diving,200 Yard Freestyle,2011,3A-2A-1A,Matthew Walchuck,Middletown,1:52.29,pdfs/Winter record book.pdf,74,2026-08-02T19:55:10Z,glm-5.2:cloud
Boys Swimming & Diving,200 Yard Freestyle,2012,4A-3A,Graham Baird,Bethesda-Chevy Chase,1:43.01,pdfs/Winter record book.pdf,74,2026-08-02T19:55:10Z,glm-5.2:cloud
Boys Swimming & Diving,200 Yard Freestyle,2012,3A-2A-1A,Austin Moore,Northwood,1:48.50,pdfs/Winter record book.pdf,74,2026-08-02T19:55:10Z,glm-5.2:cloud
Boys Swimming & Diving,200 Yard Freestyle,2013,4A-3A,Ben Lawless,Northern-Calvert,1:40.59,pdfs/Winter record book.pdf,74,2026-08-02T19:55:10Z,glm-5.2:cloud
Boys Swimming & Diving,200 Yard Freestyle,2013,3A-2A-1A,Griffin Alaniz,Rockville,1:48.48,pdfs/Winter record book.pdf,74,2026-08-02T19:55:10Z,glm-5.2:cloud
Boys Swimming & Diving,200 Yard Freestyle,2014,4A-3A,Mike Sullivan,Walt Whitman,1:42.76,pdfs/Winter record book.pdf,74,2026-08-02T19:55:10Z,glm-5.2:cloud
Boys Swimming & Diving,200 Yard Freestyle,2014,3A-2A-1A,Ben Lawless,Northern-Calvert,1:39.40,pdfs/Winter record book.pdf,74,2026-08-02T19:55:10Z,glm-5.2:cloud
Boys Swimming & Diving,200 Yard Freestyle,2015,4A-3A,Mike Sullivan,Walt Whitman,1:42.31,pdfs/Winter record book.pdf,74,2026-08-02T19:55:10Z,glm-5.2:cloud
Boys Swimming & Diving,200 Yard Freestyle,2015,3A-2A-1A,John Pressly,Middletown,1:47.48,pdfs/Winter record book.pdf,74,2026-08-02T19:55:10Z,glm-5.2:cloud
Boys Swimming & Diving,200 Yard Freestyle,2016,4A-3A,Zachary Einhorn,Winston Churchill,1:42.91,pdfs/Winter record book.pdf,74,2026-08-02T19:55:10Z,glm-5.2:cloud
Boys Swimming & Diving,200 Yard Freestyle,2016,3A-2A-1A,John Pressly,Middletown,1:44.91,pdfs/Winter record book.pdf,74,2026-08-02T19:55:10Z,glm-5.2:cloud
Boys Swimming & Diving,200 Yard Freestyle,2017,4A-3A,Alex Li,Thomas Wootton,1:42.07,pdfs/Winter record book.pdf,74,2026-08-02T19:55:10Z,glm-5.2:cloud
Boys Swimming & Diving,200 Yard Freestyle,2017,3A-2A-1A,Justin Kim,Poolesville,1:43.42,pdfs/Winter record book.pdf,74,2026-08-02T19:55:10Z,glm-5.2:cloud
Boys Swimming & Diving,200 Yard Freestyle,2018,4A-3A,Alex Colson,Wheaton,1:41.03,pdfs/Winter record book.pdf,74,2026-08-02T19:55:10Z,glm-5.2:cloud
Boys Swimming & Diving,200 Yard Freestyle,2018,3A-2A-1A,Conor Vienneau,La Plata,1:44.30,pdfs/Winter record book.pdf,74,2026-08-02T19:55:10Z,glm-5.2:cloud
Boys Swimming & Diving,200 Yard Freestyle,2019,4A-3A,Alex Colson,Wheaton,1:39.72,pdfs/Winter record book.pdf,74,2026-08-02T19:55:10Z,glm-5.2:cloud
Boys Swimming & Diving,200 Yard Freestyle,2019,3A-2A-1A,Cody Kim,Damascus,1:44.04,pdfs/Winter record book.pdf,74,2026-08-02T19:55:10Z,glm-5.2:cloud
Boys Swimming & Diving,200 Yard Freestyle,2020,4A-3A,Everett Oehler,Richard Montgomery,1:41.51,pdfs/Winter record book.pdf,74,2026-08-02T19:55:10Z,glm-5.2:cloud
Boys Swimming & Diving,200 Yard Freestyle,2020,3A-2A-1A,Nic Santorelli,Damascus,1:42.73,pdfs/Winter record book.pdf,74,2026-08-02T19:55:10Z,glm-5.2:cloud
Boys Swimming & Diving,200 Yard Freestyle,2022,4A-3A,Everett Oehler,Richard Montgomery,1:38.04,pdfs/Winter record book.pdf,74,2026-08-02T19:55:10Z,glm-5.2:cloud
Boys Swimming & Diving,200 Yard Freestyle,2022,3A-2A-1A,Theodore Ament,Rockville,1:42.52,pdfs/Winter record book.pdf,74,2026-08-02T19:55:10Z,glm-5.2:cloud
Boys Swimming & Diving,200 Yard Freestyle,2023,4A-3A,Kyle Wang,Winston Churchill,1:40.66,pdfs/Winter record book.pdf,74,2026-08-02T19:55:10Z,glm-5.2:cloud
Boys Swimming & Diving,200 Yard Freestyle,2023,3A-2A-1A,Brig Barnett,Rockville,1:43.18,pdfs/Winter record book.pdf,74,2026-08-02T19:55:10Z,glm-5.2:cloud
Boys Swimming & Diving,200 Yard Freestyle,2024,4A-3A,Kyla Wang,Winston Churchill,1:39.93,pdfs/Winter record book.pdf,74,2026-08-02T19:55:10Z,glm-5.2:cloud
Boys Swimming & Diving,200 Yard Freestyle,2024,3A-2A-1A,Brig Barnett,Rockville,1:42.55,pdfs/Winter record book.pdf,74,2026-08-02T19:55:10Z,glm-5.2:cloud
Boys Swimming & Diving,200 Yard Freestyle,2025,4A-3A,Misha Kojanov,Montgomery Blair,1:37.85,pdfs/Winter record book.pdf,74,2026-08-02T19:55:10Z,glm-5.2:cloud
Boys Swimming & Diving,200 Yard Freestyle,2025,3A-2A-1A,Brig Barnett,Rockville,1:42.16,pdfs/Winter record book.pdf,74,2026-08-02T19:55:10Z,glm-5.2:cloud
Boys Swimming & Diving,200 Yard Individual Medley,2007,4A-3A,Charlie Melesh,Annapolis,2:03.14,pdfs/Winter record book.pdf,74,2026-08-02T19:55:10Z,glm-5.2:cloud
Boys Swimming & Diving,200 Yard Individual Medley,2007,3A-2A-1A,Andrew Seebode,Easton,2:06.33,pdfs/Winter record book.pdf,74,2026-08-02T19:55:10Z,glm-5.2:cloud
Boys Swimming & Diving,200 Yard Individual Medley,2008,4A-3A,Tim Deklau,Arundel,2:00.53,pdfs/Winter record book.pdf,74,2026-08-02T19:55:10Z,glm-5.2:cloud
Boys Swimming & Diving,200 Yard Individual Medley,2008,3A-2A-1A,Wade Boarman,Kent Island,2:04.08,pdfs/Winter record book.pdf,74,2026-08-02T19:55:10Z,glm-5.2:cloud
Boys Swimming & Diving,200 Yard Individual Medley,2009,4A-3A,James Robichaud,Broadneck,2:03.43,pdfs/Winter record book.pdf,74,2026-08-02T19:55:10Z,glm-5.2:cloud
Boys Swimming & Diving,200 Yard Individual Medley,2009,3A-2A-1A,Paul Zoli,Fallston,2:05.53,pdfs/Winter record book.pdf,74,2026-08-02T19:55:10Z,glm-5.2:cloud
Boys Swimming & Diving,200 Yard Individual Medley,2010,4A-3A,Charlie Melesh,Annapolis,1:57.41,pdfs/Winter record book.pdf,74,2026-08-02T19:55:10Z,glm-5.2:cloud
Boys Swimming & Diving,200 Yard Individual Medley,2010,3A-2A-1A,Kent Southern,Walkersville,2:06.01,pdfs/Winter record book.pdf,74,2026-08-02T19:55:10Z,glm-5.2:cloud
Boys Swimming & Diving,200 Yard Individual Medley,2011,4A-3A,Michael Seaberg,South River,1:58.97,pdfs/Winter record book.pdf,74,2026-08-02T19:55:10Z,glm-5.2:cloud
Boys Swimming & Diving,200 Yard Individual Medley,2011,3A-2A-1A,Brandon Carestia,Harford Technical,2:05.44,pdfs/Winter record book.pdf,74,2026-08-02T19:55:10Z,glm-5.2:cloud
Boys Swimming & Diving,200 Yard Individual Medley,2012,4A-3A,Tyler Pham,Gaithersburg,1:56.41,pdfs/Winter record book.pdf,74,2026-08-02T19:55:10Z,glm-5.2:cloud
Boys Swimming & Diving,200 Yard Individual Medley,2012,3A-2A-1A,Brandon Carestia,Harford Technical,1:59.78,pdfs/Winter record book.pdf,74,2026-08-02T19:55:10Z,glm-5.2:cloud
Boys Swimming & Diving,200 Yard Individual Medley,2013,4A-3A,Jack Foster,Montgomery Blair,1:53.16,pdfs/Winter record book.pdf,74,2026-08-02T19:55:10Z,glm-5.2:cloud
Boys Swimming & Diving,200 Yard Individual Medley,2013,3A-2A-1A,Alex Lin,Poolesville,2:01.55,pdfs/Winter record book.pdf,74,2026-08-02T19:55:10Z,glm-5.2:cloud
Boys Swimming & Diving,200 Yard Individual Medley,2014,4A-3A,Rory Lewis,Albert Einstein,1:53.86,pdfs/Winter record book.pdf,74,2026-08-02T19:55:10Z,glm-5.2:cloud
Boys Swimming & Diving,200 Yard Individual Medley,2014,3A-2A-1A,Ryan O'Leary,Damascus,1:59.87,pdfs/Winter record book.pdf,74,2026-08-02T19:55:10Z,glm-5.2:cloud
Boys Swimming & Diving,200 Yard Individual Medley,2015,4A-3A,Rory Lewis,Albert Einstein,1:53.10,pdfs/Winter record book.pdf,74,2026-08-02T19:55:10Z,glm-5.2:cloud
Boys Swimming & Diving,200 Yard Individual Medley,2015,3A-2A-1A,Kevin Lin,Urbana,1:57.67,pdfs/Winter record book.pdf,74,2026-08-02T19:55:10Z,glm-5.2:cloud
Boys Swimming & Diving,200 Yard Individual Medley,2016,4A-3A,Bouke Edskes,Richard Montgomery,1:52.73,pdfs/Winter record book.pdf,74,2026-08-02T19:55:10Z,glm-5.2:cloud
Boys Swimming & Diving,200 Yard Individual Medley,2016,3A-2A-1A,Ryan O'Leary,Damascus,1:55.20,pdfs/Winter record book.pdf,74,2026-08-02T19:55:10Z,glm-5.2:cloud
Boys Swimming & Diving,200 Yard Individual Medley,2017,4A-3A,Timmy Ellett,Walter Johnson,1:52.61,pdfs/Winter record book.pdf,74,2026-08-02T19:55:10Z,glm-5.2:cloud
Boys Swimming & Diving,200 Yard Individual Medley,2017,3A-2A-1A,Remington Oland,Catoctin,1:54.20,pdfs/Winter record book.pdf,74,2026-08-02T19:55:10Z,glm-5.2:cloud
Boys Swimming & Diving,200 Yard Individual Medley,2018,4A-3A,Timmy Ellett,Walter Johnson,1:52.11,pdfs/Winter record book.pdf,74,2026-08-02T19:55:10Z,glm-5.2:cloud
Boys Swimming & Diving,200 Yard Individual Medley,2018,3A-2A-1A,Mason Young,Harford Technical,1:54.59,pdfs/Winter record book.pdf,74,2026-08-02T19:55:10Z,glm-5.2:cloud
Boys Swimming & Diving,200 Yard Individual Medley,2019,4A-3A,Timmy Ellett,Walter Johnson,1:49.02,pdfs/Winter record book.pdf,75,2026-08-02T19:56:10Z,glm-5.2:cloud
Boys Swimming & Diving,200 Yard Individual Medley,2019,3A-2A-1A,Maxwell Chen,Poolesville,1:57.85,pdfs/Winter record book.pdf,75,2026-08-02T19:56:10Z,glm-5.2:cloud
Boys Swimming & Diving,200 Yard Individual Medley,2020,4A-3A,Noah Rutberg,Winston Churchill,1:50.90,pdfs/Winter record book.pdf,75,2026-08-02T19:56:10Z,glm-5.2:cloud
Boys Swimming & Diving,200 Yard Individual Medley,2020,3A-2A-1A,Toby Barnett,Rockville,1:54.30,pdfs/Winter record book.pdf,75,2026-08-02T19:56:10Z,glm-5.2:cloud
Boys Swimming & Diving,200 Yard Individual Medley,2022,4A-3A,Zak Owen,Walt Whitman,1:50.42,pdfs/Winter record book.pdf,75,2026-08-02T19:56:10Z,glm-5.2:cloud
Boys Swimming & Diving,200 Yard Individual Medley,2022,3A-2A-1A,Toby Barnett,Rockville,1:47.15,pdfs/Winter record book.pdf,75,2026-08-02T19:56:10Z,glm-5.2:cloud
Boys Swimming & Diving,200 Yard Individual Medley,2023,4A-3A,Evan Mackesy,Col. Zadok Magruder,1:49.70,pdfs/Winter record book.pdf,75,2026-08-02T19:56:10Z,glm-5.2:cloud
Boys Swimming & Diving,200 Yard Individual Medley,2023,3A-2A-1A,Linus Ament,Rockville,1:56.90,pdfs/Winter record book.pdf,75,2026-08-02T19:56:10Z,glm-5.2:cloud
Boys Swimming & Diving,200 Yard Individual Medley,2024,4A-3A,Elliot Lee,Richard Montgomery,1:47.26,pdfs/Winter record book.pdf,75,2026-08-02T19:56:10Z,glm-5.2:cloud
Boys Swimming & Diving,200 Yard Individual Medley,2024,3A-2A-1A,Linus Ament,Rockville,1:53.03,pdfs/Winter record book.pdf,75,2026-08-02T19:56:10Z,glm-5.2:cloud
Boys Swimming & Diving,200 Yard Individual Medley,2025,4A-3A,Luc Dionne,Walter Johnson,1:50.25,pdfs/Winter record book.pdf,75,2026-08-02T19:56:10Z,glm-5.2:cloud
Boys Swimming & Diving,200 Yard Individual Medley,2025,3A-2A-1A,Deren Akselioglu,Rockville,1:56.14,pdfs/Winter record book.pdf,75,2026-08-02T19:56:10Z,glm-5.2:cloud
Boys Swimming & Diving,50 Yard Freestyle,2007,4A-3A,Jack Gottschalk,Fallston,22.96,pdfs/Winter record book.pdf,75,2026-08-02T19:56:10Z,glm-5.2:cloud
Boys Swimming & Diving,50 Yard Freestyle,2007,3A-2A-1A,Michael Gray,Northern-Calvert,22.21,pdfs/Winter record book.pdf,75,2026-08-02T19:56:10Z,glm-5.2:cloud
Boys Swimming & Diving,50 Yard Freestyle,2008,4A-3A,Doug McWhorter,Broadneck,22.35,pdfs/Winter record book.pdf,75,2026-08-02T19:56:10Z,glm-5.2:cloud
Boys Swimming & Diving,50 Yard Freestyle,2008,3A-2A-1A,Jack Gottschalk,Fallston,22.35,pdfs/Winter record book.pdf,75,2026-08-02T19:56:10Z,glm-5.2:cloud
Boys Swimming & Diving,50 Yard Freestyle,2009,4A-3A,Doug McWhorter,Broadneck,22.25,pdfs/Winter record book.pdf,75,2026-08-02T19:56:10Z,glm-5.2:cloud
Boys Swimming & Diving,50 Yard Freestyle,2009,3A-2A-1A,Wade Boarman,Kent Island,21.45,pdfs/Winter record book.pdf,75,2026-08-02T19:56:10Z,glm-5.2:cloud
Boys Swimming & Diving,50 Yard Freestyle,2010,4A-3A,Trevor Doll,Old Mill,22.33,pdfs/Winter record book.pdf,75,2026-08-02T19:56:10Z,glm-5.2:cloud
Boys Swimming & Diving,50 Yard Freestyle,2010,3A-2A-1A,Will Parker,Frederick,21.99,pdfs/Winter record book.pdf,75,2026-08-02T19:56:10Z,glm-5.2:cloud
Boys Swimming & Diving,50 Yard Freestyle,2011,4A-3A,Trevor Doll,Old Mill,22.08,pdfs/Winter record book.pdf,75,2026-08-02T19:56:10Z,glm-5.2:cloud
Boys Swimming & Diving,50 Yard Freestyle,2011,3A-2A-1A,Jake Blazer,Stephen Decatur,23.09,pdfs/Winter record book.pdf,75,2026-08-02T19:56:10Z,glm-5.2:cloud
Boys Swimming & Diving,50 Yard Freestyle,2012,4A-3A,Barry Mangold,Walter Johnson,21.60,pdfs/Winter record book.pdf,75,2026-08-02T19:56:10Z,glm-5.2:cloud
Boys Swimming & Diving,50 Yard Freestyle,2012,3A-2A-1A,Zachary Lilley,Middletown,22.48,pdfs/Winter record book.pdf,75,2026-08-02T19:56:10Z,glm-5.2:cloud
Boys Swimming & Diving,50 Yard Freestyle,2013,4A-3A,Barry Mangold,Walter Johnson,21.33,pdfs/Winter record book.pdf,75,2026-08-02T19:56:10Z,glm-5.2:cloud
Boys Swimming & Diving,50 Yard Freestyle,2013,3A-2A-1A,Xavier Laracuente,Pooleville,22.12,pdfs/Winter record book.pdf,75,2026-08-02T19:56:10Z,glm-5.2:cloud
Boys Swimming & Diving,50 Yard Freestyle,2014,4A-3A,Jean-Marc Nugent,Walter Johnson,21.60,pdfs/Winter record book.pdf,75,2026-08-02T19:56:10Z,glm-5.2:cloud
Boys Swimming & Diving,50 Yard Freestyle,2014,3A-2A-1A,Xavier Laracuente,Pooleville,21.84,pdfs/Winter record book.pdf,75,2026-08-02T19:56:10Z,glm-5.2:cloud
Boys Swimming & Diving,50 Yard Freestyle,2015,4A-3A,Brandon Cu,Gaithersburg,21.81,pdfs/Winter record book.pdf,75,2026-08-02T19:56:10Z,glm-5.2:cloud
Boys Swimming & Diving,50 Yard Freestyle,2015,3A-2A-1A,Joshua Brown,Queen Anne's,22.06,pdfs/Winter record book.pdf,75,2026-08-02T19:56:10Z,glm-5.2:cloud
Boys Swimming & Diving,50 Yard Freestyle,2016,4A-3A,Matthew Essing,North Point,21.15,pdfs/Winter record book.pdf,75,2026-08-02T19:56:10Z,glm-5.2:cloud
Boys Swimming & Diving,50 Yard Freestyle,2016,3A-2A-1A,Gregory Gordon,Huntingtown,21.65,pdfs/Winter record book.pdf,75,2026-08-02T19:56:10Z,glm-5.2:cloud
Boys Swimming & Diving,50 Yard Freestyle,2017,4A-3A,Kenny Afolabi-Brown,Richard Montgomery,21.45,pdfs/Winter record book.pdf,75,2026-08-02T19:56:10Z,glm-5.2:cloud
Boys Swimming & Diving,50 Yard Freestyle,2017,3A-2A-1A,Tucker Young,Harford Technical,21.48,pdfs/Winter record book.pdf,75,2026-08-02T19:56:10Z,glm-5.2:cloud
Boys Swimming & Diving,50 Yard Freestyle,2018,4A-3A,Ryan Baldino,C. Milton Wright,21.21,pdfs/Winter record book.pdf,75,2026-08-02T19:56:10Z,glm-5.2:cloud
Boys Swimming & Diving,50 Yard Freestyle,2018,3A-2A-1A,Tucker Young,Harford Technical,21.30,pdfs/Winter record book.pdf,75,2026-08-02T19:56:10Z,glm-5.2:cloud
Boys Swimming & Diving,50 Yard Freestyle,2019,4A-3A,Steven Mendley,Winston Churchill,20.98,pdfs/Winter record book.pdf,75,2026-08-02T19:56:10Z,glm-5.2:cloud
Boys Swimming & Diving,50 Yard Freestyle,2019,3A-2A-1A,Alan Nguyen,Patterson Mill,22.09,pdfs/Winter record book.pdf,75,2026-08-02T19:56:10Z,glm-5.2:cloud
Boys Swimming & Diving,50 Yard Freestyle,2020,4A-3A,Alec Cooper,Walt Whitman,21.13,pdfs/Winter record book.pdf,75,2026-08-02T19:56:10Z,glm-5.2:cloud
Boys Swimming & Diving,50 Yard Freestyle,2020,3A-2A-1A,Kenny Song,Poolesville,21.76,pdfs/Winter record book.pdf,75,2026-08-02T19:56:10Z,glm-5.2:cloud
Boys Swimming & Diving,50 Yard Freestyle,2022,4A-3A,Kris Lawson,Walt Whitman,20.55,pdfs/Winter record book.pdf,75,2026-08-02T19:56:10Z,glm-5.2:cloud
Boys Swimming & Diving,50 Yard Freestyle,2022,3A-2A-1A,Taj Benton,Baltimore City College,20.81,pdfs/Winter record book.pdf,75,2026-08-02T19:56:10Z,glm-5.2:cloud
Boys Swimming & Diving,50 Yard Freestyle,2023,4A-3A,Kris Lawson,Walt Whitman,20.97,pdfs/Winter record book.pdf,75,2026-08-02T19:56:10Z,glm-5.2:cloud
Boys Swimming & Diving,50 Yard Freestyle,2023,3A-2A-1A,Gavin Abelende,La Plata,21.19,pdfs/Winter record book.pdf,75,2026-08-02T19:56:10Z,glm-5.2:cloud
Boys Swimming & Diving,50 Yard Freestyle,2024,4A-3A,Nasim Elkassem,Winston Churchill,20.54,pdfs/Winter record book.pdf,75,2026-08-02T19:56:10Z,glm-5.2:cloud
Boys Swimming & Diving,50 Yard Freestyle,2024,3A-2A-1A,Gavin Abelende,La Plata,20.79,pdfs/Winter record book.pdf,75,2026-08-02T19:56:10Z,glm-5.2:cloud
Boys Swimming & Diving,50 Yard Freestyle,2025,4A-3A,Tyler Coapstick,Thomas S. Wootton,20.67,pdfs/Winter record book.pdf,75,2026-08-02T19:56:10Z,glm-5.2:cloud
Boys Swimming & Diving,50 Yard Freestyle,2025,3A-2A-1A,Clinton Cupples,La Plata,20.71,pdfs/Winter record book.pdf,75,2026-08-02T19:56:10Z,glm-5.2:cloud
Boys Swimming & Diving,100 Yard Butterfly,2007,4A-3A,Tyler Henderson,Thomas Johnson,54.82,pdfs/Winter record book.pdf,75,2026-08-02T19:56:10Z,glm-5.2:cloud
Boys Swimming & Diving,100 Yard Butterfly,2007,3A-2A-1A,George Rossick,Middletown,54.28,pdfs/Winter record book.pdf,75,2026-08-02T19:56:10Z,glm-5.2:cloud
Boys Swimming & Diving,100 Yard Butterfly,2008,4A-3A,Christopher Staley,Great Mills,56.42,pdfs/Winter record book.pdf,75,2026-08-02T19:56:10Z,glm-5.2:cloud
Boys Swimming & Diving,100 Yard Butterfly,2008,3A-2A-1A,Charlie Melesh,Annapolis,54.71,pdfs/Winter record book.pdf,75,2026-08-02T19:56:10Z,glm-5.2:cloud
Boys Swimming & Diving,100 Yard Butterfly,2009,4A-3A,Artem Shandrenko,Urbana,54.50,pdfs/Winter record book.pdf,75,2026-08-02T19:56:10Z,glm-5.2:cloud
Boys Swimming & Diving,100 Yard Butterfly,2009,3A-2A-1A,Charlie Melesh,Annapolis,54.67,pdfs/Winter record book.pdf,75,2026-08-02T19:56:10Z,glm-5.2:cloud
Boys Swimming & Diving,100 Yard Butterfly,2010,4A-3A,Charlie Melesh,Annapolis,53.03,pdfs/Winter record book.pdf,75,2026-08-02T19:56:10Z,glm-5.2:cloud
Boys Swimming & Diving,100 Yard Butterfly,2010,3A-2A-1A,Jesse Rowles,North Harford,54.33,pdfs/Winter record book.pdf,75,2026-08-02T19:56:10Z,glm-5.2:cloud
Boys Swimming & Diving,100 Yard Butterfly,2011,4A-3A,Jared Wasserman,Severna Park,54.82,pdfs/Winter record book.pdf,75,2026-08-02T19:56:10Z,glm-5.2:cloud
Boys Swimming & Diving,100 Yard Butterfly,2011,3A-2A-1A,Austin Appel,Fallston,54.25,pdfs/Winter record book.pdf,75,2026-08-02T19:56:10Z,glm-5.2:cloud
Boys Swimming & Diving,100 Yard Butterfly,2012,4A-3A,Patrick Scordato,Walt Whitman,52.28,pdfs/Winter record book.pdf,75,2026-08-02T19:56:10Z,glm-5.2:cloud
Boys Swimming & Diving,100 Yard Butterfly,2012,3A-2A-1A,Evan Kolovich,Fallston,52.32,pdfs/Winter record book.pdf,75,2026-08-02T19:56:10Z,glm-5.2:cloud
Boys Swimming & Diving,100 Yard Butterfly,2013,4A-3A,Rory Lewis,Albert Einstein,51.06,pdfs/Winter record book.pdf,75,2026-08-02T19:56:10Z,glm-5.2:cloud
Boys Swimming & Diving,100 Yard Butterfly,2013,3A-2A-1A,Austin Appel,Fallston,53.45,pdfs/Winter record book.pdf,75,2026-08-02T19:56:10Z,glm-5.2:cloud
Boys Swimming & Diving,100 Yard Butterfly,2014,4A-3A,Rory Lewis,Albert Einstein,50.79,pdfs/Winter record book.pdf,75,2026-08-02T19:56:10Z,glm-5.2:cloud
Boys Swimming & Diving,100 Yard Butterfly,2014,3A-2A-1A,Jacob Weiss,Poolesville,52.96,pdfs/Winter record book.pdf,75,2026-08-02T19:56:10Z,glm-5.2:cloud
Boys Swimming & Diving,100 Yard Butterfly,2015,4A-3A,Rory Lewis,Albert Einstein,49.34,pdfs/Winter record book.pdf,75,2026-08-02T19:56:10Z,glm-5.2:cloud
Boys Swimming & Diving,100 Yard Butterfly,2015,3A-2A-1A,John Pressly,Middletown,52.27,pdfs/Winter record book.pdf,75,2026-08-02T19:56:10Z,glm-5.2:cloud
Boys Swimming & Diving,100 Yard Butterfly,2016,4A-3A,Bouke Edskes,Richard Montgomery,49.86,pdfs/Winter record book.pdf,75,2026-08-02T19:56:10Z,glm-5.2:cloud
Boys Swimming & Diving,100 Yard Butterfly,2016,3A-2A-1A,John Pressly,Middletown,52.21,pdfs/Winter record book.pdf,75,2026-08-02T19:56:10Z,glm-5.2:cloud
Boys Swimming & Diving,100 Yard Butterfly,2017,4A-3A,Eli Fouts,Quince Orchard,50.39,pdfs/Winter record book.pdf,75,2026-08-02T19:56:10Z,glm-5.2:cloud
Boys Swimming & Diving,100 Yard Butterfly,2017,3A-2A-1A,John Pressly,Middletown,51.94,pdfs/Winter record book.pdf,75,2026-08-02T19:56:10Z,glm-5.2:cloud
Boys Swimming & Diving,100 Yard Butterfly,2018,4A-3A,Alex Colson,Wheaton,49.08,pdfs/Winter record book.pdf,75,2026-08-02T19:56:10Z,glm-5.2:cloud
Boys Swimming & Diving,100 Yard Butterfly,2018,3A-2A-1A,Jacob Stafford,Middletown,52.47,pdfs/Winter record book.pdf,75,2026-08-02T19:56:10Z,glm-5.2:cloud
Boys Swimming & Diving,100 Yard Butterfly,2019,4A-3A,Alex Colson,Wheaton,48.31,pdfs/Winter record book.pdf,75,2026-08-02T19:56:10Z,glm-5.2:cloud
Boys Swimming & Diving,100 Yard Butterfly,2019,3A-2A-1A,Jack Leary,Patterson Mill,51.47,pdfs/Winter record book.pdf,75,2026-08-02T19:56:10Z,glm-5.2:cloud
Boys Swimming & Diving,100 Yard Butterfly,2020,4A-3A,Chris Ma,Richard Montgomery,49.56,pdfs/Winter record book.pdf,75,2026-08-02T19:56:10Z,glm-5.2:cloud
Boys Swimming & Diving,100 Yard Butterfly,2020,3A-2A-1A,Taj Benton,Baltimore City College,51.92,pdfs/Winter record book.pdf,75,2026-08-02T19:56:10Z,glm-5.2:cloud
Boys Swimming & Diving,100 Yard Butterfly,2022,4A-3A,Kris Lawson,Walt Whitman,48.63,pdfs/Winter record book.pdf,75,2026-08-02T19:56:10Z,glm-5.2:cloud
Boys Swimming & Diving,100 Yard Butterfly,2022,3A-2A-1A,Maxwell Chen,Poolesville,50.92,pdfs/Winter record book.pdf,75,2026-08-02T19:56:10Z,glm-5.2:cloud
Boys Swimming & Diving,100 Yard Butterfly,2023,4A-3A,Kris Lawson,Walt Whitman,49.47,pdfs/Winter record book.pdf,75,2026-08-02T19:56:10Z,glm-5.2:cloud
Boys Swimming & Diving,100 Yard Butterfly,2023,3A-2A-1A,Kade Snyder,Patterson Mill,49.17,pdfs/Winter record book.pdf,75,2026-08-02T19:56:10Z,glm-5.2:cloud
Boys Swimming & Diving,100 Yard Butterfly,2024,4A-3A,Elliot Lee,Richard Montgomery,48.57,pdfs/Winter record book.pdf,75,2026-08-02T19:56:10Z,glm-5.2:cloud
Boys Swimming & Diving,100 Yard Butterfly,2024,3A-2A-1A,Kade Snyder,Patterson Mill,48.04,pdfs/Winter record book.pdf,75,2026-08-02T19:56:10Z,glm-5.2:cloud
Boys Swimming & Diving,100 Yard Butterfly,2025,4A-3A,Noah Potter,Walter Johnson,48.10,pdfs/Winter record book.pdf,75,2026-08-02T19:56:10Z,glm-5.2:cloud
Boys Swimming & Diving,100 Yard Butterfly,2025,3A-2A-1A,Clinton Cupples,La Plata,49.20,pdfs/Winter record book.pdf,75,2026-08-02T19:56:10Z,glm-5.2:cloud
Boys Swimming & Diving,100 Yard Freestyle,2007,4A-3A,Jack Gottschalk,Fallston,49.95,pdfs/Winter record book.pdf,75,2026-08-02T19:56:10Z,glm-5.2:cloud
Boys Swimming & Diving,100 Yard Freestyle,2007,3A-2A-1A,Jeff Riley,Havre de Grace,50.51,pdfs/Winter record book.pdf,75,2026-08-02T19:56:10Z,glm-5.2:cloud
Boys Swimming & Diving,100 Yard Freestyle,2008,4A-3A,Doug McWhorter,Broadneck,48.75,pdfs/Winter record book.pdf,75,2026-08-02T19:56:10Z,glm-5.2:cloud
Boys Swimming & Diving,100 Yard Freestyle,2008,3A-2A-1A,Wade Boarman,Kent Island,48.57,pdfs/Winter record book.pdf,75,2026-08-02T19:56:10Z,glm-5.2:cloud
Boys Swimming & Diving,100 Yard Freestyle,2009,4A-3A,Doug McWhorter,Broadneck,48.13,pdfs/Winter record book.pdf,75,2026-08-02T19:56:10Z,glm-5.2:cloud
Boys Swimming & Diving,100 Yard Freestyle,2009,3A-2A-1A,Wade Boarman,Kent Island,47.35,pdfs/Winter record book.pdf,75,2026-08-02T19:56:10Z,glm-5.2:cloud
Boys Swimming & Diving,100 Yard Freestyle,2010,4A-3A,Willie Sasse,Thomas Johnson,49.02,pdfs/Winter record book.pdf,75,2026-08-02T19:56:10Z,glm-5.2:cloud
Boys Swimming & Diving,100 Yard Freestyle,2010,3A-2A-1A,Will Parker,Frederick,49.26,pdfs/Winter record book.pdf,75,2026-08-02T19:56:10Z,glm-5.2:cloud
Boys Swimming & Diving,100 Yard Freestyle,2011,4A-3A,Trevor Doll,Old Mill,48.74,pdfs/Winter record book.pdf,75,2026-08-02T19:56:10Z,glm-5.2:cloud
Boys Swimming & Diving,100 Yard Freestyle,2011,3A-2A-1A,Jake Blazer,Stephen Decatur,50.95,pdfs/Winter record book.pdf,75,2026-08-02T19:56:10Z,glm-5.2:cloud
Boys Swimming & Diving,100 Yard Freestyle,2012,4A-3A,Barry Mangold,Walter Johnson,47.36,pdfs/Winter record book.pdf,75,2026-08-02T19:56:10Z,glm-5.2:cloud
Boys Swimming & Diving,100 Yard Freestyle,2012,3A-2A-1A,Xavier Laracuente,Poolesville,48.85,pdfs/Winter record book.pdf,75,2026-08-02T19:56:10Z,glm-5.2:cloud
Boys Swimming & Diving,100 Yard Freestyle,2013,4A-3A,Barry Mangold,Walter Johnson,47.73,pdfs/Winter record book.pdf,75,2026-08-02T19:56:10Z,glm-5.2:cloud
Boys Swimming & Diving,100 Yard Freestyle,2013,3A-2A-1A,Xavier Laracuente,Poolesville,48.56,pdfs/Winter record book.pdf,75,2026-08-02T19:56:10Z,glm-5.2:cloud
Boys Swimming & Diving,100 Yard Freestyle,2014,4A-3A,Jean-Marc Nugent,Walter Johnson,46.99,pdfs/Winter record book.pdf,76,2026-08-02T19:56:50Z,glm-5.2:cloud
Boys Swimming & Diving,100 Yard Freestyle,2014,3A-2A-1A,Xavier Laracuente,Poolesville,47.59,pdfs/Winter record book.pdf,76,2026-08-02T19:56:50Z,glm-5.2:cloud
Boys Swimming & Diving,100 Yard Freestyle,2015,4A-3A,Mike Sullivan,Walt Whitman,47.28,pdfs/Winter record book.pdf,76,2026-08-02T19:56:50Z,glm-5.2:cloud
Boys Swimming & Diving,100 Yard Freestyle,2015,3A-2A-1A,Griffin Alaniz,Rockville,47.27,pdfs/Winter record book.pdf,76,2026-08-02T19:56:50Z,glm-5.2:cloud
Boys Swimming & Diving,100 Yard Freestyle,2016,4A-3A,Brandon Cu,Gaithersburg,47.36,pdfs/Winter record book.pdf,76,2026-08-02T19:56:50Z,glm-5.2:cloud
Boys Swimming & Diving,100 Yard Freestyle,2016,3A-2A-1A,Griffin Alaniz,Rockville,46.45,pdfs/Winter record book.pdf,76,2026-08-02T19:56:50Z,glm-5.2:cloud
Boys Swimming & Diving,100 Yard Freestyle,2017,4A-3A,Brandon Cu,Gaithersburg,46.71,pdfs/Winter record book.pdf,76,2026-08-02T19:56:50Z,glm-5.2:cloud
Boys Swimming & Diving,100 Yard Freestyle,2017,3A-2A-1A,Theodore Jagodits,Poolesville,47.37,pdfs/Winter record book.pdf,76,2026-08-02T19:56:50Z,glm-5.2:cloud
Boys Swimming & Diving,100 Yard Freestyle,2018,4A-3A,Ryan Baldino,C. Milton Wright,46.77,pdfs/Winter record book.pdf,76,2026-08-02T19:56:50Z,glm-5.2:cloud
Boys Swimming & Diving,100 Yard Freestyle,2018,3A-2A-1A,Tucker Young,Harford Technical,46.87,pdfs/Winter record book.pdf,76,2026-08-02T19:56:50Z,glm-5.2:cloud
Boys Swimming & Diving,100 Yard Freestyle,2019,4A-3A,Steven Mendley,Winston Churchill,46.29,pdfs/Winter record book.pdf,76,2026-08-02T19:56:50Z,glm-5.2:cloud
Boys Swimming & Diving,100 Yard Freestyle,2019,3A-2A-1A,Alan Nguyen,Patterson Mill,47.92,pdfs/Winter record book.pdf,76,2026-08-02T19:56:50Z,glm-5.2:cloud
Boys Swimming & Diving,100 Yard Freestyle,2020,4A-3A,Alec Cooper,Walt Whitman,46.35,pdfs/Winter record book.pdf,76,2026-08-02T19:56:50Z,glm-5.2:cloud
Boys Swimming & Diving,100 Yard Freestyle,2020,3A-2A-1A,Conor Vienneau,La Plata,47.51,pdfs/Winter record book.pdf,76,2026-08-02T19:56:50Z,glm-5.2:cloud
Boys Swimming & Diving,100 Yard Freestyle,2022,4A-3A,Everett Oehler,Richard Montgomery,45.40,pdfs/Winter record book.pdf,76,2026-08-02T19:56:50Z,glm-5.2:cloud
Boys Swimming & Diving,100 Yard Freestyle,2022,3A-2A-1A,Taj Benton,Baltimore City College,45.76,pdfs/Winter record book.pdf,76,2026-08-02T19:56:50Z,glm-5.2:cloud
Boys Swimming & Diving,100 Yard Freestyle,2023,4A-3A,Kyle Wang,Winston Churchill,45.60,pdfs/Winter record book.pdf,76,2026-08-02T19:56:50Z,glm-5.2:cloud
Boys Swimming & Diving,100 Yard Freestyle,2023,3A-2A-1A,Gavin Abelende,La Plata,45.74,pdfs/Winter record book.pdf,76,2026-08-02T19:56:50Z,glm-5.2:cloud
Boys Swimming & Diving,100 Yard Freestyle,2024,4A-3A,Kyle Wang,Winston Churchill,45.61,pdfs/Winter record book.pdf,76,2026-08-02T19:56:50Z,glm-5.2:cloud
Boys Swimming & Diving,100 Yard Freestyle,2024,3A-2A-1A,Gavin Abelende,La Plata,46.04,pdfs/Winter record book.pdf,76,2026-08-02T19:56:50Z,glm-5.2:cloud
Boys Swimming & Diving,100 Yard Freestyle,2025,4A-3A,Tyler Coapstick,Thomas S. Wootton,45.22,pdfs/Winter record book.pdf,76,2026-08-02T19:56:50Z,glm-5.2:cloud
Boys Swimming & Diving,100 Yard Freestyle,2025,3A-2A-1A,Henry Martinez,Kent County,47.37,pdfs/Winter record book.pdf,76,2026-08-02T19:56:50Z,glm-5.2:cloud
Boys Swimming & Diving,500 Yard Freestyle,2007,4A-3A,Justin Vagts,South River,4:43.13,pdfs/Winter record book.pdf,76,2026-08-02T19:56:50Z,glm-5.2:cloud
Boys Swimming & Diving,500 Yard Freestyle,2007,3A-2A-1A,Adam Diehl,Tuscarora,5:11.23,pdfs/Winter record book.pdf,76,2026-08-02T19:56:50Z,glm-5.2:cloud
Boys Swimming & Diving,500 Yard Freestyle,2008,4A-3A,Justin Vagts,South River,4:43.85,pdfs/Winter record book.pdf,76,2026-08-02T19:56:50Z,glm-5.2:cloud
Boys Swimming & Diving,500 Yard Freestyle,2008,3A-2A-1A,Jack Gottschalk,Fallston,4:57.96,pdfs/Winter record book.pdf,76,2026-08-02T19:56:50Z,glm-5.2:cloud
Boys Swimming & Diving,500 Yard Freestyle,2009,4A-3A,Justin Vagts,South River,4:50.48,pdfs/Winter record book.pdf,76,2026-08-02T19:56:50Z,glm-5.2:cloud
Boys Swimming & Diving,500 Yard Freestyle,2009,3A-2A-1A,Dylan Davis,Annapolis,4:55.56,pdfs/Winter record book.pdf,76,2026-08-02T19:56:50Z,glm-5.2:cloud
Boys Swimming & Diving,500 Yard Freestyle,2010,4A-3A,Taylor Smith,Broadneck,4:54.13,pdfs/Winter record book.pdf,76,2026-08-02T19:56:50Z,glm-5.2:cloud
Boys Swimming & Diving,500 Yard Freestyle,2010,3A-2A-1A,Sam Ciocco,Walkersville,4:59.49,pdfs/Winter record book.pdf,76,2026-08-02T19:56:50Z,glm-5.2:cloud
Boys Swimming & Diving,500 Yard Freestyle,2011,4A-3A,James Robichaud,Broadneck,4:50.11,pdfs/Winter record book.pdf,76,2026-08-02T19:56:50Z,glm-5.2:cloud
Boys Swimming & Diving,500 Yard Freestyle,2011,3A-2A-1A,Mitchell Reynolds,Frederick,5:05.39,pdfs/Winter record book.pdf,76,2026-08-02T19:56:50Z,glm-5.2:cloud
Boys Swimming & Diving,500 Yard Freestyle,2012,4A-3A,Garrett Powell,Walter Johnson,4:27.83,pdfs/Winter record book.pdf,76,2026-08-02T19:56:50Z,glm-5.2:cloud
Boys Swimming & Diving,500 Yard Freestyle,2012,3A-2A-1A,Mitchell Reynolds,Frederick,4:54.84,pdfs/Winter record book.pdf,76,2026-08-02T19:56:50Z,glm-5.2:cloud
Boys Swimming & Diving,500 Yard Freestyle,2013,4A-3A,Ben Lawless,Northern-Calvert,4:30.55,pdfs/Winter record book.pdf,76,2026-08-02T19:56:50Z,glm-5.2:cloud
Boys Swimming & Diving,500 Yard Freestyle,2013,3A-2A-1A,Mitchell Reynolds,Frederick,4:56.19,pdfs/Winter record book.pdf,76,2026-08-02T19:56:50Z,glm-5.2:cloud
Boys Swimming & Diving,500 Yard Freestyle,2014,4A-3A,Brian Tsau,Montgomery Blair,4:32.71,pdfs/Winter record book.pdf,76,2026-08-02T19:56:50Z,glm-5.2:cloud
Boys Swimming & Diving,500 Yard Freestyle,2014,3A-2A-1A,Ben Lawless,Northern-Calvert,4:26.17,pdfs/Winter record book.pdf,76,2026-08-02T19:56:50Z,glm-5.2:cloud
Boys Swimming & Diving,500 Yard Freestyle,2015,4A-3A,Brian Tsau,Montgomery Blair,4:35.00,pdfs/Winter record book.pdf,76,2026-08-02T19:56:50Z,glm-5.2:cloud
Boys Swimming & Diving,500 Yard Freestyle,2015,3A-2A-1A,Kevin Lin,Urbana,4:50.39,pdfs/Winter record book.pdf,76,2026-08-02T19:56:50Z,glm-5.2:cloud
Boys Swimming & Diving,500 Yard Freestyle,2016,4A-3A,Matt Kenney,James Hubert Blake,4:41.24,pdfs/Winter record book.pdf,76,2026-08-02T19:56:50Z,glm-5.2:cloud
Boys Swimming & Diving,500 Yard Freestyle,2016,3A-2A-1A,Nathan Watts,Rockville,4:47.68,pdfs/Winter record book.pdf,76,2026-08-02T19:56:50Z,glm-5.2:cloud
Boys Swimming & Diving,500 Yard Freestyle,2017,4A-3A,Alex Li,Thomas Wootton,4:37.36,pdfs/Winter record book.pdf,76,2026-08-02T19:56:50Z,glm-5.2:cloud
Boys Swimming & Diving,500 Yard Freestyle,2017,3A-2A-1A,Nathan Watts,Rockville,4:45.54,pdfs/Winter record book.pdf,76,2026-08-02T19:56:50Z,glm-5.2:cloud
Boys Swimming & Diving,500 Yard Freestyle,2018,4A-3A,Nathan Watts,Rockville,4:37.70,pdfs/Winter record book.pdf,76,2026-08-02T19:56:50Z,glm-5.2:cloud
Boys Swimming & Diving,500 Yard Freestyle,2018,3A-2A-1A,Kenny Song,Poolesville,4:53.98,pdfs/Winter record book.pdf,76,2026-08-02T19:56:50Z,glm-5.2:cloud
Boys Swimming & Diving,500 Yard Freestyle,2019,4A-3A,Connor Din,Richard Montgomery,4:37.32,pdfs/Winter record book.pdf,76,2026-08-02T19:56:50Z,glm-5.2:cloud
Boys Swimming & Diving,500 Yard Freestyle,2019,3A-2A-1A,Cody Kim,Damascus,4:37.98,pdfs/Winter record book.pdf,76,2026-08-02T19:56:50Z,glm-5.2:cloud
Boys Swimming & Diving,500 Yard Freestyle,2020,4A-3A,Ziad Bandak,Winston Churchill,4:34.34,pdfs/Winter record book.pdf,76,2026-08-02T19:56:50Z,glm-5.2:cloud
Boys Swimming & Diving,500 Yard Freestyle,2020,3A-2A-1A,Sean Davis,Rockville,4:41.03,pdfs/Winter record book.pdf,76,2026-08-02T19:56:50Z,glm-5.2:cloud
Boys Swimming & Diving,500 Yard Freestyle,2022,4A-3A,Brady Begin,Winston Churchill,4:33.44,pdfs/Winter record book.pdf,76,2026-08-02T19:56:50Z,glm-5.2:cloud
Boys Swimming & Diving,500 Yard Freestyle,2022,3A-2A-1A,Theodore Ament,Rockville,4:35.62,pdfs/Winter record book.pdf,76,2026-08-02T19:56:50Z,glm-5.2:cloud
Boys Swimming & Diving,500 Yard Freestyle,2023,4A-3A,Brady Begin,Winston Churchill,4:27.93,pdfs/Winter record book.pdf,76,2026-08-02T19:56:50Z,glm-5.2:cloud
Boys Swimming & Diving,500 Yard Freestyle,2023,3A-2A-1A,Toby Barnett,Rockville,4:24.14,pdfs/Winter record book.pdf,76,2026-08-02T19:56:50Z,glm-5.2:cloud
Boys Swimming & Diving,500 Yard Freestyle,2024,4A-3A,Evan Mackesy,Col. Zadok Magruder,4:29.04,pdfs/Winter record book.pdf,76,2026-08-02T19:56:50Z,glm-5.2:cloud
Boys Swimming & Diving,500 Yard Freestyle,2024,3A-2A-1A,Brig Barnett,Rockville,4:37.16,pdfs/Winter record book.pdf,76,2026-08-02T19:56:50Z,glm-5.2:cloud
Boys Swimming & Diving,500 Yard Freestyle,2025,4A-3A,Charlie Begin,Winston Churchill,4:28.96,pdfs/Winter record book.pdf,76,2026-08-02T19:56:50Z,glm-5.2:cloud
Boys Swimming & Diving,500 Yard Freestyle,2025,3A-2A-1A,Brig Barnett,Rockville,4:35.24,pdfs/Winter record book.pdf,76,2026-08-02T19:56:50Z,glm-5.2:cloud
Boys Swimming & Diving,200 Yard Freestyle Relay,2007,4A-3A,South River,South River,1:34.24,pdfs/Winter record book.pdf,76,2026-08-02T19:56:50Z,glm-5.2:cloud
Boys Swimming & Diving,200 Yard Freestyle Relay,2007,3A-2A-1A,Northern-Cal,Northern-Cal,1:35.58,pdfs/Winter record book.pdf,76,2026-08-02T19:56:50Z,glm-5.2:cloud
Boys Swimming & Diving,200 Yard Freestyle Relay,2008,4A-3A,Huntingtown,Huntingtown,1:34.32,pdfs/Winter record book.pdf,76,2026-08-02T19:56:50Z,glm-5.2:cloud
Boys Swimming & Diving,200 Yard Freestyle Relay,2008,3A-2A-1A,Middletown,Middletown,1:35.73,pdfs/Winter record book.pdf,76,2026-08-02T19:56:50Z,glm-5.2:cloud
Boys Swimming & Diving,200 Yard Freestyle Relay,2009,4A-3A,Huntingtown,Huntingtown,1:33.44,pdfs/Winter record book.pdf,76,2026-08-02T19:56:50Z,glm-5.2:cloud
Boys Swimming & Diving,200 Yard Freestyle Relay,2009,3A-2A-1A,Northern-Cal,Northern-Cal,1:33.72,pdfs/Winter record book.pdf,76,2026-08-02T19:56:50Z,glm-5.2:cloud
Boys Swimming & Diving,200 Yard Freestyle Relay,2010,4A-3A,South River,South River,1:33.66,pdfs/Winter record book.pdf,76,2026-08-02T19:56:50Z,glm-5.2:cloud
Boys Swimming & Diving,200 Yard Freestyle Relay,2010,3A-2A-1A,Frederick,Frederick,1:32.19,pdfs/Winter record book.pdf,76,2026-08-02T19:56:50Z,glm-5.2:cloud
Boys Swimming & Diving,200 Yard Freestyle Relay,2011,4A-3A,Thomas Johnson,Thomas Johnson,1:31.95,pdfs/Winter record book.pdf,76,2026-08-02T19:56:50Z,glm-5.2:cloud
Boys Swimming & Diving,200 Yard Freestyle Relay,2011,3A-2A-1A,Havre de Grace,Havre de Grace,1:35.93,pdfs/Winter record book.pdf,76,2026-08-02T19:56:50Z,glm-5.2:cloud
Boys Swimming & Diving,200 Yard Freestyle Relay,2012,4A-3A,Winston Churchill,Winston Churchill,1:28.27,pdfs/Winter record book.pdf,76,2026-08-02T19:56:50Z,glm-5.2:cloud
Boys Swimming & Diving,200 Yard Freestyle Relay,2012,3A-2A-1A,Middletown,Middletown,1:32.89,pdfs/Winter record book.pdf,76,2026-08-02T19:56:50Z,glm-5.2:cloud
Boys Swimming & Diving,200 Yard Freestyle Relay,2013,4A-3A,Winston Churchill,Winston Churchill,1:27.51,pdfs/Winter record book.pdf,76,2026-08-02T19:56:50Z,glm-5.2:cloud
Boys Swimming & Diving,200 Yard Freestyle Relay,2013,3A-2A-1A,Poolesville,Poolesville,1:32.19,pdfs/Winter record book.pdf,76,2026-08-02T19:56:50Z,glm-5.2:cloud
Boys Swimming & Diving,200 Yard Freestyle Relay,2014,4A-3A,Richard Montgomery,Richard Montgomery,1:28.62,pdfs/Winter record book.pdf,76,2026-08-02T19:56:50Z,glm-5.2:cloud
Boys Swimming & Diving,200 Yard Freestyle Relay,2014,3A-2A-1A,Poolesville,Poolesville,1:29.09,pdfs/Winter record book.pdf,76,2026-08-02T19:56:50Z,glm-5.2:cloud
Boys Swimming & Diving,200 Yard Freestyle Relay,2015,4A-3A,Walter Johnson,Walter Johnson,1:30.65,pdfs/Winter record book.pdf,76,2026-08-02T19:56:50Z,glm-5.2:cloud
Boys Swimming & Diving,200 Yard Freestyle Relay,2015,3A-2A-1A,Poolesville,Poolesville,1:32.36,pdfs/Winter record book.pdf,76,2026-08-02T19:56:50Z,glm-5.2:cloud
Boys Swimming & Diving,200 Yard Freestyle Relay,2016,4A-3A,Richard Montgomery,Richard Montgomery,1:26.91,pdfs/Winter record book.pdf,76,2026-08-02T19:56:50Z,glm-5.2:cloud
Boys Swimming & Diving,200 Yard Freestyle Relay,2016,3A-2A-1A,Poolesville,Poolesville,1:29.54,pdfs/Winter record book.pdf,76,2026-08-02T19:56:50Z,glm-5.2:cloud
Boys Swimming & Diving,200 Yard Freestyle Relay,2017,4A-3A,Richard Montgomery,Richard Montgomery,1:26.50,pdfs/Winter record book.pdf,76,2026-08-02T19:56:50Z,glm-5.2:cloud
Boys Swimming & Diving,200 Yard Freestyle Relay,2017,3A-2A-1A,Poolesville,Poolesville,1:28.18,pdfs/Winter record book.pdf,76,2026-08-02T19:56:50Z,glm-5.2:cloud
Boys Swimming & Diving,200 Yard Freestyle Relay,2018,4A-3A,Walt Whitman,Walt Whitman,1:26.78,pdfs/Winter record book.pdf,76,2026-08-02T19:56:50Z,glm-5.2:cloud
Boys Swimming & Diving,200 Yard Freestyle Relay,2018,3A-2A-1A,Poolesville,Poolesville,1:29.97,pdfs/Winter record book.pdf,76,2026-08-02T19:56:50Z,glm-5.2:cloud
Boys Swimming & Diving,200 Yard Freestyle Relay,2019,4A-3A,Walter Johnson,Walter Johnson,1:26.43,pdfs/Winter record book.pdf,76,2026-08-02T19:56:50Z,glm-5.2:cloud
Boys Swimming & Diving,200 Yard Freestyle Relay,2019,3A-2A-1A,Patterson Mill,Patterson Mill,1:30.49,pdfs/Winter record book.pdf,76,2026-08-02T19:56:50Z,glm-5.2:cloud
Boys Swimming & Diving,200 Yard Freestyle Relay,2020,4A-3A,Walt Whitman,Walt Whitman,1:23.39,pdfs/Winter record book.pdf,76,2026-08-02T19:56:50Z,glm-5.2:cloud
Boys Swimming & Diving,200 Yard Freestyle Relay,2020,3A-2A-1A,Poolesville,Poolesville,1:29.37,pdfs/Winter record book.pdf,76,2026-08-02T19:56:50Z,glm-5.2:cloud
Boys Swimming & Diving,200 Yard Freestyle Relay,2022,4A-3A,J. Zhang & J. Kelly & D. Yune & M. Fuster,Thomas S. Wootton,1:25.26,pdfs/Winter record book.pdf,76,2026-08-02T19:56:50Z,glm-5.2:cloud
Boys Swimming & Diving,200 Yard Freestyle Relay,2022,3A-2A-1A,G. Leeroy & B. Nachod & P. Luu & O. Borjigin,Poolesville,1:29.65,pdfs/Winter record book.pdf,76,2026-08-02T19:56:50Z,glm-5.2:cloud
Boys Swimming & Diving,200 Yard Freestyle Relay,2023,4A-3A,J. Harrison & M. Minai & C. Boucree & K. Lawson,Walt Whitman,1:26.34,pdfs/Winter record book.pdf,76,2026-08-02T19:56:50Z,glm-5.2:cloud
Boys Swimming & Diving,200 Yard Freestyle Relay,2023,3A-2A-1A,B. Barnett & E. Reinhold & M. Henry & S. Mashburn,Rockville,1:29.75,pdfs/Winter record book.pdf,76,2026-08-02T19:56:50Z,glm-5.2:cloud
Boys Swimming & Diving,200 Yard Freestyle Relay,2024,4A-3A,N. Elkassem & S. Elkassem & M. Kaiser & K. Wang,Winston Churchill,1:22.82,pdfs/Winter record book.pdf,76,2026-08-02T19:56:50Z,glm-5.2:cloud
Boys Swimming & Diving,200 Yard Freestyle Relay,2024,3A-2A-1A,C. Cupples & J. Donnick & M. Curtis & G. Abelende,La Plata,1:27.84,pdfs/Winter record book.pdf,76,2026-08-02T19:56:50Z,glm-5.2:cloud
Boys Swimming & Diving,200 Yard Freestyle Relay,2025,4A-3A,L. Kantovitz Nociti & K. Chen & G. Starr & C. Svensson,Walt Whitman,1:25.91,pdfs/Winter record book.pdf,76,2026-08-02T19:56:50Z,glm-5.2:cloud
Boys Swimming & Diving,200 Yard Freestyle Relay,2025,3A-2A-1A,E. Lee & A. Ye & J. Hou & E. Ferrara,Poolesville,1:27.90,pdfs/Winter record book.pdf,76,2026-08-02T19:56:50Z,glm-5.2:cloud
Boys Swimming & Diving,100 Yard Backstroke,2007,4A-3A,Tyler Henderson,Thomas Johnson,56.35,pdfs/Winter record book.pdf,77,2026-08-02T19:57:56Z,glm-5.2:cloud
Boys Swimming & Diving,100 Yard Backstroke,2007,3A-2A-1A,Jeff Riley,Havre de Grace,55.99,pdfs/Winter record book.pdf,77,2026-08-02T19:57:56Z,glm-5.2:cloud
Boys Swimming & Diving,100 Yard Backstroke,2008,4A-3A,Thomas Morgan,Huntingtown,55.05,pdfs/Winter record book.pdf,77,2026-08-02T19:57:56Z,glm-5.2:cloud
Boys Swimming & Diving,100 Yard Backstroke,2008,3A-2A-1A,Charlie Melesh,Annapolis,54.92,pdfs/Winter record book.pdf,77,2026-08-02T19:57:56Z,glm-5.2:cloud
Boys Swimming & Diving,100 Yard Backstroke,2009,4A-3A,Thomas Morgan,Huntingtown,55.22,pdfs/Winter record book.pdf,77,2026-08-02T19:57:56Z,glm-5.2:cloud
Boys Swimming & Diving,100 Yard Backstroke,2009,3A-2A-1A,Dylan Davis,Annapolis,54.23,pdfs/Winter record book.pdf,77,2026-08-02T19:57:56Z,glm-5.2:cloud
Boys Swimming & Diving,100 Yard Backstroke,2010,4A-3A,Dylan Davis,Annapolis,53.90,pdfs/Winter record book.pdf,77,2026-08-02T19:57:56Z,glm-5.2:cloud
Boys Swimming & Diving,100 Yard Backstroke,2010,3A-2A-1A,Austin Appel,Fallston,57.63,pdfs/Winter record book.pdf,77,2026-08-02T19:57:56Z,glm-5.2:cloud
Boys Swimming & Diving,100 Yard Backstroke,2011,4A-3A,Dylan Davis,Annapolis,53.81,pdfs/Winter record book.pdf,77,2026-08-02T19:57:56Z,glm-5.2:cloud
Boys Swimming & Diving,100 Yard Backstroke,2011,3A-2A-1A,Brandon Carestia,Harford Technical,55.63,pdfs/Winter record book.pdf,77,2026-08-02T19:57:56Z,glm-5.2:cloud
Boys Swimming & Diving,100 Yard Backstroke,2012,4A-3A,Garrett Powell,Walter Johnson,51.79,pdfs/Winter record book.pdf,77,2026-08-02T19:57:56Z,glm-5.2:cloud
Boys Swimming & Diving,100 Yard Backstroke,2012,3A-2A-1A,Brandon Carestia,Harford Technical,53.98,pdfs/Winter record book.pdf,77,2026-08-02T19:57:56Z,glm-5.2:cloud
Boys Swimming & Diving,100 Yard Backstroke,2013,4A-3A,Jack Foster,Montgomery Blair,53.27,pdfs/Winter record book.pdf,77,2026-08-02T19:57:56Z,glm-5.2:cloud
Boys Swimming & Diving,100 Yard Backstroke,2013,3A-2A-1A,Chris Kahl,Patuxent,54.57,pdfs/Winter record book.pdf,77,2026-08-02T19:57:56Z,glm-5.2:cloud
Boys Swimming & Diving,100 Yard Backstroke,2014,4A-3A,Andrew Gibson,Thomas Wootton,52.94,pdfs/Winter record book.pdf,77,2026-08-02T19:57:56Z,glm-5.2:cloud
Boys Swimming & Diving,100 Yard Backstroke,2014,3A-2A-1A,Griffin Alaniz,Rockville,52.73,pdfs/Winter record book.pdf,77,2026-08-02T19:57:56Z,glm-5.2:cloud
Boys Swimming & Diving,100 Yard Backstroke,2015,4A-3A,Nozomi Horikawa,Walter Johnson,53.60,pdfs/Winter record book.pdf,77,2026-08-02T19:57:56Z,glm-5.2:cloud
Boys Swimming & Diving,100 Yard Backstroke,2015,3A-2A-1A,Griffin Alaniz,Rockville,51.82,pdfs/Winter record book.pdf,77,2026-08-02T19:57:56Z,glm-5.2:cloud
Boys Swimming & Diving,100 Yard Backstroke,2016,4A-3A,Nozomi Horikawa,Walter Johnson,51.82,pdfs/Winter record book.pdf,77,2026-08-02T19:57:56Z,glm-5.2:cloud
Boys Swimming & Diving,100 Yard Backstroke,2016,3A-2A-1A,Griffin Alaniz,Rockville,51.12,pdfs/Winter record book.pdf,77,2026-08-02T19:57:56Z,glm-5.2:cloud
Boys Swimming & Diving,100 Yard Backstroke,2017,4A-3A,Jack Rose,Richard Montgomery,51.41,pdfs/Winter record book.pdf,77,2026-08-02T19:57:56Z,glm-5.2:cloud
Boys Swimming & Diving,100 Yard Backstroke,2017,3A-2A-1A,Remington Oland,Cotoctin,50.42,pdfs/Winter record book.pdf,77,2026-08-02T19:57:56Z,glm-5.2:cloud
Boys Swimming & Diving,100 Yard Backstroke,2018,4A-3A,Jack Rose,Richard Montgomery,50.92,pdfs/Winter record book.pdf,77,2026-08-02T19:57:56Z,glm-5.2:cloud
Boys Swimming & Diving,100 Yard Backstroke,2018,3A-2A-1A,Mason Young,Harford Technical,50.10,pdfs/Winter record book.pdf,77,2026-08-02T19:57:56Z,glm-5.2:cloud
Boys Swimming & Diving,100 Yard Backstroke,2019,4A-3A,Noah Rutberg,Winston Churchill,50.03,pdfs/Winter record book.pdf,77,2026-08-02T19:57:56Z,glm-5.2:cloud
Boys Swimming & Diving,100 Yard Backstroke,2019,3A-2A-1A,Mason Young,Harford Technical,51.07,pdfs/Winter record book.pdf,77,2026-08-02T19:57:56Z,glm-5.2:cloud
Boys Swimming & Diving,100 Yard Backstroke,2020,4A-3A,Noah Rutberg,Winston Churchill,49.36,pdfs/Winter record book.pdf,77,2026-08-02T19:57:56Z,glm-5.2:cloud
Boys Swimming & Diving,100 Yard Backstroke,2020,3A-2A-1A,Ben Voelker,Calvert,53.58,pdfs/Winter record book.pdf,77,2026-08-02T19:57:56Z,glm-5.2:cloud
Boys Swimming & Diving,100 Yard Backstroke,2022,4A-3A,Liam McDonough,Montgomery Blair,50.09,pdfs/Winter record book.pdf,77,2026-08-02T19:57:56Z,glm-5.2:cloud
Boys Swimming & Diving,100 Yard Backstroke,2022,3A-2A-1A,Kade Snyder,Patterson Mill,50.98,pdfs/Winter record book.pdf,77,2026-08-02T19:57:56Z,glm-5.2:cloud
Boys Swimming & Diving,100 Yard Backstroke,2023,4A-3A,Blake Conway,Walt Whitman,48.36,pdfs/Winter record book.pdf,77,2026-08-02T19:57:56Z,glm-5.2:cloud
Boys Swimming & Diving,100 Yard Backstroke,2023,3A-2A-1A,Kade Snyder,Patterson Mill,48.84,pdfs/Winter record book.pdf,77,2026-08-02T19:57:56Z,glm-5.2:cloud
Boys Swimming & Diving,100 Yard Backstroke,2024,4A-3A,Nasim Elkassem,Winston Churchill,49.31,pdfs/Winter record book.pdf,77,2026-08-02T19:57:56Z,glm-5.2:cloud
Boys Swimming & Diving,100 Yard Backstroke,2024,3A-2A-1A,Kade Snyder,Patterson Mill,48.58,pdfs/Winter record book.pdf,77,2026-08-02T19:57:56Z,glm-5.2:cloud
Boys Swimming & Diving,100 Yard Backstroke,2025,4A-3A,Misha Kojanov,Montgomery Blair,49.42,pdfs/Winter record book.pdf,77,2026-08-02T19:57:56Z,glm-5.2:cloud
Boys Swimming & Diving,100 Yard Backstroke,2025,3A-2A-1A,Albert Zaidi,Northern-Cal,53.22,pdfs/Winter record book.pdf,77,2026-08-02T19:57:56Z,glm-5.2:cloud
Boys Swimming & Diving,100 Yard Breaststroke,2007,4A-3A,William Webber,Thomas Stone,1:00.96,pdfs/Winter record book.pdf,77,2026-08-02T19:57:56Z,glm-5.2:cloud
Boys Swimming & Diving,100 Yard Breaststroke,2007,3A-2A-1A,Andrew Seebode,Easton,1:02.81,pdfs/Winter record book.pdf,77,2026-08-02T19:57:56Z,glm-5.2:cloud
Boys Swimming & Diving,100 Yard Breaststroke,2008,4A-3A,James Lilly,Bowie,1:01.85,pdfs/Winter record book.pdf,77,2026-08-02T19:57:56Z,glm-5.2:cloud
Boys Swimming & Diving,100 Yard Breaststroke,2008,3A-2A-1A,Kevin Neitzey,Patuxent,1:06.21,pdfs/Winter record book.pdf,77,2026-08-02T19:57:56Z,glm-5.2:cloud
Boys Swimming & Diving,100 Yard Breaststroke,2009,4A-3A,Taylor Smith,Broadneck,1:03.20,pdfs/Winter record book.pdf,77,2026-08-02T19:57:56Z,glm-5.2:cloud
Boys Swimming & Diving,100 Yard Breaststroke,2009,3A-2A-1A,Jake Steppe,Queen Anne's,1:04.70,pdfs/Winter record book.pdf,77,2026-08-02T19:57:56Z,glm-5.2:cloud
Boys Swimming & Diving,100 Yard Breaststroke,2010,4A-3A,Willie Sasse,Thomas Johnson,1:02.55,pdfs/Winter record book.pdf,77,2026-08-02T19:57:56Z,glm-5.2:cloud
Boys Swimming & Diving,100 Yard Breaststroke,2010,3A-2A-1A,Kent Southern,Walkersville,1:03.95,pdfs/Winter record book.pdf,77,2026-08-02T19:57:56Z,glm-5.2:cloud
Boys Swimming & Diving,100 Yard Breaststroke,2011,4A-3A,Michael Seaberg,South River,58.91,pdfs/Winter record book.pdf,77,2026-08-02T19:57:56Z,glm-5.2:cloud
Boys Swimming & Diving,100 Yard Breaststroke,2011,3A-2A-1A,Gus Paras,Henry E. Lackey,1:04.53,pdfs/Winter record book.pdf,77,2026-08-02T19:57:56Z,glm-5.2:cloud
Boys Swimming & Diving,100 Yard Breaststroke,2012,4A-3A,Austin Dickey,Thomas Wootton,57.77,pdfs/Winter record book.pdf,77,2026-08-02T19:57:56Z,glm-5.2:cloud
Boys Swimming & Diving,100 Yard Breaststroke,2012,3A-2A-1A,Kyle Paxton,C. Milton Wright,1:01.21,pdfs/Winter record book.pdf,77,2026-08-02T19:57:56Z,glm-5.2:cloud
Boys Swimming & Diving,100 Yard Breaststroke,2013,4A-3A,Austin Dickey,Thomas Wootton,57.28,pdfs/Winter record book.pdf,77,2026-08-02T19:57:56Z,glm-5.2:cloud
Boys Swimming & Diving,100 Yard Breaststroke,2013,3A-2A-1A,Nolan McMahon,Cambridge/S. Dorchester,1:01.10,pdfs/Winter record book.pdf,77,2026-08-02T19:57:56Z,glm-5.2:cloud
Boys Swimming & Diving,100 Yard Breaststroke,2014,4A-3A,Harrison Gu,Winston Churchill,58.24,pdfs/Winter record book.pdf,77,2026-08-02T19:57:56Z,glm-5.2:cloud
Boys Swimming & Diving,100 Yard Breaststroke,2014,3A-2A-1A,Ryan O'Leary,Damascus,1:00.08,pdfs/Winter record book.pdf,77,2026-08-02T19:57:56Z,glm-5.2:cloud
Boys Swimming & Diving,100 Yard Breaststroke,2015,4A-3A,Alex Vissering,Walt Whitman,58.87,pdfs/Winter record book.pdf,77,2026-08-02T19:57:56Z,glm-5.2:cloud
Boys Swimming & Diving,100 Yard Breaststroke,2015,3A-2A-1A,Ryan O'Leary,Damascus,1:00.44,pdfs/Winter record book.pdf,77,2026-08-02T19:57:56Z,glm-5.2:cloud
Boys Swimming & Diving,100 Yard Breaststroke,2016,4A-3A,Eli Fouts,Quince Orchard,56.05,pdfs/Winter record book.pdf,77,2026-08-02T19:57:56Z,glm-5.2:cloud
Boys Swimming & Diving,100 Yard Breaststroke,2016,3A-2A-1A,Ryan O'Leary,Damascus,57.65,pdfs/Winter record book.pdf,77,2026-08-02T19:57:56Z,glm-5.2:cloud
Boys Swimming & Diving,100 Yard Breaststroke,2017,4A-3A,Eli Fouts,Quince Orchard,55.25,pdfs/Winter record book.pdf,77,2026-08-02T19:57:56Z,glm-5.2:cloud
Boys Swimming & Diving,100 Yard Breaststroke,2017,3A-2A-1A,Kai Vilbig,Seneca Valley,58.63,pdfs/Winter record book.pdf,77,2026-08-02T19:57:56Z,glm-5.2:cloud
Boys Swimming & Diving,100 Yard Breaststroke,2018,4A-3A,Eli Fouts,Quince Orchard,54.31,pdfs/Winter record book.pdf,77,2026-08-02T19:57:56Z,glm-5.2:cloud
Boys Swimming & Diving,100 Yard Breaststroke,2018,3A-2A-1A,Kai Vilbig,Seneca Valley,57.67,pdfs/Winter record book.pdf,77,2026-08-02T19:57:56Z,glm-5.2:cloud
Boys Swimming & Diving,100 Yard Breaststroke,2019,4A-3A,Timmy Ellett,Walter Johnson,56.37,pdfs/Winter record book.pdf,77,2026-08-02T19:57:56Z,glm-5.2:cloud
Boys Swimming & Diving,100 Yard Breaststroke,2019,3A-2A-1A,A.J. Navaleza,Damascus,59.31,pdfs/Winter record book.pdf,77,2026-08-02T19:57:56Z,glm-5.2:cloud
Boys Swimming & Diving,100 Yard Breaststroke,2020,4A-3A,Ben Long Zuo,Winston Churchill,57.07,pdfs/Winter record book.pdf,77,2026-08-02T19:57:56Z,glm-5.2:cloud
Boys Swimming & Diving,100 Yard Breaststroke,2020,3A-2A-1A,A.J. Navaleza,Damascus,57.19,pdfs/Winter record book.pdf,77,2026-08-02T19:57:56Z,glm-5.2:cloud
Boys Swimming & Diving,100 Yard Breaststroke,2022,4A-3A,Jed Garner,Clarksburg,55.49,pdfs/Winter record book.pdf,77,2026-08-02T19:57:56Z,glm-5.2:cloud
Boys Swimming & Diving,100 Yard Breaststroke,2022,3A-2A-1A,Toby Barnett,Rockville,55.09,pdfs/Winter record book.pdf,77,2026-08-02T19:57:56Z,glm-5.2:cloud
Boys Swimming & Diving,100 Yard Breaststroke,2023,4A-3A,Jed Garner,Clarksburg,54.62,pdfs/Winter record book.pdf,77,2026-08-02T19:57:56Z,glm-5.2:cloud
Boys Swimming & Diving,100 Yard Breaststroke,2023,3A-2A-1A,Toby Barnett,Rockville,54.61,pdfs/Winter record book.pdf,77,2026-08-02T19:57:56Z,glm-5.2:cloud
Boys Swimming & Diving,100 Yard Breaststroke,2024,4A-3A,Brian Wilbur,Sherwood,55.45,pdfs/Winter record book.pdf,77,2026-08-02T19:57:56Z,glm-5.2:cloud
Boys Swimming & Diving,100 Yard Breaststroke,2024,3A-2A-1A,Linus Ament,Rockville,58.83,pdfs/Winter record book.pdf,77,2026-08-02T19:57:56Z,glm-5.2:cloud
Boys Swimming & Diving,100 Yard Breaststroke,2025,4A-3A,Luc Dionne,Walter Johnson,55.67,pdfs/Winter record book.pdf,77,2026-08-02T19:57:56Z,glm-5.2:cloud
Boys Swimming & Diving,100 Yard Breaststroke,2025,3A-2A-1A,Ethan Qian,,58.57,pdfs/Winter record book.pdf,77,2026-08-02T19:57:56Z,glm-5.2:cloud
Boys Swimming & Diving,400 Yard Freestyle Relay,2007,4A-3A,,Fallston,3:23.67,pdfs/Winter record book.pdf,77,2026-08-02T19:57:56Z,glm-5.2:cloud
Boys Swimming & Diving,400 Yard Freestyle Relay,2007,3A-2A-1A,,Middletown,3:30.40,pdfs/Winter record book.pdf,77,2026-08-02T19:57:56Z,glm-5.2:cloud
Boys Swimming & Diving,400 Yard Freestyle Relay,2008,4A-3A,,Broadneck,3:26.11,pdfs/Winter record book.pdf,77,2026-08-02T19:57:56Z,glm-5.2:cloud
Boys Swimming & Diving,400 Yard Freestyle Relay,2008,3A-2A-1A,,Fallston,3:27.46,pdfs/Winter record book.pdf,77,2026-08-02T19:57:56Z,glm-5.2:cloud
Boys Swimming & Diving,400 Yard Freestyle Relay,2009,4A-3A,,Broadneck,3:23.71,pdfs/Winter record book.pdf,77,2026-08-02T19:57:56Z,glm-5.2:cloud
Boys Swimming & Diving,400 Yard Freestyle Relay,2009,3A-2A-1A,,Fallston,3:28.72,pdfs/Winter record book.pdf,77,2026-08-02T19:57:56Z,glm-5.2:cloud
Boys Swimming & Diving,400 Yard Freestyle Relay,2010,4A-3A,,Gov. Thomas Johnson,3:27.41,pdfs/Winter record book.pdf,77,2026-08-02T19:57:56Z,glm-5.2:cloud
Boys Swimming & Diving,400 Yard Freestyle Relay,2010,3A-2A-1A,,North Harford,3:28.33,pdfs/Winter record book.pdf,77,2026-08-02T19:57:56Z,glm-5.2:cloud
Boys Swimming & Diving,400 Yard Freestyle Relay,2011,4A-3A,,Severna Park,3:23.23,pdfs/Winter record book.pdf,77,2026-08-02T19:57:56Z,glm-5.2:cloud
Boys Swimming & Diving,400 Yard Freestyle Relay,2011,3A-2A-1A,,Stephen Decatur,3:29.74,pdfs/Winter record book.pdf,77,2026-08-02T19:57:56Z,glm-5.2:cloud
Boys Swimming & Diving,400 Yard Freestyle Relay,2012,4A-3A,,Walter Johnson,3:12.25,pdfs/Winter record book.pdf,77,2026-08-02T19:57:56Z,glm-5.2:cloud
Boys Swimming & Diving,400 Yard Freestyle Relay,2012,3A-2A-1A,,Poolesville,3:24.13,pdfs/Winter record book.pdf,77,2026-08-02T19:57:56Z,glm-5.2:cloud
Boys Swimming & Diving,400 Yard Freestyle Relay,2013,4A-3A,,Winston Churchill,3:13.92,pdfs/Winter record book.pdf,77,2026-08-02T19:57:56Z,glm-5.2:cloud
Boys Swimming & Diving,400 Yard Freestyle Relay,2013,3A-2A-1A,,Poolesville,3:21.85,pdfs/Winter record book.pdf,77,2026-08-02T19:57:56Z,glm-5.2:cloud
Boys Swimming & Diving,400 Yard Freestyle Relay,2014,4A-3A,,Walt Whitman,3:13.14,pdfs/Winter record book.pdf,77,2026-08-02T19:57:56Z,glm-5.2:cloud
Boys Swimming & Diving,400 Yard Freestyle Relay,2014,3A-2A-1A,,Poolesville,3:19.30,pdfs/Winter record book.pdf,77,2026-08-02T19:57:56Z,glm-5.2:cloud
Boys Swimming & Diving,400 Yard Freestyle Relay,2015,4A-3A,,Montgomery Blair,3:14.66,pdfs/Winter record book.pdf,77,2026-08-02T19:57:56Z,glm-5.2:cloud
Boys Swimming & Diving,400 Yard Freestyle Relay,2015,3A-2A-1A,,Damascus,3:27.83,pdfs/Winter record book.pdf,77,2026-08-02T19:57:56Z,glm-5.2:cloud
Boys Swimming & Diving,400 Yard Freestyle Relay,2016,4A-3A,,Bethesda-Chevy Chase,3:12.98,pdfs/Winter record book.pdf,77,2026-08-02T19:57:56Z,glm-5.2:cloud
Boys Swimming & Diving,400 Yard Freestyle Relay,2016,3A-2A-1A,,Rockville,3:18.43,pdfs/Winter record book.pdf,77,2026-08-02T19:57:56Z,glm-5.2:cloud
Boys Swimming & Diving,400 Yard Freestyle Relay,2017,4A-3A,,Winston Churchill,3:10.33,pdfs/Winter record book.pdf,77,2026-08-02T19:57:56Z,glm-5.2:cloud
Boys Swimming & Diving,400 Yard Freestyle Relay,2017,3A-2A-1A,,Middletown,3:15.99,pdfs/Winter record book.pdf,77,2026-08-02T19:57:56Z,glm-5.2:cloud
Boys Swimming & Diving,400 Yard Freestyle Relay,2018,4A-3A,,Richard Montgomery,3:10.34,pdfs/Winter record book.pdf,77,2026-08-02T19:57:56Z,glm-5.2:cloud
Boys Swimming & Diving,400 Yard Freestyle Relay,2018,3A-2A-1A,,Patterson Mill,3:20.72,pdfs/Winter record book.pdf,77,2026-08-02T19:57:56Z,glm-5.2:cloud
Boys Swimming & Diving,400 Yard Freestyle Relay,2019,4A-3A,,Winston Churchill,3:09.34,pdfs/Winter record book.pdf,77,2026-08-02T19:57:56Z,glm-5.2:cloud
Boys Swimming & Diving,400 Yard Freestyle Relay,2019,3A-2A-1A,,Patterson Mill,3:17.03,pdfs/Winter record book.pdf,77,2026-08-02T19:57:56Z,glm-5.2:cloud
Boys Swimming & Diving,400 Yard Freestyle Relay,2020,4A-3A,,Walt Whitman,3:06.15,pdfs/Winter record book.pdf,77,2026-08-02T19:57:56Z,glm-5.2:cloud
Boys Swimming & Diving,400 Yard Freestyle Relay,2020,3A-2A-1A,,Poolesville,3:14.29,pdfs/Winter record book.pdf,77,2026-08-02T19:57:56Z,glm-5.2:cloud
Wrestling,Boys 106,2012,Combined,Austin Shaffer,Southern-Garrett,,pdfs/Winter record book.pdf,81,2026-08-02T19:58:47Z,glm-5.2:cloud
Wrestling,Boys 106,2013,Combined,Nick Miller,Williamsport,,pdfs/Winter record book.pdf,81,2026-08-02T19:58:47Z,glm-5.2:cloud
Wrestling,Boys 106,2014,Combined,Danny Bertoni,Middletown,,pdfs/Winter record book.pdf,81,2026-08-02T19:58:47Z,glm-5.2:cloud
Wrestling,Boys 106,2015,Combined,Joey Thomas,South Carroll,,pdfs/Winter record book.pdf,81,2026-08-02T19:58:47Z,glm-5.2:cloud
Wrestling,Boys 106,2016,Combined,Chris Spano,Marriotts Ridge,,pdfs/Winter record book.pdf,81,2026-08-02T19:58:47Z,glm-5.2:cloud
Wrestling,Boys 106,2017,Combined,Daiquan Anderson,Oakland Mills,,pdfs/Winter record book.pdf,81,2026-08-02T19:58:47Z,glm-5.2:cloud
Wrestling,Boys 106,2018,Combined,Alex DuFour,Owings Mills,,pdfs/Winter record book.pdf,81,2026-08-02T19:58:47Z,glm-5.2:cloud
Wrestling,Boys 106,2019,Combined,Jesse Fresh,Mountain Ridge,,pdfs/Winter record book.pdf,81,2026-08-02T19:58:47Z,glm-5.2:cloud
Wrestling,Boys 106,2020,Combined,Michael Pizzuto,South Carroll,,pdfs/Winter record book.pdf,81,2026-08-02T19:58:47Z,glm-5.2:cloud
Wrestling,Boys 106,2022,Combined,Tyler Garvin,Rising Sun,,pdfs/Winter record book.pdf,81,2026-08-02T19:58:47Z,glm-5.2:cloud
Wrestling,Boys 106,2023,Combined,Elijah Collick,Stephen Decatur,,pdfs/Winter record book.pdf,81,2026-08-02T19:58:47Z,glm-5.2:cloud
Wrestling,Boys 106,2024,Combined,Grayson Barnhill,South Carroll,,pdfs/Winter record book.pdf,81,2026-08-02T19:58:47Z,glm-5.2:cloud
Wrestling,Boys 106,2025,Combined,Wyatt Rossi,Sparrows Point,,pdfs/Winter record book.pdf,81,2026-08-02T19:58:47Z,glm-5.2:cloud
Wrestling,Boys 113,2012,Combined,Anthony Rivera,Parkside,,pdfs/Winter record book.pdf,81,2026-08-02T19:58:47Z,glm-5.2:cloud
Wrestling,Boys 113,2013,Combined,Tim Norton,Catoctin,,pdfs/Winter record book.pdf,81,2026-08-02T19:58:47Z,glm-5.2:cloud
Wrestling,Boys 113,2014,Combined,Austin Shaffer,Southern-G,,pdfs/Winter record book.pdf,81,2026-08-02T19:58:47Z,glm-5.2:cloud
Wrestling,Boys 113,2015,Combined,Tim Null,South Carroll,,pdfs/Winter record book.pdf,81,2026-08-02T19:58:47Z,glm-5.2:cloud
Wrestling,Boys 113,2016,Combined,Joey Thomas,South Carroll,,pdfs/Winter record book.pdf,81,2026-08-02T19:58:47Z,glm-5.2:cloud
Wrestling,Boys 113,2017,Combined,Zach Bryant,Catoctin,,pdfs/Winter record book.pdf,81,2026-08-02T19:58:47Z,glm-5.2:cloud
Wrestling,Boys 113,2018,Combined,Zach Bryant,Catoctin,,pdfs/Winter record book.pdf,81,2026-08-02T19:58:47Z,glm-5.2:cloud
Wrestling,Boys 113,2019,Combined,Alex DuFour,Owings Mills,,pdfs/Winter record book.pdf,81,2026-08-02T19:58:47Z,glm-5.2:cloud
Wrestling,Boys 113,2020,Combined,Jacob Brenneman,Northern-G,,pdfs/Winter record book.pdf,81,2026-08-02T19:58:47Z,glm-5.2:cloud
Wrestling,Boys 113,2022,Combined,Zach Starr,Williamsport,,pdfs/Winter record book.pdf,81,2026-08-02T19:58:47Z,glm-5.2:cloud
Wrestling,Boys 113,2023,Combined,Tyler Garvin,Rising Sun,,pdfs/Winter record book.pdf,81,2026-08-02T19:58:47Z,glm-5.2:cloud
Wrestling,Boys 113,2024,Combined,Elijah Collick,Stephen Decatur,,pdfs/Winter record book.pdf,81,2026-08-02T19:58:47Z,glm-5.2:cloud
Wrestling,Boys 113,2025,Combined,Ethan Valdisera,Calvert,,pdfs/Winter record book.pdf,81,2026-08-02T19:58:47Z,glm-5.2:cloud
Wrestling,Boys 120,2012,Combined,Tejon Anthony,Western STES,,pdfs/Winter record book.pdf,81,2026-08-02T19:58:47Z,glm-5.2:cloud
Wrestling,Boys 120,2013,Combined,Anthoney Savage,Oakdale,,pdfs/Winter record book.pdf,81,2026-08-02T19:58:47Z,glm-5.2:cloud
Wrestling,Boys 120,2014,Combined,Chris Brown,Perryville,,pdfs/Winter record book.pdf,81,2026-08-02T19:58:47Z,glm-5.2:cloud
Wrestling,Boys 120,2015,Combined,Devan Hamrick,Southern-G,,pdfs/Winter record book.pdf,81,2026-08-02T19:58:47Z,glm-5.2:cloud
Wrestling,Boys 120,2016,Combined,Cameron Butler,La Plata,,pdfs/Winter record book.pdf,81,2026-08-02T19:58:47Z,glm-5.2:cloud
Wrestling,Boys 120,2017,Combined,Travis Crawford,South Carroll,,pdfs/Winter record book.pdf,81,2026-08-02T19:58:47Z,glm-5.2:cloud
Wrestling,Boys 120,2018,Combined,Phil Smith,Owings Mills,,pdfs/Winter record book.pdf,81,2026-08-02T19:58:47Z,glm-5.2:cloud
Wrestling,Boys 120,2019,Combined,Alex Carbonell,Poolesville,,pdfs/Winter record book.pdf,81,2026-08-02T19:58:47Z,glm-5.2:cloud
Wrestling,Boys 120,2020,Combined,Gage Owen,South Carroll,,pdfs/Winter record book.pdf,81,2026-08-02T19:58:47Z,glm-5.2:cloud
Wrestling,Boys 120,2022,Combined,Dom Ambrosino,Sparrows Point,,pdfs/Winter record book.pdf,81,2026-08-02T19:58:47Z,glm-5.2:cloud
Wrestling,Boys 120,2023,Combined,JoJo Gigliotti,South Carroll,,pdfs/Winter record book.pdf,81,2026-08-02T19:58:47Z,glm-5.2:cloud
Wrestling,Boys 120,2024,Combined,Tyler Garvin,Rising Sun,,pdfs/Winter record book.pdf,81,2026-08-02T19:58:47Z,glm-5.2:cloud
Wrestling,Boys 120,2025,Combined,Eli Gabrielson,South Carroll,,pdfs/Winter record book.pdf,81,2026-08-02T19:58:47Z,glm-5.2:cloud
Wrestling,Boys 126,1971,Combined,Tim Rowan,High Point,,pdfs/Winter record book.pdf,81,2026-08-02T19:58:47Z,glm-5.2:cloud
Wrestling,Boys 126,1972,Combined,Gary Felton,High Point,,pdfs/Winter record book.pdf,81,2026-08-02T19:58:47Z,glm-5.2:cloud
Wrestling,Boys 126,1973,Combined,Tom DiCarlo,Overlea,,pdfs/Winter record book.pdf,81,2026-08-02T19:58:47Z,glm-5.2:cloud
Wrestling,Boys 126,1974,Combined,Mark Watson,Kennedy,,pdfs/Winter record book.pdf,81,2026-08-02T19:58:47Z,glm-5.2:cloud
Wrestling,Boys 126,1975,Combined,Charlie Metz,Bel Air,,pdfs/Winter record book.pdf,81,2026-08-02T19:58:47Z,glm-5.2:cloud
Wrestling,Boys 126,1976,Combined,Bruce Backer,Wootton,,pdfs/Winter record book.pdf,81,2026-08-02T19:58:47Z,glm-5.2:cloud
Wrestling,Boys 126,1977,Combined,Mike Pitzer,Laurel,,pdfs/Winter record book.pdf,81,2026-08-02T19:58:47Z,glm-5.2:cloud
Wrestling,Boys 126,1978,Combined,Doug Lombard,Old Mill,,pdfs/Winter record book.pdf,81,2026-08-02T19:58:47Z,glm-5.2:cloud
Wrestling,Boys 126,1979,Combined,Nate Thorne,Largo,,pdfs/Winter record book.pdf,81,2026-08-02T19:58:47Z,glm-5.2:cloud
Wrestling,Boys 126,1980,Combined,Marty Bowser,Bowie,,pdfs/Winter record book.pdf,81,2026-08-02T19:58:47Z,glm-5.2:cloud
Wrestling,Boys 126,1981,Combined,George Claxton,Severna Park,,pdfs/Winter record book.pdf,81,2026-08-02T19:58:47Z,glm-5.2:cloud
Wrestling,Boys 126,1982,Combined,Brian Boyle,Oakland Mills,,pdfs/Winter record book.pdf,81,2026-08-02T19:58:47Z,glm-5.2:cloud
Wrestling,Boys 126,1983,Combined,Chuck Sturm,Old Mill,,pdfs/Winter record book.pdf,81,2026-08-02T19:58:47Z,glm-5.2:cloud
Wrestling,Boys 126,1984,Combined,Ray Carpenter,St. Michaels,,pdfs/Winter record book.pdf,81,2026-08-02T19:58:47Z,glm-5.2:cloud
Wrestling,Boys 126,1985,Combined,Billy Richins,Wicomico,,pdfs/Winter record book.pdf,81,2026-08-02T19:58:47Z,glm-5.2:cloud
Wrestling,Boys 126,1986,Combined,Timmy Allender,Perry Hall,,pdfs/Winter record book.pdf,81,2026-08-02T19:58:47Z,glm-5.2:cloud
Wrestling,Boys 126,1987,Combined,Randy Grant,Largo,,pdfs/Winter record book.pdf,81,2026-08-02T19:58:47Z,glm-5.2:cloud
Wrestling,Boys 126,1988,Combined,Jack Eichelberger,Williamsport,,pdfs/Winter record book.pdf,81,2026-08-02T19:58:47Z,glm-5.2:cloud
Wrestling,Boys 126,1989,Combined,Chris Birth,Bel Air,,pdfs/Winter record book.pdf,81,2026-08-02T19:58:47Z,glm-5.2:cloud
Wrestling,Boys 126,2012,Combined,Adam Martz,Mountain Ridge,,pdfs/Winter record book.pdf,81,2026-08-02T19:58:47Z,glm-5.2:cloud
Wrestling,Boys 126,2013,Combined,Jaiveion Turner,Cambridge/SD,,pdfs/Winter record book.pdf,81,2026-08-02T19:58:47Z,glm-5.2:cloud
Wrestling,Boys 126,2014,Combined,Anthoney Savage,Oakdale,,pdfs/Winter record book.pdf,81,2026-08-02T19:58:47Z,glm-5.2:cloud
Wrestling,Boys 126,2015,Combined,Danny Bertoni,Middletown,,pdfs/Winter record book.pdf,81,2026-08-02T19:58:47Z,glm-5.2:cloud
Wrestling,Boys 126,2016,Combined,Justin Beckley,Williamsport,,pdfs/Winter record book.pdf,81,2026-08-02T19:58:47Z,glm-5.2:cloud
Wrestling,Boys 126,2017,Combined,Joey Thomas,South Carroll,,pdfs/Winter record book.pdf,81,2026-08-02T19:58:47Z,glm-5.2:cloud
Wrestling,Boys 126,2018,Combined,Johnny McLaughlin,Damascus,,pdfs/Winter record book.pdf,81,2026-08-02T19:58:47Z,glm-5.2:cloud
Wrestling,Boys 126,2019,Combined,Maximus Bentley,Easton,,pdfs/Winter record book.pdf,81,2026-08-02T19:58:47Z,glm-5.2:cloud
Wrestling,Boys 126,2020,Combined,AJ Rodrigues,South Carroll,,pdfs/Winter record book.pdf,81,2026-08-02T19:58:47Z,glm-5.2:cloud
Wrestling,Boys 126,2022,Combined,Michael Pizzuto,South Carroll,,pdfs/Winter record book.pdf,81,2026-08-02T19:58:47Z,glm-5.2:cloud
Wrestling,Boys 126,2023,Combined,Owen Bell,Hereford,,pdfs/Winter record book.pdf,81,2026-08-02T19:58:47Z,glm-5.2:cloud
Wrestling,Boys 126,2024,Combined,Tanner Halling,Boonsboro,,pdfs/Winter record book.pdf,81,2026-08-02T19:58:47Z,glm-5.2:cloud
Wrestling,Boys 126,2025,Combined,Elijah Collick,Stephen Decatur,,pdfs/Winter record book.pdf,81,2026-08-02T19:58:47Z,glm-5.2:cloud
Wrestling,Boys 132,1971,Combined,Harry Owings,Francis Scott Key,,pdfs/Winter record book.pdf,81,2026-08-02T19:58:47Z,glm-5.2:cloud
Wrestling,Boys 132,1972,Combined,Bob Long,Patapsco,,pdfs/Winter record book.pdf,81,2026-08-02T19:58:47Z,glm-5.2:cloud
Wrestling,Boys 132,1973,Combined,Dave Hoeck,North Harford,,pdfs/Winter record book.pdf,81,2026-08-02T19:58:47Z,glm-5.2:cloud
Wrestling,Boys 132,1974,Combined,Craig March,Paint Branch,,pdfs/Winter record book.pdf,81,2026-08-02T19:58:47Z,glm-5.2:cloud
Wrestling,Boys 132,1975,Combined,Kevin Figge,Crossland,,pdfs/Winter record book.pdf,81,2026-08-02T19:58:47Z,glm-5.2:cloud
Wrestling,Boys 132,1976,Combined,Bob Wilson,Edgewood,,pdfs/Winter record book.pdf,81,2026-08-02T19:58:47Z,glm-5.2:cloud
Wrestling,Boys 132,1977,Combined,Dave Pottorff,Bowie,,pdfs/Winter record book.pdf,81,2026-08-02T19:58:47Z,glm-5.2:cloud
Wrestling,Boys 132,1978,Combined,Joe White,Seneca Valley,,pdfs/Winter record book.pdf,81,2026-08-02T19:58:47Z,glm-5.2:cloud
Wrestling,Boys 132,1979,Combined,Joe White,Seneca Valley,,pdfs/Winter record book.pdf,81,2026-08-02T19:58:47Z,glm-5.2:cloud
Wrestling,Boys 132,1980,Combined,Dan Reese,Peary,,pdfs/Winter record book.pdf,81,2026-08-02T19:58:47Z,glm-5.2:cloud
Wrestling,Boys 132,1981,Combined,Rich Baughman,Perry Hall,,pdfs/Winter record book.pdf,81,2026-08-02T19:58:47Z,glm-5.2:cloud
Wrestling,Boys 132,1982,Combined,Jeff Malcolm,Wicomico,,pdfs/Winter record book.pdf,81,2026-08-02T19:58:47Z,glm-5.2:cloud
Wrestling,Boys 132,1983,Combined,Clay Bennett,Bel Air,,pdfs/Winter record book.pdf,81,2026-08-02T19:58:47Z,glm-5.2:cloud
Wrestling,Boys 132,1984,Combined,Steve Mosier,Annapolis,,pdfs/Winter record book.pdf,81,2026-08-02T19:58:47Z,glm-5.2:cloud
Wrestling,Boys 132,1985,Combined,Jack Hedger,Wicomico,,pdfs/Winter record book.pdf,81,2026-08-02T19:58:47Z,glm-5.2:cloud
Wrestling,Boys 132,1986,Combined,Gavin McGinty,Wicomico,,pdfs/Winter record book.pdf,81,2026-08-02T19:58:47Z,glm-5.2:cloud
Wrestling,Boys 132,1987,Combined,Ron Howard,Old Mill,,pdfs/Winter record book.pdf,81,2026-08-02T19:58:47Z,glm-5.2:cloud
Wrestling,Boys 132,1988,Combined,Jeff Rosenberg,Oakland Mills,,pdfs/Winter record book.pdf,81,2026-08-02T19:58:47Z,glm-5.2:cloud
Wrestling,Boys 132,2012,Combined,Zach Cullison,Fallston,,pdfs/Winter record book.pdf,81,2026-08-02T19:58:47Z,glm-5.2:cloud
Wrestling,Boys 132,2013,Combined,Charles Perella,Catoctin,,pdfs/Winter record book.pdf,81,2026-08-02T19:58:47Z,glm-5.2:cloud
Wrestling,Boys 132,2014,Combined,Stevan Smith,Kent Island,,pdfs/Winter record book.pdf,81,2026-08-02T19:58:47Z,glm-5.2:cloud
Wrestling,Boys 132,2015,Combined,Owen Rill,North Carroll,,pdfs/Winter record book.pdf,81,2026-08-02T19:58:47Z,glm-5.2:cloud
Wrestling,Boys 132,2016,Combined,Danny Bertoni,Middletown,,pdfs/Winter record book.pdf,81,2026-08-02T19:58:47Z,glm-5.2:cloud
Wrestling,Boys 132,2017,Combined,Max Hammond,Sparrows Point,,pdfs/Winter record book.pdf,81,2026-08-02T19:58:47Z,glm-5.2:cloud
Wrestling,Boys 132,2018,Combined,Jared Thomas,Glenelg,,pdfs/Winter record book.pdf,81,2026-08-02T19:58:47Z,glm-5.2:cloud
Wrestling,Boys 132,2019,Combined,Ryan Bauer,North Caroline,,pdfs/Winter record book.pdf,81,2026-08-02T19:58:47Z,glm-5.2:cloud
Wrestling,Boys 132,2020,Combined,Nico D'Amico,Stephen Decatur,,pdfs/Winter record book.pdf,81,2026-08-02T19:58:47Z,glm-5.2:cloud
Wrestling,Boys 132,2022,Combined,Gage Owen,South Carroll,,pdfs/Winter record book.pdf,81,2026-08-02T19:58:47Z,glm-5.2:cloud
Wrestling,Boys 132,2023,Combined,Logan Intrieri,Stephen Decatur,,pdfs/Winter record book.pdf,81,2026-08-02T19:58:47Z,glm-5.2:cloud
Wrestling,Boys 132,2024,Combined,JoJo Gigliotti,South Carroll,,pdfs/Winter record book.pdf,81,2026-08-02T19:58:47Z,glm-5.2:cloud
Wrestling,Boys 132,2025,Combined,Tanner Halling,Boonsboro,,pdfs/Winter record book.pdf,81,2026-08-02T19:58:47Z,glm-5.2:cloud
Wrestling,Boys 138,1971,Combined,Richard Meister,Laurel,,pdfs/Winter record book.pdf,81,2026-08-02T19:58:47Z,glm-5.2:cloud
Wrestling,Boys 138,1972,Combined,Jerry Nieves,Arundel,,pdfs/Winter record book.pdf,81,2026-08-02T19:58:47Z,glm-5.2:cloud
Wrestling,Boys 138,1973,Combined,Kelly Ward,Kennedy,,pdfs/Winter record book.pdf,81,2026-08-02T19:58:47Z,glm-5.2:cloud
Wrestling,Boys 138,1974,Combined,Steve Hoff,Westminster,,pdfs/Winter record book.pdf,81,2026-08-02T19:58:47Z,glm-5.2:cloud
Wrestling,Boys 138,1975,Combined,Ray Finch,Westminster,,pdfs/Winter record book.pdf,81,2026-08-02T19:58:47Z,glm-5.2:cloud
Wrestling,Boys 138,1976,Combined,Walt Puller,Northeast-AA,,pdfs/Winter record book.pdf,81,2026-08-02T19:58:47Z,glm-5.2:cloud
Wrestling,Boys 138,1977,Combined,Paul Blankenship,Patapsco,,pdfs/Winter record book.pdf,81,2026-08-02T19:58:47Z,glm-5.2:cloud
Wrestling,Boys 138,1978,Combined,Dave Framm,Churchill,,pdfs/Winter record book.pdf,81,2026-08-02T19:58:47Z,glm-5.2:cloud
Wrestling,Boys 138,1979,Combined,David Ryon,Northwestern-PG,,pdfs/Winter record book.pdf,81,2026-08-02T19:58:47Z,glm-5.2:cloud
Wrestling,Boys 138,1980,Combined,Arnold Sing,Oakland Mills,,pdfs/Winter record book.pdf,81,2026-08-02T19:58:47Z,glm-5.2:cloud
Wrestling,Boys 138,1981,Combined,Tim Schoen,Chesapeake-B,,pdfs/Winter record book.pdf,81,2026-08-02T19:58:47Z,glm-5.2:cloud
Wrestling,Boys 138,1982,Combined,Brian Comer,DuVal,,pdfs/Winter record book.pdf,81,2026-08-02T19:58:47Z,glm-5.2:cloud
Wrestling,Boys 138,1983,Combined,Glenn Allen,North Harford,,pdfs/Winter record book.pdf,81,2026-08-02T19:58:47Z,glm-5.2:cloud
Wrestling,Boys 138,1984,Combined,Mark Holbrook,Churchill,,pdfs/Winter record book.pdf,81,2026-08-02T19:58:47Z,glm-5.2:cloud
Wrestling,Boys 138,1985,Combined,Tony Porzillo,Arundel,,pdfs/Winter record book.pdf,81,2026-08-02T19:58:47Z,glm-5.2:cloud
Wrestling,Boys 138,1986,Combined,Derrick Asbell,Randallstown,,pdfs/Winter record book.pdf,81,2026-08-02T19:58:47Z,glm-5.2:cloud
Wrestling,Boys 138,1987,Combined,Ryan Davis,Beall,,pdfs/Winter record book.pdf,81,2026-08-02T19:58:47Z,glm-5.2:cloud
Wrestling,Boys 138,1988,Combined,Reggie Ames,Wicomico,,pdfs/Winter record book.pdf,81,2026-08-02T19:58:47Z,glm-5.2:cloud
Wrestling,Boys 138,2012,Combined,Wes Cook,Winters Mill,,pdfs/Winter record book.pdf,81,2026-08-02T19:58:47Z,glm-5.2:cloud
Wrestling,Boys 138,2013,Combined,Trayvon Wright,Pikesville,,pdfs/Winter record book.pdf,81,2026-08-02T19:58:47Z,glm-5.2:cloud
Wrestling,Boys 138,2014,Combined,Wayne Wivell,Catoctin,,pdfs/Winter record book.pdf,81,2026-08-02T19:58:47Z,glm-5.2:cloud
Wrestling,Boys 138,2015,Combined,Jamar Williams,South Carroll,,pdfs/Winter record book.pdf,81,2026-08-02T19:58:47Z,glm-5.2:cloud
Wrestling,Boys 138,2016,Combined,Devan Hamrick,Southern-G,,pdfs/Winter record book.pdf,81,2026-08-02T19:58:47Z,glm-5.2:cloud
Wrestling,Boys 138,2017,Combined,Danny Bertoni,Middletown,,pdfs/Winter record book.pdf,81,2026-08-02T19:58:47Z,glm-5.2:cloud
Wrestling,Boys 138,2018,Combined,Alex Blake,La Plata,,pdfs/Winter record book.pdf,81,2026-08-02T19:58:47Z,glm-5.2:cloud
Wrestling,Boys 138,2019,Combined,Phil Smith,Owings Mills,,pdfs/Winter record book.pdf,81,2026-08-02T19:58:47Z,glm-5.2:cloud
Wrestling,Boys 138,2020,Combined,Maximus Bentley,Easton,,pdfs/Winter record book.pdf,81,2026-08-02T19:58:47Z,glm-5.2:cloud
Wrestling,Boys 138,2022,Combined,Sam Stempler,Poolesville,,pdfs/Winter record book.pdf,81,2026-08-02T19:58:47Z,glm-5.2:cloud
Wrestling,Boys 138,2023,Combined,Jacob Brenneman,Northern-G,,pdfs/Winter record book.pdf,81,2026-08-02T19:58:47Z,glm-5.2:cloud
Wrestling,Boys 138,2024,Combined,Brian Davis,Calvert,,pdfs/Winter record book.pdf,81,2026-08-02T19:58:47Z,glm-5.2:cloud
Wrestling,Boys 138,2025,Combined,Evan Owen,South Carroll,,pdfs/Winter record book.pdf,81,2026-08-02T19:58:47Z,glm-5.2:cloud
Wrestling,Boys 144,2024,Combined,Calvin Kraisser,Centennial,,pdfs/Winter record book.pdf,81,2026-08-02T19:58:47Z,glm-5.2:cloud
Wrestling,Boys 144,2025,Combined,JoJo Gigliotti,South Carroll,,pdfs/Winter record book.pdf,81,2026-08-02T19:58:47Z,glm-5.2:cloud
Wrestling,Boys 145,1970,Combined,Tyrone Neal,Southern-AA,,pdfs/Winter record book.pdf,81,2026-08-02T19:58:47Z,glm-5.2:cloud
Wrestling,Boys 145,1971,Combined,Tyrone Neal,Southern-AA,,pdfs/Winter record book.pdf,81,2026-08-02T19:58:47Z,glm-5.2:cloud
Wrestling,Boys 145,1972,Combined,Jim Seymour,Bladensburg,,pdfs/Winter record book.pdf,81,2026-08-02T19:58:47Z,glm-5.2:cloud
Wrestling,Boys 145,1973,Combined,Joe Wojocowski,Hereford,,pdfs/Winter record book.pdf,81,2026-08-02T19:58:47Z,glm-5.2:cloud
Wrestling,Boys 145,1974,Combined,Kelly Ward,Kennedy,,pdfs/Winter record book.pdf,82,2026-08-02T19:59:27Z,glm-5.2:cloud
Wrestling,Boys 145,1975,Combined,Steve Hoff,Westminster,,pdfs/Winter record book.pdf,82,2026-08-02T19:59:27Z,glm-5.2:cloud
Wrestling,Boys 145,1976,Combined,Loren Danielson,Springbrook,,pdfs/Winter record book.pdf,82,2026-08-02T19:59:27Z,glm-5.2:cloud
Wrestling,Boys 145,1977,Combined,Andy Maker,Andover,,pdfs/Winter record book.pdf,82,2026-08-02T19:59:27Z,glm-5.2:cloud
Wrestling,Boys 145,1978,Combined,Scott Parker,Annapolis,,pdfs/Winter record book.pdf,82,2026-08-02T19:59:27Z,glm-5.2:cloud
Wrestling,Boys 145,1979,Combined,Ron Mattie,Severna Park,,pdfs/Winter record book.pdf,82,2026-08-02T19:59:27Z,glm-5.2:cloud
Wrestling,Boys 145,1980,Combined,Doug Cameron,Paint Branch,,pdfs/Winter record book.pdf,82,2026-08-02T19:59:27Z,glm-5.2:cloud
Wrestling,Boys 145,1981,Combined,Joe Lineberger,Potomac,,pdfs/Winter record book.pdf,82,2026-08-02T19:59:27Z,glm-5.2:cloud
Wrestling,Boys 145,1982,Combined,Gordon Taylor,Bel Air,,pdfs/Winter record book.pdf,82,2026-08-02T19:59:27Z,glm-5.2:cloud
Wrestling,Boys 145,1983,Combined,Steve Arslanian,Bowie,,pdfs/Winter record book.pdf,82,2026-08-02T19:59:27Z,glm-5.2:cloud
Wrestling,Boys 145,1984,Combined,Brian Davis,Beall,,pdfs/Winter record book.pdf,82,2026-08-02T19:59:27Z,glm-5.2:cloud
Wrestling,Boys 145,1985,Combined,Darryl Jenkins,C. M. Wright,,pdfs/Winter record book.pdf,82,2026-08-02T19:59:27Z,glm-5.2:cloud
Wrestling,Boys 145,1986,Combined,Steve Shifflett,Smithsburg,,pdfs/Winter record book.pdf,82,2026-08-02T19:59:27Z,glm-5.2:cloud
Wrestling,Boys 145,1987,Combined,Joey Gast,Eastern Tech,,pdfs/Winter record book.pdf,82,2026-08-02T19:59:27Z,glm-5.2:cloud
Wrestling,Boys 145,1988,Combined,Tom Levin,Wootton,,pdfs/Winter record book.pdf,82,2026-08-02T19:59:27Z,glm-5.2:cloud
Wrestling,Boys 145,1989,Combined,Mike Bromley,Damascus,,pdfs/Winter record book.pdf,82,2026-08-02T19:59:27Z,glm-5.2:cloud
Wrestling,Boys 145,1990,Combined,David Foster,North Carroll,,pdfs/Winter record book.pdf,82,2026-08-02T19:59:27Z,glm-5.2:cloud
Wrestling,Boys 145,1991,Combined,Troy Charney,Douglass-PG,,pdfs/Winter record book.pdf,82,2026-08-02T19:59:27Z,glm-5.2:cloud
Wrestling,Boys 145,1992,Combined,Vernon Knox,J. M. Bennett,,pdfs/Winter record book.pdf,82,2026-08-02T19:59:27Z,glm-5.2:cloud
Wrestling,Boys 145,1993,Combined,Tim Barone,Rockville,,pdfs/Winter record book.pdf,82,2026-08-02T19:59:27Z,glm-5.2:cloud
Wrestling,Boys 145,1994,Combined,John Chucoski,Linganore,,pdfs/Winter record book.pdf,82,2026-08-02T19:59:27Z,glm-5.2:cloud
Wrestling,Boys 145,1995,Combined,Mike Dileonardi,Old Mill,,pdfs/Winter record book.pdf,82,2026-08-02T19:59:27Z,glm-5.2:cloud
Wrestling,Boys 145,1996,Combined,Steve Kessler,Owings Mills,,pdfs/Winter record book.pdf,82,2026-08-02T19:59:27Z,glm-5.2:cloud
Wrestling,Boys 145,1997,Combined,Tyrone Eaton,Northeast-AA,,pdfs/Winter record book.pdf,82,2026-08-02T19:59:27Z,glm-5.2:cloud
Wrestling,Boys 145,1998,Combined,Kevin Ferarro,Frederick,,pdfs/Winter record book.pdf,82,2026-08-02T19:59:27Z,glm-5.2:cloud
Wrestling,Boys 145,1999,Combined,Frank Edwards,Sherwood,,pdfs/Winter record book.pdf,82,2026-08-02T19:59:27Z,glm-5.2:cloud
Wrestling,Boys 145,2000,Combined,Nathan Kilchenstein,Parkside,,pdfs/Winter record book.pdf,82,2026-08-02T19:59:27Z,glm-5.2:cloud
Wrestling,Boys 145,2001,Combined,Wayne Boward,N. Hagerstown,,pdfs/Winter record book.pdf,82,2026-08-02T19:59:27Z,glm-5.2:cloud
Wrestling,Boys 145,2002,Combined,Chris Booker,Paint Branch,,pdfs/Winter record book.pdf,82,2026-08-02T19:59:27Z,glm-5.2:cloud
Wrestling,Boys 145,2003,Combined,Nathan Bachmann,Fallston,,pdfs/Winter record book.pdf,82,2026-08-02T19:59:27Z,glm-5.2:cloud
Wrestling,Boys 145,2004,Combined,Dan Caywood,Walkersville,,pdfs/Winter record book.pdf,82,2026-08-02T19:59:27Z,glm-5.2:cloud
Wrestling,Boys 145,2005,Combined,Michael Cannon,Chopticon,,pdfs/Winter record book.pdf,82,2026-08-02T19:59:27Z,glm-5.2:cloud
Wrestling,Boys 145,2006,Combined,Josh Asper,Hereford,,pdfs/Winter record book.pdf,82,2026-08-02T19:59:27Z,glm-5.2:cloud
Wrestling,Boys 145,2007,Combined,Matt Jacobs,Dulaney,,pdfs/Winter record book.pdf,82,2026-08-02T19:59:27Z,glm-5.2:cloud
Wrestling,Boys 145,2008,Combined,Tanner Shaffer,La Plata,,pdfs/Winter record book.pdf,82,2026-08-02T19:59:27Z,glm-5.2:cloud
Wrestling,Boys 145,2009,Combined,Kyle Lemmon,North Carroll,,pdfs/Winter record book.pdf,82,2026-08-02T19:59:27Z,glm-5.2:cloud
Wrestling,Boys 145,2010,Combined,Mark Colabucci,Reservoir,,pdfs/Winter record book.pdf,82,2026-08-02T19:59:27Z,glm-5.2:cloud
Wrestling,Boys 145,2011,Combined,Ron Vaughters,Old Mill,,pdfs/Winter record book.pdf,82,2026-08-02T19:59:27Z,glm-5.2:cloud
Wrestling,Boys 145,2012,Combined,Matthew Gancayo,Patuxent,,pdfs/Winter record book.pdf,82,2026-08-02T19:59:27Z,glm-5.2:cloud
Wrestling,Boys 145,2013,Combined,Wes Cook,Winters Mill,,pdfs/Winter record book.pdf,82,2026-08-02T19:59:27Z,glm-5.2:cloud
Wrestling,Boys 145,2014,Combined,Charles Perella,Catoctin,,pdfs/Winter record book.pdf,82,2026-08-02T19:59:27Z,glm-5.2:cloud
Wrestling,Boys 145,2015,Combined,Stevan Smith,Kent Island,,pdfs/Winter record book.pdf,82,2026-08-02T19:59:27Z,glm-5.2:cloud
Wrestling,Boys 145,2016,Combined,David Hollingsworth,Owings Mills,,pdfs/Winter record book.pdf,82,2026-08-02T19:59:27Z,glm-5.2:cloud
Wrestling,Boys 145,2017,Combined,David Hollingsworth,Owings Mills,,pdfs/Winter record book.pdf,82,2026-08-02T19:59:27Z,glm-5.2:cloud
Wrestling,Boys 145,2018,Combined,Ryan Lawrence,Damascus,,pdfs/Winter record book.pdf,82,2026-08-02T19:59:27Z,glm-5.2:cloud
Wrestling,Boys 145,2019,Combined,Alex Blake,La Plata,,pdfs/Winter record book.pdf,82,2026-08-02T19:59:27Z,glm-5.2:cloud
Wrestling,Boys 145,2020,Combined,Noah Reho,Stephen Decatur,,pdfs/Winter record book.pdf,82,2026-08-02T19:59:27Z,glm-5.2:cloud
Wrestling,Boys 145,2022,Combined,Ryan Ohler,Liberty,,pdfs/Winter record book.pdf,82,2026-08-02T19:59:27Z,glm-5.2:cloud
Wrestling,Boys 145,2023,Combined,Michael Pizzuto,South Carroll,,pdfs/Winter record book.pdf,82,2026-08-02T19:59:27Z,glm-5.2:cloud
Wrestling,Boys 150,2024,Combined,Russell Fary,Sparrows Point,,pdfs/Winter record book.pdf,82,2026-08-02T19:59:27Z,glm-5.2:cloud
Wrestling,Boys 150,2025,Combined,Calvin Kraisser,Centennial,,pdfs/Winter record book.pdf,82,2026-08-02T19:59:27Z,glm-5.2:cloud
Wrestling,Boys 152,1989,Combined,Tom Quigg,Aberdeen,,pdfs/Winter record book.pdf,82,2026-08-02T19:59:27Z,glm-5.2:cloud
Wrestling,Boys 152,1990,Combined,Jerry Donahoe,DuVal,,pdfs/Winter record book.pdf,82,2026-08-02T19:59:27Z,glm-5.2:cloud
Wrestling,Boys 152,1991,Combined,Jason Braithwait,Southern-AA,,pdfs/Winter record book.pdf,82,2026-08-02T19:59:27Z,glm-5.2:cloud
Wrestling,Boys 152,1992,Combined,Jesse Channell,Hereford,,pdfs/Winter record book.pdf,82,2026-08-02T19:59:27Z,glm-5.2:cloud
Wrestling,Boys 152,1993,Combined,Todd Hultgren,Old Mill,,pdfs/Winter record book.pdf,82,2026-08-02T19:59:27Z,glm-5.2:cloud
Wrestling,Boys 152,1994,Combined,Mark Chesla,Arundel,,pdfs/Winter record book.pdf,82,2026-08-02T19:59:27Z,glm-5.2:cloud
Wrestling,Boys 152,1995,Combined,Mark Chesla,Arundel,,pdfs/Winter record book.pdf,82,2026-08-02T19:59:27Z,glm-5.2:cloud
Wrestling,Boys 152,1996,Combined,Jeremy Lignelli,Glenelg,,pdfs/Winter record book.pdf,82,2026-08-02T19:59:27Z,glm-5.2:cloud
Wrestling,Boys 152,1997,Combined,Ryan Green,Linganore,,pdfs/Winter record book.pdf,82,2026-08-02T19:59:27Z,glm-5.2:cloud
Wrestling,Boys 152,1998,Combined,W. T. Ayre,North County,,pdfs/Winter record book.pdf,82,2026-08-02T19:59:27Z,glm-5.2:cloud
Wrestling,Boys 152,1999,Combined,Steve Chucoski,Urbana,,pdfs/Winter record book.pdf,82,2026-08-02T19:59:27Z,glm-5.2:cloud
Wrestling,Boys 152,2000,Combined,Frank Edwards,Sherwood,,pdfs/Winter record book.pdf,82,2026-08-02T19:59:27Z,glm-5.2:cloud
Wrestling,Boys 152,2001,Combined,Adam James,Paint Branch,,pdfs/Winter record book.pdf,82,2026-08-02T19:59:27Z,glm-5.2:cloud
Wrestling,Boys 152,2002,Combined,Fran Jackson,North Carroll,,pdfs/Winter record book.pdf,82,2026-08-02T19:59:27Z,glm-5.2:cloud
Wrestling,Boys 152,2003,Combined,Eli Black,Chopticon,,pdfs/Winter record book.pdf,82,2026-08-02T19:59:27Z,glm-5.2:cloud
Wrestling,Boys 152,2004,Combined,Chris DeVilbiss,Liberty,,pdfs/Winter record book.pdf,82,2026-08-02T19:59:27Z,glm-5.2:cloud
Wrestling,Boys 152,2005,Combined,Mike Kessler,Owings Mills,,pdfs/Winter record book.pdf,82,2026-08-02T19:59:27Z,glm-5.2:cloud
Wrestling,Boys 152,2006,Combined,Eren Civan,Whitman,,pdfs/Winter record book.pdf,82,2026-08-02T19:59:27Z,glm-5.2:cloud
Wrestling,Boys 152,2007,Combined,Bubby Graham,Annapolis,,pdfs/Winter record book.pdf,82,2026-08-02T19:59:27Z,glm-5.2:cloud
Wrestling,Boys 152,2008,Combined,Matt Cross,Bel Air,,pdfs/Winter record book.pdf,82,2026-08-02T19:59:27Z,glm-5.2:cloud
Wrestling,Boys 152,2009,Combined,Jeffrey Williams,North Carroll,,pdfs/Winter record book.pdf,82,2026-08-02T19:59:27Z,glm-5.2:cloud
Wrestling,Boys 152,2010,Combined,Martez Allen,Leonardtown,,pdfs/Winter record book.pdf,82,2026-08-02T19:59:27Z,glm-5.2:cloud
Wrestling,Boys 152,2011,Combined,Josh Llopez,LaPlata,,pdfs/Winter record book.pdf,82,2026-08-02T19:59:27Z,glm-5.2:cloud
Wrestling,Boys 152,2012,Combined,Anthony Cimorosi,Rising Sun,,pdfs/Winter record book.pdf,82,2026-08-02T19:59:27Z,glm-5.2:cloud
Wrestling,Boys 152,2013,Combined,Cody Sharkey,Winters Mill,,pdfs/Winter record book.pdf,82,2026-08-02T19:59:27Z,glm-5.2:cloud
Wrestling,Boys 152,2014,Combined,Adam Martz,Mountain Ridge,,pdfs/Winter record book.pdf,82,2026-08-02T19:59:27Z,glm-5.2:cloud
Wrestling,Boys 152,2015,Combined,Charlie Perella,Catoctin,,pdfs/Winter record book.pdf,82,2026-08-02T19:59:27Z,glm-5.2:cloud
Wrestling,Boys 152,2016,Combined,Shane Conners,South Carroll,,pdfs/Winter record book.pdf,82,2026-08-02T19:59:27Z,glm-5.2:cloud
Wrestling,Boys 152,2017,Combined,Adam Bain,Middletown,,pdfs/Winter record book.pdf,82,2026-08-02T19:59:27Z,glm-5.2:cloud
Wrestling,Boys 152,2018,Combined,Jordan Day,Northern-Garrett,,pdfs/Winter record book.pdf,82,2026-08-02T19:59:27Z,glm-5.2:cloud
Wrestling,Boys 152,2019,Combined,Owen Butler,La Plata,,pdfs/Winter record book.pdf,82,2026-08-02T19:59:27Z,glm-5.2:cloud
Wrestling,Boys 152,2020,Combined,Phil Smith,Owings Mills,,pdfs/Winter record book.pdf,82,2026-08-02T19:59:27Z,glm-5.2:cloud
Wrestling,Boys 152,2022,Combined,Jake Boog,Manchester Valley,,pdfs/Winter record book.pdf,82,2026-08-02T19:59:27Z,glm-5.2:cloud
Wrestling,Boys 152,2023,Combined,Amondre Wooden,Owings Mills,,pdfs/Winter record book.pdf,82,2026-08-02T19:59:27Z,glm-5.2:cloud
Wrestling,Boys 157,2024,Combined,Gavin Solito,Stephen Decatur,,pdfs/Winter record book.pdf,82,2026-08-02T19:59:27Z,glm-5.2:cloud
Wrestling,Boys 157,2025,Combined,William Buckler,Huntingtown,,pdfs/Winter record book.pdf,82,2026-08-02T19:59:27Z,glm-5.2:cloud
Wrestling,Boys 160,1989,Combined,Tom Boushell,Perry Hall,,pdfs/Winter record book.pdf,82,2026-08-02T19:59:27Z,glm-5.2:cloud
Wrestling,Boys 160,1990,Combined,Phil Krauss,Beall,,pdfs/Winter record book.pdf,82,2026-08-02T19:59:27Z,glm-5.2:cloud
Wrestling,Boys 160,1991,Combined,Brian Layman,Old Mill,,pdfs/Winter record book.pdf,82,2026-08-02T19:59:27Z,glm-5.2:cloud
Wrestling,Boys 160,1992,Combined,Grant Johnson,Owings Mills,,pdfs/Winter record book.pdf,82,2026-08-02T19:59:27Z,glm-5.2:cloud
Wrestling,Boys 160,1993,Combined,Al Grunder,Northeast-AA,,pdfs/Winter record book.pdf,82,2026-08-02T19:59:27Z,glm-5.2:cloud
Wrestling,Boys 160,1994,Combined,Mike Chenoweth,South Carroll,,pdfs/Winter record book.pdf,82,2026-08-02T19:59:27Z,glm-5.2:cloud
Wrestling,Boys 160,1995,Combined,Mike Chenoweth,South Carroll,,pdfs/Winter record book.pdf,82,2026-08-02T19:59:27Z,glm-5.2:cloud
Wrestling,Boys 160,1996,Combined,Shaun Andoll,Owings Mills,,pdfs/Winter record book.pdf,82,2026-08-02T19:59:27Z,glm-5.2:cloud
Wrestling,Boys 160,1997,Combined,Bo Harper,Frederick,,pdfs/Winter record book.pdf,82,2026-08-02T19:59:27Z,glm-5.2:cloud
Wrestling,Boys 160,1998,Combined,Rob Connolly,Arundel,,pdfs/Winter record book.pdf,82,2026-08-02T19:59:27Z,glm-5.2:cloud
Wrestling,Boys 160,1999,Combined,Zane Harshman,Middletown,,pdfs/Winter record book.pdf,82,2026-08-02T19:59:27Z,glm-5.2:cloud
Wrestling,Boys 160,2000,Combined,Tony Howard,Magruder,,pdfs/Winter record book.pdf,82,2026-08-02T19:59:27Z,glm-5.2:cloud
Wrestling,Boys 160,2001,Combined,Nick Durst,Beall,,pdfs/Winter record book.pdf,82,2026-08-02T19:59:27Z,glm-5.2:cloud
Wrestling,Boys 160,2002,Combined,Nick Durst,Beall,,pdfs/Winter record book.pdf,82,2026-08-02T19:59:27Z,glm-5.2:cloud
Wrestling,Boys 160,2003,Combined,Scott Church,R. Montgomery,,pdfs/Winter record book.pdf,82,2026-08-02T19:59:27Z,glm-5.2:cloud
Wrestling,Boys 160,2004,Combined,Eli Black,Chopticon,,pdfs/Winter record book.pdf,82,2026-08-02T19:59:27Z,glm-5.2:cloud
Wrestling,Boys 160,2005,Combined,Eric DuVall,Damascus,,pdfs/Winter record book.pdf,82,2026-08-02T19:59:27Z,glm-5.2:cloud
Wrestling,Boys 160,2006,Combined,Matt Bichner,Glenelg,,pdfs/Winter record book.pdf,82,2026-08-02T19:59:27Z,glm-5.2:cloud
Wrestling,Boys 160,2007,Combined,Mike Mascio,Quince Orchard,,pdfs/Winter record book.pdf,82,2026-08-02T19:59:27Z,glm-5.2:cloud
Wrestling,Boys 160,2008,Combined,Bubby Graham,Annapolis,,pdfs/Winter record book.pdf,82,2026-08-02T19:59:27Z,glm-5.2:cloud
Wrestling,Boys 160,2009,Combined,Steven Gamble,Sherwood,,pdfs/Winter record book.pdf,82,2026-08-02T19:59:27Z,glm-5.2:cloud
Wrestling,Boys 160,2010,Combined,Zeke Gammill,Damascus,,pdfs/Winter record book.pdf,82,2026-08-02T19:59:27Z,glm-5.2:cloud
Wrestling,Boys 160,2011,Combined,Connar Zimmerman,La Plata,,pdfs/Winter record book.pdf,82,2026-08-02T19:59:27Z,glm-5.2:cloud
Wrestling,Boys 160,2012,Combined,Zach Shoemaker,Williamsport,,pdfs/Winter record book.pdf,82,2026-08-02T19:59:27Z,glm-5.2:cloud
Wrestling,Boys 160,2013,Combined,Anthony Cimorosi,Rising Sun,,pdfs/Winter record book.pdf,82,2026-08-02T19:59:27Z,glm-5.2:cloud
Wrestling,Boys 160,2014,Combined,Jaron Smith,Oakland Mills,,pdfs/Winter record book.pdf,82,2026-08-02T19:59:27Z,glm-5.2:cloud
Wrestling,Boys 160,2015,Combined,Adam Martz,Mountain Ridge,,pdfs/Winter record book.pdf,82,2026-08-02T19:59:27Z,glm-5.2:cloud
Wrestling,Boys 160,2016,Combined,Jamar Williams,South Carroll,,pdfs/Winter record book.pdf,82,2026-08-02T19:59:27Z,glm-5.2:cloud
Wrestling,Boys 160,2017,Combined,Tyler Bauer,North Caroline,,pdfs/Winter record book.pdf,82,2026-08-02T19:59:27Z,glm-5.2:cloud
Wrestling,Boys 160,2018,Combined,Tyler Bauer,North Caroline,,pdfs/Winter record book.pdf,82,2026-08-02T19:59:27Z,glm-5.2:cloud
Wrestling,Boys 160,2019,Combined,Roell Ngounou,Owings Mills,,pdfs/Winter record book.pdf,82,2026-08-02T19:59:27Z,glm-5.2:cloud
Wrestling,Boys 160,2020,Combined,James Parana,Stephen Decatur,,pdfs/Winter record book.pdf,82,2026-08-02T19:59:27Z,glm-5.2:cloud
Wrestling,Boys 160,2022,Combined,AJ Rodrigues,South Carroll,,pdfs/Winter record book.pdf,82,2026-08-02T19:59:27Z,glm-5.2:cloud
Wrestling,Boys 160,2023,Combined,AJ Rodrigues,South Carroll,,pdfs/Winter record book.pdf,82,2026-08-02T19:59:27Z,glm-5.2:cloud
Wrestling,Boys 165,2024,Combined,Landon Hamper,South Carroll,,pdfs/Winter record book.pdf,82,2026-08-02T19:59:27Z,glm-5.2:cloud
Wrestling,Boys 165,2025,Combined,Zach Garvin,Rising Sun,,pdfs/Winter record book.pdf,82,2026-08-02T19:59:27Z,glm-5.2:cloud
Wrestling,Boys 170,2012,Combined,Willie Reiter,South Carroll,,pdfs/Winter record book.pdf,82,2026-08-02T19:59:27Z,glm-5.2:cloud
Wrestling,Boys 170,2013,Combined,Chase Cullison,Winters Mill,,pdfs/Winter record book.pdf,82,2026-08-02T19:59:27Z,glm-5.2:cloud
Wrestling,Boys 170,2014,Combined,Eddie Merrill,North Carroll,,pdfs/Winter record book.pdf,82,2026-08-02T19:59:27Z,glm-5.2:cloud
Wrestling,Boys 170,2015,Combined,Sidique Furet,Oakland Mills,,pdfs/Winter record book.pdf,82,2026-08-02T19:59:27Z,glm-5.2:cloud
Wrestling,Boys 170,2016,Combined,Eugene Zacrous,Perryville,,pdfs/Winter record book.pdf,82,2026-08-02T19:59:27Z,glm-5.2:cloud
Wrestling,Boys 170,2017,Combined,Jamar Williams,South Carroll,,pdfs/Winter record book.pdf,82,2026-08-02T19:59:27Z,glm-5.2:cloud
Wrestling,Boys 170,2018,Combined,Max Sotka,Glenelg,,pdfs/Winter record book.pdf,82,2026-08-02T19:59:27Z,glm-5.2:cloud
Wrestling,Boys 170,2019,Combined,Drew Sotka,Glenelg,,pdfs/Winter record book.pdf,82,2026-08-02T19:59:27Z,glm-5.2:cloud
Wrestling,Boys 170,2020,Combined,Xavier Kresslein,Poolesville,,pdfs/Winter record book.pdf,82,2026-08-02T19:59:27Z,glm-5.2:cloud
Wrestling,Boys 170,2022,Combined,Darby Bryant,Williamsport,,pdfs/Winter record book.pdf,82,2026-08-02T19:59:27Z,glm-5.2:cloud
Wrestling,Boys 170,2023,Combined,Jake Boog,Manchester Valley,,pdfs/Winter record book.pdf,82,2026-08-02T19:59:27Z,glm-5.2:cloud
Wrestling,Boys 175,2024,Combined,Anthony Rodrigues,South Carroll,,pdfs/Winter record book.pdf,82,2026-08-02T19:59:27Z,glm-5.2:cloud
Wrestling,Boys 175,2025,Combined,Ethan Vayro,Henry E. Lackey,,pdfs/Winter record book.pdf,82,2026-08-02T19:59:27Z,glm-5.2:cloud
Wrestling,Boys 182,2012,Combined,Judd Ziegler,Middletown,,pdfs/Winter record book.pdf,82,2026-08-02T19:59:27Z,glm-5.2:cloud
Wrestling,Boys 182,2013,Combined,Steven Schmitz,South Carroll,,pdfs/Winter record book.pdf,82,2026-08-02T19:59:27Z,glm-5.2:cloud
Wrestling,Boys 182,2014,Combined,Jake Pooton,South Carroll,,pdfs/Winter record book.pdf,82,2026-08-02T19:59:27Z,glm-5.2:cloud
Wrestling,Boys 182,2015,Combined,Jaron Smith,Oakland Mills,,pdfs/Winter record book.pdf,82,2026-08-02T19:59:27Z,glm-5.2:cloud
Wrestling,Boys 182,2016,Combined,Kobe Baker,Williamsport,,pdfs/Winter record book.pdf,82,2026-08-02T19:59:27Z,glm-5.2:cloud
Wrestling,Boys 182,2017,Combined,Ethan Smith,Sparrows Point,,pdfs/Winter record book.pdf,82,2026-08-02T19:59:27Z,glm-5.2:cloud
Wrestling,Boys 182,2018,Combined,Hunter Crowley,Patterson Mill,,pdfs/Winter record book.pdf,82,2026-08-02T19:59:27Z,glm-5.2:cloud
Wrestling,Boys 182,2019,Combined,Timothy Furgeson,Damascus,,pdfs/Winter record book.pdf,82,2026-08-02T19:59:27Z,glm-5.2:cloud
Wrestling,Boys 182,2020,Combined,Drew Sotka,Glenelg,,pdfs/Winter record book.pdf,82,2026-08-02T19:59:27Z,glm-5.2:cloud
Wrestling,Boys 182,2022,Combined,Gage Carr,Sparrows Point,,pdfs/Winter record book.pdf,82,2026-08-02T19:59:27Z,glm-5.2:cloud
Wrestling,Boys 182,2023,Combined,Rylan Moose,South Carroll,,pdfs/Winter record book.pdf,83,2026-08-02T19:59:43Z,glm-5.2:cloud
Wrestling,Boys 190,2024,Combined,Mason Testerman,Rising Sun,,pdfs/Winter record book.pdf,83,2026-08-02T19:59:43Z,glm-5.2:cloud
Wrestling,Boys 190,2025,Combined,Landon Hamper,South Carroll,,pdfs/Winter record book.pdf,83,2026-08-02T19:59:43Z,glm-5.2:cloud
Wrestling,Boys 195,2012,Combined,Jason Wright,Mountain Ridge,,pdfs/Winter record book.pdf,83,2026-08-02T19:59:43Z,glm-5.2:cloud
Wrestling,Boys 195,2013,Combined,Matt Olauson,Queen Anne's,,pdfs/Winter record book.pdf,83,2026-08-02T19:59:43Z,glm-5.2:cloud
Wrestling,Boys 195,2014,Combined,Matt Olauson,Queen Anne's,,pdfs/Winter record book.pdf,83,2026-08-02T19:59:43Z,glm-5.2:cloud
Wrestling,Boys 195,2015,Combined,Tucker Ziegler,Middletown,,pdfs/Winter record book.pdf,83,2026-08-02T19:59:43Z,glm-5.2:cloud
Wrestling,Boys 195,2016,Combined,Klijah Mitchell,Central-PG,,pdfs/Winter record book.pdf,83,2026-08-02T19:59:43Z,glm-5.2:cloud
Wrestling,Boys 195,2017,Combined,Alex Eaton,North Caroline,,pdfs/Winter record book.pdf,83,2026-08-02T19:59:43Z,glm-5.2:cloud
Wrestling,Boys 195,2018,Combined,Cam Farrow,Middletown,,pdfs/Winter record book.pdf,83,2026-08-02T19:59:43Z,glm-5.2:cloud
Wrestling,Boys 195,2019,Combined,Sam Alsheimer,Glenelg,,pdfs/Winter record book.pdf,83,2026-08-02T19:59:43Z,glm-5.2:cloud
Wrestling,Boys 195,2020,Combined,Lexx Carr,Sparrows Point,,pdfs/Winter record book.pdf,83,2026-08-02T19:59:43Z,glm-5.2:cloud
Wrestling,Boys 195,2022,Combined,Alex Koulikov,Stephen Decatur,,pdfs/Winter record book.pdf,83,2026-08-02T19:59:43Z,glm-5.2:cloud
Wrestling,Boys 195,2023,Combined,Adin Hastings,Williamsport,,pdfs/Winter record book.pdf,83,2026-08-02T19:59:43Z,glm-5.2:cloud
Wrestling,Boys 215,2024,Combined,Alex Hoy,Middletown,,pdfs/Winter record book.pdf,83,2026-08-02T19:59:43Z,glm-5.2:cloud
Wrestling,Boys 215,2025,Combined,Adin Hastings,Williamsport,,pdfs/Winter record book.pdf,83,2026-08-02T19:59:43Z,glm-5.2:cloud
Wrestling,Boys 220,2012,Combined,Raheem Ramsey,Wicomico,,pdfs/Winter record book.pdf,83,2026-08-02T19:59:43Z,glm-5.2:cloud
Wrestling,Boys 220,2013,Combined,Ryan Simonica,Oakdale,,pdfs/Winter record book.pdf,83,2026-08-02T19:59:43Z,glm-5.2:cloud
Wrestling,Boys 220,2014,Combined,Brock Turnbaugh,Hereford,,pdfs/Winter record book.pdf,83,2026-08-02T19:59:43Z,glm-5.2:cloud
Wrestling,Boys 220,2015,Combined,Nick Savin,Broadneck,,pdfs/Winter record book.pdf,83,2026-08-02T19:59:43Z,glm-5.2:cloud
Wrestling,Boys 220,2016,Combined,Sean Mullican,Middletown,,pdfs/Winter record book.pdf,83,2026-08-02T19:59:43Z,glm-5.2:cloud
Wrestling,Boys 220,2017,Combined,Jorden Pryor,Dunbar,,pdfs/Winter record book.pdf,83,2026-08-02T19:59:43Z,glm-5.2:cloud
Wrestling,Boys 220,2018,Combined,Tristen Cook,Boonsboro,,pdfs/Winter record book.pdf,83,2026-08-02T19:59:43Z,glm-5.2:cloud
Wrestling,Boys 220,2019,Combined,Elijah Baisden,Damascus,,pdfs/Winter record book.pdf,83,2026-08-02T19:59:43Z,glm-5.2:cloud
Wrestling,Boys 220,2020,Combined,Brandon Oyster,Williamsport,,pdfs/Winter record book.pdf,83,2026-08-02T19:59:43Z,glm-5.2:cloud
Wrestling,Boys 220,2022,Combined,Chad Hoy,Middletown,,pdfs/Winter record book.pdf,83,2026-08-02T19:59:43Z,glm-5.2:cloud
Wrestling,Boys 220,2023,Combined,Kieran Hofgesang,Middletown,,pdfs/Winter record book.pdf,83,2026-08-02T19:59:43Z,glm-5.2:cloud
Wrestling,Boys 285,2007,Combined,Alex Harper,Woodlawn,,pdfs/Winter record book.pdf,83,2026-08-02T19:59:43Z,glm-5.2:cloud
Wrestling,Boys 285,2008,Combined,Joe Waters,Wicomico,,pdfs/Winter record book.pdf,83,2026-08-02T19:59:43Z,glm-5.2:cloud
Wrestling,Boys 285,2009,Combined,Dake Williams,Quince Orchard,,pdfs/Winter record book.pdf,83,2026-08-02T19:59:43Z,glm-5.2:cloud
Wrestling,Boys 285,2010,Combined,Taylor Gload,Hereford,,pdfs/Winter record book.pdf,83,2026-08-02T19:59:43Z,glm-5.2:cloud
Wrestling,Boys 285,2011,Combined,Jamal Saunders,Bladensburg,,pdfs/Winter record book.pdf,83,2026-08-02T19:59:43Z,glm-5.2:cloud
Wrestling,Boys 285,2012,Combined,Sean Twigg,Glenelg,,pdfs/Winter record book.pdf,83,2026-08-02T19:59:43Z,glm-5.2:cloud
Wrestling,Boys 285,2013,Combined,Sean Twigg,Glenelg,,pdfs/Winter record book.pdf,83,2026-08-02T19:59:43Z,glm-5.2:cloud
Wrestling,Boys 285,2014,Combined,Brion Blades,North Caroline,,pdfs/Winter record book.pdf,83,2026-08-02T19:59:43Z,glm-5.2:cloud
Wrestling,Boys 285,2015,Combined,Kirk Robinette,Allegany,,pdfs/Winter record book.pdf,83,2026-08-02T19:59:43Z,glm-5.2:cloud
Wrestling,Boys 285,2016,Combined,Amari Latimer,Patterson,,pdfs/Winter record book.pdf,83,2026-08-02T19:59:43Z,glm-5.2:cloud
Wrestling,Boys 285,2017,Combined,Sean Mullican,Middletown,,pdfs/Winter record book.pdf,83,2026-08-02T19:59:43Z,glm-5.2:cloud
Wrestling,Boys 285,2018,Combined,Jorden Pryor,Dunbar,,pdfs/Winter record book.pdf,83,2026-08-02T19:59:43Z,glm-5.2:cloud
Wrestling,Boys 285,2019,Combined,Jorden Pryor,Dunbar,,pdfs/Winter record book.pdf,83,2026-08-02T19:59:43Z,glm-5.2:cloud
Wrestling,Boys 285,2020,Combined,Mike Collins,Parkside,,pdfs/Winter record book.pdf,83,2026-08-02T19:59:43Z,glm-5.2:cloud
Wrestling,Boys 285,2022,Combined,Max Larkin,Williamsport,,pdfs/Winter record book.pdf,83,2026-08-02T19:59:43Z,glm-5.2:cloud
Wrestling,Boys 285,2023,Combined,Austin Alexander,Col. Richardson,,pdfs/Winter record book.pdf,83,2026-08-02T19:59:43Z,glm-5.2:cloud
Wrestling,Boys 285,2024,Combined,Carter Hess,Fort Hill,,pdfs/Winter record book.pdf,83,2026-08-02T19:59:43Z,glm-5.2:cloud
Wrestling,Boys 285,2025,Combined,Amory Hills,Milford Mill Academy,,pdfs/Winter record book.pdf,83,2026-08-02T19:59:43Z,glm-5.2:cloud
Wrestling,Girls 100,2020,Combined,Jasmine Gong,T.S. Wootton,,pdfs/Winter record book.pdf,84,2026-08-02T20:00:13Z,glm-5.2:cloud
Wrestling,Girls 100,2022,Combined,Alexandra Conley,Queen Anne's,,pdfs/Winter record book.pdf,84,2026-08-02T20:00:13Z,glm-5.2:cloud
Wrestling,Girls 100,2023,Combined,Faith Day,Manchester Valley,,pdfs/Winter record book.pdf,84,2026-08-02T20:00:13Z,glm-5.2:cloud
Wrestling,Girls 100,2024,Combined,Alexandra Conley,Queen Anne's,,pdfs/Winter record book.pdf,84,2026-08-02T20:00:13Z,glm-5.2:cloud
Wrestling,Girls 100,2025,Combined,Violet Land,Marriotts Ridge,,pdfs/Winter record book.pdf,84,2026-08-02T20:00:13Z,glm-5.2:cloud
Wrestling,Girls 105,2022,Combined,Jada Chaves,Arundel,,pdfs/Winter record book.pdf,84,2026-08-02T20:00:13Z,glm-5.2:cloud
Wrestling,Girls 105,2023,Combined,Ana Martins,Col. Zadok Magruder,,pdfs/Winter record book.pdf,84,2026-08-02T20:00:13Z,glm-5.2:cloud
Wrestling,Girls 105,2024,Combined,Jada Chaves,Arundel,,pdfs/Winter record book.pdf,84,2026-08-02T20:00:13Z,glm-5.2:cloud
Wrestling,Girls 105,2025,Combined,Qluwadamilare Idowu,Randallstown,,pdfs/Winter record book.pdf,84,2026-08-02T20:00:13Z,glm-5.2:cloud
Wrestling,Girls 106,2020,Combined,Krista Kappes,Bowie,,pdfs/Winter record book.pdf,84,2026-08-02T20:00:13Z,glm-5.2:cloud
Wrestling,Girls 110,2022,Combined,Alaina Kopalchick,Perry Hall,,pdfs/Winter record book.pdf,84,2026-08-02T20:00:13Z,glm-5.2:cloud
Wrestling,Girls 110,2023,Combined,Sophia Gerstman,North Point,,pdfs/Winter record book.pdf,84,2026-08-02T20:00:13Z,glm-5.2:cloud
Wrestling,Girls 110,2024,Combined,Madison Birth,Havre de Grace,,pdfs/Winter record book.pdf,84,2026-08-02T20:00:13Z,glm-5.2:cloud
Wrestling,Girls 110,2025,Combined,Madison Birth,Havre de Grace,,pdfs/Winter record book.pdf,84,2026-08-02T20:00:13Z,glm-5.2:cloud
Wrestling,Girls 112,2020,Combined,Nina Small,Fairmont Heights,,pdfs/Winter record book.pdf,84,2026-08-02T20:00:13Z,glm-5.2:cloud
Wrestling,Girls 115,2022,Combined,Masiya Wills,Gwynn Park,,pdfs/Winter record book.pdf,84,2026-08-02T20:00:13Z,glm-5.2:cloud
Wrestling,Girls 115,2023,Combined,Domenica Gladwell,Southern-AA,,pdfs/Winter record book.pdf,84,2026-08-02T20:00:13Z,glm-5.2:cloud
Wrestling,Girls 115,2024,Combined,Domenica Gladwell,Southern-AA,,pdfs/Winter record book.pdf,84,2026-08-02T20:00:13Z,glm-5.2:cloud
Wrestling,Girls 115,2025,Combined,Katherine Virgilio,Brunswick,,pdfs/Winter record book.pdf,84,2026-08-02T20:00:13Z,glm-5.2:cloud
Wrestling,Girls 117,2020,Combined,Jen Hood,Smithsburg,,pdfs/Winter record book.pdf,84,2026-08-02T20:00:13Z,glm-5.2:cloud
Wrestling,Girls 120,2022,Combined,Emma Hardeman,Northern-Cal,,pdfs/Winter record book.pdf,84,2026-08-02T20:00:13Z,glm-5.2:cloud
Wrestling,Girls 120,2023,Combined,Jada Fowler,Oakland Mills,,pdfs/Winter record book.pdf,84,2026-08-02T20:00:13Z,glm-5.2:cloud
Wrestling,Girls 120,2024,Combined,McKinley Jovanovic,Montgomery Blair,,pdfs/Winter record book.pdf,84,2026-08-02T20:00:13Z,glm-5.2:cloud
Wrestling,Girls 120,2025,Combined,Rileigh Romberger,Smithsburg,,pdfs/Winter record book.pdf,84,2026-08-02T20:00:13Z,glm-5.2:cloud
Wrestling,Girls 122,2020,Combined,Nadia Estrada,R. Montgomery,,pdfs/Winter record book.pdf,84,2026-08-02T20:00:13Z,glm-5.2:cloud
Wrestling,Girls 125,2022,Combined,Brianna Holcomb,Northern-Cal,,pdfs/Winter record book.pdf,84,2026-08-02T20:00:13Z,glm-5.2:cloud
Wrestling,Girls 125,2023,Combined,Lexy Pabon,Crofton,,pdfs/Winter record book.pdf,84,2026-08-02T20:00:13Z,glm-5.2:cloud
Wrestling,Girls 125,2024,Combined,Lexy Pabon,Crofton,,pdfs/Winter record book.pdf,84,2026-08-02T20:00:13Z,glm-5.2:cloud
Wrestling,Girls 125,2025,Combined,Lexy Pabon,Crofton,,pdfs/Winter record book.pdf,84,2026-08-02T20:00:13Z,glm-5.2:cloud
Wrestling,Girls 127,2020,Combined,Stephanie Solloso,W. Whitman,,pdfs/Winter record book.pdf,84,2026-08-02T20:00:13Z,glm-5.2:cloud
Wrestling,Girls 130,2022,Combined,Brienna Blackwood,Meade,,pdfs/Winter record book.pdf,84,2026-08-02T20:00:13Z,glm-5.2:cloud
Wrestling,Girls 130,2023,Combined,Brianna Holcomb,Northern-Cal,,pdfs/Winter record book.pdf,84,2026-08-02T20:00:13Z,glm-5.2:cloud
Wrestling,Girls 130,2024,Combined,Anastasia Dakoulas,Rockville,,pdfs/Winter record book.pdf,84,2026-08-02T20:00:13Z,glm-5.2:cloud
Wrestling,Girls 130,2025,Combined,Anastasia Dakoulas,Rockville,,pdfs/Winter record book.pdf,84,2026-08-02T20:00:13Z,glm-5.2:cloud
Wrestling,Girls 132,2020,Combined,Sarah Sunday,Dulaney,,pdfs/Winter record book.pdf,84,2026-08-02T20:00:13Z,glm-5.2:cloud
Wrestling,Girls 135,2022,Combined,Nadia Estrada,R. Montgomery,,pdfs/Winter record book.pdf,84,2026-08-02T20:00:13Z,glm-5.2:cloud
Wrestling,Girls 135,2023,Combined,Amelia Mikus,Boonsboro,,pdfs/Winter record book.pdf,84,2026-08-02T20:00:13Z,glm-5.2:cloud
Wrestling,Girls 135,2024,Combined,Alexandra Ford,Laurel,,pdfs/Winter record book.pdf,84,2026-08-02T20:00:13Z,glm-5.2:cloud
Wrestling,Girls 135,2025,Combined,Sophia Hodges,Northeast-AA,,pdfs/Winter record book.pdf,84,2026-08-02T20:00:13Z,glm-5.2:cloud
Wrestling,Girls 138,2020,Combined,Kalin Bower,Middletown,,pdfs/Winter record book.pdf,84,2026-08-02T20:00:13Z,glm-5.2:cloud
Wrestling,Girls 140,2022,Combined,Sarah Sunday,Dulaney,,pdfs/Winter record book.pdf,84,2026-08-02T20:00:13Z,glm-5.2:cloud
Wrestling,Girls 140,2023,Combined,Taylor Mead,Westminster,,pdfs/Winter record book.pdf,84,2026-08-02T20:00:13Z,glm-5.2:cloud
Wrestling,Girls 140,2024,Combined,Aubry Spadoni,Quince Orchard,,pdfs/Winter record book.pdf,84,2026-08-02T20:00:13Z,glm-5.2:cloud
Wrestling,Girls 140,2025,Combined,Alexandra Ford,Laurel,,pdfs/Winter record book.pdf,84,2026-08-02T20:00:13Z,glm-5.2:cloud
Wrestling,Girls 144,2020,Combined,Jackalyn Heath,Mont. Blair,,pdfs/Winter record book.pdf,84,2026-08-02T20:00:13Z,glm-5.2:cloud
Wrestling,Girls 145,2022,Combined,Nebi Tsarni,Watkins Mill,,pdfs/Winter record book.pdf,84,2026-08-02T20:00:13Z,glm-5.2:cloud
Wrestling,Girls 145,2023,Combined,Nadia Estrada,R. Montgomery,,pdfs/Winter record book.pdf,84,2026-08-02T20:00:13Z,glm-5.2:cloud
Wrestling,Girls 145,2024,Combined,Daisy Rojas,La Plata,,pdfs/Winter record book.pdf,84,2026-08-02T20:00:13Z,glm-5.2:cloud
Wrestling,Girls 145,2025,Combined,Sonia Pegoue,Walter Johnson,,pdfs/Winter record book.pdf,84,2026-08-02T20:00:13Z,glm-5.2:cloud
Wrestling,Girls 152,2020,Combined,Seda Tsarni,Watkins Mill,,pdfs/Winter record book.pdf,84,2026-08-02T20:00:13Z,glm-5.2:cloud
Wrestling,Girls 155,2022,Combined,Ugochi Anunobi,Randallstown,,pdfs/Winter record book.pdf,84,2026-08-02T20:00:13Z,glm-5.2:cloud
Wrestling,Girls 155,2023,Combined,Nebi Tsarni,Watkins Mill,,pdfs/Winter record book.pdf,84,2026-08-02T20:00:13Z,glm-5.2:cloud
Wrestling,Girls 155,2024,Combined,Nebi Tsarni,Watkins Mill,,pdfs/Winter record book.pdf,84,2026-08-02T20:00:13Z,glm-5.2:cloud
Wrestling,Girls 155,2025,Combined,Reagan Ramadan,Rising Sun,,pdfs/Winter record book.pdf,84,2026-08-02T20:00:13Z,glm-5.2:cloud
Wrestling,Girls 164,2020,Combined,Jaylen Hyman,Randallstown,,pdfs/Winter record book.pdf,84,2026-08-02T20:00:13Z,glm-5.2:cloud
Wrestling,Girls 170,2022,Combined,Jabea Ewane,Watkins Mill,,pdfs/Winter record book.pdf,84,2026-08-02T20:00:13Z,glm-5.2:cloud
Wrestling,Girls 170,2023,Combined,Ugochi Anunobi,Randallstown,,pdfs/Winter record book.pdf,84,2026-08-02T20:00:13Z,glm-5.2:cloud
Wrestling,Girls 170,2024,Combined,Ugochi Anunobi,Randallstown,,pdfs/Winter record book.pdf,84,2026-08-02T20:00:13Z,glm-5.2:cloud
Wrestling,Girls 170,2025,Combined,Chaniah Bernier,Stephen Decatur,,pdfs/Winter record book.pdf,84,2026-08-02T20:00:13Z,glm-5.2:cloud
Wrestling,Girls 180,2020,Combined,Mame Thiam,Western STES,,pdfs/Winter record book.pdf,84,2026-08-02T20:00:13Z,glm-5.2:cloud
Wrestling,Girls 190,2022,Combined,Arrey Mbutambe,E. Roosevelt,,pdfs/Winter record book.pdf,84,2026-08-02T20:00:13Z,glm-5.2:cloud
Wrestling,Girls 190,2023,Combined,Jabea Ewane,Watkins Mill,,pdfs/Winter record book.pdf,84,2026-08-02T20:00:13Z,glm-5.2:cloud
Wrestling,Girls 190,2024,Combined,Azariyah Johnson,Stephen Decatur,,pdfs/Winter record book.pdf,84,2026-08-02T20:00:13Z,glm-5.2:cloud
Wrestling,Girls 190,2025,Combined,Kaylynn Bryant,Queen Anne's,,pdfs/Winter record book.pdf,84,2026-08-02T20:00:13Z,glm-5.2:cloud
Wrestling,Girls 220,2020,Combined,Arrey Mbutambe,E. Roosevelt,,pdfs/Winter record book.pdf,84,2026-08-02T20:00:13Z,glm-5.2:cloud
Wrestling,Girls 225,2020,Combined,Jocelyn Cacek,Great Mills,,pdfs/Winter record book.pdf,84,2026-08-02T20:00:13Z,glm-5.2:cloud
Wrestling,Girls 235,2022,Combined,Jocelyn Cacek,Great Mills,,pdfs/Winter record book.pdf,84,2026-08-02T20:00:13Z,glm-5.2:cloud
Wrestling,Girls 235,2023,Combined,Jocelyn Cacek,Great Mills,,pdfs/Winter record book.pdf,84,2026-08-02T20:00:13Z,glm-5.2:cloud
Wrestling,Girls 235,2024,Combined,Emily Boling,Northern-Cal,,pdfs/Winter record book.pdf,84,2026-08-02T20:00:13Z,glm-5.2:cloud
Wrestling,Girls 235,2025,Combined,Jabea Ewane,Watkins Mill,,pdfs/Winter record book.pdf,84,2026-08-02T20:00:13Z,glm-5.2:cloud
Wrestling,Boys 98,1970,Combined,Tom Hirsch,Laurel,,pdfs/Winter record book.pdf,85,2026-08-02T20:01:44Z,glm-5.2:cloud
Wrestling,Boys 98,1971,Combined,Steve Gotchall,Catonsville,,pdfs/Winter record book.pdf,85,2026-08-02T20:01:44Z,glm-5.2:cloud
Wrestling,Boys 98,1972,Combined,Dale Schooley,Gaithersburg,,pdfs/Winter record book.pdf,85,2026-08-02T20:01:44Z,glm-5.2:cloud
Wrestling,Boys 98,1973,Combined,Joe Wallace,Laurel,,pdfs/Winter record book.pdf,85,2026-08-02T20:01:44Z,glm-5.2:cloud
Wrestling,Boys 98,1974,Combined,Mike Walsh,Parkdale,,pdfs/Winter record book.pdf,85,2026-08-02T20:01:44Z,glm-5.2:cloud
Wrestling,Boys 98,1975,Combined,John Fitts,Peary,,pdfs/Winter record book.pdf,85,2026-08-02T20:01:44Z,glm-5.2:cloud
Wrestling,Boys 98,1976,Combined,Pete Ong,Bowie,,pdfs/Winter record book.pdf,85,2026-08-02T20:01:44Z,glm-5.2:cloud
Wrestling,Boys 98,1977,Combined,Bruce Malinowski,Kenwood,,pdfs/Winter record book.pdf,85,2026-08-02T20:01:44Z,glm-5.2:cloud
Wrestling,Boys 98,1978,Combined,Kevin Lethbridge,Paint Branch,,pdfs/Winter record book.pdf,85,2026-08-02T20:01:44Z,glm-5.2:cloud
Wrestling,Boys 98,1979,Combined,Tim Elder,Oakland Mills,,pdfs/Winter record book.pdf,85,2026-08-02T20:01:44Z,glm-5.2:cloud
Wrestling,Boys 98,1980,Combined,Brian Crane,Paint Branch,,pdfs/Winter record book.pdf,85,2026-08-02T20:01:44Z,glm-5.2:cloud
Wrestling,Boys 98,1981,Combined,Keith Bryant,Bel Air,,pdfs/Winter record book.pdf,85,2026-08-02T20:01:44Z,glm-5.2:cloud
Wrestling,Boys 98,1982,Combined,Kevin Kutler,Beall,,pdfs/Winter record book.pdf,85,2026-08-02T20:01:44Z,glm-5.2:cloud
Wrestling,Boys 98,1983,Combined,Mike Glover,Wheaton,,pdfs/Winter record book.pdf,85,2026-08-02T20:01:44Z,glm-5.2:cloud
Wrestling,Boys 98,1984,Combined,Danny Thomas,North Carroll,,pdfs/Winter record book.pdf,85,2026-08-02T20:01:44Z,glm-5.2:cloud
Wrestling,Boys 98,1985,Combined,Steve Danielson,Henry E.Lackey,,pdfs/Winter record book.pdf,85,2026-08-02T20:01:44Z,glm-5.2:cloud
Wrestling,Boys 98,1986,Combined,Steve Danielson,Henry E.Lackey,,pdfs/Winter record book.pdf,85,2026-08-02T20:01:44Z,glm-5.2:cloud
Wrestling,Boys 98,1987,Combined,David Land,Laurel,,pdfs/Winter record book.pdf,85,2026-08-02T20:01:44Z,glm-5.2:cloud
Wrestling,Boys 98,1988,Combined,Jeff Franklin,Aberdeen,,pdfs/Winter record book.pdf,85,2026-08-02T20:01:44Z,glm-5.2:cloud
Wrestling,Boys 103,1989,Combined,Todd Martinek,Bel Air,,pdfs/Winter record book.pdf,85,2026-08-02T20:01:44Z,glm-5.2:cloud
Wrestling,Boys 103,1990,Combined,Kevin Heid,Overlea,,pdfs/Winter record book.pdf,85,2026-08-02T20:01:44Z,glm-5.2:cloud
Wrestling,Boys 103,1991,Combined,Charlie Bennett,Broadneck,,pdfs/Winter record book.pdf,85,2026-08-02T20:01:44Z,glm-5.2:cloud
Wrestling,Boys 103,1992,Combined,Jeremy Myers,North Carroll,,pdfs/Winter record book.pdf,85,2026-08-02T20:01:44Z,glm-5.2:cloud
Wrestling,Boys 103,1993,Combined,Quincey Dames,Thomas Stone,,pdfs/Winter record book.pdf,85,2026-08-02T20:01:44Z,glm-5.2:cloud
Wrestling,Boys 103,1994,Combined,Juri Freeman,Oakland Mills,,pdfs/Winter record book.pdf,85,2026-08-02T20:01:44Z,glm-5.2:cloud
Wrestling,Boys 103,1995,Combined,Insuk Choe,Quince Orchard,,pdfs/Winter record book.pdf,85,2026-08-02T20:01:44Z,glm-5.2:cloud
Wrestling,Boys 103,1996,Combined,Luke Garvin,Rising Sun,,pdfs/Winter record book.pdf,85,2026-08-02T20:01:44Z,glm-5.2:cloud
Wrestling,Boys 103,1997,Combined,Nick Alley,Southern-AA,,pdfs/Winter record book.pdf,85,2026-08-02T20:01:44Z,glm-5.2:cloud
Wrestling,Boys 103,1998,Combined,Fran Jackson,North Carroll,,pdfs/Winter record book.pdf,85,2026-08-02T20:01:44Z,glm-5.2:cloud
Wrestling,Boys 103,1999,Combined,Marc Heincelman,Magruder,,pdfs/Winter record book.pdf,85,2026-08-02T20:01:44Z,glm-5.2:cloud
Wrestling,Boys 103,2000,Combined,Trent Dixon,Eastern Tech,,pdfs/Winter record book.pdf,85,2026-08-02T20:01:44Z,glm-5.2:cloud
Wrestling,Boys 103,2001,Combined,Dan April,Churchill,,pdfs/Winter record book.pdf,85,2026-08-02T20:01:44Z,glm-5.2:cloud
Wrestling,Boys 103,2002,Combined,Frankie Baughan,Quince Orchard,,pdfs/Winter record book.pdf,85,2026-08-02T20:01:44Z,glm-5.2:cloud
Wrestling,Boys 103,2003,Combined,Jason Jacovsky,Owings Mills,,pdfs/Winter record book.pdf,85,2026-08-02T20:01:44Z,glm-5.2:cloud
Wrestling,Boys 103,2004,Combined,Lucas Black,Chopticon,,pdfs/Winter record book.pdf,85,2026-08-02T20:01:44Z,glm-5.2:cloud
Wrestling,Boys 103,2005,Combined,Cameron Hobin,South Carroll,,pdfs/Winter record book.pdf,85,2026-08-02T20:01:44Z,glm-5.2:cloud
Wrestling,Boys 103,2006,Combined,Robbie Eloshway,Atholton,,pdfs/Winter record book.pdf,85,2026-08-02T20:01:44Z,glm-5.2:cloud
Wrestling,Boys 103,2007,Combined,Scott Mantua,River Hill,,pdfs/Winter record book.pdf,85,2026-08-02T20:01:44Z,glm-5.2:cloud
Wrestling,Boys 103,2008,Combined,Kevin Beck,Atholton,,pdfs/Winter record book.pdf,85,2026-08-02T20:01:44Z,glm-5.2:cloud
Wrestling,Boys 103,2009,Combined,Nathan Kraisser,Centennial,,pdfs/Winter record book.pdf,85,2026-08-02T20:01:44Z,glm-5.2:cloud
Wrestling,Boys 103,2010,Combined,Alex Polonsky,Wilde Lake,,pdfs/Winter record book.pdf,85,2026-08-02T20:01:44Z,glm-5.2:cloud
Wrestling,Boys 103,2011,Combined,John Papanicolas,LaPlata,,pdfs/Winter record book.pdf,85,2026-08-02T20:01:44Z,glm-5.2:cloud
Wrestling,Boys 105,1971,Combined,Tom Hirsch,Laurel,,pdfs/Winter record book.pdf,85,2026-08-02T20:01:44Z,glm-5.2:cloud
Wrestling,Boys 105,1972,Combined,Dave Hopkins,R. Montgomery,,pdfs/Winter record book.pdf,85,2026-08-02T20:01:44Z,glm-5.2:cloud
Wrestling,Boys 105,1973,Combined,Steve Lazzaro,Overlea,,pdfs/Winter record book.pdf,85,2026-08-02T20:01:44Z,glm-5.2:cloud
Wrestling,Boys 105,1974,Combined,Joe Jenkins,Surrattsville,,pdfs/Winter record book.pdf,85,2026-08-02T20:01:44Z,glm-5.2:cloud
Wrestling,Boys 105,1975,Combined,Gil Castilla,Blair,,pdfs/Winter record book.pdf,85,2026-08-02T20:01:44Z,glm-5.2:cloud
Wrestling,Boys 105,1976,Combined,Pat Kahoe,Bel Air,,pdfs/Winter record book.pdf,85,2026-08-02T20:01:44Z,glm-5.2:cloud
Wrestling,Boys 105,1977,Combined,Scott Craver,Bel Air,,pdfs/Winter record book.pdf,85,2026-08-02T20:01:44Z,glm-5.2:cloud
Wrestling,Boys 105,1978,Combined,John Ong,Bowie,,pdfs/Winter record book.pdf,85,2026-08-02T20:01:44Z,glm-5.2:cloud
Wrestling,Boys 105,1979,Combined,Bruce Malinowski,Kenwood,,pdfs/Winter record book.pdf,85,2026-08-02T20:01:44Z,glm-5.2:cloud
Wrestling,Boys 105,1980,Combined,Ted Lewis,Centennial,,pdfs/Winter record book.pdf,85,2026-08-02T20:01:44Z,glm-5.2:cloud
Wrestling,Boys 105,1981,Combined,Brian Crane,Paint Branch,,pdfs/Winter record book.pdf,85,2026-08-02T20:01:44Z,glm-5.2:cloud
Wrestling,Boys 105,1982,Combined,Keith Bryant,Bel Air,,pdfs/Winter record book.pdf,85,2026-08-02T20:01:44Z,glm-5.2:cloud
Wrestling,Boys 105,1983,Combined,Kevin Kutler,Beall,,pdfs/Winter record book.pdf,85,2026-08-02T20:01:44Z,glm-5.2:cloud
Wrestling,Boys 105,1984,Combined,Jeff McKenzie,Beall,,pdfs/Winter record book.pdf,85,2026-08-02T20:01:44Z,glm-5.2:cloud
Wrestling,Boys 105,1985,Combined,Bill Caton,Beall,,pdfs/Winter record book.pdf,85,2026-08-02T20:01:44Z,glm-5.2:cloud
Wrestling,Boys 105,1986,Combined,Keith Burgess,Parkside,,pdfs/Winter record book.pdf,85,2026-08-02T20:01:44Z,glm-5.2:cloud
Wrestling,Boys 105,1987,Combined,Andy Brown,Wilde Lake,,pdfs/Winter record book.pdf,85,2026-08-02T20:01:44Z,glm-5.2:cloud
Wrestling,Boys 105,1988,Combined,Gerard Johnson,Owings Mills,,pdfs/Winter record book.pdf,85,2026-08-02T20:01:44Z,glm-5.2:cloud
Wrestling,Boys 107,1970,Combined,Gary Funkhauser,Surrattsville,,pdfs/Winter record book.pdf,85,2026-08-02T20:01:44Z,glm-5.2:cloud
Wrestling,Boys 112,1971,Combined,Dave Crescenzo,Laurel,,pdfs/Winter record book.pdf,85,2026-08-02T20:01:44Z,glm-5.2:cloud
Wrestling,Boys 112,1972,Combined,John Hirsch,Laurel,,pdfs/Winter record book.pdf,85,2026-08-02T20:01:44Z,glm-5.2:cloud
Wrestling,Boys 112,1973,Combined,Dave Hopkins,R. Montgomery,,pdfs/Winter record book.pdf,85,2026-08-02T20:01:44Z,glm-5.2:cloud
Wrestling,Boys 112,1974,Combined,Bill Reagan,Parkdale,,pdfs/Winter record book.pdf,85,2026-08-02T20:01:44Z,glm-5.2:cloud
Wrestling,Boys 112,1975,Combined,George Taylor,Bel Air,,pdfs/Winter record book.pdf,85,2026-08-02T20:01:44Z,glm-5.2:cloud
Wrestling,Boys 112,1976,Combined,Rob Tanenbaum,Walter Johnson,,pdfs/Winter record book.pdf,85,2026-08-02T20:01:44Z,glm-5.2:cloud
Wrestling,Boys 112,1977,Combined,Tim Lewis,Atholton,,pdfs/Winter record book.pdf,85,2026-08-02T20:01:44Z,glm-5.2:cloud
Wrestling,Boys 112,1978,Combined,Mike Hill,Seneca Valley,,pdfs/Winter record book.pdf,85,2026-08-02T20:01:44Z,glm-5.2:cloud
Wrestling,Boys 112,1979,Combined,Dan Frankenfield,Kenwood,,pdfs/Winter record book.pdf,85,2026-08-02T20:01:44Z,glm-5.2:cloud
Wrestling,Boys 112,1980,Combined,Robert McKinney,Largo,,pdfs/Winter record book.pdf,85,2026-08-02T20:01:44Z,glm-5.2:cloud
Wrestling,Boys 112,1981,Combined,Bob Kohlbus,Havre de Grace,,pdfs/Winter record book.pdf,85,2026-08-02T20:01:44Z,glm-5.2:cloud
Wrestling,Boys 112,1982,Combined,Brian Crane,Paint Branch,,pdfs/Winter record book.pdf,85,2026-08-02T20:01:44Z,glm-5.2:cloud
Wrestling,Boys 112,1983,Combined,Steve Olson,Franklin,,pdfs/Winter record book.pdf,85,2026-08-02T20:01:44Z,glm-5.2:cloud
Wrestling,Boys 112,1984,Combined,Kenny Rhodes,Williamsport,,pdfs/Winter record book.pdf,85,2026-08-02T20:01:44Z,glm-5.2:cloud
Wrestling,Boys 112,1985,Combined,Mike Truby,Sherwood,,pdfs/Winter record book.pdf,85,2026-08-02T20:01:44Z,glm-5.2:cloud
Wrestling,Boys 112,1986,Combined,Randy Grant,Largo,,pdfs/Winter record book.pdf,85,2026-08-02T20:01:44Z,glm-5.2:cloud
Wrestling,Boys 112,1987,Combined,Gunner Burling,Laurel,,pdfs/Winter record book.pdf,85,2026-08-02T20:01:44Z,glm-5.2:cloud
Wrestling,Boys 112,1988,Combined,Ed Baugess,Aberdeen,,pdfs/Winter record book.pdf,85,2026-08-02T20:01:44Z,glm-5.2:cloud
Wrestling,Boys 112,1989,Combined,Gary Baker,Old Mill,,pdfs/Winter record book.pdf,85,2026-08-02T20:01:44Z,glm-5.2:cloud
Wrestling,Boys 112,1990,Combined,Chris Franklin,Aberdeen,,pdfs/Winter record book.pdf,85,2026-08-02T20:01:44Z,glm-5.2:cloud
Wrestling,Boys 112,1991,Combined,Kevin Heid,Overlea,,pdfs/Winter record book.pdf,85,2026-08-02T20:01:44Z,glm-5.2:cloud
Wrestling,Boys 112,1992,Combined,Zack Fowl,Aberdeen,,pdfs/Winter record book.pdf,85,2026-08-02T20:01:44Z,glm-5.2:cloud
Wrestling,Boys 112,1993,Combined,Mike Kusick,Northeast-AA,,pdfs/Winter record book.pdf,85,2026-08-02T20:01:44Z,glm-5.2:cloud
Wrestling,Boys 112,1994,Combined,Jason Bryant,Old Mill,,pdfs/Winter record book.pdf,85,2026-08-02T20:01:44Z,glm-5.2:cloud
Wrestling,Boys 112,1995,Combined,Marty Kusick,Northeast-AA,,pdfs/Winter record book.pdf,85,2026-08-02T20:01:44Z,glm-5.2:cloud
Wrestling,Boys 112,1996,Combined,Davey Blake,Kent County,,pdfs/Winter record book.pdf,85,2026-08-02T20:01:44Z,glm-5.2:cloud
Wrestling,Boys 112,1997,Combined,Davey Blake,Kent County,,pdfs/Winter record book.pdf,85,2026-08-02T20:01:44Z,glm-5.2:cloud
Wrestling,Boys 112,1998,Combined,Chris Combs,Old Mill,,pdfs/Winter record book.pdf,85,2026-08-02T20:01:44Z,glm-5.2:cloud
Wrestling,Boys 112,1999,Combined,Jeff Eveleth,Chesapeake-AA,,pdfs/Winter record book.pdf,85,2026-08-02T20:01:44Z,glm-5.2:cloud
Wrestling,Boys 112,2000,Combined,Matt Eveleth,Chesapeake-AA,,pdfs/Winter record book.pdf,85,2026-08-02T20:01:44Z,glm-5.2:cloud
Wrestling,Boys 112,2001,Combined,Blake Huber,Northern Garrett,,pdfs/Winter record book.pdf,85,2026-08-02T20:01:44Z,glm-5.2:cloud
Wrestling,Boys 112,2002,Combined,Dan April,Churchill,,pdfs/Winter record book.pdf,85,2026-08-02T20:01:44Z,glm-5.2:cloud
Wrestling,Boys 112,2003,Combined,D. J. Scarponi,Hereford,,pdfs/Winter record book.pdf,85,2026-08-02T20:01:44Z,glm-5.2:cloud
Wrestling,Boys 112,2004,Combined,James Knox,Dulaney,,pdfs/Winter record book.pdf,85,2026-08-02T20:01:44Z,glm-5.2:cloud
Wrestling,Boys 112,2005,Combined,Casey Kamp,Northern Garrett,,pdfs/Winter record book.pdf,85,2026-08-02T20:01:44Z,glm-5.2:cloud
Wrestling,Boys 112,2006,Combined,Devon Gillett,Hammond,,pdfs/Winter record book.pdf,85,2026-08-02T20:01:44Z,glm-5.2:cloud
Wrestling,Boys 112,2007,Combined,Ricky Dorsey,JM Bennett,,pdfs/Winter record book.pdf,85,2026-08-02T20:01:44Z,glm-5.2:cloud
Wrestling,Boys 112,2008,Combined,Adam Krop,Urbana,,pdfs/Winter record book.pdf,85,2026-08-02T20:01:44Z,glm-5.2:cloud
Wrestling,Boys 112,2009,Combined,Rasheim Smith,James H. Blake,,pdfs/Winter record book.pdf,85,2026-08-02T20:01:44Z,glm-5.2:cloud
Wrestling,Boys 112,2010,Combined,Nathan Kraisser,Centennial,,pdfs/Winter record book.pdf,85,2026-08-02T20:01:44Z,glm-5.2:cloud
Wrestling,Boys 112,2011,Combined,Shayduan Velez,Aberdeen,,pdfs/Winter record book.pdf,85,2026-08-02T20:01:44Z,glm-5.2:cloud
Wrestling,Boys 115,1970,Combined,Jeff Welsh,Hereford,,pdfs/Winter record book.pdf,85,2026-08-02T20:01:44Z,glm-5.2:cloud
Wrestling,Boys 119,1971,Combined,Dave Bennett,Bethesda-CC,,pdfs/Winter record book.pdf,85,2026-08-02T20:01:44Z,glm-5.2:cloud
Wrestling,Boys 119,1972,Combined,Fred Frommelt,Northeast-AA,,pdfs/Winter record book.pdf,85,2026-08-02T20:01:44Z,glm-5.2:cloud
Wrestling,Boys 119,1973,Combined,Bruce Smith,Kenwood,,pdfs/Winter record book.pdf,85,2026-08-02T20:01:44Z,glm-5.2:cloud
Wrestling,Boys 119,1974,Combined,Hal Saylor,Peary,,pdfs/Winter record book.pdf,85,2026-08-02T20:01:44Z,glm-5.2:cloud
Wrestling,Boys 119,1975,Combined,Bryan Figge,Crossland,,pdfs/Winter record book.pdf,85,2026-08-02T20:01:44Z,glm-5.2:cloud
Wrestling,Boys 119,1976,Combined,Gill Castilla,Blair,,pdfs/Winter record book.pdf,85,2026-08-02T20:01:44Z,glm-5.2:cloud
Wrestling,Boys 119,1977,Combined,John Dolch,Northeast-AA,,pdfs/Winter record book.pdf,85,2026-08-02T20:01:44Z,glm-5.2:cloud
Wrestling,Boys 119,1978,Combined,Dale Reed,Aberdeen,,pdfs/Winter record book.pdf,85,2026-08-02T20:01:44Z,glm-5.2:cloud
Wrestling,Boys 119,1979,Combined,Andy Stone,Bowie,,pdfs/Winter record book.pdf,85,2026-08-02T20:01:44Z,glm-5.2:cloud
Wrestling,Boys 119,1980,Combined,John Conley,Fallston,,pdfs/Winter record book.pdf,85,2026-08-02T20:01:44Z,glm-5.2:cloud
Wrestling,Boys 119,1981,Combined,Kevin Hosey,Bowie,,pdfs/Winter record book.pdf,85,2026-08-02T20:01:44Z,glm-5.2:cloud
Wrestling,Boys 119,1982,Combined,Lawrence Frazier,Sparrows Point,,pdfs/Winter record book.pdf,85,2026-08-02T20:01:44Z,glm-5.2:cloud
Wrestling,Boys 119,1983,Combined,Vernon Cooper,Kenwood,,pdfs/Winter record book.pdf,85,2026-08-02T20:01:44Z,glm-5.2:cloud
Wrestling,Boys 119,1984,Combined,Derrick Asbell,Randallstown,,pdfs/Winter record book.pdf,85,2026-08-02T20:01:44Z,glm-5.2:cloud
Wrestling,Boys 119,1985,Combined,Kenny Rhodes,Williamsport,,pdfs/Winter record book.pdf,85,2026-08-02T20:01:44Z,glm-5.2:cloud
Wrestling,Boys 119,1986,Combined,Jarrett Johnson,Oakland Mills,,pdfs/Winter record book.pdf,85,2026-08-02T20:01:44Z,glm-5.2:cloud
Wrestling,Boys 119,1987,Combined,Kevin Gast,Aberdeen,,pdfs/Winter record book.pdf,85,2026-08-02T20:01:44Z,glm-5.2:cloud
Wrestling,Boys 119,1988,Combined,Darryl Hawkins,McDonough,,pdfs/Winter record book.pdf,85,2026-08-02T20:01:44Z,glm-5.2:cloud
Wrestling,Boys 119,1989,Combined,Marty Fowler,Douglass-PG,,pdfs/Winter record book.pdf,85,2026-08-02T20:01:44Z,glm-5.2:cloud
Wrestling,Boys 119,1990,Combined,Devron Brown,Kent County,,pdfs/Winter record book.pdf,85,2026-08-02T20:01:44Z,glm-5.2:cloud
Wrestling,Boys 119,1991,Combined,Trevor Doing,Frederick,,pdfs/Winter record book.pdf,85,2026-08-02T20:01:44Z,glm-5.2:cloud
Wrestling,Boys 119,1992,Combined,Shawn Miller,Broadneck,,pdfs/Winter record book.pdf,85,2026-08-02T20:01:44Z,glm-5.2:cloud
Wrestling,Boys 119,1993,Combined,Steve Barwick,Wheaton,,pdfs/Winter record book.pdf,85,2026-08-02T20:01:44Z,glm-5.2:cloud
Wrestling,Boys 119,1994,Combined,Mike Kusick,Northeast-AA,,pdfs/Winter record book.pdf,85,2026-08-02T20:01:44Z,glm-5.2:cloud
Wrestling,Boys 119,1995,Combined,Nick Franzetti,Churchill,,pdfs/Winter record book.pdf,85,2026-08-02T20:01:44Z,glm-5.2:cloud
Wrestling,Boys 119,1996,Combined,Gene Reid,South River,,pdfs/Winter record book.pdf,85,2026-08-02T20:01:44Z,glm-5.2:cloud
Wrestling,Boys 119,1997,Combined,Jason Gabrielson,Northern-Cal,,pdfs/Winter record book.pdf,85,2026-08-02T20:01:44Z,glm-5.2:cloud
Wrestling,Boys 119,1998,Combined,Pat Howard,Henry E. Lackey,,pdfs/Winter record book.pdf,85,2026-08-02T20:01:44Z,glm-5.2:cloud
Wrestling,Boys 119,1999,Combined,Matt Pandullo,Meade,,pdfs/Winter record book.pdf,85,2026-08-02T20:01:44Z,glm-5.2:cloud
Wrestling,Boys 119,2000,Combined,Jeff Eveleth,Chesapeake-AA,,pdfs/Winter record book.pdf,85,2026-08-02T20:01:44Z,glm-5.2:cloud
Wrestling,Boys 119,2001,Combined,Matt Ennis,Wilde Lake,,pdfs/Winter record book.pdf,85,2026-08-02T20:01:44Z,glm-5.2:cloud
Wrestling,Boys 119,2002,Combined,Brian Fox,Kent County,,pdfs/Winter record book.pdf,85,2026-08-02T20:01:44Z,glm-5.2:cloud
Wrestling,Boys 119,2003,Combined,Robert Cooper,Owings Mills,,pdfs/Winter record book.pdf,85,2026-08-02T20:01:44Z,glm-5.2:cloud
Wrestling,Boys 119,2004,Combined,Corey Bowers,Chesapeake-AA,,pdfs/Winter record book.pdf,85,2026-08-02T20:01:44Z,glm-5.2:cloud
Wrestling,Boys 119,2005,Combined,Andrew Mulry,South River,,pdfs/Winter record book.pdf,85,2026-08-02T20:01:44Z,glm-5.2:cloud
Wrestling,Boys 119,2006,Combined,Matt Jackson,Rising Sun,,pdfs/Winter record book.pdf,85,2026-08-02T20:01:44Z,glm-5.2:cloud
Wrestling,Boys 119,2007,Combined,Dane Orzechowski,La Plata,,pdfs/Winter record book.pdf,85,2026-08-02T20:01:44Z,glm-5.2:cloud
Wrestling,Boys 119,2008,Combined,Jake Shilling,La Plata,,pdfs/Winter record book.pdf,85,2026-08-02T20:01:44Z,glm-5.2:cloud
Wrestling,Boys 119,2009,Combined,Adam Krop,Urbana,,pdfs/Winter record book.pdf,85,2026-08-02T20:01:44Z,glm-5.2:cloud
Wrestling,Boys 119,2010,Combined,Parke Overmiller,Magruder,,pdfs/Winter record book.pdf,85,2026-08-02T20:01:44Z,glm-5.2:cloud
Wrestling,Boys 119,2011,Combined,Hunter Sutton,Churchill,,pdfs/Winter record book.pdf,85,2026-08-02T20:01:44Z,glm-5.2:cloud
Wrestling,Boys 123,1970,Combined,Richard Steedman,Bel Air,,pdfs/Winter record book.pdf,85,2026-08-02T20:01:44Z,glm-5.2:cloud
Wrestling,Boys 125,1989,Combined,Greg Futch,Broadneck,,pdfs/Winter record book.pdf,85,2026-08-02T20:01:44Z,glm-5.2:cloud
Wrestling,Boys 125,1990,Combined,Perry Kurz,Arundel,,pdfs/Winter record book.pdf,85,2026-08-02T20:01:44Z,glm-5.2:cloud
Wrestling,Boys 125,1991,Combined,Brian Eveleth,Chesapeake-AA,,pdfs/Winter record book.pdf,85,2026-08-02T20:01:44Z,glm-5.2:cloud
Wrestling,Boys 125,1992,Combined,Scott Birth,Bel Air,,pdfs/Winter record book.pdf,85,2026-08-02T20:01:44Z,glm-5.2:cloud
Wrestling,Boys 125,1993,Combined,Matt Albinson,Betesda-CC,,pdfs/Winter record book.pdf,85,2026-08-02T20:01:44Z,glm-5.2:cloud
Wrestling,Boys 125,1994,Combined,Gary Harris,Randallstown,,pdfs/Winter record book.pdf,85,2026-08-02T20:01:44Z,glm-5.2:cloud
Wrestling,Boys 125,1995,Combined,Chaiyana Black,Douglass-PG,,pdfs/Winter record book.pdf,85,2026-08-02T20:01:44Z,glm-5.2:cloud
Wrestling,Boys 125,1996,Combined,Kevin Jeffress,Liberty,,pdfs/Winter record book.pdf,85,2026-08-02T20:01:44Z,glm-5.2:cloud
Wrestling,Boys 125,1997,Combined,Tom Free,Sparrows Point,,pdfs/Winter record book.pdf,85,2026-08-02T20:01:44Z,glm-5.2:cloud
Wrestling,Boys 125,1998,Combined,Davey Blake,Kent County,,pdfs/Winter record book.pdf,85,2026-08-02T20:01:44Z,glm-5.2:cloud
Wrestling,Boys 125,1999,Combined,Fran Jackson,North Carroll,,pdfs/Winter record book.pdf,85,2026-08-02T20:01:44Z,glm-5.2:cloud
Wrestling,Boys 125,2000,Combined,Brandon Lauer,River Hill,,pdfs/Winter record book.pdf,85,2026-08-02T20:01:44Z,glm-5.2:cloud
Wrestling,Boys 125,2001,Combined,Jimmy Davis,Hammond,,pdfs/Winter record book.pdf,85,2026-08-02T20:01:44Z,glm-5.2:cloud
Wrestling,Boys 125,2002,Combined,Matt Eveleth,Chesapeake-AA,,pdfs/Winter record book.pdf,85,2026-08-02T20:01:44Z,glm-5.2:cloud
Wrestling,Boys 125,2003,Combined,Danny April,Churchill,,pdfs/Winter record book.pdf,85,2026-08-02T20:01:44Z,glm-5.2:cloud
Wrestling,Boys 125,2004,Combined,Matt Myers,McDonough,,pdfs/Winter record book.pdf,86,2026-08-02T20:02:27Z,glm-5.2:cloud
Wrestling,Boys 125,2005,Combined,Justin Bowser,Arundel,,pdfs/Winter record book.pdf,86,2026-08-02T20:02:27Z,glm-5.2:cloud
Wrestling,Boys 125,2006,Combined,Justin Bowser,Arundel,,pdfs/Winter record book.pdf,86,2026-08-02T20:02:27Z,glm-5.2:cloud
Wrestling,Boys 125,2007,Combined,Greg Saumenig,Old Mill,,pdfs/Winter record book.pdf,86,2026-08-02T20:02:27Z,glm-5.2:cloud
Wrestling,Boys 125,2008,Combined,Deonte Carter,Woodlawn,,pdfs/Winter record book.pdf,86,2026-08-02T20:02:27Z,glm-5.2:cloud
Wrestling,Boys 125,2009,Combined,Mason Goretsas,North Carroll,,pdfs/Winter record book.pdf,86,2026-08-02T20:02:27Z,glm-5.2:cloud
Wrestling,Boys 125,2010,Combined,Adam Krop,Urbana,,pdfs/Winter record book.pdf,86,2026-08-02T20:02:27Z,glm-5.2:cloud
Wrestling,Boys 125,2011,Combined,Nathan Kraisser,Centennial,,pdfs/Winter record book.pdf,86,2026-08-02T20:02:27Z,glm-5.2:cloud
Wrestling,Boys 130,1970,Combined,Mike Bray,Bowie,,pdfs/Winter record book.pdf,86,2026-08-02T20:02:27Z,glm-5.2:cloud
Wrestling,Boys 130,1990,Combined,Nathan Ludke,Gwynn Park,,pdfs/Winter record book.pdf,86,2026-08-02T20:02:27Z,glm-5.2:cloud
Wrestling,Boys 130,1991,Combined,Grant Johnson,Owings Mills,,pdfs/Winter record book.pdf,86,2026-08-02T20:02:27Z,glm-5.2:cloud
Wrestling,Boys 130,1992,Combined,Kyante Hawkins,Douglass-PG,,pdfs/Winter record book.pdf,86,2026-08-02T20:02:27Z,glm-5.2:cloud
Wrestling,Boys 130,1993,Combined,Craig Middledorf,Paint Branch,,pdfs/Winter record book.pdf,86,2026-08-02T20:02:27Z,glm-5.2:cloud
Wrestling,Boys 130,1994,Combined,Steve Kessler,Owings Mills,,pdfs/Winter record book.pdf,86,2026-08-02T20:02:27Z,glm-5.2:cloud
Wrestling,Boys 130,1995,Combined,Paul Hultgren,Old Mill,,pdfs/Winter record book.pdf,86,2026-08-02T20:02:27Z,glm-5.2:cloud
Wrestling,Boys 130,1996,Combined,Chaiyana Black,Douglass-PG,,pdfs/Winter record book.pdf,86,2026-08-02T20:02:27Z,glm-5.2:cloud
Wrestling,Boys 130,1997,Combined,Dustin Bane,Frederick,,pdfs/Winter record book.pdf,86,2026-08-02T20:02:27Z,glm-5.2:cloud
Wrestling,Boys 130,1998,Combined,Frank Edwards,Sherwood,,pdfs/Winter record book.pdf,86,2026-08-02T20:02:27Z,glm-5.2:cloud
Wrestling,Boys 130,1999,Combined,Aron Dorsey,Quince Orchard,,pdfs/Winter record book.pdf,86,2026-08-02T20:02:27Z,glm-5.2:cloud
Wrestling,Boys 130,2000,Combined,Adam DeCosmo,Old Mill,,pdfs/Winter record book.pdf,86,2026-08-02T20:02:27Z,glm-5.2:cloud
Wrestling,Boys 130,2001,Combined,Jon Peters,Westlake,,pdfs/Winter record book.pdf,86,2026-08-02T20:02:27Z,glm-5.2:cloud
Wrestling,Boys 130,2002,Combined,Matt Schuster,Franklin,,pdfs/Winter record book.pdf,86,2026-08-02T20:02:27Z,glm-5.2:cloud
Wrestling,Boys 130,2003,Combined,Ed Asbill,Walkersville,,pdfs/Winter record book.pdf,86,2026-08-02T20:02:27Z,glm-5.2:cloud
Wrestling,Boys 130,2004,Combined,Eren Civan,Whitman,,pdfs/Winter record book.pdf,86,2026-08-02T20:02:27Z,glm-5.2:cloud
Wrestling,Boys 130,2005,Combined,Matt Myers,McDonough,,pdfs/Winter record book.pdf,86,2026-08-02T20:02:27Z,glm-5.2:cloud
Wrestling,Boys 130,2006,Combined,Collin Leadbeter,Northern-Cal,,pdfs/Winter record book.pdf,86,2026-08-02T20:02:27Z,glm-5.2:cloud
Wrestling,Boys 130,2007,Combined,Andy Lowy,Sherwood,,pdfs/Winter record book.pdf,86,2026-08-02T20:02:27Z,glm-5.2:cloud
Wrestling,Boys 130,2008,Combined,Peter Tatanish,Urbana,,pdfs/Winter record book.pdf,86,2026-08-02T20:02:27Z,glm-5.2:cloud
Wrestling,Boys 130,2009,Combined,Adeleke Ibironke,Milford Mill,,pdfs/Winter record book.pdf,86,2026-08-02T20:02:27Z,glm-5.2:cloud
Wrestling,Boys 130,2010,Combined,Frank Goodwin,Arundel,,pdfs/Winter record book.pdf,86,2026-08-02T20:02:27Z,glm-5.2:cloud
Wrestling,Boys 130,2011,Combined,Tyler Goodwin,Arundel,,pdfs/Winter record book.pdf,86,2026-08-02T20:02:27Z,glm-5.2:cloud
Wrestling,Boys 135,1989,Combined,Mike Jones,Westminster,,pdfs/Winter record book.pdf,86,2026-08-02T20:02:27Z,glm-5.2:cloud
Wrestling,Boys 135,1990,Combined,Blair Bittinger,Northern Garrett,,pdfs/Winter record book.pdf,86,2026-08-02T20:02:27Z,glm-5.2:cloud
Wrestling,Boys 135,1991,Combined,Brent Layman,Old Mill,,pdfs/Winter record book.pdf,86,2026-08-02T20:02:27Z,glm-5.2:cloud
Wrestling,Boys 135,1992,Combined,Tom Dell,North Carroll,,pdfs/Winter record book.pdf,86,2026-08-02T20:02:27Z,glm-5.2:cloud
Wrestling,Boys 135,1993,Combined,Justin Grodnitzky,Randallstown,,pdfs/Winter record book.pdf,86,2026-08-02T20:02:27Z,glm-5.2:cloud
Wrestling,Boys 135,1994,Combined,Sidney Billups,Laurel,,pdfs/Winter record book.pdf,86,2026-08-02T20:02:27Z,glm-5.2:cloud
Wrestling,Boys 135,1995,Combined,Tommy Kiler,North Carroll,,pdfs/Winter record book.pdf,86,2026-08-02T20:02:27Z,glm-5.2:cloud
Wrestling,Boys 135,1996,Combined,Scott Munsey,Wheaton,,pdfs/Winter record book.pdf,86,2026-08-02T20:02:27Z,glm-5.2:cloud
Wrestling,Boys 135,1997,Combined,Jim O'Connor,Glenelg,,pdfs/Winter record book.pdf,86,2026-08-02T20:02:27Z,glm-5.2:cloud
Wrestling,Boys 135,1998,Combined,Dave Heath,Parkville,,pdfs/Winter record book.pdf,86,2026-08-02T20:02:27Z,glm-5.2:cloud
Wrestling,Boys 135,1999,Combined,Kyle Burger,Westminster,,pdfs/Winter record book.pdf,86,2026-08-02T20:02:27Z,glm-5.2:cloud
Wrestling,Boys 135,2000,Combined,Mikey Blake,Kent County,,pdfs/Winter record book.pdf,86,2026-08-02T20:02:27Z,glm-5.2:cloud
Wrestling,Boys 135,2001,Combined,Adam DeCosmo,Old Mill,,pdfs/Winter record book.pdf,86,2026-08-02T20:02:27Z,glm-5.2:cloud
Wrestling,Boys 135,2002,Combined,Clayton Arnold,Owings Mills,,pdfs/Winter record book.pdf,86,2026-08-02T20:02:27Z,glm-5.2:cloud
Wrestling,Boys 135,2003,Combined,Sonny Nucci,Bethesda-CC,,pdfs/Winter record book.pdf,86,2026-08-02T20:02:27Z,glm-5.2:cloud
Wrestling,Boys 135,2004,Combined,Mike McGill,Williamsport,,pdfs/Winter record book.pdf,86,2026-08-02T20:02:27Z,glm-5.2:cloud
Wrestling,Boys 135,2005,Combined,Josh Asper,Hereford,,pdfs/Winter record book.pdf,86,2026-08-02T20:02:27Z,glm-5.2:cloud
Wrestling,Boys 135,2006,Combined,Lucas Black,Chopticon,,pdfs/Winter record book.pdf,86,2026-08-02T20:02:27Z,glm-5.2:cloud
Wrestling,Boys 135,2007,Combined,Collin Leadbeter,Northern-Cal,,pdfs/Winter record book.pdf,86,2026-08-02T20:02:27Z,glm-5.2:cloud
Wrestling,Boys 135,2008,Combined,Skyler Snead,Stephen Decatur,,pdfs/Winter record book.pdf,86,2026-08-02T20:02:27Z,glm-5.2:cloud
Wrestling,Boys 135,2009,Combined,Ron Vaughters,Old Mill,,pdfs/Winter record book.pdf,86,2026-08-02T20:02:27Z,glm-5.2:cloud
Wrestling,Boys 135,2010,Combined,Tanner Wrublik,Tuscarora,,pdfs/Winter record book.pdf,86,2026-08-02T20:02:27Z,glm-5.2:cloud
Wrestling,Boys 135,2011,Combined,Alex Rice,Chesapeake-AA,,pdfs/Winter record book.pdf,86,2026-08-02T20:02:27Z,glm-5.2:cloud
Wrestling,Boys 137,1970,Combined,Steve Wolf,Parkdale,,pdfs/Winter record book.pdf,86,2026-08-02T20:02:27Z,glm-5.2:cloud
Wrestling,Boys 140,1989,Combined,Tyrell Gordon,Overlea,,pdfs/Winter record book.pdf,86,2026-08-02T20:02:27Z,glm-5.2:cloud
Wrestling,Boys 140,1990,Combined,Larry Bozzella,Southern-A,,pdfs/Winter record book.pdf,86,2026-08-02T20:02:27Z,glm-5.2:cloud
Wrestling,Boys 140,1991,Combined,James Burrell,Hammond,,pdfs/Winter record book.pdf,86,2026-08-02T20:02:27Z,glm-5.2:cloud
Wrestling,Boys 140,1992,Combined,Rick Staab,Dundalk,,pdfs/Winter record book.pdf,86,2026-08-02T20:02:27Z,glm-5.2:cloud
Wrestling,Boys 140,1993,Combined,Doug Batey,Smithsburg,,pdfs/Winter record book.pdf,86,2026-08-02T20:02:27Z,glm-5.2:cloud
Wrestling,Boys 140,1994,Combined,Chris Beale,Francis Scott Key,,pdfs/Winter record book.pdf,86,2026-08-02T20:02:27Z,glm-5.2:cloud
Wrestling,Boys 140,1995,Combined,Sidney Billups,Laurel,,pdfs/Winter record book.pdf,86,2026-08-02T20:02:27Z,glm-5.2:cloud
Wrestling,Boys 140,1996,Combined,Tommy Kiler,North Carroll,,pdfs/Winter record book.pdf,86,2026-08-02T20:02:27Z,glm-5.2:cloud
Wrestling,Boys 140,1997,Combined,Darren Black,Douglass-PG,,pdfs/Winter record book.pdf,86,2026-08-02T20:02:27Z,glm-5.2:cloud
Wrestling,Boys 140,1998,Combined,Tony Howard,Magruder,,pdfs/Winter record book.pdf,86,2026-08-02T20:02:27Z,glm-5.2:cloud
Wrestling,Boys 140,1999,Combined,Anthony Gigliotti,Sherwood,,pdfs/Winter record book.pdf,86,2026-08-02T20:02:27Z,glm-5.2:cloud
Wrestling,Boys 140,2000,Combined,Bryan Hamper,South Carroll,,pdfs/Winter record book.pdf,86,2026-08-02T20:02:27Z,glm-5.2:cloud
Wrestling,Boys 140,2001,Combined,Mikey Blake,Kent County,,pdfs/Winter record book.pdf,86,2026-08-02T20:02:27Z,glm-5.2:cloud
Wrestling,Boys 140,2002,Combined,Ryan Green,River Hill,,pdfs/Winter record book.pdf,86,2026-08-02T20:02:27Z,glm-5.2:cloud
Wrestling,Boys 140,2003,Combined,Sean Clark,Northwest,,pdfs/Winter record book.pdf,86,2026-08-02T20:02:27Z,glm-5.2:cloud
Wrestling,Boys 140,2004,Combined,Alex Binder,Owings Mill,,pdfs/Winter record book.pdf,86,2026-08-02T20:02:27Z,glm-5.2:cloud
Wrestling,Boys 140,2005,Combined,Eren Civan,Whitman,,pdfs/Winter record book.pdf,86,2026-08-02T20:02:27Z,glm-5.2:cloud
Wrestling,Boys 140,2006,Combined,Todd Macleod,North Carroll,,pdfs/Winter record book.pdf,86,2026-08-02T20:02:27Z,glm-5.2:cloud
Wrestling,Boys 140,2007,Combined,Maurice Fleming,Northeast-AA,,pdfs/Winter record book.pdf,86,2026-08-02T20:02:27Z,glm-5.2:cloud
Wrestling,Boys 140,2008,Combined,Maurice Fleming,Northeast,,pdfs/Winter record book.pdf,86,2026-08-02T20:02:27Z,glm-5.2:cloud
Wrestling,Boys 140,2009,Combined,Lance McCoy,Mergenthaler,,pdfs/Winter record book.pdf,86,2026-08-02T20:02:27Z,glm-5.2:cloud
Wrestling,Boys 140,2010,Combined,Ron Vaughters,Old Mill,,pdfs/Winter record book.pdf,86,2026-08-02T20:02:27Z,glm-5.2:cloud
Wrestling,Boys 140,2011,Combined,Salaman Riddell,Old Mill,,pdfs/Winter record book.pdf,86,2026-08-02T20:02:27Z,glm-5.2:cloud
Wrestling,Boys 155,1970,Combined,Steve Herbert,Hereford,,pdfs/Winter record book.pdf,86,2026-08-02T20:02:27Z,glm-5.2:cloud
Wrestling,Boys 155,1971,Combined,Steve Herbert,Hereford,,pdfs/Winter record book.pdf,86,2026-08-02T20:02:27Z,glm-5.2:cloud
Wrestling,Boys 155,1972,Combined,Steve Werts,Peary,,pdfs/Winter record book.pdf,86,2026-08-02T20:02:27Z,glm-5.2:cloud
Wrestling,Boys 155,1973,Combined,Randy Scott,Parkdale,,pdfs/Winter record book.pdf,86,2026-08-02T20:02:27Z,glm-5.2:cloud
Wrestling,Boys 155,1974,Combined,Gene Bates,Bowie,,pdfs/Winter record book.pdf,86,2026-08-02T20:02:27Z,glm-5.2:cloud
Wrestling,Boys 155,1975,Combined,Perry Lichtinger,Laurel,,pdfs/Winter record book.pdf,86,2026-08-02T20:02:27Z,glm-5.2:cloud
Wrestling,Boys 155,1976,Combined,Steve Hoff,Westminster,,pdfs/Winter record book.pdf,86,2026-08-02T20:02:27Z,glm-5.2:cloud
Wrestling,Boys 155,1977,Combined,Ray Finch,Westminster,,pdfs/Winter record book.pdf,86,2026-08-02T20:02:27Z,glm-5.2:cloud
Wrestling,Boys 155,1978,Combined,Joe Culmone,Laurel,,pdfs/Winter record book.pdf,86,2026-08-02T20:02:27Z,glm-5.2:cloud
Wrestling,Boys 155,1979,Combined,Randy Box,Old Mill,,pdfs/Winter record book.pdf,86,2026-08-02T20:02:27Z,glm-5.2:cloud
Wrestling,Boys 155,1980,Combined,Howard Blank,Fort Hill,,pdfs/Winter record book.pdf,86,2026-08-02T20:02:27Z,glm-5.2:cloud
Wrestling,Boys 155,1981,Combined,Chris Aragona,Friendly,,pdfs/Winter record book.pdf,86,2026-08-02T20:02:27Z,glm-5.2:cloud
Wrestling,Boys 155,1982,Combined,Scott Raley,Beall,,pdfs/Winter record book.pdf,86,2026-08-02T20:02:27Z,glm-5.2:cloud
Wrestling,Boys 155,1983,Combined,Darrell Beall,Paint Branch,,pdfs/Winter record book.pdf,86,2026-08-02T20:02:27Z,glm-5.2:cloud
Wrestling,Boys 155,1984,Combined,Norman Brown,Bowie,,pdfs/Winter record book.pdf,86,2026-08-02T20:02:27Z,glm-5.2:cloud
Wrestling,Boys 155,1985,Combined,Brian Davis,Beall,,pdfs/Winter record book.pdf,86,2026-08-02T20:02:27Z,glm-5.2:cloud
Wrestling,Boys 155,1986,Combined,Clay Adams,Arundel,,pdfs/Winter record book.pdf,86,2026-08-02T20:02:27Z,glm-5.2:cloud
Wrestling,Boys 155,1987,Combined,Mike Barber,Wicomico,,pdfs/Winter record book.pdf,86,2026-08-02T20:02:27Z,glm-5.2:cloud
Wrestling,Boys 155,1988,Combined,Billy Boyce,Old Mill,,pdfs/Winter record book.pdf,86,2026-08-02T20:02:27Z,glm-5.2:cloud
Wrestling,Boys 165,1970,Combined,Bill Simpson,Gaithersburg,,pdfs/Winter record book.pdf,86,2026-08-02T20:02:27Z,glm-5.2:cloud
Wrestling,Boys 167,1971,Combined,Richard Blake,Wicomico,,pdfs/Winter record book.pdf,86,2026-08-02T20:02:27Z,glm-5.2:cloud
Wrestling,Boys 167,1972,Combined,John Melka,Perry Hall,,pdfs/Winter record book.pdf,86,2026-08-02T20:02:27Z,glm-5.2:cloud
Wrestling,Boys 167,1973,Combined,Bob Moore,Bel Air,,pdfs/Winter record book.pdf,86,2026-08-02T20:02:27Z,glm-5.2:cloud
Wrestling,Boys 167,1974,Combined,Randolf Scott,Parkdale,,pdfs/Winter record book.pdf,86,2026-08-02T20:02:27Z,glm-5.2:cloud
Wrestling,Boys 167,1975,Combined,Tom Buric,Laurel,,pdfs/Winter record book.pdf,86,2026-08-02T20:02:27Z,glm-5.2:cloud
Wrestling,Boys 167,1976,Combined,Howard Hammen,Kenwood,,pdfs/Winter record book.pdf,86,2026-08-02T20:02:27Z,glm-5.2:cloud
Wrestling,Boys 167,1977,Combined,Dion Fennell,Overlea,,pdfs/Winter record book.pdf,86,2026-08-02T20:02:27Z,glm-5.2:cloud
Wrestling,Boys 167,1978,Combined,Tim Tarbert,North Harford,,pdfs/Winter record book.pdf,86,2026-08-02T20:02:27Z,glm-5.2:cloud
Wrestling,Boys 167,1979,Combined,Mike Sutton,Largo,,pdfs/Winter record book.pdf,86,2026-08-02T20:02:27Z,glm-5.2:cloud
Wrestling,Boys 167,1980,Combined,James Giles,High Point,,pdfs/Winter record book.pdf,86,2026-08-02T20:02:27Z,glm-5.2:cloud
Wrestling,Boys 167,1981,Combined,Gerald Robinson,Easton,,pdfs/Winter record book.pdf,86,2026-08-02T20:02:27Z,glm-5.2:cloud
Wrestling,Boys 167,1982,Combined,Curt Scovel,Laurel,,pdfs/Winter record book.pdf,86,2026-08-02T20:02:27Z,glm-5.2:cloud
Wrestling,Boys 167,1983,Combined,Don Anderson,Hereford,,pdfs/Winter record book.pdf,86,2026-08-02T20:02:27Z,glm-5.2:cloud
Wrestling,Boys 167,1984,Combined,Daniel Clark,Parkside,,pdfs/Winter record book.pdf,86,2026-08-02T20:02:27Z,glm-5.2:cloud
Wrestling,Boys 167,1985,Combined,Norman Brown,Bowie,,pdfs/Winter record book.pdf,86,2026-08-02T20:02:27Z,glm-5.2:cloud
Wrestling,Boys 167,1986,Combined,Bob Hundertmark,Liberty,,pdfs/Winter record book.pdf,86,2026-08-02T20:02:27Z,glm-5.2:cloud
Wrestling,Boys 167,1987,Combined,David Gentilcore,Lackey,,pdfs/Winter record book.pdf,86,2026-08-02T20:02:27Z,glm-5.2:cloud
Wrestling,Boys 167,1988,Combined,Louis Hamel,Liberty,,pdfs/Winter record book.pdf,86,2026-08-02T20:02:27Z,glm-5.2:cloud
Wrestling,Boys 171,1989,Combined,Russ Martell,Williamsport,,pdfs/Winter record book.pdf,86,2026-08-02T20:02:27Z,glm-5.2:cloud
Wrestling,Boys 171,1990,Combined,Brian Lynch,Annapolis,,pdfs/Winter record book.pdf,86,2026-08-02T20:02:27Z,glm-5.2:cloud
Wrestling,Boys 171,1991,Combined,Mike Jensen,Randallstown,,pdfs/Winter record book.pdf,86,2026-08-02T20:02:27Z,glm-5.2:cloud
Wrestling,Boys 171,1992,Combined,Mike Jensen,Randallstown,,pdfs/Winter record book.pdf,86,2026-08-02T20:02:27Z,glm-5.2:cloud
Wrestling,Boys 171,1993,Combined,Greg Booth,Arundel,,pdfs/Winter record book.pdf,86,2026-08-02T20:02:27Z,glm-5.2:cloud
Wrestling,Boys 171,1994,Combined,Chris Brown,McDonough,,pdfs/Winter record book.pdf,86,2026-08-02T20:02:27Z,glm-5.2:cloud
Wrestling,Boys 171,1995,Combined,Adam Butts,Meade,,pdfs/Winter record book.pdf,86,2026-08-02T20:02:27Z,glm-5.2:cloud
Wrestling,Boys 171,1996,Combined,Willie Broadnax,Owings Mills,,pdfs/Winter record book.pdf,86,2026-08-02T20:02:27Z,glm-5.2:cloud
Wrestling,Boys 171,1997,Combined,Loren Morgan,Seneca Valley,,pdfs/Winter record book.pdf,86,2026-08-02T20:02:27Z,glm-5.2:cloud
Wrestling,Boys 171,1998,Combined,Adam Boog,North Carroll,,pdfs/Winter record book.pdf,86,2026-08-02T20:02:27Z,glm-5.2:cloud
Wrestling,Boys 171,1999,Combined,Jared Myers,Wiliamsport,,pdfs/Winter record book.pdf,86,2026-08-02T20:02:27Z,glm-5.2:cloud
Wrestling,Boys 171,2000,Combined,John Andrews,Urbana,,pdfs/Winter record book.pdf,86,2026-08-02T20:02:27Z,glm-5.2:cloud
Wrestling,Boys 171,2001,Combined,Nick Carrington,McDonough,,pdfs/Winter record book.pdf,86,2026-08-02T20:02:27Z,glm-5.2:cloud
Wrestling,Boys 171,2002,Combined,Matt Butler,Einstein,,pdfs/Winter record book.pdf,86,2026-08-02T20:02:27Z,glm-5.2:cloud
Wrestling,Boys 171,2003,Combined,Greg Cohen,Damascus,,pdfs/Winter record book.pdf,86,2026-08-02T20:02:27Z,glm-5.2:cloud
Wrestling,Boys 171,2004,Combined,Randy Oates,Northern-C,,pdfs/Winter record book.pdf,86,2026-08-02T20:02:27Z,glm-5.2:cloud
Wrestling,Boys 171,2005,Combined,Eddie Baughan,Quince Orchard,,pdfs/Winter record book.pdf,86,2026-08-02T20:02:27Z,glm-5.2:cloud
Wrestling,Boys 171,2006,Combined,Brent Stewart,Paint Branch,,pdfs/Winter record book.pdf,86,2026-08-02T20:02:27Z,glm-5.2:cloud
Wrestling,Boys 171,2007,Combined,Clyde Jones,Lackey,,pdfs/Winter record book.pdf,86,2026-08-02T20:02:27Z,glm-5.2:cloud
Wrestling,Boys 171,2008,Combined,Josh Asper,Hereford,,pdfs/Winter record book.pdf,86,2026-08-02T20:02:27Z,glm-5.2:cloud
Wrestling,Boys 171,2009,Combined,Nadjitade Badje,Springbrook,,pdfs/Winter record book.pdf,86,2026-08-02T20:02:27Z,glm-5.2:cloud
Wrestling,Boys 171,2010,Combined,Patrick Downey,North County,,pdfs/Winter record book.pdf,86,2026-08-02T20:02:27Z,glm-5.2:cloud
Wrestling,Boys 171,2011,Combined,Mark Colabucci,Reservoir,,pdfs/Winter record book.pdf,86,2026-08-02T20:02:27Z,glm-5.2:cloud
Wrestling,Boys 175,1970,Combined,Scott Libbey,Springbrook,,pdfs/Winter record book.pdf,86,2026-08-02T20:02:27Z,glm-5.2:cloud
Wrestling,Boys 185,1970,Combined,Phil Waters,Springbrook,,pdfs/Winter record book.pdf,86,2026-08-02T20:02:27Z,glm-5.2:cloud
Wrestling,Boys 185,1971,Combined,Pete Bayrodt,Milford Mill,,pdfs/Winter record book.pdf,86,2026-08-02T20:02:27Z,glm-5.2:cloud
Wrestling,Boys 185,1972,Combined,Luther Owens,Sparrows Point,,pdfs/Winter record book.pdf,86,2026-08-02T20:02:27Z,glm-5.2:cloud
Wrestling,Boys 185,1973,Combined,Don Glorius,Potomac,,pdfs/Winter record book.pdf,86,2026-08-02T20:02:27Z,glm-5.2:cloud
Wrestling,Boys 185,1974,Combined,Don Glorius,Potomac,,pdfs/Winter record book.pdf,86,2026-08-02T20:02:27Z,glm-5.2:cloud
Wrestling,Boys 185,1975,Combined,Lloyd McCleave,Kenwood,,pdfs/Winter record book.pdf,86,2026-08-02T20:02:27Z,glm-5.2:cloud
Wrestling,Boys 185,1976,Combined,Bill Vucci,Northwestern-PG,,pdfs/Winter record book.pdf,86,2026-08-02T20:02:27Z,glm-5.2:cloud
Wrestling,Boys 185,1977,Combined,Mike Burke,High Point,,pdfs/Winter record book.pdf,86,2026-08-02T20:02:27Z,glm-5.2:cloud
Wrestling,Boys 185,1978,Combined,Tom Reese,North Carroll,,pdfs/Winter record book.pdf,86,2026-08-02T20:02:27Z,glm-5.2:cloud
Wrestling,Boys 185,1979,Combined,Bob Preston,Aberdeen,,pdfs/Winter record book.pdf,86,2026-08-02T20:02:27Z,glm-5.2:cloud
Wrestling,Boys 185,1980,Combined,Bill Colvin,Williamsport,,pdfs/Winter record book.pdf,86,2026-08-02T20:02:27Z,glm-5.2:cloud
Wrestling,Boys 185,1981,Combined,Hank Burke,South Carroll,,pdfs/Winter record book.pdf,86,2026-08-02T20:02:27Z,glm-5.2:cloud
Wrestling,Boys 185,1982,Combined,Mike Bennett,Oakland Mills,,pdfs/Winter record book.pdf,87,2026-08-02T20:02:45Z,glm-5.2:cloud
Wrestling,Boys 185,1983,Combined,Tim Britton,Wootton,,pdfs/Winter record book.pdf,87,2026-08-02T20:02:45Z,glm-5.2:cloud
Wrestling,Boys 185,1984,Combined,Karl Edwards,Aberdeen,,pdfs/Winter record book.pdf,87,2026-08-02T20:02:45Z,glm-5.2:cloud
Wrestling,Boys 185,1985,Combined,Gary Heldt,Largo,,pdfs/Winter record book.pdf,87,2026-08-02T20:02:45Z,glm-5.2:cloud
Wrestling,Boys 185,1986,Combined,Mike Baker,Williamsport,,pdfs/Winter record book.pdf,87,2026-08-02T20:02:45Z,glm-5.2:cloud
Wrestling,Boys 185,1987,Combined,Mike Baker,Williamsport,,pdfs/Winter record book.pdf,87,2026-08-02T20:02:45Z,glm-5.2:cloud
Wrestling,Boys 185,1988,Combined,Keith Kierzkowski,Atholton,,pdfs/Winter record book.pdf,87,2026-08-02T20:02:45Z,glm-5.2:cloud
Wrestling,Boys 189,1989,Combined,Darren Huckaby,Oxon Hill,,pdfs/Winter record book.pdf,87,2026-08-02T20:02:45Z,glm-5.2:cloud
Wrestling,Boys 189,1990,Combined,Mike Free,DuVal,,pdfs/Winter record book.pdf,87,2026-08-02T20:02:45Z,glm-5.2:cloud
Wrestling,Boys 189,1991,Combined,Chris Butler,Linganore,,pdfs/Winter record book.pdf,87,2026-08-02T20:02:45Z,glm-5.2:cloud
Wrestling,Boys 189,1992,Combined,Aaron Cree,Severna Park,,pdfs/Winter record book.pdf,87,2026-08-02T20:02:45Z,glm-5.2:cloud
Wrestling,Boys 189,1993,Combined,Chris Kretsinger,Smithsburg,,pdfs/Winter record book.pdf,87,2026-08-02T20:02:45Z,glm-5.2:cloud
Wrestling,Boys 189,1994,Combined,Mark Janus,Williamsport,,pdfs/Winter record book.pdf,87,2026-08-02T20:02:45Z,glm-5.2:cloud
Wrestling,Boys 189,1995,Combined,Joon Kim,Centennial,,pdfs/Winter record book.pdf,87,2026-08-02T20:02:45Z,glm-5.2:cloud
Wrestling,Boys 189,1996,Combined,Greg Forbes,Milford Mill,,pdfs/Winter record book.pdf,87,2026-08-02T20:02:45Z,glm-5.2:cloud
Wrestling,Boys 189,1997,Combined,Ryan Hoffman,Thomas Johnson,,pdfs/Winter record book.pdf,87,2026-08-02T20:02:45Z,glm-5.2:cloud
Wrestling,Boys 189,1998,Combined,Keith Norman,Perryville,,pdfs/Winter record book.pdf,87,2026-08-02T20:02:45Z,glm-5.2:cloud
Wrestling,Boys 189,1999,Combined,Ben Hall,Pikesville,,pdfs/Winter record book.pdf,87,2026-08-02T20:02:45Z,glm-5.2:cloud
Wrestling,Boys 189,2000,Combined,Melvin Guthrie,Chesapeake-AA,,pdfs/Winter record book.pdf,87,2026-08-02T20:02:45Z,glm-5.2:cloud
Wrestling,Boys 189,2001,Combined,Adam Dayton,Old Mill,,pdfs/Winter record book.pdf,87,2026-08-02T20:02:45Z,glm-5.2:cloud
Wrestling,Boys 189,2002,Combined,Matt Allen,Williamsport,,pdfs/Winter record book.pdf,87,2026-08-02T20:02:45Z,glm-5.2:cloud
Wrestling,Boys 189,2003,Combined,Jarrell Chandler,Wicomico,,pdfs/Winter record book.pdf,87,2026-08-02T20:02:45Z,glm-5.2:cloud
Wrestling,Boys 189,2004,Combined,Tim Ferguson,South Carroll,,pdfs/Winter record book.pdf,87,2026-08-02T20:02:45Z,glm-5.2:cloud
Wrestling,Boys 189,2005,Combined,Brandon Gervie,Liberty,,pdfs/Winter record book.pdf,87,2026-08-02T20:02:45Z,glm-5.2:cloud
Wrestling,Boys 189,2006,Combined,Razzaq Muhammed,Parkville,,pdfs/Winter record book.pdf,87,2026-08-02T20:02:45Z,glm-5.2:cloud
Wrestling,Boys 189,2007,Combined,Ethan Brown,Old Mill,,pdfs/Winter record book.pdf,87,2026-08-02T20:02:45Z,glm-5.2:cloud
Wrestling,Boys 189,2008,Combined,Danny Miller,Stephen Decatur,,pdfs/Winter record book.pdf,87,2026-08-02T20:02:45Z,glm-5.2:cloud
Wrestling,Boys 189,2009,Combined,Danny Miller,Stephen Decatur,,pdfs/Winter record book.pdf,87,2026-08-02T20:02:45Z,glm-5.2:cloud
Wrestling,Boys 189,2010,Combined,Patrick Carey,North County,,pdfs/Winter record book.pdf,87,2026-08-02T20:02:45Z,glm-5.2:cloud
Wrestling,Boys 189,2011,Combined,Zathy Ndiang,Wilde Lake,,pdfs/Winter record book.pdf,87,2026-08-02T20:02:45Z,glm-5.2:cloud
Wrestling,Boys 215,2003,Combined,Jeremy Navarre,Joppatowne,,pdfs/Winter record book.pdf,87,2026-08-02T20:02:45Z,glm-5.2:cloud
Wrestling,Boys 215,2004,Combined,Tyler Moyer,Broadneck,,pdfs/Winter record book.pdf,87,2026-08-02T20:02:45Z,glm-5.2:cloud
Wrestling,Boys 215,2005,Combined,DeShawn Barrett,Patterson,,pdfs/Winter record book.pdf,87,2026-08-02T20:02:45Z,glm-5.2:cloud
Wrestling,Boys 215,2006,Combined,John Holloway,Magruder,,pdfs/Winter record book.pdf,87,2026-08-02T20:02:45Z,glm-5.2:cloud
Wrestling,Boys 215,2007,Combined,Zacj Brown,Wilde Lake,,pdfs/Winter record book.pdf,87,2026-08-02T20:02:45Z,glm-5.2:cloud
Wrestling,Boys 215,2008,Combined,Josh Fredrick,Damascus,,pdfs/Winter record book.pdf,87,2026-08-02T20:02:45Z,glm-5.2:cloud
Wrestling,Boys 215,2009,Combined,Mwanza Walamulumba,Meade,,pdfs/Winter record book.pdf,87,2026-08-02T20:02:45Z,glm-5.2:cloud
Wrestling,Boys 215,2010,Combined,Bernard Wolley,Seneca Valley,,pdfs/Winter record book.pdf,87,2026-08-02T20:02:45Z,glm-5.2:cloud
Wrestling,Boys 215,2011,Combined,Bernard Wolley,Seneca Valley,,pdfs/Winter record book.pdf,87,2026-08-02T20:02:45Z,glm-5.2:cloud
Wrestling,Boys 275,1989,Combined,Bill Ferencz,North Carroll,,pdfs/Winter record book.pdf,87,2026-08-02T20:02:45Z,glm-5.2:cloud
Wrestling,Boys 275,1990,Combined,Kevin Barney,Queen Anne's,,pdfs/Winter record book.pdf,87,2026-08-02T20:02:45Z,glm-5.2:cloud
Wrestling,Boys 275,1991,Combined,John Scheer,Chopticon,,pdfs/Winter record book.pdf,87,2026-08-02T20:02:45Z,glm-5.2:cloud
Wrestling,Boys 275,1992,Combined,Monte Spencer,Oakland Mills,,pdfs/Winter record book.pdf,87,2026-08-02T20:02:45Z,glm-5.2:cloud
Wrestling,Boys 275,1993,Combined,Darrell Mance,Woodlawn,,pdfs/Winter record book.pdf,87,2026-08-02T20:02:45Z,glm-5.2:cloud
Wrestling,Boys 275,1994,Combined,Darrell Mance,Woodlawn,,pdfs/Winter record book.pdf,87,2026-08-02T20:02:45Z,glm-5.2:cloud
Wrestling,Boys 275,1995,Combined,Adam Hoffman,Thomas Johnson,,pdfs/Winter record book.pdf,87,2026-08-02T20:02:45Z,glm-5.2:cloud
Wrestling,Boys 275,1996,Combined,Graham Manley,Sherwood,,pdfs/Winter record book.pdf,87,2026-08-02T20:02:45Z,glm-5.2:cloud
Wrestling,Boys 275,1997,Combined,Greg Forbes,Milford Mill,,pdfs/Winter record book.pdf,87,2026-08-02T20:02:45Z,glm-5.2:cloud
Wrestling,Boys 275,1998,Combined,Jeremiah Albright,Bel Air,,pdfs/Winter record book.pdf,87,2026-08-02T20:02:45Z,glm-5.2:cloud
Wrestling,Boys 275,1999,Combined,Jeff Blachly,Arundel,,pdfs/Winter record book.pdf,87,2026-08-02T20:02:45Z,glm-5.2:cloud
Wrestling,Boys 275,2000,Combined,Rodney Jones,Northeast-AA,,pdfs/Winter record book.pdf,87,2026-08-02T20:02:45Z,glm-5.2:cloud
Wrestling,Boys 275,2001,Combined,Akil Patterson,Frederick,,pdfs/Winter record book.pdf,87,2026-08-02T20:02:45Z,glm-5.2:cloud
Wrestling,Boys 275,2002,Combined,Pat Burns,Wilde Lake,,pdfs/Winter record book.pdf,87,2026-08-02T20:02:45Z,glm-5.2:cloud
Wrestling,Boys 275,2003,Combined,Brian Payer,Severna Park,,pdfs/Winter record book.pdf,87,2026-08-02T20:02:45Z,glm-5.2:cloud
Wrestling,Boys 275,2004,Combined,Jeremy Navarre,Joppatowne,,pdfs/Winter record book.pdf,87,2026-08-02T20:02:45Z,glm-5.2:cloud
Wrestling,Boys 275,2005,Combined,Andrew Presnell,Middletown,,pdfs/Winter record book.pdf,87,2026-08-02T20:02:45Z,glm-5.2:cloud
Wrestling,Boys 275,2006,Combined,Jacob Hornick,Calvert,,pdfs/Winter record book.pdf,87,2026-08-02T20:02:45Z,glm-5.2:cloud
Wrestling,Boys Heavyweight,1970,Combined,Larry Avery,Brooklyn Park,,pdfs/Winter record book.pdf,87,2026-08-02T20:02:45Z,glm-5.2:cloud
Wrestling,Boys Heavyweight,1971,Combined,Mark Rose,Wheaton,,pdfs/Winter record book.pdf,87,2026-08-02T20:02:45Z,glm-5.2:cloud
Wrestling,Boys Heavyweight,1972,Combined,Charles Klein,Thomas Johnson,,pdfs/Winter record book.pdf,87,2026-08-02T20:02:45Z,glm-5.2:cloud
Wrestling,Boys Heavyweight,1973,Combined,Bill Owen,Bel Air,,pdfs/Winter record book.pdf,87,2026-08-02T20:02:45Z,glm-5.2:cloud
Wrestling,Boys Heavyweight,1974,Combined,Paul Glamp,North Harford,,pdfs/Winter record book.pdf,87,2026-08-02T20:02:45Z,glm-5.2:cloud
Wrestling,Boys Heavyweight,1975,Combined,Irv Pankey,Aberdeen,,pdfs/Winter record book.pdf,87,2026-08-02T20:02:45Z,glm-5.2:cloud
Wrestling,Boys Heavyweight,1976,Combined,Irv Pankey,Aberdeen,,pdfs/Winter record book.pdf,87,2026-08-02T20:02:45Z,glm-5.2:cloud
Wrestling,Boys Heavyweight,1977,Combined,Paul Hill,High Point,,pdfs/Winter record book.pdf,87,2026-08-02T20:02:45Z,glm-5.2:cloud
Wrestling,Boys Heavyweight,1978,Combined,Jim Hyson,Francis Scott Key,,pdfs/Winter record book.pdf,87,2026-08-02T20:02:45Z,glm-5.2:cloud
Wrestling,Boys Heavyweight,1979,Combined,Guy Hohenhaus,Laurel,,pdfs/Winter record book.pdf,87,2026-08-02T20:02:45Z,glm-5.2:cloud
Wrestling,Boys Heavyweight,1980,Combined,Everett Castle,Great Mills,,pdfs/Winter record book.pdf,87,2026-08-02T20:02:45Z,glm-5.2:cloud
Wrestling,Boys Heavyweight,1981,Combined,John Miller,Glen Burnie,,pdfs/Winter record book.pdf,87,2026-08-02T20:02:45Z,glm-5.2:cloud
Wrestling,Boys Heavyweight,1982,Combined,Angelo Bavetto,Howard,,pdfs/Winter record book.pdf,87,2026-08-02T20:02:45Z,glm-5.2:cloud
Wrestling,Boys Heavyweight,1983,Combined,Angelo Bavetto,Howard,,pdfs/Winter record book.pdf,87,2026-08-02T20:02:45Z,glm-5.2:cloud
Wrestling,Boys Heavyweight,1984,Combined,Henry Jamieson,McDonough,,pdfs/Winter record book.pdf,87,2026-08-02T20:02:45Z,glm-5.2:cloud
Wrestling,Boys Heavyweight,1985,Combined,Karl Edwards,Aberdeen,,pdfs/Winter record book.pdf,87,2026-08-02T20:02:45Z,glm-5.2:cloud
Wrestling,Boys Heavyweight,1986,Combined,Ron Borlie,Overlea,,pdfs/Winter record book.pdf,87,2026-08-02T20:02:45Z,glm-5.2:cloud
Wrestling,Boys Heavyweight,1987,Combined,Brian Gifford,Eastern Tech,,pdfs/Winter record book.pdf,87,2026-08-02T20:02:45Z,glm-5.2:cloud
Wrestling,Boys Heavyweight,1988,Combined,Bill Ferencz,North Carroll,,pdfs/Winter record book.pdf,87,2026-08-02T20:02:45Z,glm-5.2:cloud
