sport,year,classification,champion_school,champion_school_slug,champion_coach,finalist_school,finalist_school_slug,finalist_coach,score,champion_undefeated,co_champion,notes,source_pages
Girls Cross Country,1975,Combined,Northwood,northwood,Dan Reeks,Bel Air,bel-air,Linda Loebenstein,74-96,False,False,,6-7
Girls Cross Country,1976,AA,Bethesda-Chevy Chase,bethesda-chevy-chase,Kerry Ward,Friendly,friendly,Sharie Dean,52-54,False,False,,6-7
Girls Cross Country,1976,ABC,Seneca Valley,seneca-valley,Randy Changuris,Northwood,northwood,Dan Reeks,62-80,False,False,,6-7
Girls Cross Country,1977,AA,Northwood,northwood,Dan Reeks/Fran Perry,Churchill,churchill,Andy White,35-113,False,False,,6-7
Girls Cross Country,1977,ABC,Bethesda-Chevy Chase,bethesda-chevy-chase,Kerry Ward,Oxon Hill,oxon-hill,Paul Buckley,38-80,False,False,,6-7
Girls Cross Country,1978,AA,Northwood,northwood,Dan Reeks,Churchill,churchill,Andy White,70-81,False,False,,6-7
Girls Cross Country,1978,A,Bethesda-Chevy Chase,bethesda-chevy-chase,Kerry Ward,Eleanor Roosevelt,eleanor-roosevelt,Ralph White,38-97,False,False,,6-7
Girls Cross Country,1978,B,Hereford,hereford,Gary Horn,Williamsport,williamsport,Rose Marie Williams,,False,False,,6-7
Girls Cross Country,1978,C,Smithsburg,smithsburg,Don Stoner,Boonsboro,boonsboro,Dwight Scott,,False,False,,6-7
Girls Cross Country,1979,AA,Churchill,churchill,Andy White,Blair,blair,John Wofford,69-103,False,False,,6-7
Girls Cross Country,1979,A,Seneca Valley,seneca-valley,Randy Changuris,Bethesda-Chevy Chase,bethesda-chevy-chase,Kerry Ward,68-79,False,False,,6-7
Girls Cross Country,1979,B,Hereford,hereford,Jim Heffner,Sherwood,sherwood,Bob Jasper,21-54,False,False,,6-7
Girls Cross Country,1979,C,Williamsport,williamsport,Larry Wadel,Smithsburg,smithsburg,Don Stoner,30-37,False,False,,6-7
Girls Cross Country,1980,AA,Towson,towson,Randy Walker/John Massar,Churchill,churchill,Andy White,78-94,False,False,,6-7
Girls Cross Country,1980,A,Seneca Valley,seneca-valley,Randy Changuris,Rockville,rockville,Bob Stack,55-122,False,False,,6-7
Girls Cross Country,1980,B,Hereford,hereford,Jim Heffner,Frederick,frederick,Jack Griffin,56-69,False,False,,6-7
Girls Cross Country,1980,C,Williamsport,williamsport,Rose Marie Williams,Middletown,middletown,Ron Albaugh,34-70,False,False,,6-7
Girls Cross Country,1981,AA,Dulaney,dulaney,Bob Dean,Crossland,crossland,Bill Smith,53-82,False,False,,6-7
Girls Cross Country,1981,A,McDonough,mcdonough,Joe Warfield,Towson,towson,Randy Walker/John Massar,84-113,False,False,,6-7
Girls Cross Country,1981,B,Williamsport,williamsport,Rose Marie Williams,Frederick,frederick,Jack Griffin,72-81,False,False,,6-7
Girls Cross Country,1981,C,Middletown,middletown,Ron Albaugh,Boonsboro,boonsboro,Dwight Scott,35-63,False,False,,6-7
Girls Cross Country,1982,AA,Crossland,crossland,Bill Smith,Dulaney,dulaney,Bob Dean,92-112,False,False,,6-7
Girls Cross Country,1982,A,Towson,towson,John Massar,Loch Raven,loch-raven,Tony Donia,46-101,False,False,,6-7
Girls Cross Country,1982,B,Williamsport,williamsport,Rose Marie Williams,North Carroll,north-carroll,Henry Adami,54-114,False,False,,6-7
Girls Cross Country,1982,C,Brunswick,brunswick,Lee Zumbach,Walkersville,walkersville,Bob Brown,44-66,False,False,,6-7
Girls Cross Country,1983,AA,Crossland,crossland,Bill Smith,Westminster,westminster,Jim Guilford,87-129,False,False,,6-7
Girls Cross Country,1983,A,Kennedy,kennedy,Al Bellman,Loch Raven,loch-raven,Tony Donia,67-73,False,False,,6-7
Girls Cross Country,1983,B,North Carroll,north-carroll,Henry Adami,Glenelg,glenelg,Roger Volrath,80-99,False,False,,6-7
Girls Cross Country,1983,C,Brunswick,brunswick,Lee Zumbach,Walkersville,walkersville,Bob Brown,38-43,False,False,,6-7
Girls Cross Country,1984,AA,Westminster,westminster,Jim Guilford,Bowie,bowie,Joe Clark,62-66,False,False,,6-7
Girls Cross Country,1984,A,Towson,towson,John Massar,McDonough,mcdonough,Debbie Jennison,69-74,False,False,,6-7
Girls Cross Country,1984,B,North Carroll,north-carroll,Henry Adami,Hereford,hereford,Jim Heffner,53-66,False,False,,6-7
Girls Cross Country,1984,C,Boonsboro,boonsboro,Dwight Scott,Smithsburg,smithsburg,Rick Schultz,50-65,False,False,,6-7
Girls Cross Country,1985,AA,Laurel,laurel,Pete Adams,Churchill,churchill,Andy White,,False,False,,6-7
Girls Cross Country,1985,A,North Carroll,north-carroll,Henry Adami,Loch Raven,loch-raven,Tony Donia,53-127,False,False,,6-7
Girls Cross Country,1985,B,Woodward,woodward,Greg Dunston,C. Milton Wright,c-milton-wright,Barbara Johnson,86-125,False,False,,6-7
Girls Cross Country,1985,C,Brunswick,brunswick,Lee Zumbach,Smithsburg,smithsburg,Rick Schultz,35-46,False,False,,6-7
Girls Cross Country,1986,AA,Eleanor Roosevelt,eleanor-roosevelt,Dan Rincon,Laurel,laurel,Pete Adams,51-93,False,False,,6-7
Girls Cross Country,1986,A,North Carroll,north-carroll,Henry Adami,Loch Raven,loch-raven,Tony Donia,69-163,False,False,,6-7
Girls Cross Country,1986,B-C,North Harford,north-harford,Dave Starnes,Atholton,atholton,Earl Lauer,87-90,False,False,,6-7
Girls Cross Country,1987,AA,Severna Park,severna-park,Jim Patton,Eleanor Roosevelt,eleanor-roosevelt,Dan Rincon,66-102,False,False,,6-7
Girls Cross Country,1987,A,North Hagerstown,north-hagerstown,Frank McAdoo,Laurel,laurel,Pete Adams,80-95,False,False,,6-7
Girls Cross Country,1987,B-C,Atholton,atholton,Earl Lauer,Centennial,centennial,Al Dodds,75-100,False,False,,6-7
Girls Cross Country,1988,4A,Eleanor Roosevelt,eleanor-roosevelt,Deborah McCracken,Whitman,whitman,Kerry Ward,84-104,False,False,,6-7
Girls Cross Country,1988,3A,C. Milton Wright,c-milton-wright,Barbara Johnson,Frederick,frederick,Sue Webster,73-86,False,False,,6-7
Girls Cross Country,1988,2A-1A,Atholton,atholton,Earl Lauer,Allegany,allegany,Ray Short,87-89,False,False,,6-7
Girls Cross Country,1989,4A,Frederick,frederick,Jim Weir,Whitman,whitman,Kerry Ward,59-68,False,False,,6-7
Girls Cross Country,1989,3A,Great Mills,great-mills,Tim Sandstrom,Leonardtown,leonardtown,Joe Krafty,94-111,False,False,,6-7
Girls Cross Country,1989,2A,Atholton,atholton,Earl Lauer,Glenelg,glenelg,Roger Volrath,46-76,False,False,,6-7
Girls Cross Country,1989,1A,Boonsboro,boonsboro,Dwight Scott,Brunswick,brunswick,Lee & Anne Zumbach,41-60,False,False,,6-7
Girls Cross Country,1990,4A,Whitman,whitman,Kerry Ward,Frederick,frederick,Jim Weir,58-95,False,False,,6-7
Girls Cross Country,1990,3A,Centennial,centennial,Al Dodds,Liberty,liberty,Dan Jones,65-68,False,False,,6-7
Girls Cross Country,1990,2A,Glenelg,glenelg,Roger Volrath,Middletown,middletown,Sharon Boyer,47-90,False,False,,6-7
Girls Cross Country,1990,1A,Boonsboro,boonsboro,Dwight Scott,Brunswick,brunswick,Anne Zumbach,26-35,False,False,,6-7
Girls Cross Country,1991,4A,Churchill,churchill,Ron McGaw,Quince Orchard,quince-orchard,Gerald Link,94-99,False,False,,6-7
Girls Cross Country,1991,3A,Whitman,whitman,Kerry Ward,Walter Johnson,walter-johnson,Greg Dunston,76-112,False,False,,6-7
Girls Cross Country,1991,2A,Middletown,middletown,Sharon Boyer,Loch Raven,loch-raven,Tony Donia,47-75,False,False,,6-7
Girls Cross Country,1991,1A,Brunswick,brunswick,Anne Zumbach,Boonsboro,boonsboro,Dwight Scott,24-67,False,False,,6-7
Girls Cross Country,1992,4A,Dulaney,dulaney,Bob Dean,Quince Orchard,quince-orchard,Gerald Link,49-109,False,False,,6-7
Girls Cross Country,1992,3A,Whitman,whitman,Kerry Ward,Walter Johnson,walter-johnson,Greg Dunston,61-95,False,False,,6-7
Girls Cross Country,1992,2A,Middletown,middletown,Sharon Boyer,Glenelg,glenelg,Roger Volrath,66-72,False,False,,6-7
Girls Cross Country,1992,1A,Brunswick,brunswick,Lee Zumbach,Boonsboro,boonsboro,Dwight Scott,41-62,False,False,,6-7
Girls Cross Country,1993,4A,Perry Hall,perry-hall,Marilyn Bevans,Dulaney,dulaney,Bob Dean,75-103,False,False,,6-7
Girls Cross Country,1993,3A,Linganore,linganore,John Grim,Walter Johnson,walter-johnson,Greg Dunston,70-90,False,False,,6-7
Girls Cross Country,1993,2A,Catonsville,catonsville,Jeff McDaniel,Fallston,fallston,Carol O'Donnell,43-82,False,False,,6-7
Girls Cross Country,1993,1A,Brunswick,brunswick,Lee Zumbach,Boonsboro,boonsboro,Dwight Scott,65-74,False,False,,6-7
Girls Cross Country,1994,4A,Dulaney,dulaney,Bob Dean,Quince Orchard,quince-orchard,Gerald Link,84-89,False,False,,6-7
Girls Cross Country,1994,3A,Linganore,linganore,John Grim,C. Milton Wright,c-milton-wright,Barbara Johnson,46-91,False,False,,6-7
Girls Cross Country,1994,2A,Damascus,damascus,Robert Youngblood,Catonsville,catonsville,Jeff McDaniel,84-84,False,True,,6-7
Girls Cross Country,1994,1A,Boonsboro,boonsboro,Dwight Scott,Francis Scott Key,francis-scott-key,Rich Salkin,42-75,False,False,,6-7
Girls Cross Country,1995,4A,Dulaney,dulaney,Bob Dean,Whitman,whitman,Chris Flynn,56-99,False,False,,6-7
Girls Cross Country,1995,3A,Frederick,frederick,Frank Strakonsky,Damascus,damascus,Robert Youngblood,96-99,False,False,,6-7
Girls Cross Country,1995,2A,Linganore,linganore,John Grim,Oakland Mills,oakland-mills,Steve Carnahan,41-86,False,False,,6-7
Girls Cross Country,1995,1A,Boonsboro,boonsboro,Dwight Scott,Southern Garrett,southern-garrett,"Louis Newcomb, Jr.",36-73,False,False,,6-7
Girls Cross Country,1996,4A,Dulaney,dulaney,Bob Dean,Quince Orchard,quince-orchard,Gerald Link,64-103,False,False,,6-7
Girls Cross Country,1996,3A,Walter Johnson,walter-johnson,Greg Dunston,C. Milton Wright,c-milton-wright,Barbara Johnson,81-128,False,False,,6-7
Girls Cross Country,1996,2A,Wilde Lake,wilde-lake,Charles Shoemaker,Catonsville,catonsville,Jeff McDaniel,77-104,False,False,,6-7
Girls Cross Country,1996,1A,Southern Garrett,southern-garrett,Louis Newcomb,Hereford,hereford,Brian Migliarini,37-88,False,False,,6-7
Girls Cross Country,1997,4A,Dulaney,dulaney,Bob Dean,Severna Park,severna-park,Ed Purpura,82-104,False,False,,6-7
Girls Cross Country,1997,3A,Walter Johnson,walter-johnson,Greg Dunston,Wilde Lake,wilde-lake,Charles Shoemaker,77-96,False,False,,6-7
Girls Cross Country,1997,2A,Middletown,middletown,Sharon Boyer,Mount Hebron,mount-hebron,Mark Agnew,57-78,False,False,,6-7
Girls Cross Country,1997,1A,Allegany,allegany,George Brown,Southern Garrett,southern-garrett,Louis Newcomb,46-63,False,False,,6-7
Girls Cross Country,1998,4A,Severna Park,severna-park,Ed Purpura,Dulaney,dulaney,Chad Boyle,82-107,False,False,,6-7
Girls Cross Country,1998,3A,Walter Johnson,walter-johnson,Greg Dunston,Broadneck,broadneck,Dana Dobbs,62-103,False,False,,6-7
Girls Cross Country,1998,2A,Middletown,middletown,Sharon Boyer,Mount Hebron,mount-hebron,Kevin George,46-96,False,False,,6-7
Girls Cross Country,1998,1A,Allegany,allegany,George Brown,Glenelg,glenelg,Roger Volrath,35-84,False,False,,6-7
Girls Cross Country,1998,4A,C. Milton Wright,c-milton-wright,Eric Clark,Dulaney,dulaney,Chad Boyle,84-86,False,False,,6-7
Girls Cross Country,1999,3A,Walter Johnson,walter-johnson,Greg Dunston,North Carroll,north-carroll,Kourtnay Purcaro,63-89,False,False,,6-7
Girls Cross Country,1999,2A,Middletown,middletown,Sharon Boyer,Catonsville,catonsville,Jeff McDaniel,24-82,False,False,,6-7
Girls Cross Country,1999,1A,Southern Garrett,southern-garrett,Louis Newcomb,Glenelg,glenelg,Roger Volrath,40-54,False,False,,6-7
Girls Cross Country,2000,4A,C. Milton Wright,c-milton-wright,Murray Davis,Dulaney,dulaney,Chad Boyle,73-82,False,False,,6-7
Girls Cross Country,2000,3A,North Carroll,north-carroll,Kourtnay Purcaro,River Hill,river-hill,Earl Lauer,66-91,False,False,,6-7
Girls Cross Country,2000,2A,Middletown,middletown,Sharon Boyer,Linganore,linganore,John Grim,57-93,False,False,,6-7
Girls Cross Country,2000,1A,Smithsburg,smithsburg,John Gest,Glenelg,glenelg,Roger Volrath,58-60,False,False,,6-7
Girls Cross Country,1994,2A,Damascus & Catonsville,damascus-and-catonsville,Robert Youngblood,,,,84-84,False,True,sixth girl tie-breaker used to determine first place,7-8
Girls Cross Country,2001,4A,Quince Orchard,quince-orchard,Seann Pelkey,C. Milton Wright,c-milton-wright,Don Mickey,55-98,False,False,,7-8
Girls Cross Country,2001,3A,Dulaney,dulaney,Chad Boyle,North Carroll,north-carroll,Denny Snyder/Diane Spalt,55-93,False,False,,7-8
Girls Cross Country,2001,2A,Towson,towson,Ed Rafferty,Glenelg,glenelg,Roger Volrath/Steve Ruckert,58-86,False,False,,7-8
Girls Cross Country,2001,1A,Smithsburg,smithsburg,Ray Shriver,Beall,beall,Norm DeRosa,75-98,False,False,,7-8
Girls Cross Country,2002,4A,Broadneck,broadneck,Dana Dobbs,C. Milton Wright,c-milton-wright,Eric Clark/Don Mickey,67-78,False,False,,7-8
Girls Cross Country,2002,3A,Northwest,northwest,Beth Muehl,Walter Johnson,walter-johnson,Greg Dunston,99-109,False,False,,7-8
Girls Cross Country,2002,2A,Bethesda-Chevy Chase,bethesda-chevy-chase,Tim Gilmore,Hereford,hereford,Elena Basignani,74-94,False,False,,7-8
Girls Cross Country,2002,1A,Williamsport,williamsport,Randy Buchman,Southern Garrett,southern-garrett,Louis Newcomb,53-71,False,False,,7-8
Girls Cross Country,2003,4A,Broadneck,broadneck,Dana Dobbs,Eleanor Roosevelt,eleanor-roosevelt,Desmond Dunham,59-65,False,False,,7-8
Girls Cross Country,2003,3A,Northwest,northwest,Beth Muehl,C. Milton Wright,c-milton-wright,Eric Clark/Don Mickey,82-96,False,False,,7-8
Girls Cross Country,2003,2A,Glenelg,glenelg,Roger Volrath/Steve Ruckert,Hereford,hereford,Elena Basignani,87-91,False,False,,7-8
Girls Cross Country,2003,1A,Williamsport,williamsport,Randy Buchman,Loch Raven,loch-raven,Dave Kreller,35-65,False,False,,7-8
Girls Cross Country,2004,4A,Eleanor Roosevelt,eleanor-roosevelt,Desmond Durham,Dulaney,dulaney,Chad Boyle,71-95,False,False,,7-8
Girls Cross Country,2004,3A,C. Milton Wright,c-milton-wright,Don Mickey,Northwest,northwest,Beth Muehl,95-113,False,False,,7-8
Girls Cross Country,2004,2A,Hereford,hereford,Elena Basignani/Russ Drylie,Winters Mill,winters-mill,Ken Fischer,61-77,False,False,,7-8
Girls Cross Country,2004,1A,Loch Raven,loch-raven,David Kreller,Williamsport,williamsport,Randy Buchman,25-46,False,False,,7-8
Girls Cross Country,2005,4A,Eleanor Roosevelt,eleanor-roosevelt,Desmond Durham,Dulaney,dulaney,Chad Boyle,61-93,False,False,,7-8
Girls Cross Country,2005,3A,Severna Park,severna-park,Ed Purpura,River Hill,river-hill,Earl Lauer,68-96,False,False,,7-8
Girls Cross Country,2005,2A,Hereford,hereford,Elena Basignani/Jason Bowman,Century,century,Wayne Reisberg,37-105,False,False,,7-8
Girls Cross Country,2005,1A,Williamsport,williamsport,Randy Buchman,Digital Harbor,digital-harbor,Lutalo Bakari,30-91,False,False,,7-8
Girls Cross Country,2006,4A,Eleanor Roosevelt,eleanor-roosevelt,Desmond Dunham,Dulaney,dulaney,Chad Boyle,77-99,False,False,,7-8
Girls Cross Country,2006,3A,Severna Park,severna-park,Ed Purpura,River Hill,river-hill,Earl Lauer,80-116,False,False,,7-8
Girls Cross Country,2006,2A,Howard,howard,Matthew Stump,Hereford,hereford,Jason Bowman,37-68,False,False,,7-8
Girls Cross Country,2006,1A,Smithsburg,smithsburg,Ray Shriver,Williamsport,williamsport,Randy Buchman,75-78,False,False,,7-8
Girls Cross Country,2007,4A,C. Milton Wright,c-milton-wright,Don Mickey,Eleanor Roosevelt,eleanor-roosevelt,Desmond Dunham,96-97,False,False,,7-8
Girls Cross Country,2007,3A,Howard,howard,Matthew Stump,Hereford,hereford,Jason Bowman,69-73,False,False,,7-8
Girls Cross Country,2007,2A,River Hill,river-hill,Earl Lauer,Century,century,Wayne Reisberg,40-66,False,False,,7-8
Girls Cross Country,2007,1A,South Carroll,south-carroll,Rob Pennington,Bohemia Manor,bohemia-manor,Stephen Pizzulli,69-95,False,False,,7-8
Girls Cross Country,2008,4A,C. Milton Wright,c-milton-wright,Don Mickey,Northwest,northwest,Beth Muehl,93-127,False,False,,7-8
Girls Cross Country,2008,3A,Towson,towson,Gil Stange/Ed Faya,Hereford,hereford,Jason Bowman,55-84,False,False,,7-8
Girls Cross Country,2008,2A,River Hill,river-hill,Earl Lauer,Century,century,Kristin Hadden,47-48,False,False,,7-8
Girls Cross Country,2008,1A,Bohemia Manor,bohemia-manor,Stephen Pizzulli/Kyle Miller,South Carroll,south-carroll,Rob Pennington,54-69,False,False,,7-8
Girls Cross Country,2009,4A,Severna Park,severna-park,Ed Purpura,Thomas Johnson,thomas-johnson,Chris Lewis,89-95,False,False,,7-8
Girls Cross Country,2009,3A,River Hill,river-hill,Earl Lauer,Hereford,hereford,Jason Bowman,68-81,False,False,,7-8
Girls Cross Country,2009,2A,Century,century,Kristin Hadden,Bel Air,bel-air,Jon Andrews/Ashley Barnes,39-91,False,False,,7-8
Girls Cross Country,2009,1A,Bohemia Manor,bohemia-manor,Stephen Pizzulli/Kyle Miller,Smithsburg,smithsburg,Ray Shriver,22-102,False,False,,7-8
Girls Cross Country,2010,4A,Walt Whitman,walt-whitman,Stephen Hays,Northwest,northwest,Beth Muehl,70-84,False,False,,7-8
Girls Cross Country,2010,3A,Hereford,hereford,Jason Bowman/John Roemer IV,Mount Hebron,mount-hebron,Paul Ulrich,48-94,False,False,,7-8
Girls Cross Country,2010,2A,Century,century,Kristin Hadden,Bel Air,bel-air,Jon Andrews/Ashley Barnes,63-99,False,False,,7-8
Girls Cross Country,2010,1A,Bohemia Manor,bohemia-manor,Stephen Pizzulli/Kyle Miller,Loch Raven,loch-raven,David Glassman,55-100,False,False,,7-8
Girls Cross Country,2011,4A,Bethesda-Chevy Chase,bethesda-chevy-chase,Chad Young,Whitman,whitman,Stephen & Anna Hays,103-111,False,False,,7-8
Girls Cross Country,2011,3A,Hereford,hereford,Jason Bowman/John Roemer IV,River Hill,river-hill,Earl Lauer,48-114,False,False,,7-8
Girls Cross Country,2011,2A,Century,century,Chris Mead,South Carroll,south-carroll,Rob Pennington/Dan Reedy,112-113,False,False,,7-8
Girls Cross Country,2011,1A,Bohemia Manor,bohemia-manor,Stephen Pizzulli/Kyle Miller,Boonsboro,boonsboro,Rebecca Walter,53-69,False,False,,7-8
Girls Cross Country,2012,4A,Bethesda-Chevy Chase,bethesda-chevy-chase,Chad Young,Quince Orchard,quince-orchard,Seann Pelkey/Steve Majkrzak,67-103,False,False,,7-8
Girls Cross Country,2012,3A,Reservoir,reservoir,Phil Rogers/Jud Lincoln,Centennial,centennial,Kevin McCoy,65-73,False,False,,7-8
Girls Cross Country,2012,2A,Calvert,calvert,John Major,Oakland Mills,oakland-mills,Vicki Lang,57-101,False,False,,7-8
Girls Cross Country,2012,1A,Boonsboro,boonsboro,Rebecca Walter/Shawn Cutsail,Manchester Valley,manchester-valley,Melissa Thomas,45-65,False,False,,7-8
Girls Cross Country,2013,4A,Walter Johnson,walter-johnson,Tom Martin/Ashley St. Denis,Bethesda-Chevy Chase,bethesda-chevy-chase,Chad Young,60-64,False,False,,8-9
Girls Cross Country,2013,3A,Centennial,centennial,Kevin McCoy,River Hill,river-hill,Earl Lauer,56-67,False,False,,8-9
Girls Cross Country,2013,2A,Hereford,hereford,John Roemer IV/Weston Fellows,Poolesville,poolesville,James Vollmer/Prasad Gerard,73-102,False,False,,8-9
Girls Cross Country,2013,1A,Cambridge-South Dorchester,cambridge-south-dorchester,Sean Reincke,Smithsburg,smithsburg,Ray Shriver,80-82,False,False,,8-9
Girls Cross Country,2014,4A,Walter Johnson,walter-johnson,Tom Martin/Ashley St. Denis,Bethesda-Chevy Chase,bethesda-chevy-chase,Chad & Emily Young,51-91,False,False,,8-9
Girls Cross Country,2014,3A,River Hill,river-hill,Earl Lauer/Paul Hugus,Albert Einstein,albert-einstein,Eric Da Silva/Kate Ligon,64-105,False,False,,8-9
Girls Cross Country,2014,2A,Liberty,liberty,Dan Jones/Pete Lester,Hereford,hereford,John Roemer IV/Megan Wilson,77-97,False,False,,8-9
Girls Cross Country,2014,1A,Smithsburg,smithsburg,Ray Shriver/Kate White,Bohemia Manor,bohemia-manor,Stephen Pizzulli/Evan Cohn,46-122,False,False,,8-9
Girls Cross Country,2015,4A,Walter Johnson,walter-johnson,Tom Martin/Ashley St. Denis,Dulaney,dulaney,Chad Boyle/Eric Benjamin,51-85,False,False,,8-9
Girls Cross Country,2015,3A,Centennial,centennial,Kevin McCoy,Northern-Calvert,northern-calvert,Josh Dawson,68-84,False,False,,8-9
Girls Cross Country,2015,2A,Hereford,hereford,John Roemer IV/Yelena Dickerson,Century,century,Chris Mead,50-118,False,False,,8-9
Girls Cross Country,2015,1A,Boonsboro,boonsboro,Rebecca Walter/Shawn Cutsail,Smithsburg,smithsburg,Ray Shriver/Kate White,43-51,False,False,,8-9
Girls Cross Country,2016,4A,Walter Johnson,walter-johnson,Tom Martin/Ashley St. Denis,Thomas Wootton,thomas-wootton,Kellie Redmond,59-118,False,False,,8-9
Girls Cross Country,2016,3A,Northern-Calvert,northern-calvert,Josh Dawson,River Hill,river-hill,Paul Hugus/John DiFato,72-89,False,False,,8-9
Girls Cross Country,2016,2A,Hereford,hereford,John Roemer IV/Adam Hittner,Catoctin,catoctin,John Grim/Ryan Lenhart,52-92,False,False,,8-9
Girls Cross Country,2016,1A,Boonsboro,boonsboro,Rebecca Walter/Shawn Cutsail,Northern-Garrett,northern-garrett,Jaron Hawkins/Shawn Peck,37-51,False,False,,8-9
Girls Cross Country,2017,4A,Walter Johnson,walter-johnson,Tom Martin,Severna Park,severna-park,Josh Alcombright,77-89,False,False,,8-9
Girls Cross Country,2017,3A,Northern-Calvert,northern-calvert,Josh Dawson,C. Milton Wright,c-milton-wright,Donnie Mickey,37-92,False,False,,8-9
Girls Cross Country,2017,2A,Hereford,hereford,John Roemer IV/Adam Hittner,River Hill,river-hill,Paul Hugus/John DiFato,81-121,False,False,,8-9
Girls Cross Country,2017,1A,Boonsboro,boonsboro,Rebecca Walter Ward/S. Cutsail,Brunswick,brunswick,Anne Zumbach,64-70,False,False,,8-9
Girls Cross Country,2018,4A,Severna Park,severna-park,Josh Alcombright,Howard,howard,Allison Follmer,102-125,False,False,,8-9
Girls Cross Country,2018,3A,Northern-Calvert,northern-calvert,Josh Dawson,Bel Air,bel-air,Andrea Gwin,56-68,False,False,,8-9
Girls Cross Country,2018,2A,Hereford,hereford,John Roemer IV/Adam Hittner,Oakdale,oakdale,Chris Lewis/Adell Remsburg,68-131,False,False,,8-9
Girls Cross Country,2018,1A,Boonsboro,boonsboro,Rebecca Ward/Shawn Cutsail,Brunswick,brunswick,Anne & Lee Zumbach,44-59,False,False,,8-9
Girls Cross Country,2019,4A,Howard,howard,Zack Dickerson,Severna Park,severna-park,Josh Alcombright,69-110,False,False,,8-9
Girls Cross Country,2019,3A,Northern-Calvert,northern-calvert,Josh Dawson,Bel Air,bel-air,Andrea Gwin,82-86,False,False,,8-9
Girls Cross Country,2019,2A,Liberty,liberty,Dan Jones/Pete Lester,Middletown,middletown,Alan Caldwell,44-74,False,False,,8-9
Girls Cross Country,2019,1A,Northern-Garrett,northern-garrett,Jaron Hawkins,Brunswick,brunswick,Anne Zumbach,40-45,False,False,,8-9
Girls Cross Country,2021,4A,Walter Johnson,walter-johnson,Tom Martin/Ashley St. Denis,Broadneck,broadneck,Brianna Bostic,80-93,False,False,,8-9
Girls Cross Country,2021,3A,Howard,howard,Zach Dickerson,Northern-Calvert,northern-calvert,Josh Dawson,37-112,False,False,,8-9
Girls Cross Country,2021,2A,Hereford,hereford,John Roemer IV/Adam Hittner,Liberty,liberty,Dan Jones & Pete Lester,37-77,False,False,,8-9
Girls Cross Country,2021,1A,Northern-Garrett,northern-garrett,Jaron Hawkins,Smithsburg,smithsburg,Ray Shriver,47-78,False,False,,8-9
Girls Cross Country,2022,4A,Severna Park,severna-park,Josh Alcombright,Walter Johnson,walter-johnson,Tom Martin/Ashley St. Denis,100-117,False,False,,8-9
Girls Cross Country,2022,3A,Towson,towson,Gil Stange & Linda McShane,Frederick,frederick,Frank Strakonsky,81-86,False,False,,8-9
Girls Cross Country,2022,2A,Hereford,hereford,John Roemer IV/Adam Hittner,Poolesville,poolesville,Prasad Gerard,34-66,False,False,,8-9
Girls Cross Country,2022,1A,Northern-Garrett,northern-garrett,Jaron Hawkins,Smithsburg,smithsburg,Ray Shriver,52-97,False,False,,8-9
Girls Cross Country,2023,4A,Walter Johnson,walter-johnson,Tom Martin/Ashley St. Denis,Frederick,frederick,Frank Strakonsky/Sage Norton,70-71,False,False,,8-9
Girls Cross Country,2023,3A,Severna Park,severna-park,Josh Alcombright,Howard,howard,Courtney Mann/Tammy Liu,66-119,False,False,,8-9
Girls Cross Country,2023,2A,Hereford,hereford,John Roemer IV/Adam Hittner,Centennial,centennial,Kevin McCoy,65-67,False,False,,8-9
Girls Cross Country,2023,1A,Smithsburg,smithsburg,Ray Shriver,Harford Technical,harford-technical,Eric Baranoski/Connie Cullinan/Darrell Diamond,69-88,False,False,,8-9
Girls Cross Country,2024,4A,Bethesda-Chevy Chase,bethesda-chevy-chase,Gildon Kirk/Jim Hage,Frederick,frederick,Frank Strakonsky/Sage Norton,72-74,False,False,,8-9
Girls Cross Country,2024,3A,Severna Park,severna-park,Josh Alcombright,Towson,towson,Rick Malloy/Gil Stange,48-101,False,False,,8-9
Girls Cross Country,2024,2A,Centennial,centennial,Kevin McCoy,Hereford,hereford,Adam Hittner & Bruce Lentz,39-67,False,False,,8-9
Girls Cross Country,2024,1A,Harford Technical,harford-technical,Darrell Diamond,Smithsburg,smithsburg,Ray Shriver,80-94,False,False,,8-9
Boys Cross Country,1946,A,Catonsville,catonsville,,,,,15,False,False,,16-17
Boys Cross Country,1946,B,Dundalk,dundalk,,Bel Air,bel-air,Clyde Graff,25,True,False,,16-17
Boys Cross Country,1946,C,Brunswick,brunswick,,,,,,True,False,,16-17
Boys Cross Country,1946,D,Pittsville,pittsville,,,,,,True,False,,16-17
Boys Cross Country,1947,A,Hagerstown,hagerstown,Johnny Kerr,Catonsville,catonsville,,76,False,False,,16-17
Boys Cross Country,1947,B,Bel Air,bel-air,,,,,,True,False,,16-17
Boys Cross Country,1947,C,Brunswick,brunswick,,,,,,True,False,,16-17
Boys Cross Country,1947,D,Old Post,old-post,,Pittsville,pittsville,,100,False,False,,16-17
Boys Cross Country,1948,A,Hagerstown,hagerstown,Johnny Kerr,Dundalk,dundalk,,49,False,False,,16-17
Boys Cross Country,1948,B,Bel Air,bel-air,,,,,15,False,False,,16-17
Boys Cross Country,1948,C,Brunswick,brunswick,,,,,15,False,False,,16-17
Boys Cross Country,1948,D,Elkridge,elkridge,,Old Post,old-post,,39,False,False,,16-17
Boys Cross Country,1949,A,Hagerstown,hagerstown,Johnny Kerr,Dundalk,dundalk,,52,False,False,,16-17
Boys Cross Country,1949,B,Elkridge,elkridge,,Washington,washington,,65,False,False,,16-17
Boys Cross Country,1949,C,Pittsville,pittsville,,,,,15,False,False,,16-17
Boys Cross Country,1950,A,Towson,towson,Randy Walker,,,,,False,False,,16-17
Boys Cross Country,1952,A,Towson,towson,Randy Walker,Catonsville,catonsville,,39,False,False,,16-17
Boys Cross Country,1952,C,Ocean City,ocean-city,,,,,,False,False,,16-17
Boys Cross Country,1953,A,Towson,towson,Randy Walker,Catonsville,catonsville,,41,False,False,,16-17
Boys Cross Country,1954,A,Towson,towson,Randy Walker,Montgomery Blair,montgomery-blair,,57,False,False,,16-17
Boys Cross Country,1955,A,Towson,towson,Randy Walker,Montgomery Blair,montgomery-blair,,40,False,False,,16-17
Boys Cross Country,1955,C,Ocean City,ocean-city,,,,,,False,False,,16-17
Boys Cross Country,1956,A,Kenwood,kenwood,Lefty Elliott,Montgomery Blair,montgomery-blair,,68,False,False,,16-17
Boys Cross Country,1956,C,Centreville,centreville,,,,,,False,False,,16-17
Boys Cross Country,1957,A,Montgomery Blair,montgomery-blair,,Kenwood,kenwood,,57,False,False,,16-17
Boys Cross Country,1957,B,Hereford,hereford,Layton Stamper,Arundel,arundel,,35,False,False,,16-17
Boys Cross Country,1958,A,Kenwood,kenwood,,Dundalk,dundalk,,64,False,False,,16-17
Boys Cross Country,1958,B,Hereford,hereford,Layton Stamper,Damascus,damascus,,46,False,False,,16-17
Boys Cross Country,1958,C,South Dorchester,south-dorchester,,,,,,False,False,,16-17
Boys Cross Country,1959,A,Catonsville,catonsville,Jack Manley,Kenwood,kenwood,Bill Hubbard,79,False,False,,16-17
Boys Cross Country,1959,B,Hereford,hereford,Layton Stamper,Easton,easton,,92,False,False,,16-17
Boys Cross Country,1959,C,South Dorchester,south-dorchester,,Harriet Tubman,harriet-tubman,,,False,False,,16-17
Boys Cross Country,1960,AA,Catonsville,catonsville,Jack Manley,Dundalk,dundalk,Bruce Turner,58,False,False,,16-17
Boys Cross Country,1960,A,Fairmont Heights & Beall,fairmont-heights-and-beall,,,,,,False,True,,16-17
Boys Cross Country,1960,B,Hereford,hereford,Layton Stamper,Damascus,damascus,,76,False,False,,16-17
Boys Cross Country,1960,C,Havre de Grace Consolidated,havre-de-grace-consolidated,William Clark,Central Consolidated,central-consolidated,William Brown,,False,False,,16-17
Boys Cross Country,1961,AA,Dundalk,dundalk,Bruce Turner,Bethesda-Chevy Chase,bethesda-chevy-chase,,98,False,False,,16-17
Boys Cross Country,1961,A,Gaithersburg,gaithersburg,,Brooklyn Park,brooklyn-park,Frank Pflaging,,False,False,,16-17
Boys Cross Country,1961,B,Damascus,damascus,,Hereford,hereford,Layton Stamper,75,False,False,,16-17
Boys Cross Country,1961,C,Central Consolidated,central-consolidated,,Leonardtown,leonardtown,,,False,False,,16-17
Boys Cross Country,1962,AA,Kenwood,kenwood,Baxter Barryhill,Northwood,northwood,Edward Clements,97,False,False,,16-17
Boys Cross Country,1962,A,Springbrook,springbrook,Jack Dellastatious,Brooklyn Park,brooklyn-park,Frank Pflaging,,False,False,,16-17
Boys Cross Country,1962,B,Hereford,hereford,Layton Stamper,Sykesville,sykesville,William Ecker,,False,False,,16-17
Boys Cross Country,1962,C,Harriet Tubman,harriet-tubman,Thomas Robinson,Somerset,somerset,Leon Carr,,False,False,,16-17
Boys Cross Country,1963,AA,Montgomery Blair,montgomery-blair,Edward Clements,Dundalk,dundalk,G. W. Burgemeister,115,False,False,,16-17
Boys Cross Country,1963,A,Bel Air,bel-air,William Georg,Franklin,franklin,Robert Krevnen,93,False,False,,16-17
Boys Cross Country,1963,B,Sykesville,sykesville,William Ecker,Middletown,middletown,Jim Fraser,53,False,False,,16-17
Boys Cross Country,1963,C,Harriet Tubman,harriet-tubman,Thomas Robinson,Central Consolidated,central-consolidated,William Brown,,False,False,,16-17
Boys Cross Country,1964,AA,Catonsville,catonsville,Joe Yates,Dundalk,dundalk,G. W. Burgemeister,108,False,False,,16-17
Boys Cross Country,1964,A,Brooklyn Park,brooklyn-park,Frank Pflaging,Fort Hill,fort-hill,John Fatkin,120,False,False,,16-17
Boys Cross Country,1964,B,Somerset,somerset,"Leon Carr, Jr",Middletown,middletown,James Fraser,52,False,False,,16-17
Boys Cross Country,1964,C,Poolesville,poolesville,Robert Boswell,Harriet Tubman,harriet-tubman,Thomas Robinson,,False,False,,16-17
Boys Cross Country,1965,AA,Wheaton,wheaton,J. Lance McCullough,Springbrook,springbrook,Al Adler,98,False,False,,16-17
Boys Cross Country,1965,A,Central-PG,central-pg,Sal Vespoint,Gaithersburg,gaithersburg,Eugene Hanlon,129,False,False,,16-17
Boys Cross Country,1965,B,Brunswick & Damascus,brunswick-and-damascus,,Brunswick,brunswick,Paul Gaither,55,False,True,,16-17
Boys Cross Country,1965,C,Somerset,somerset,Joseph Robinson,Poolesville & St. Michaels,poolesville-and-st-michaels,Robert Boswell / Joseph Smith,33,False,False,,16-17
Boys Cross Country,1966,AA,Wheaton,wheaton,W. E. Paulsen,Bethesda-Chevy Chase,bethesda-chevy-chase,Kerry Ward,96,False,False,,16-17
Boys Cross Country,1966,A,Central-PG,central-pg,Bob O'Brien,Howard County,howard-county,Thomas Robinson,150,False,False,,16-17
Boys Cross Country,1966,B,Brunswick,brunswick,Paul Gaither,Middletown,middletown,James Fraser,71,False,False,,16-17
Boys Cross Country,1966,C,Poolesville,poolesville,Robert Boswell,Somerset,somerset,W. R. Davis,,False,False,,16-17
Boys Cross Country,1967,AA,Kenwood,kenwood,Jim Salters,Dulaney,dulaney,Bob Dean,113,False,False,,16-17
Boys Cross Country,1967,A,Atholton,atholton,Frank Rhodes,Winston Churchill,winston-churchill,George Thompson,108,False,False,,16-17
Boys Cross Country,1967,B,Linganore,linganore,Ben Good,Brunswick,brunswick,Paul Gaither,68,False,False,,16-17
Boys Cross Country,1967,C,Somerset,somerset,John Bates,Poolesville,poolesville,Robert Boswell,,False,False,,16-17
Boys Cross Country,1968,AA,Dulaney,dulaney,Bob Dean,Springbrook,springbrook,Edward Jaques,132,False,False,,16-17
Boys Cross Country,1968,A,Winston Churchill,winston-churchill,George Thompson,Central-PG,central-pg,Bob O'Brien,98,False,False,,16-17
Boys Cross Country,1968,B,Hereford,hereford,Jim Heffner,Boonsboro,boonsboro,Frank Keyser,91,False,False,,16-17
Boys Cross Country,1968,C,Somerset,somerset,John Bates,Woodson,woodson,B. H. Bates,54,False,False,,16-17
Boys Cross Country,1969,AA,Bethesda-Chevy Chase,bethesda-chevy-chase,Kerry Ward,Walt Whitman,walt-whitman,T. A. Nicewarner,77,False,False,,16-17
Boys Cross Country,1969,A,Central-PG,central-pg,Bob O'Brien,Surrattsville,surrattsville,Larry Leahy,78,False,False,,16-17
Boys Cross Country,1969,B,North Harford,north-harford,Dave Starnes,Hereford,hereford,Jim Heffner,66,False,False,,16-17
Boys Cross Country,1969,C,Mount Hebron,mount-hebron,Mike Sabino,Middletown,middletown,Don Boyer,68,False,False,,16-17
Boys Cross Country,1970,AA,Walt Whitman,walt-whitman,Phil Anderson,Towson,towson,Randy Walker,86,False,False,,16-17
Boys Cross Country,1970,A,Allegany,allegany,,Gaithersburg,gaithersburg,Steve Yachmetz,108,False,False,,16-17
Boys Cross Country,1970,B,Hereford,hereford,Jim Heffner,Francis Scott Key,francis-scott-key,,77,False,False,,16-17
Boys Cross Country,1970,C,Middletown,middletown,Don Boyer,Douglass-PG,douglass-pg,,65,False,False,,16-17
Boys Cross Country,1971,AA,Bethesda-Chevy Chase,bethesda-chevy-chase,Kerry Ward,DuVal,duval,Robert Budd,86,False,False,,16-17
Boys Cross Country,1971,A,Gaithersburg,gaithersburg,Steve Yachmetz,Albert Einstein,albert-einstein,Bill Welsh,82,False,False,,16-17
Boys Cross Country,1971,B,Hereford,hereford,Jim Heffner,Williamsport,williamsport,Larry Wadel,,False,False,,16-17
Boys Cross Country,1971,C,Wilde Lake,wilde-lake,Frank Rhodes,Middletown,middletown,Don Boyer,46,False,False,,16-17
Boys Cross Country,1972,AA,DuVal,duval,Robert Budd,Northwestern-PG,northwestern-pg,Russ Sellers,102,False,False,,16-17
Boys Cross Country,1972,A,North Hagerstown,north-hagerstown,Patrick Messina,Sparrows Point,sparrows-point,Doyle Yeager,135,False,False,,16-17
Boys Cross Country,1972,B,Williamsport,williamsport,Larry Wadel,Charles W. Woodward,charles-w-woodward,Harry Logsdon,63,False,False,,16-17
Boys Cross Country,1972,C,Middletown,middletown,Don Boyer,Beall,beall,Ed Langan,40,False,False,,16-17
Boys Cross Country,1973,AA,Northwestern-PG,northwestern-pg,Russ Sellers,Gaithersburg,gaithersburg,Gene Hanlon,93,False,False,,16-17
Boys Cross Country,1973,A,Bethesda-Chevy Chase,bethesda-chevy-chase,Kerry Ward,Col. Zadok Magruder,col-zadok-magruder,Ed Boggess,113,False,False,,16-17
Boys Cross Country,1973,B,Sparrows Point,sparrows-point,Doyle Yeager,Paint Branch,paint-branch,Chuck Ballew,86,False,False,,16-17
Boys Cross Country,1973,C,Middletown,middletown,Don Boyer,Oakland Mills,oakland-mills,Eugene Streagle,,False,False,,16-17
Boys Cross Country,1974,AA,Towson,towson,Randy Walker,Walt Whitman,walt-whitman,Walter Bartman,124,False,False,,16-17
Boys Cross Country,1974,A,John F. Kennedy,john-f-kennedy,Al Bellman,Surrattsville,surrattsville,Larry Leahy,73,False,False,,16-17
Boys Cross Country,1974,B,Hereford,hereford,Jim Hefner,Paint Branch,paint-branch,Chuck Ballew,94,False,False,,16-17
Boys Cross Country,1974,C,Beall,beall,Ed Langan,Oakland Mills,oakland-mills,Eugene Streagle,63,False,False,,16-17
Boys Cross Country,1975,AA,Winston Churchill,winston-churchill,Andy White,Springbrook,springbrook,Warren Groomes,111,False,False,,16-17
Boys Cross Country,1975,A,Richard Montgomery,richard-montgomery,Lowell Fritts,Col. Zadok Magruder,col-zadok-magruder,Charles Hull,,False,False,,16-17
Boys Cross Country,1975,B,Williamsport,williamsport,Larry Wadel,Hereford,hereford,Jim Heffner,,False,False,,16-17
Boys Cross Country,1975,C,Oakland Mills,oakland-mills,Eugene Streagle,Beall,beall,Ed Langan,,False,False,,16-17
Boys Cross Country,1976,AA,Friendly,friendly,Marvin Vann,Kenwood,kenwood,Dwight Hall,80,False,False,,16-17
Boys Cross Country,1976,A,Loch Raven,loch-raven,Tony Donia,Westminster,westminster,Jim Shank,123,False,False,,16-17
Boys Cross Country,1976,B,Hereford,hereford,Jim Heffner,Catoctin,catoctin,John Kile,93,False,False,,16-17
Boys Cross Country,1976,C,Middletown,middletown,Ed Main,Oakland Mills,oakland-mills,Bill Craig,54,False,False,,16-17
Boys Cross Country,1977,AA,Winston Churchill,winston-churchill,Andy White,High Point,high-point,Steve Ruckert,103,False,False,,16-17
Boys Cross Country,1977,A,Seneca Valley,seneca-valley,Randy Changuris,Friendly,friendly,Marvin Vann,81,False,False,,16-17
Boys Cross Country,1977,B,Hereford,hereford,Jim Heffner,Howard,howard,Dan Collins,99,False,False,,16-17
Boys Cross Country,1977,C,Smithsburg,smithsburg,Don Stoner,Middletown,middletown,Ronald Albaugh,70,False,False,,16-17
Boys Cross Country,1978,AA,Winston Churchill,winston-churchill,Andy White,High Point,high-point,Steve Ruckert,86-101,False,False,,17-18
Boys Cross Country,1978,A,Thomas S. Wootton,thomas-s-wootton,Len Marco,Seneca Valley,seneca-valley,Randy Changuris,115-121,False,False,,17-18
Boys Cross Country,1978,B,Hereford,hereford,Gary Horn,Williamsport,williamsport,Larry Wadel,32-116,False,False,,17-18
Boys Cross Country,1978,C,Centennial,centennial,Ken Katzen,Boonsboro,boonsboro,Dwight Scott,,False,False,,17-18
Boys Cross Country,1979,AA,Dulaney,dulaney,Al Henneman,High Point,high-point,Dwight Hood,96-105,False,False,,17-18
Boys Cross Country,1979,A,Fairmont Heights,fairmont-heights,Bob Rothenberg,Richard Montgomery,richard-montgomery,Lowell Fritts,70-94,False,False,,17-18
Boys Cross Country,1979,B,Sherwood,sherwood,Bob Jasper,Atholton,atholton,Earl Lauer,73-77,False,False,,17-18
Boys Cross Country,1979,C,Middletown,middletown,Ronald Albaugh,Havre de Grace,havre-de-grace,Bob Rudolph,54-92,False,False,,17-18
Boys Cross Country,1980,AA,Dulaney,dulaney,Al Henneman,Friendly,friendly,William Raivel,64-87,False,False,,17-18
Boys Cross Country,1980,A,Richard Montgomery,richard-montgomery,Lowell Fritts,Albert Einstein,albert-einstein,Bill Welsh,68-84,False,False,,17-18
Boys Cross Country,1980,B,Centennial,centennial,Ken Katzen,Fallston,fallston,Tony Sarcone,60-90,False,False,,17-18
Boys Cross Country,1980,C,Beall,beall,Ed Langan,Middletown,middletown,Ronald Albaugh,82-90,False,False,,17-18
Boys Cross Country,1981,AA,Dulaney,dulaney,Bob Dean,Seneca Valley,seneca-valley,Randy Changuris,61-70,False,False,,17-18
Boys Cross Country,1981,A,Loch Raven,loch-raven,Tony Donia,Richard Montgomery,richard-montgomery,Lowell Fritts,60-89,False,False,,17-18
Boys Cross Country,1981,B,Fallston,fallston,Tony Sarcone,North Harford,north-harford,Dave Starnes,84-147,False,False,,17-18
Boys Cross Country,1981,C,Beall,beall,Ed Langan,Boonsboro,boonsboro,Dwight Scott,57-61,False,False,,17-18
Boys Cross Country,1982,AA,Westminster,westminster,James Guilford,Dulaney,dulaney,Bob Dean,104-109,False,False,,17-18
Boys Cross Country,1982,A,Robert E. Peary,robert-e-peary,Terry Kilpatrick,Loch Raven,loch-raven,Tony Donia,69-103,False,False,,17-18
Boys Cross Country,1982,B,North Harford,north-harford,Dave Starnes,Atholton,atholton,Earl Lauer,100-104,False,False,,17-18
Boys Cross Country,1982,C,Middletown,middletown,Don Boyer,Hammond,hammond,Lawrence Roberts,28-90,False,False,,17-18
Boys Cross Country,1983,AA,Dulaney,dulaney,Bob Dean,Walt Whitman,walt-whitman,Tom Nawrocki,80-141,False,False,,17-18
Boys Cross Country,1983,A,Loch Raven,loch-raven,Tony Donia,Robert E. Peary,robert-e-peary,Terry Kilpatrick,97-134,False,False,,17-18
Boys Cross Country,1983,B,Glenelg,glenelg,Roger Volrath,Atholton,atholton,Earl Lauer,83-86,False,False,,17-18
Boys Cross Country,1983,C,Middletown,middletown,Don Boyer,Beall,beall,Ed Langan,32-45,False,False,,17-18
Boys Cross Country,1984,AA,Bowie,bowie,Joe Clark,Eleanor Roosevelt,eleanor-roosevelt,Dan Rincon,66-84,False,False,,17-18
Boys Cross Country,1984,A,Broadneck,broadneck,Ed Pupura,Rockville,rockville,Bob Stack,50-82,False,False,,17-18
Boys Cross Country,1984,B,Oakland Mills,oakland-mills,Steve Carnahan,Liberty,liberty,Brad Hill,71-116,False,False,,17-18
Boys Cross Country,1984,C,Middletown,middletown,Don Boyer,Boonsboro,boonsboro,Dwight Scott,25-76,False,False,,17-18
Boys Cross Country,1985,AA,Rockville,rockville,Bob Stack,Bethesda-Chevy Chase,bethesda-chevy-chase,Mike Fleming,68-97,False,False,,17-18
Boys Cross Country,1985,A,North Carroll,north-carroll,Henry Adami,Albert Einstein,albert-einstein,Bill Welsh,84-91,False,False,,17-18
Boys Cross Country,1985,B,Oakland Mills,oakland-mills,Steve Carnahan,Liberty,liberty,Brad Hill,100-114,False,False,,17-18
Boys Cross Country,1985,C,North Dorchester,north-dorchester,Dick Burns,Francis Scott Key,francis-scott-key,Paul Arnold,57-79,False,False,,17-18
Boys Cross Country,1986,AA,Walt Whitman,walt-whitman,Tom Nawrocki,Eleanor Roosevelt,eleanor-roosevelt,Dan Rincon,72-102,False,False,,17-18
Boys Cross Country,1986,A,Parkville,parkville,Jack Barry,Loch Raven,loch-raven,Tony Donia,44-95,False,False,,17-18
Boys Cross Country,1986,B-C,Oakland Mills,oakland-mills,Steve Carnahan,Atholton,atholton,Earl Lauer,76-154,False,False,,17-18
Boys Cross Country,1987,AA,Perry Hall,perry-hall,Jerry Martin,Severna Park,severna-park,Jim Patton,79-100,False,False,,17-18
Boys Cross Country,1987,A,Towson,towson,Brad Lear / John Massar,Laurel,laurel,Pete Adams,114-115,False,False,,17-18
Boys Cross Country,1987,B-C,Oakland Mills,oakland-mills,Steve Carnahan,Glenelg,glenelg,Roger Volrath,84-151,False,False,,17-18
Boys Cross Country,1988,4A,Walt Whitman,walt-whitman,Kerry Ward,Westminster,westminster,Jim Guilford,94-113,False,False,,17-18
Boys Cross Country,1988,3A,North Carroll,north-carroll,Dave Griffin,Loch Raven,loch-raven,Tony Donia,80-143,False,False,,17-18
Boys Cross Country,1988,1A-2A,Oakland Mills,oakland-mills,Steve Carnahan,Centennial,centennial,Pepe Sandoval,58-140,False,False,,17-18
Boys Cross Country,1989,4A,Westminster,westminster,Jim Guilford,Severna Park,severna-park,Ed Purpura,81-114,False,False,,17-18
Boys Cross Country,1989,3A,Oakland Mills,oakland-mills,Steve Carnahan,Centennial,centennial,Al Dodds,48-95,False,False,,17-18
Boys Cross Country,1989,2A,Atholton,atholton,Earl Lauer,Loch Raven,loch-raven,Tony Donia,70-82,False,False,,17-18
Boys Cross Country,1989,1A,Brunswick,brunswick,Lee Zumbach,Milford Mill,milford-mill,Jesse Hannon,26-47,False,False,,17-18
Boys Cross Country,1990,4A,Walt Whitman,walt-whitman,Kerry Ward,Broadneck,broadneck,Jerry Kiple,69-85,False,False,,17-18
Boys Cross Country,1990,3A,Richard Montgomery,richard-montgomery,Scott Spear,Oakland Mills,oakland-mills,Steve Carnahan,72-75,False,False,,17-18
Boys Cross Country,1990,2A,Loch Raven,loch-raven,Tony Donia,Glenelg,glenelg,Roger Volrath,50-82,False,False,,17-18
Boys Cross Country,1990,1A,Francis Scott Key,francis-scott-key,Jim Bullock,Boonsboro,boonsboro,Dwight Scott,41-52,False,False,,17-18
Boys Cross Country,1991,4A,Westminster,westminster,Jim Guilford,Quince Orchard,quince-orchard,Gerald Link,57-67,False,False,,17-18
Boys Cross Country,1991,3A,Walt Whitman,walt-whitman,Kerry Ward,Walter Johnson,walter-johnson,Greg Dunston,37-95,False,False,,17-18
Boys Cross Country,1991,2A,Glenelg,glenelg,Roger Volrath,Oakland Mills,oakland-mills,Steve Carnahan,35-81,False,False,,17-18
Boys Cross Country,1991,1A,Joppatowne,joppatowne,Greg Thompson,Francis Scott Key,francis-scott-key,Jim Bullock,35-50,False,False,,17-18
Boys Cross Country,1992,4A,Quince Orchard,quince-orchard,Gerald Link,Westminster,westminster,Jim Guilford,51-63,False,False,,18-19
Boys Cross Country,1992,3A,Walt Whitman,walt-whitman,Kerry Ward,C. Milton Wright,c-milton-wright,Robert Johnson,37-76,False,False,,18-19
Boys Cross Country,1992,2A,Oakland Mills,oakland-mills,Steve Carnahan,Hereford,hereford,Jim Heffner,90-98,False,False,,18-19
Boys Cross Country,1992,1A,Joppatowne,joppatowne,Greg Thompson,Easton,easton,Howard Guth,58-63,False,False,,18-19
Boys Cross Country,1993,4A,Quince Orchard,quince-orchard,Gerald Link,Westminster,westminster,Jim Guilford,50-95,False,False,,18-19
Boys Cross Country,1993,3A,Centennial,centennial,Al Dodds,C. Milton Wright,c-milton-wright,Robert Johnson,79-95,False,False,,18-19
Boys Cross Country,1993,2A,Allegany,allegany,George Brown,Oakland Mills,oakland-mills,Steve Carnahan,84-89,False,False,,18-19
Boys Cross Country,1993,1A,Southern Garrett,southern-garrett,Carl Booth,Easton,easton,Howard Guth,42-80,False,False,,18-19
Boys Cross Country,1994,4A,Quince Orchard,quince-orchard,Gerald Link,Perry Hall,perry-hall,Jerry Martin,53-93,False,False,,18-19
Boys Cross Country,1994,3A,Seneca Valley,seneca-valley,Charles Dormo,Centennial,centennial,Al Dodds,76-102,False,False,,18-19
Boys Cross Country,1994,2A,Oakland Mills,oakland-mills,Steve Carnahan,Liberty,liberty,Daniel Jones,100-105,False,False,,18-19
Boys Cross Country,1994,1A,Southern Garrett,southern-garrett,Carl Booth,Wilde Lake,wilde-lake,Charles Shoemaker,72-83,False,False,,18-19
Boys Cross Country,1995,4A,Walt Whitman,walt-whitman,Chris Flynn,Westminster,westminster,Jim Guilford,66-74,False,False,,18-19
Boys Cross Country,1995,3A,Richard Montgomery,richard-montgomery,Scott Spear,Damascus,damascus,Robert Youngblood,83-106,False,False,,18-19
Boys Cross Country,1995,2A,Fort Hill,fort-hill,John Logsdon,Wilde Lake,wilde-lake,Charles Shoemaker,66-77,False,False,,18-19
Boys Cross Country,1995,1A,Southern Garrett,southern-garrett,Carl Booth,Hereford,hereford,Jim Heffner,32-92,False,False,,18-19
Boys Cross Country,1996,4A,Westminster,westminster,Jim Guilford,Walt Whitman,walt-whitman,Chris Flynn,56-80,False,False,,18-19
Boys Cross Country,1996,3A,Linganore,linganore,Matt Adams,Damascus,damascus,Robert Youngblood,58-88,False,False,,18-19
Boys Cross Country,1996,2A,Wilde Lake,wilde-lake,Charles Shoemaker,Middletown,middletown,Don Boyer,78-95,False,False,,18-19
Boys Cross Country,1996,1A,Southern Garrett,southern-garrett,Carl Booth,Boonsboro,boonsboro,Wayne Kretzer,54-95,False,False,,18-19
Boys Cross Country,1997,4A,Westminster,westminster,Dave Cox,Walt Whitman,walt-whitman,Chris Flynn,49-66,False,False,,18-19
Boys Cross Country,1997,3A,South Carroll,south-carroll,Rob Pennington,Linganore,linganore,Tim Gavin,62-68,False,False,,18-19
Boys Cross Country,1997,2A,Fort Hill,fort-hill,John Logsdon,Atholton,atholton,Pat Saunderson,77-101,False,False,,18-19
Boys Cross Country,1997,1A,Southern Garrett,southern-garrett,Carl Booth,Oakland Mills,oakland-mills,Steve Carnahan,35-69,False,False,,18-19
Boys Cross Country,1998,4A,Westminster,westminster,Dave Cox,Walt Whitman,walt-whitman,Jeff Kostoff,41-50,False,False,,18-19
Boys Cross Country,1998,3A,South Carroll,south-carroll,Rob Pennington,C. Milton Wright,c-milton-wright,Eric Clark,47-75,False,False,,18-19
Boys Cross Country,1998,2A,River Hill,river-hill,Earl Lauer,North Hagerstown,north-hagerstown,Franklin McAdoo,28-50,False,False,,18-19
Boys Cross Country,1998,1A,Westmar,westmar,Tom Dawson,Southern Garrett,southern-garrett,Carl Booth,66-73,False,False,,18-19
Boys Cross Country,1999,4A,Westminster,westminster,Dave Cox,Severna Park,severna-park,Ed Purpura,54-126,False,False,,18-19
Boys Cross Country,1999,3A,River Hill,river-hill,Earl Lauer,South Carroll,south-carroll,Rob Pennington,64-76,False,False,,18-19
Boys Cross Country,1999,2A,Urbana,urbana,Matt Adams,Linganore,linganore,Tim Gavin,92-104,False,False,,18-19
Boys Cross Country,1999,1A,Oakland Mills,oakland-mills,Phil Lang/Vicki Lang,Glenelg,glenelg,Roger Volrath,72-73,False,False,,18-19
Boys Cross Country,2000,4A,Gaithersburg,gaithersburg,Herb Tolbert,Broadneck,broadneck,Dana Dobbs,91-113,False,False,,18-19
Boys Cross Country,2000,3A,South Carroll,south-carroll,Rob Pennington,River Hill,river-hill,Earl Lauer,51-97,False,False,,18-19
Boys Cross Country,2000,2A,Urbana,urbana,Matt Adams,Middletown,middletown,Don Boyer,68-92,False,False,,18-19
Boys Cross Country,2000,1A,Oakland Mills,oakland-mills,Phil Lang/Vicki Lang,Glenelg,glenelg,Roger Volrath,64-67,False,False,,18-19
Boys Cross Country,2001,4A,C. Milton Wright,c-milton-wright,Eric Clark,Gaithersburg,gaithersburg,Herb Tolbert,20-95,False,False,,18-19
Boys Cross Country,2001,3A,Northwest,northwest,Beth Muehl,Dulaney,dulaney,Chad Boyle,101-103,False,False,,18-19
Boys Cross Country,2001,2A,Glenelg,glenelg,Roger Volrath/Steve Ruckert,Centennial,centennial,Al Dodds,62-82,False,False,,18-19
Boys Cross Country,2001,1A,Oakland Mills,oakland-mills,Phil Lang/Vicky Lang,Loch Raven,loch-raven,David Kreller,46-47,False,False,,18-19
Boys Cross Country,2002,4A,C. Milton Wright,c-milton-wright,Eric Clark/Don Mickey,Broadneck,broadneck,Dana Dobbs,52-116,False,False,,18-19
Boys Cross Country,2002,3A,Northwest,northwest,Beth Muehl,Urbana,urbana,Craig Coleman,71-129,False,False,,18-19
Boys Cross Country,2002,2A,Glenelg,glenelg,Roger Volrath/Steve Ruckert,Centennial,centennial,Al Dodds,82-91,False,False,,18-19
Boys Cross Country,2002,1A,Loch Raven,loch-raven,David Kreller,Beall,beall,Norm DeRosa,41-73,False,False,,18-19
Boys Cross Country,2003,4A,Sherwood,sherwood,Dan Reeks/Ron McGaw,Walter Johnson,walter-johnson,Greg Dunston/Tom Martin,78-125,False,False,,18-19
Boys Cross Country,2003,3A,Urbana,urbana,Craig Coleman,River Hill,river-hill,Earl Lauer,107-112,False,False,,18-19
Boys Cross Country,2003,2A,Liberty,liberty,Dan Jones/Bob Ward,Atholton,atholton,Beth Cookson/Neil Steen,106-126,False,False,,18-19
Boys Cross Country,2003,1A,Beall,beall,Norm DeRosa,Oakland Mills,oakland-mills,Phil Lang,48-85,False,False,,18-19
Boys Cross Country,2004,4A,Broadneck,broadneck,Dana Dobbs,Gaithersburg,gaithersburg,Herb Tolbert,73-91,False,False,,18-19
Boys Cross Country,2004,3A,River Hill,river-hill,Earl Lauer,Northwest,northwest,Beth Muehl,71-98,False,False,,18-19
Boys Cross Country,2004,2A,Liberty,liberty,Dan Jones/Bob Ward,Atholton,atholton,Beth DeFrancis/Neil Steen,67-103,False,False,,18-19
Boys Cross Country,2004,1A,Beall,beall,Norm DeRosa,Oakland Mills,oakland-mills,Phil & Vicky Lang,25-66,False,False,,18-19
Boys Cross Country,2005,4A,Broadneck,broadneck,Dana Dobbs,Sherwood,sherwood,Dan Reeks/Ron McGaw,69-72,False,False,,18-19
Boys Cross Country,2005,3A,Wilde Lake,wilde-lake,Whitty Bass,Urbana,urbana,Craig Coleman,82-104,False,False,,18-19
Boys Cross Country,2005,2A,Liberty,liberty,Dan Jones/Bob Ward,Atholton,atholton,Beth DeFrancis/Neil Steen,62-71,False,False,,18-19
Boys Cross Country,2005,1A,Clear Spring,clear-spring,Jaime Mason,Beall,beall,Norm DeRosa,32-54,False,False,,18-19
Boys Cross Country,2006,4A,Quince Orchard,quince-orchard,Seann Pelkey,Sherwood,sherwood,Dan Reeks,64-96,False,False,,19-20
Boys Cross Country,2006,3A,Wilde Lake,wilde-lake,Whiity Bass,Bel Air,bel-air,Shawn Loper,36-80,False,False,,19-20
Boys Cross Country,2006,2A,Francis Scott Key,francis-scott-key,Dan Replogle,Atholton,atholton,Beth DeFrances,51-75,False,False,,19-20
Boys Cross Country,2006,1A,Clear Spring,clear-spring,Jaime Mason,Northern-Garrett,northern-garrett,Zach Bittinger,52-95,False,False,,19-20
Boys Cross Country,2007,4A,Quince Orchard,quince-orchard,Seann Pelkey,Northwest,northwest,Beth Muehl,47-117,False,False,,19-20
Boys Cross Country,2007,3A,Bethesda-Chevy Chase,bethesda-chevy-chase,Chad Young,Wilde Lake,wilde-lake,Whitty Bass,89-90,False,False,,19-20
Boys Cross Country,2007,2A,River Hill,river-hill,Earl Lauer,Francis Scott Key,francis-scott-key,Tim Walsh,57-77,False,False,,19-20
Boys Cross Country,2007,1A,Glenelg,glenelg,Roger Volrath,South Carroll,south-carroll,Rob Pennington,77-93,False,False,,19-20
Boys Cross Country,2008,4A,Walter Johnson,walter-johnson,Tom Martin,Severna Park,severna-park,Josh Alcombright,48-139,False,False,,19-20
Boys Cross Country,2008,3A,Atholton,atholton,Michael Babe,Bel Air,bel-air,Shawn Loper,69-74,False,False,,19-20
Boys Cross Country,2008,2A,Mount Hebron,mount-hebron,Todd DiCrispino,River Hill,river-hill,Earl Lauer,57-105,False,False,,19-20
Boys Cross Country,2008,1A,Bohemia Manor,bohemia-manor,Stephen Pizzulli/Kyle Miller,South Carroll,south-carroll,Rob Pennington,91-92,False,False,,19-20
Boys Cross Country,2009,4A,Walter Johnson,walter-johnson,Tom Martin,Churchill,churchill,Steven Bettis,73-89,False,False,,19-20
Boys Cross Country,2009,3A,Damascus,damascus,"Robert Youngblood, II",Quince Orchard,quince-orchard,Seann Pelkey,117-141,False,False,,19-20
Boys Cross Country,2009,2A,Winters Mill,winters-mill,Dan Replogle,Glenelg,glenelg,Roger Volrath,68-90,False,False,,19-20
Boys Cross Country,2009,1A,Bohemia Manor,bohemia-manor,Stephen Pizzulli/Kyle Miller,Allegany,allegany,Glenn Robinette,61-68,False,False,,19-20
Boys Cross Country,2010,4A,Walter Johnson,walter-johnson,Tom Martin,Churchill,churchill,Steven Bettis,74-86,False,False,,19-20
Boys Cross Country,2010,3A,Hereford,hereford,Russ Drylie/John Roemer IV,Einstein,einstein,Eric Da Silva,63-133,False,False,,19-20
Boys Cross Country,2010,2A,Winters Mill,winters-mill,Dan Replogle,Glenelg,glenelg,Roger Volrath,81-128,False,False,,19-20
Boys Cross Country,2010,1A,Catoctin,catoctin,Teresa Gibbons/Inga Olsen,Patterson Mill,patterson-mill,Al Dethlefsen,93-113,False,False,,19-20
Boys Cross Country,2011,4A,Walter Johnson,walter-johnson,Tom Martin/Ashley St. Denis,Severna Park,severna-park,Josh Alcombright,71-101,False,False,,19-20
Boys Cross Country,2011,3A,Hereford,hereford,Russ Drylie/John Roemer IV,Linganore,linganore,Andres Wright,72-75,False,False,,19-20
Boys Cross Country,2011,2A,Winters Mill,winters-mill,Dan Replogle,Williamsport,williamsport,Randy Buchman,61-110,False,False,,19-20
Boys Cross Country,2011,1A,Bohemia Manor,bohemia-manor,Stephen Pizzulli/Kyle Miller,North Carroll,north-carroll,Andrew Keech,65-109,False,False,,19-20
Boys Cross Country,2012,4A,Severna Park,severna-park,Josh Alcombright,Walter Johnson,walter-johnson,Tom Martin/Ashley St. Denis,47-93,False,False,,19-20
Boys Cross Country,2012,3A,Hereford,hereford,Jason Bowman/John Roemer IV,Thomas Johnson,thomas-johnson,Mike Hexter,52-115,False,False,,19-20
Boys Cross Country,2012,2A,Catoctin,catoctin,Teresa Gibbons/Inga Olsen,Williamsport,williamsport,Randy Buchman,77-110,False,False,,19-20
Boys Cross Country,2012,1A,Boonsboro,boonsboro,Rebecca Walter/Shawn Cutsail,Bohemia Manor,bohemia-manor,Stephen Pizzulli/Kyle Miller,69-70,False,False,,19-20
Boys Cross Country,2013,4A,Severna Park,severna-park,Josh Alcombright,Dulaney,dulaney,Chad Boyle,38-114,False,False,,19-20
Boys Cross Country,2013,3A,Thomas Johnson,thomas-johnson,Robert Wilhelm/Heidi Wilhelm,Mount Hebron,mount-hebron,Todd Decrispino/Paul Ulrich,86-100,False,False,,19-20
Boys Cross Country,2013,2A,Catoctin,catoctin,Teresa Gibbons/Inga Hawkins,Poolesville,poolesville,James Vollmer/Prasad Gerard,61-111,False,False,,19-20
Boys Cross Country,2013,1A,Perryville,perryville,Jake Moore,Southern Garrett,southern-garrett,Scott Winters,55-67,False,False,,19-20
Boys Cross Country,2014,4A,Severna Park,severna-park,Josh Alcombright,Dulaney,dulaney,Chad Boyle/Eric Benjamin,37-79,False,False,,19-20
Boys Cross Country,2014,3A,River Hill,river-hill,Earl Lauer/Paul Hugus,Atholton,atholton,Christopher Clark,65-125,False,False,,19-20
Boys Cross Country,2014,2A,Catoctin,catoctin,Teresa Gibbons/Inga Hawkins,Liberty,liberty,Dan Jones/Pete Lester,48-70,False,False,,19-20
Boys Cross Country,2014,1A,Southern Garrett,southern-garrett,Scott Winters,Bohemia Manor,bohemia-manor,Stephen Pizzulli/Evan Cohn,43-81,False,False,,19-20
Boys Cross Country,2015,4A,Dulaney,dulaney,Chad Boyle/Eric Benjamin,Severna Park,severna-park,Josh Alcombright,37-76,False,False,,19-20
Boys Cross Country,2015,3A,River Hill,river-hill,Paul Hugus/John DiFato,Atholton,atholton,Christopher Clark,58-134,False,False,,19-20
Boys Cross Country,2015,2A,Liberty,liberty,Dan Jones/Pete Lester,Oakland Mills,oakland-mills,Phil Lang,89-92,False,False,,19-20
Boys Cross Country,2015,1A,Boonsboro,boonsboro,Rebecca Walter/Shawn Cutsail,Smithsburg,smithsburg,Ray Shriver/Kate White,78-106,False,False,,19-20
Boys Cross Country,2016,4A,Dulaney,dulaney,Chad Boyle/Eric Benjamin,Severna Park,severna-park,Josh Alcombright,97-98,False,False,,19-20
Boys Cross Country,2016,3A,River Hill,river-hill,Paul Hugus/John DiFato,Linganore,linganore,Andres Wright,47-166,False,False,,19-20
Boys Cross Country,2016,2A,Liberty,liberty,Dan Jones/Pete Lester,Century,century,Justin Metzger,42-85,False,False,,19-20
Boys Cross Country,2016,1A,Bohemia Manor,bohemia-manor,Stephen Pizzulli/Evan Cohn,Southern Garrett,southern-garrett,Scott Winters,52-58,False,False,,19-20
Boys Cross Country,2017,4A,Severna Park,severna-park,Josh Alcombright,Dulaney,dulaney,Chad Boyle/Eric Benjamin,40-77,False,False,,19-20
Boys Cross Country,2017,3A,Linganore,linganore,Andres Wright,Centennial,centennial,Al Dodds,73-126,False,False,,19-20
Boys Cross Country,2017,2A,Liberty,liberty,Dan Jones/Pete Lester,Calvert,calvert,John Major,68-74,False,False,,19-20
Boys Cross Country,2017,1A,Bohemia Manor,bohemia-manor,Stephen Pizzulli/Evan Cohn,Southern Garrett,southern-garrett,Scott Winters,34-81,False,False,,19-20
Boys Cross Country,2018,4A,Severna Park,severna-park,Josh Alcombright,Northwood,northwood,Giovanni Reumante,48-105,False,False,,19-20
Boys Cross Country,2018,3A,Centennial,centennial,Al Dodds,Linganore,linganore,Andres Wright,87-126,False,False,,19-20
Boys Cross Country,2018,2A,Liberty,liberty,Dan Jones/Pete Lester,River Hill,river-hill,Paul Hugus/John Isberg,110-117,False,False,,19-20
Boys Cross Country,2018,1A,Boonsboro,boonsboro,Rebecca Walter Ward/S. Cutsail,Bohemia Manor,bohemia-manor,Stephen Pizzulli/Evan Cohn,49-69,False,False,,19-20
Boys Cross Country,2019,4A,Severna Park,severna-park,Josh Alcombright,Northwood,northwood,Giovanni Reumante,43-130,False,False,,19-20
Boys Cross Country,2019,3A,River Hill,river-hill,Paul Hugus,Centennial,centennial,Robert Slopek,70-102,False,False,,19-20
Boys Cross Country,2019,2A,Oakdale,oakdale,Dave Lillard,Liberty,liberty,Dan Jones/Pete Lester,63-98,False,False,,19-20
Boys Cross Country,2019,1A,Williamsport,williamsport,Matthew Shriver,Smithsburg,smithsburg,Ray Shriver,49-97,False,False,,19-20
Boys Cross Country,2021,4A,Severna Park,severna-park,Josh Alcombright,Walt Whitman,walt-whitman,Steve Hays,56-95,False,False,,20-21
Boys Cross Country,2021,3A,Mount Hebron,mount-hebron,Jordan Sterner,River Hill,river-hill,Paul Hugus,96-102,False,False,,20-21
Boys Cross Country,2021,2A,Poolesville,poolesville,Prasad Gerard & Chris Sloane,Liberty,liberty,Dan Jones & Pete Lester,39-102,False,False,,20-21
Boys Cross Country,2021,1A,Brunswick,brunswick,Lee Zumbach,Fallston,fallston,Karin Walker & Mike Walker,55-96,False,False,,20-21
Boys Cross Country,2022,4A,Severna Park,severna-park,Josh Alcombright,Winston Churchill,winston-churchill,Paul Jacobson,102-112,False,False,,20-21
Boys Cross Country,2022,3A,Towson,towson,Linda McShane & Gil Stange,Chopticon,chopticon,Kelly Schmidt,62-132,False,False,,20-21
Boys Cross Country,2022,2A,Poolesville,poolesville,Prasad Gerard,Century,century,Chris Mead,47-62,False,False,,20-21
Boys Cross Country,2022,1A,Northern-Garrett,northern-garrett,Pebbles Perez,Catoctin,catoctin,Dave Lillard,78-87,False,False,,20-21
Boys Cross Country,2023,4A,Albert Einstein,albert-einstein,Eric DaSilva,Winston Churchill,winston-churchill,Paul Jacobson,121-126,False,False,,20-21
Boys Cross Country,2023,3A,Towson,towson,Rick Malloy & Gil Stange,Severna Park,severna-park,Josh Alcombright,72-87,False,False,,20-21
Boys Cross Country,2023,2A,Centennial,centennial,Christopher Graff,Wilde Lake,wilde-lake,Eric Myers/Gina Witcher,64-71,False,False,,20-21
Boys Cross Country,2023,1A,Liberty,liberty,Trent Rose/Ryan Rose,Catoctin,catoctin,Dave Lillard,28-134,False,False,,20-21
Boys Cross Country,2024,4A,Walt Whitman,walt-whitman,Ben Thoms & Tom Young,Bethesda-Chevy Chase,bethesda-chevy-chase,Gildon Kirk/Jim Hage,75-143,False,False,,20-21
Boys Cross Country,2024,3A,Thomas S. Wootton,thomas-s-wootton,Kellie Redmond,Severna Park,severna-park,Josh Alcombright,75-95,False,False,,20-21
Boys Cross Country,2024,2A,Centennial,centennial,Kevin McCoy,Poolesville,poolesville,Prasad Gerard,70-96,False,False,,20-21
Boys Cross Country,2024,1A,Harford Technical,harford-technical,Eric Baranoski,Smithsburg,smithsburg,Ray Shriver,81-100,False,False,,20-21
Field Hockey,1946,A,Towson,towson,,Frederick,frederick,,6-0,False,False,,28-29
Field Hockey,1947,A,Kenwood,kenwood,,,,,,False,False,,28-29
Field Hockey,1948,A,Kenwood,kenwood,,,,,,False,False,,28-29
Field Hockey,1975,Combined,North Harford,north-harford,Fran Norman,,,,2-0,False,False,,28-29
Field Hockey,1976,Combined,Westminster,westminster,Sue Hooper,,,,0-0 Pen T,False,False,,28-29
Field Hockey,1977,AA,Bel Air,bel-air,Phyllis Hemmes,,,,1-0,False,False,,28-29
Field Hockey,1977,A,Aberdeen,aberdeen,Lynn Van Name,,,,2-0,False,False,,28-29
Field Hockey,1977,B,Francis Scott Key,francis-scott-key,Marie Wilson,,,,2-1,False,False,,28-29
Field Hockey,1977,C,North Carroll,north-carroll,Marsha Herbert,,,,2-1 OT,False,False,,28-29
Field Hockey,1978,AA,Winston Churchill,winston-churchill,Dorothy Mattes,,,,3-0,False,False,,28-29
Field Hockey,1978,A,Aberdeen,aberdeen,Lynn Van Name,,,,1-0,False,False,,28-29
Field Hockey,1978,B,Francis Scott Key,francis-scott-key,Marie Wilson,,,,1-0,False,False,,28-29
Field Hockey,1978,C,Mardela,mardela,Barbara McCool,,,,2-0,False,False,,28-29
Field Hockey,1979,AA,Severna Park,severna-park,Lillian Shelton,,,,1-0,False,False,,28-29
Field Hockey,1979,A,Loch Raven,loch-raven,Joy Nuttall,,,,1-0,False,False,,28-29
Field Hockey,1979,B,Hereford,hereford,Mary Jane Mastropieri,,,,2-0,False,False,,28-29
Field Hockey,1979,C,Catoctin,catoctin,Jack Patterson,,,,1-0,False,False,,28-29
Field Hockey,1980,AA,Severna Park,severna-park,Lillian Shelton,,,,2-0,False,False,,28-29
Field Hockey,1980,A,South Carroll,south-carroll,Brenda Dutterer,,,,4-1,False,False,,28-29
Field Hockey,1980,B,Sherwood,sherwood,Kathy Marron,,,,3-1,False,False,,28-29
Field Hockey,1980,C,Linganore,linganore,Tina Walls,,,,1-0,False,False,,28-29
Field Hockey,1981,AA,Severna Park,severna-park,Lillian Shelton,,,,2-1,False,False,,28-29
Field Hockey,1981,A,Kennedy,kennedy,Barbara Belt,,,,5-0,False,False,,28-29
Field Hockey,1981,B,Liberty,liberty,Kerry Phillips,,,,3-1,False,False,,28-29
Field Hockey,1981,C,Middletown,middletown,Pat Roop,,,,2-1,False,False,,28-29
Field Hockey,1982,AA,Perry Hall,perry-hall,Patricia D'Ercole,,,,2-0,False,False,,28-29
Field Hockey,1982,A,Leonardtown,leonardtown,Kaye Grieg,,,,2-1,False,False,,28-29
Field Hockey,1982,B,Liberty,liberty,Kerry Phillips,,,,3-1,False,False,,28-29
Field Hockey,1982,C,Mardela,mardela,Barbara McCool,,,,1-0,False,False,,28-29
Field Hockey,1983,AA,Winston Churchill,winston-churchill,Mary Jobe,,,,2-1,False,False,,28-29
Field Hockey,1983,A,South Carroll,south-carroll,Ruth Lampert,,,,2-0,False,False,,28-29
Field Hockey,1983,B,Leonardtown,leonardtown,Kaye Grieg,,,,3-2,False,False,,28-29
Field Hockey,1983,C,Pocomoke,pocomoke,Pat Westcott,,,,1-0,False,False,,28-29
Field Hockey,1984,AA,Westminster,westminster,Brenda Baker/Sue Hooper,,,,3-0,False,False,,28-29
Field Hockey,1984,A,Richard Montgomery,richard-montgomery,Sissy Natoli,,,,2-1,False,False,,28-29
Field Hockey,1984,B,Col. Zadok Magruder,col-zadok-magruder,Sue Amos,,,,2-1,False,False,,28-29
Field Hockey,1984,C,Middletown,middletown,Debbie Main,,,,1-0,False,False,,28-29
Field Hockey,1985,AA,Westminster,westminster,Brenda Baker/Sue Hooper,,,,3-1,False,False,,28-29
Field Hockey,1985,A,Sherwood,sherwood,Kathy Marron,,,,4-1,False,False,,28-29
Field Hockey,1985,B,Middletown,middletown,Debbie Main,,,,3-2 OT,False,False,,28-29
Field Hockey,1985,C,Joppatowne,joppatowne,Pamela Reich,,,,1-0,False,False,,28-29
Field Hockey,1986,AA,Severna Park,severna-park,Lillian Shelton,,,,2-1,False,False,,28-29
Field Hockey,1986,A,Broadneck,broadneck,Phoebe Kelly,,,,2-1,False,False,,28-29
Field Hockey,1986,B,Middletown,middletown,Debbie Phebus,,,,3-1,False,False,,28-29
Field Hockey,1986,C,Francis Scott Key,francis-scott-key,Marie Wilson,,,,2-1,False,False,,28-29
Field Hockey,1987,AA,Severna Park,severna-park,Lillian Shelton,,,,3-0,False,False,,28-29
Field Hockey,1987,A,Loch Raven,loch-raven,Patricia D'Ercole,,,,1-0,False,False,,28-29
Field Hockey,1987,B,Middletown,middletown,Debbie Phebus,,,,1-0,False,False,,28-29
Field Hockey,1987,C,Pocomoke,pocomoke,Pat Westcott,,,,1-0,False,False,,28-29
Field Hockey,1988,4A,Bethesda-Chevy Chase,bethesda-chevy-chase,Michael Carroll,,,,2-0,False,False,,28-29
Field Hockey,1988,3A,Leonardtown,leonardtown,Joy Buddenbohn,,,,3-1,False,False,,28-29
Field Hockey,1988,2A,Fallston,fallston,Alice Puckett,,,,3-0,False,False,,28-29
Field Hockey,1988,1A,Easton,easton,Martha Milbrada,,,,2-1,False,False,,28-29
Field Hockey,1989,4A,Walter Johnson,walter-johnson,Candace Thurman,,,,1-0,False,False,,28-29
Field Hockey,1989,3A,Leonardtown,leonardtown,Swift Susan Swearer,,,,3-2,False,False,,28-29
Field Hockey,1989,2A,Fallston,fallston,Alice Puckett,,,,2-1,False,False,,28-29
Field Hockey,1989,1A,Francis Scott Key & Pocomoke,francis-scott-key-and-pocomoke,,,,,0-0,False,True,,28-29
Field Hockey,1990,4A,Bethesda-Chevy Chase,bethesda-chevy-chase,Michael Carroll,,,,2-1,False,False,,28-29
Field Hockey,1990,3A,Calvert & Magruder,calvert-and-magruder,,,,,0-0,False,True,,28-29
Field Hockey,1990,2A,Fallston,fallston,Alice Puckett,,,,1-0,False,False,,28-29
Field Hockey,1990,1A,Easton,easton,Martha Milbrada,,,,2-1 OT,False,False,,28-29
Field Hockey,1991,4A,Westminster,westminster,Brenda Baker/Sue Hooper,,,,1-0,False,False,,28-29
Field Hockey,1991,3A,South Carroll,south-carroll,Stacy Stem,,,,1-0,False,False,,28-29
Field Hockey,1991,2A,Chopticon & Middletown,chopticon-and-middletown,,,,,0-0,False,True,,28-29
Field Hockey,1991,1A,Easton,easton,Martha Milbrada,,,,1-0,False,False,,28-29
Field Hockey,1992,4A,Severna Park,severna-park,Lillian Shelton,,,,1-0,False,False,,28-29
Field Hockey,1992,3A,Bethesda-Chevy Chase,bethesda-chevy-chase,Michael Carroll,,,,3-0,False,False,,28-29
Field Hockey,1992,2A,Loch Raven,loch-raven,Gina Hormes,,,,2-1 OT,False,False,,28-29
Field Hockey,1992,1A,Pocomoke,pocomoke,Susan Pusey,,,,3-1,False,False,,28-29
Field Hockey,1993,4A,Severna Park,severna-park,Lillian Shelton,,,,2-1 OT,False,False,,28-29
Field Hockey,1993,3A,James M. Bennett & Linganore,james-m-bennett-and-linganore,,,,,0-0,False,True,,28-29
Field Hockey,1993,2A,Fallston,fallston,Alice Puckett,,,,1-0,False,False,,28-29
Field Hockey,1993,1A,Francis Scott Key,francis-scott-key,Mindi Wagner,,,,1-0,False,False,,28-29
Field Hockey,1994,4A,Severna Park,severna-park,Lillian Shelton,,,,2-0,False,False,,28-29
Field Hockey,1994,3A,Bethesda-Chevy Chase & Leonardtown,bethesda-chevy-chase-and-leonardtown,,,,,2-2,False,True,,28-29
Field Hockey,1994,2A,Fallston,fallston,Alice Puckett,,,,2-0,False,False,,28-29
Field Hockey,1994,1A,Pocomoke,pocomoke,Susan Pusey,,,,1-0,False,False,,28-29
Field Hockey,1995,4A,Severna Park,severna-park,Lillian Shelton,,,,1-0,False,False,,28-29
Field Hockey,1995,3A,Centennial,centennial,Gail Purcell,,,,1-0,False,False,,28-29
Field Hockey,1995,2A,Bethesda-Chevy Chase,bethesda-chevy-chase,Amy Wood,,,,5-0,False,False,,28-29
Field Hockey,1995,1A,Pocomoke,pocomoke,Susan Pusey,,,,1-0,False,False,,28-29
Field Hockey,1996,4A,Westminster,westminster,Brenda Baker/Sue Hooper,,,,2-1,False,False,,28-29
Field Hockey,1996,3A,Fallston & Magruder,fallston-and-magruder,,,,,0-0,False,True,,28-29
Field Hockey,1996,2A,Bethesda-Chevy Chase,bethesda-chevy-chase,Amy Wood,,,,2-0,False,False,,28-29
Field Hockey,1996,1A,Pocomoke,pocomoke,Susan Pusey,,,,2-0,False,False,,28-29
Field Hockey,1997,4A,Severna Park,severna-park,Lillian Shelton,,,,3-0,False,False,,28-29
Field Hockey,1997,3A,Northern-Calvert,northern-calvert,Mary Finley,,,,2-1,False,False,,28-29
Field Hockey,1997,2A,Bethesda-Chevy Chase,bethesda-chevy-chase,Amy Wood,,,,3-1,False,False,,28-29
Field Hockey,1997,1A,Pocomoke,pocomoke,Susan Pusey,,,,5-0,False,False,,28-29
Field Hockey,1998,4A,Severna Park,severna-park,Lillian Shelton,,,,3-1,False,False,,28-29
Field Hockey,1998,3A,Fallston,fallston,Alice Puckett,,,,1-0,False,False,,28-29
Field Hockey,1998,2A,Bethesda-Chevy Chase,bethesda-chevy-chase,Amy Wood,,,,4-0,False,False,,28-29
Field Hockey,1998,1A,Hereford & Pocomoke,hereford-and-pocomoke,,,,,2-2,False,True,,28-29
Field Hockey,1999,4A,Severna Park,severna-park,Lillian Shelton,,,,2-1,False,False,,28-29
Field Hockey,1999,3A,Fallston,fallston,Alice Puckett,,,,1-0,False,False,,28-29
Field Hockey,1999,2A,Bethesda-Chevy Chase,bethesda-chevy-chase,Amy Wood,,,,2-1,False,False,,28-29
Field Hockey,1999,1A,Washington,washington,Susan Grudis,,,,2-1,False,False,,28-29
Field Hockey,2000,4A,Severna Park,severna-park,Lillian Shelton,,,,3-1,False,False,,28-29
Field Hockey,2000,3A,South River,south-river,Laura Gerrior,,,,3-1,False,False,,28-29
Field Hockey,2000,2A,Bethesda-Chevy Chase,bethesda-chevy-chase,Amy Wood,,,,2-0,False,False,,28-29
Field Hockey,2000,1A,Washington,washington,Susan Grudis,,,,2-0,False,False,,28-29
Field Hockey,2001,4A,Quince Orchard & Westminster,quince-orchard-and-westminster,,,,,0-0,False,True,,28-29
Field Hockey,2001,3A,Fallston,fallston,Alice Puckett,,,,1-0,False,False,,28-29
Field Hockey,2001,2A,Bethesda-Chevy Chase & Hereford,bethesda-chevy-chase-and-hereford,,,,,1-1,False,True,,28-29
Field Hockey,2001,1A,Pocomoke,pocomoke,Susan Pusey,,,,3-0,False,False,,28-29
Field Hockey,2002,4A,Broadneck,broadneck,Melissa Quigley,,,,1-0,False,False,,28-29
Field Hockey,2002,3A,South Carroll,south-carroll,Erin Stulen,,,,2-1 (2 OT),False,False,,28-29
Field Hockey,2002,2A,Bethesda-Chevy Chase,bethesda-chevy-chase,Amy Wood,,,,2-1,False,False,,28-29
Field Hockey,2002,1A,Poolesville & Rising Sun,poolesville-and-rising-sun,,,,,1-1,False,True,,28-29
Field Hockey,2003,4A,Springbrook,springbrook,Kearney Francis,,,,3-2 OT,False,False,,28-29
Field Hockey,2003,3A,Severna Park,severna-park,Lillian Shelton,,,,3-1,False,False,,28-29
Field Hockey,2003,2A,Rising Sun,rising-sun,Kay Miller,,,,2-1,False,False,,28-29
Field Hockey,2003,1A,Pocomoke,pocomoke,Susan Pusey,,,,1-0,False,False,,28-29
Field Hockey,2004,4A,South River,south-river,Laura Hoffner,,,,1-0,False,False,,28-29
Field Hockey,2004,3A,Bethesda-Chevy Chase,bethesda-chevy-chase,Amy Wood,,,,2-1,False,False,,28-29
Field Hockey,2004,2A,Hereford,hereford,Tammy Mundie,,,,2-0,False,False,,28-29
Field Hockey,2004,1A,Pocomoke,pocomoke,Susan Pusey,,,,3-0,False,False,,28-29
Field Hockey,2005,4A,South River,south-river,Katie Corcoran,,,,3-0,False,False,,28-29
Field Hockey,2005,3A,Severna Park,severna-park,Lillian Shelton,,,,2-0,False,False,,28-29
Field Hockey,2005,2A,Parkside,parkside,Jodi Hollamon,,,,2-0,False,False,,28-29
Field Hockey,2005,1A,Pocomoke,pocomoke,Susan Pusey,,,,1-0,False,False,,28-29
Field Hockey,2006,4A,Quince Orchard,quince-orchard,Jenna Ries,,,,1-0,False,False,,28-29
Field Hockey,2006,3A,Severna Park,severna-park,Lillian Shelton,,,,3-1,False,False,,28-29
Field Hockey,2006,2A,Hereford,hereford,Tammy Mundie,,,,2-0,False,False,,28-29
Field Hockey,2006,1A,Pocomoke & Rising Sun,pocomoke-and-rising-sun,,,,,3-3,False,True,,28-29
Field Hockey,2007,4A,Severna Park,severna-park,Lillian Shelton,,,,2-0,False,False,,28-29
Field Hockey,2007,3A,Fallston,fallston,Alice Puckett,,,,1-0,False,False,,28-29
Field Hockey,2007,2A,Rising Sun,rising-sun,Gail Dillaway,,,,2-0,False,False,,28-29
Field Hockey,2007,1A,Pocomoke,pocomoke,Susan Pusey,,,,3-0,False,False,,28-29
Field Hockey,2008,4A,Severna Park,severna-park,Lillian Shelton,,,,6-0,False,False,,28-29
Field Hockey,2008,3A,Fallston,fallston,Alice Puckett,,,,4-3,False,False,,28-29
Field Hockey,2008,2A,Kent Island,kent-island,Rick Tubman,,,,1-0,False,False,,28-29
Field Hockey,2008,1A,Pocomoke,pocomoke,Susan Pusey,,,,5-1,False,False,,28-29
Field Hockey,2009,4A,Severna Park,severna-park,Lillian Shelton,,,,2-1,False,False,,28-29
Field Hockey,2009,3A,Hereford,hereford,Julia Wilson,,,,1-0,False,False,,28-29
Field Hockey,2009,2A,Fallston,fallston,Megan Grant,,,,3-2,False,False,,28-29
Field Hockey,2009,1A,Pocomoke,pocomoke,Susan Pusey,,,,5-1,False,False,,28-29
Field Hockey,1993,2A,Francis Scott Key,francis-scott-key,Alice Puckett,,,,1-0,False,False,,29-30
Field Hockey,1993,1A,Fallston,fallston,Mindi Wagner,,,,1-0,False,False,,29-30
Field Hockey,2010,4A,Westminster,westminster,Mary Rivera,,,,5-4 OT,False,False,,29-30
Field Hockey,2010,3A,River Hill,river-hill,Shelly Chamness,,,,1-0,False,False,,29-30
Field Hockey,2010,2A,Glenelg,glenelg,Ginger Kincaid,,,,2-1,False,False,,29-30
Field Hockey,2010,1A,Pocomoke,pocomoke,Susan Pusey,,,,1-0,False,False,,29-30
Field Hockey,2011,4A,Severna Park,severna-park,Lillian Shelton,,,,3-1,False,False,,29-30
Field Hockey,2011,3A,Westminster,westminster,Mary Rivera,,,,1-0 (2 OT),False,False,,29-30
Field Hockey,2011,2A,Glenelg,glenelg,Ginger Kincaid,,,,3-0,False,False,,29-30
Field Hockey,2011,1A,Fallston,fallston,Megan Grant,,,,4-2,False,False,,29-30
Field Hockey,2012,4A,South River,south-river,Katie Corcoran,,,,6-0,False,False,,29-30
Field Hockey,2012,3A,Atholton,atholton,Martie Dyer,,,,2-1,False,False,,29-30
Field Hockey,2012,2A,Glenelg,glenelg,Ginger Kincaid,,,,5-1,False,False,,29-30
Field Hockey,2012,1A,Fallston,fallston,Maddie Palko,,,,2-0,False,False,,29-30
Field Hockey,2013,4A,Severna Park,severna-park,Ann Andrews,,,,4-1,False,False,,29-30
Field Hockey,2013,3A,C. Milton Wright,c-milton-wright,Janice Rhodes,,,,3-2,False,False,,29-30
Field Hockey,2013,2A,Century,century,Terry Duryea,,,,2-0,False,False,,29-30
Field Hockey,2013,1A,North Carroll,north-carroll,Denean Koontz,,,,3-2 (OT),False,False,,29-30
Field Hockey,2014,4A,Severna Park,severna-park,Ann Andrews,,,,4-1,False,False,,29-30
Field Hockey,2014,3A,Westminster,westminster,Mary Rivera,,,,2-0,False,False,,29-30
Field Hockey,2014,2A,Hereford,hereford,Caitlin MacKenzie,,,,2-1,False,False,,29-30
Field Hockey,2014,1A,North Carroll,north-carroll,Denean Koontz,,,,2-1,False,False,,29-30
Field Hockey,2015,4A,Severna Park,severna-park,Ann Andrews,,,,2-0,False,False,,29-30
Field Hockey,2015,3A,Bel Air,bel-air,Emily Gryglewski,,,,2-1,False,False,,29-30
Field Hockey,2015,2A,Hereford,hereford,Caitlin Duvall,,,,2-0,False,False,,29-30
Field Hockey,2015,1A,Pocomoke,pocomoke,Brandi Castaneda,,,,5-0,False,False,,29-30
Field Hockey,2016,4A,South River,south-river,Megan Atkinson,,,,6-0,False,False,,29-30
Field Hockey,2016,3A,Chesapeake-AA,chesapeake-aa,Joan Johnson,,,,3-1,False,False,,29-30
Field Hockey,2016,2A,Hereford,hereford,Caitlin Duvall,,,,2-1,False,False,,29-30
Field Hockey,2016,1A,Liberty,liberty,Brenda Strohmer,,,,2-0,False,False,,29-30
Field Hockey,2017,4A,South River,south-river,Megan Atkinson,,,,2-1,False,False,,29-30
Field Hockey,2017,3A,Chesapeake-AA,chesapeake-aa,Joan Johnson,,,,2-0,False,False,,29-30
Field Hockey,2017,2A,Glenelg,glenelg,Nicole Trunzo,,,,1-0,False,False,,29-30
Field Hockey,2017,1A,Patuxent,patuxent,Lynn Powell,,,,2-0,False,False,,29-30
Field Hockey,2018,4A,South River,south-river,Megan Atkinson,,,,2-0,False,False,,29-30
Field Hockey,2018,3A,C. Milton Wright,c-milton-wright,Kelly Mattingly,,,,3-0,False,False,,29-30
Field Hockey,2018,2A,Liberty,liberty,Brenda Strohmer,,,,1-0,False,False,,29-30
Field Hockey,2018,1A,South Carroll,south-carroll,Julie Radnoff,,,,2-0,False,False,,29-30
Field Hockey,2019,4A,Severna Park,severna-park,Shannon Garden,,,,1-0,False,False,,29-30
Field Hockey,2019,3A,Westminster,westminster,Laurie Naill,,,,2-1,False,False,,29-30
Field Hockey,2019,2A,Marriotts Ridge,marriotts-ridge,Stacie Gado,,,,1-0,False,False,,29-30
Field Hockey,2019,1A,Liberty,liberty,Brenda Strohmer,,,,2-1,False,False,,29-30
Field Hockey,2021,4A,Severna Park,severna-park,Shannon Garden,,,,2-0,False,False,,29-30
Field Hockey,2021,3A,Arundel,arundel,Carrie Vosburg,,,,2-1,False,False,,29-30
Field Hockey,2021,2A,Glenelg,glenelg,Nicole Trunzo,,,,1-0,False,False,,29-30
Field Hockey,2021,1A,Pocomoke,pocomoke,Brandi Castaneda,,,,1-0,False,False,,29-30
Field Hockey,2022,4A,Broadneck,broadneck,Shannon Hanratty,,,,2-0,False,False,,29-30
Field Hockey,2022,3A,Crofton,crofton,Amy Skrickus,,,,2-1,False,False,,29-30
Field Hockey,2022,2A,Glenelg,glenelg,Christina Giampalmo,,,,2-0,False,False,,29-30
Field Hockey,2022,1A,Pocomoke,pocomoke,Kasey Hickman,,,,5-1,False,False,,29-30
Field Hockey,2023,4A,Crofton,crofton,Amy Skrickus,,,,5-0,False,False,,29-30
Field Hockey,2023,3A,Mount Hebron,mount-hebron,Jeanette Ireland,,,,5-1,False,False,,29-30
Field Hockey,2023,2A,Glenelg,glenelg,Martie Dyer,,,,4-0,False,False,,29-30
Field Hockey,2023,1A,South Carroll,south-carroll,Kayla Holston,,,,2-1,False,False,,29-30
Field Hockey,2024,4A,Crofton,crofton,Amy Skrickus,,,,2-0,False,False,,29-30
Field Hockey,2024,3A,Severna Park,severna-park,Shannon Garden,,,,4-0,False,False,,29-30
Field Hockey,2024,2A,Manchester Valley,manchester-valley,Denean Koontz,,,,5-3,False,False,,29-30
Field Hockey,2024,1A,Pocomoke,pocomoke,Brandi Castaneda,,,,3-1,False,False,,29-30
Football,1974,AA,Parkdale,parkdale,Tom Rae,,,,28-8,False,False,,38-39
Football,1974,A,Friendly,friendly,Jim Crawford,,,,26-14,True,False,,38-39
Football,1974,B,Howard,howard,Bill Caudill,,,,40-14,True,False,,38-39
Football,1974,C,Valley,valley,Tom Harmon,,,,32-12,False,False,,38-39
Football,1975,AA,Arundel,arundel,Jerry Mears,,,,13-7,False,False,,38-39
Football,1975,A,Fort Hill,fort-hill,Charles Lattimer,,,,34-8,True,False,,38-39
Football,1975,B,Paint Branch,paint-branch,Roy Lester,,,,28-3,False,False,,38-39
Football,1975,C,Joppatowne,joppatowne,Tom Marron,,,,30-26,True,False,,38-39
Football,1976,AA,Churchill,churchill,Fred Shepherd,,,,19-8,False,False,,38-39
Football,1976,A,Largo,largo,Rocco Romeo,,,,20-7,False,False,,38-39
Football,1976,B,Seneca Valley,seneca-valley,Al Thomas,,,,41-13,True,False,,38-39
Football,1976,C,Smithsburg,smithsburg,Ray Montini,,,,24-22,False,False,,38-39
Football,1977,AA,Churchill,churchill,Fred Shepherd,,,,21-16,False,False,,38-39
Football,1977,A,Seneca Valley,seneca-valley,Al Thomas,,,,13-0,True,False,,38-39
Football,1977,B,Kennedy,kennedy,Wesley Abrams,,,,13-0,False,False,,38-39
Football,1977,C,Valley,valley,Jack Gilmore,,,,58-16,False,False,,38-39
Football,1978,AA,Annapolis,annapolis,Al Laramore,,,,28-14,True,False,,38-39
Football,1978,A,Friendly,friendly,Jim Crawford,,,,27-7,False,False,,38-39
Football,1978,B,Allegany,allegany,James Refosco,,,,7-6,False,False,,38-39
Football,1978,C,Havre de Grace,havre-de-grace,Jim Harris,,,,13-0,False,False,,38-39
Football,1979,AA,Springbrook,springbrook,Bob Milloy,,,,29-14,True,False,,38-39
Football,1979,A,Seneca Valley,seneca-valley,Al Thomas,,,,13-0,False,False,,38-39
Football,1979,B,Cambridge-South Dorchester,cambridge-south-dorchester,Doug Fleetwood,,,,28-6,True,False,,38-39
Football,1979,C,Smithsburg,smithsburg,Carroll Reid,,,,41-6,True,False,,38-39
Football,1980,AA,Springbrook,springbrook,Bob Milloy,,,,28-6,False,False,,38-39
Football,1980,A,Seneca Valley,seneca-valley,Al Thomas,,,,36-0,True,False,,38-39
Football,1980,B,Allegany,allegany,James Refosco,,,,16-6,True,False,,38-39
Football,1980,C,Snow Hill,snow-hill,Moe Barber,,,,32-14,False,False,,38-39
Football,1981,AA,Springbrook,springbrook,Bob Milloy,,,,28-14,True,False,,38-39
Football,1981,A,R. Montgomery,r-montgomery,Al Avery,,,,14-0,False,False,,38-39
Football,1981,B,Damascus,damascus,Chuck Packon,,,,34-18,False,False,,38-39
Football,1981,C,Havre de Grace,havre-de-grace,Shawn Baker,,,,27-12,False,False,,38-39
Football,1982,AA,Oxon Hill,oxon-hill,Mike Pearson,,,,8-7,False,False,,38-39
Football,1982,A,Thomas Johnson,thomas-johnson,Lynn Carr,,,,14-0,True,False,,38-39
Football,1982,B,J. M. Bennett,j-m-bennett,John Usilton,,,,13-7,True,False,,38-39
Football,1982,C,Snow Hill,snow-hill,Moe Barber,,,,28-18,False,False,,38-39
Football,1983,AA,Friendly,friendly,Jim Crawford,,,,6-0,False,False,,38-39
Football,1983,A,McDonough,mcdonough,Larry Johnson,,,,19-6,True,False,,38-39
Football,1983,B,Allegany,allegany,James Refosco,,,,33-7,True,False,,38-39
Football,1983,C,J. M. Bennett,j-m-bennett,John Usilton,,,,27-12,True,False,,38-39
Football,1984,AA,Randallstown,randallstown,Ken Johnson,,,,14-6,False,False,,38-39
Football,1984,A,Kennedy,kennedy,Brady Staub,,,,18-15,False,False,,38-39
Football,1984,B,Magruder,magruder,Roy Lester,,,,10-0,True,False,,38-39
Football,1984,C,Smithsburg,smithsburg,Carroll Reid,,,,10-8,True,False,,38-39
Football,1985,AA,Springbrook,springbrook,Bob Milloy,,,,10-0,False,False,,38-39
Football,1985,A,McDonough,mcdonough,Larry Johnson,,,,10-0,True,False,,38-39
Football,1985,B,Wilde Lake,wilde-lake,Doug DuVall,,,,20-6,False,False,,38-39
Football,1985,C,J. M. Bennett,j-m-bennett,John Usilton,,,,7-6,True,False,,38-39
Football,1986,AA,Gaithersburg,gaithersburg,John Harvill,,,,28-14,False,False,,38-39
Football,1986,A,Magruder,magruder,Roy Lester,,,,28-7,True,False,,38-39
Football,1986,B,Lackey,lackey,Mike Brown,,,,38-21,True,False,,38-39
Football,1986,C,Havre de Grace,havre-de-grace,Shawn Baker,,,,36-8,False,False,,38-39
Football,1987,AA,Seneca Valley,seneca-valley,Al Thomas,,,,25-16,True,False,,38-39
Football,1987,A,Laurel,laurel,Chuck Hickes,,,,14-0,False,False,,38-39
Football,1987,B,Walkersville,walkersville,Dave Schrodel,,,,21-16,False,False,,38-39
Football,1987,1A,Milford Mill,milford-mill,John Buchheister,,,,28-18,True,False,,38-39
Football,1988,4A,Springbrook,springbrook,Bob Milloy,,,,41-21,False,False,,38-39
Football,1988,3A,DuVal,duval,Don Phelps,,,,24-14,False,False,,38-39
Football,1988,2A,Allegany,allegany,Jack Gilmore,,,,14-12,True,False,,38-39
Football,1988,1A,Smithsburg,smithsburg,Carroll Reid,,,,19-14,False,False,,38-39
Football,1989,4A,Springbrook,springbrook,Bob Milloy,,,,20-18,False,False,,38-39
Football,1989,3A,Linganore,linganore,Dave Carruthers,,,,3-0,False,False,,38-39
Football,1989,2A,Allegany,allegany,Jack Gilmore,,,,20-14,False,False,,38-39
Football,1989,1A,Kent County,kent-county,Leonard Smith,,,,23-0,False,False,,38-39
Football,1990,4A,Randallstown,randallstown,John Buchheister,,,,21-12,True,False,,38-39
Football,1990,3A,McDonough,mcdonough,Larry Johnson,,,,33-20,False,False,,38-39
Football,1990,2A,Wilde Lake,wilde-lake,Doug DuVall,,,,13-7 (OT),True,False,,38-39
Football,1990,1A,Kent County,kent-county,Leonard Smith,,,,8-7,False,False,,38-39
Football,1991,4A,Quince Orchard,quince-orchard,Ernie Ceccato,,,,34-13,False,False,,38-39
Football,1991,3A,Linganore,linganore,Dave Carruthers,,,,14-7,False,False,,38-39
Football,1991,2A,Allegany,allegany,Jack Gilmore,,,,12-6,False,False,,38-39
Football,1991,1A,Wilde Lake,wilde-lake,Doug DuVall,,,,13-10,True,False,,38-39
Football,1992,4A,Gaithersburg,gaithersburg,John Harvill,,,,39-21,False,False,,38-39
Football,1992,3A,Seneca Valley,seneca-valley,Terry Changuris,,,,14-0,False,False,,38-39
Football,1992,2A,Damascus,damascus,Al Thomas,,,,12-7,False,False,,38-39
Football,1992,1A,Wilde Lake,wilde-lake,Doug DuVall,,,,23-7,False,False,,38-39
Football,1993,4A,Watkins Mill,watkins-mill,Ken Brace,,,,10-6,False,False,,38-39
Football,1993,3A,Seneca Valley,seneca-valley,Terry Changuris,,,,15-12,False,False,,38-39
Football,1993,2A,Damascus,damascus,Al Thomas,,,,13-6,False,False,,38-39
Football,1993,1A,Boonsboro,boonsboro,Clayton Anders,,,,7-6,False,False,,38-39
Football,1994,4A,North County,north-county,Chuck Markiewicz,,,,23-6,False,False,,38-39
Football,1994,3A,Seneca Valley,seneca-valley,Terry Changuris,,,,13-3,True,False,,38-39
Football,1994,2A,Dunbar,dunbar,Stanley Mitchell,,,,30-15,True,False,,38-39
Football,1994,1A,Smithsburg,smithsburg,Carroll Reid,,,,29-22,False,False,,38-39
Football,1995,4A,Sherwood,sherwood,Bob Milloy,,,,13-0,False,False,,38-39
Football,1995,3A,Dunbar,dunbar,Stanley Mitchell,,,,30-28 (OT),False,False,,38-39
Football,1995,2A,Linganore,linganore,Bill Mcintosh,,,,23-20,False,False,,38-39
Football,1995,1A,Cambridge-SD,cambridge-sd,Doug Fleetwood,,,,14-12,False,False,,38-39
Football,1996,4A,Sherwood,sherwood,Bob Milloy,,,,22-7,False,False,,38-39
Football,1996,3A,Damascus,damascus,Todd Tunnell,,,,41-12,False,False,,38-39
Football,1996,2A,Wheaton,wheaton,Lee Branthover,,,,21-0,False,False,,38-39
Football,1996,1A,Cambridge-SD,cambridge-sd,Doug Fleetwood,,,,28-0,True,False,,38-39
Football,1997,4A,Seneca Valley,seneca-valley,Terry Changuris,,,,33-13,True,False,,38-39
Football,1997,3A,Wilde Lake,wilde-lake,Doug DuVall,,,,7-0,True,False,,38-39
Football,1997,2A,Fort Hill,fort-hill,Mike Calhoun,,,,22-6,True,False,,38-39
Football,1997,1A,Hereford,hereford,Steve Turnbaugh,,,,27-0,True,False,,38-39
Football,1998,4A,Seneca Valley,seneca-valley,Terry Changuris,,,,7-6,True,False,,38-39
Football,1998,3A,Friendly,friendly,"George Earley, Sr.",,,,45-29,True,False,,38-39
Football,1998,2A,Urbana,urbana,Dave Carruthers,,,,24-7,True,False,,38-39
Football,1998,1A,Oakland Mills,oakland-mills,Ken Hovet,,,,15-12,False,False,,38-39
Football,1999,4A,Eleanor Roosevelt,eleanor-roosevelt,Rick Houchens,,,,41-13,False,False,,38-39
Football,1999,3A,Seneca Valley,seneca-valley,Terry Changuris,,,,41-0,True,False,,38-39
Football,1999,2A,Urbana,urbana,Dave Carruthers,,,,51-18,True,False,,38-39
Football,1999,1A,Forestville,forestville,Michael Mayo,,,,14-0,False,False,,38-39
Football,2000,4A,Gaithersburg,gaithersburg,Kreg Kephart,,,,24-21,True,False,,38-39
Football,2000,3A,Calvert,calvert,Jerry Franks,,,,34-22,False,False,,38-39
Football,2000,2A,Urbana,urbana,Dave Carruthers,,,,49-8,True,False,,38-39
Football,2000,1A,Elkton,elkton,Bill Russell,,,,21-8,True,False,,38-39
Football,2001,4A,Bowie,bowie,Scott Chadwick,,,,23-6,False,False,,38-39
Football,2001,3A,Urbana,urbana,Dave Carruthers,,,,7-6,True,False,,38-39
Football,2001,2A,Hereford,hereford,Steve Turnbaugh,,,,43-15,True,False,,38-39
Football,2001,1A,Allegany,allegany,Tim Kane,,,,27-26,False,False,,38-39
Football,2002,4A,Parkdale,parkdale,Mike Rucker,,,,34-14,False,False,,38-39
Football,2002,3A,Seneca Valley,seneca-valley,Terry Changuris,,,,14-7,False,False,,38-39
Football,2002,2A,Hereford,hereford,Steve Turnbaugh,,,,20-9,True,False,,38-39
Football,2002,1A,Bohemia Manor,bohemia-manor,Todd Shives,,,,34-27,False,False,,38-39
Football,2003,4A,Damascus,damascus,Dan Makosy,,,,13-7,False,False,,38-39
Football,2003,3A,Linganore,linganore,Rick Conner,,,,28-0,False,False,,38-39
Football,2003,2A,Aberdeen,aberdeen,Joe Harbert,,,,33-25 (OT),False,False,,38-39
Football,2003,1A,Joppatowne,joppatowne,Greg Komondor,,,,26-6,False,False,,38-39
Football,2004,4A,Suitland,suitland,Nick Lynch,,,,14-7,False,False,,38-39
Football,2004,3A,Northwest,northwest,Randy Trivers,,,,14-9,False,False,,38-39
Football,2004,2A,Potomac,potomac,Eric Knight,,,,19-12,True,False,,38-39
Football,2004,1A,Dunbar,dunbar,Benjamin Eaton,,,,16-14,False,False,,38-39
Football,2005,4A,Damascus,damascus,Dan Mokosy,,,,20-6,True,False,,38-39
Football,2005,3A,Gwynn Park,gwynn-park,Danny Hayes,,,,20-14 (2 OT),True,False,,38-39
Football,2005,2A,Potomac,potomac,Eric Knight,,,,38-3,False,False,,38-39
Football,2005,1A,Allegany,allegany,Tom Preaskorn,,,,41-20,True,False,,38-39
Football,2006,4A,Suitland,suitland,Nick Lynch,,,,39-38 (OT),False,False,,38-39
Football,2006,3A,Friendly,friendly,George Earley,,,,37-18,True,False,,38-39
Football,2006,2A,Edmondson,edmondson,Dante Jones,,,,37-9,False,False,,38-39
Football,2006,1A,Dunbar,dunbar,Benjamin Eaton,,,,38-23,False,False,,38-39
Football,2007,4A,Quince Orchard,quince-orchard,Dave Mencarini,,,,36-30,True,False,,38-39
Football,2007,3A,Damascus,damascus,Dan Makosy,,,,40-20,False,False,,38-39
Football,2007,2A,River Hill,river-hill,Brian Van Deusen,,,,14-7,True,False,,38-39
Football,2007,1A,Dunbar,dunbar,Lawrence Smith,,,,58-34,True,False,,38-39
Football,2008,4A,Sherwood,sherwood,Al Thomas,,,,21-3,True,False,,38-39
Football,2008,3A,Westlake,westlake,Dominic Zaccarelli,,,,13-0,False,False,,38-39
Football,2008,2A,River Hill,river-hill,Brian Van Deusen,,,,31-6,True,False,,38-39
Football,2008,1A,Dunbar,dunbar,Lawrence Smith,,,,20-19,False,False,,38-39
Football,2009,4A,Old Mill,old-mill,Damian Ferragamo,,,,17-16,False,False,,38-39
Football,2009,3A,Linganore,linganore,Rick Conner,,,,31-14,True,False,,38-39
Football,2009,2A,Eastern Technical,eastern-technical,Marc Mesaros,,,,16-8,False,False,,38-39
Football,2009,1A,Catoctin,catoctin,Doug Williams,,,,37-12,True,False,,38-39
Football,2010,4A,Urbana,urbana,Ryan Hines,,,,6-0,True,False,,38-39
Football,2010,3A,Wilde Lake,wilde-lake,Michael Harrison,,,,21-14,False,False,,38-39
Football,2010,2A,McDonough,mcdonough,Luke Ethington,,,,21-14,False,False,,38-39
Football,2010,1A,Dunbar,dunbar,Lawrence Smith,,,,22-12,False,False,,38-39
Football,2011,4A,Old Mill,old-mill,Chad McCormick,,,,36-35,True,False,,38-39
Football,2011,3A,River Hill,river-hill,Brian Van Deusen,,,,41-13,False,False,,38-39
Football,2011,2A,Middletown,middletown,Kevin Lynott,,,,43-6,False,False,,38-39
Football,2011,1A,Dunbar,dunbar,Lawrence Smith,,,,32-11,False,False,,38-39
Football,2012,4A,"Dr. Henry A. Wise, Jr.",dr-henry-a-wise-jr,DaLawn Parrish,,,,12-7,True,False,,38-39
Football,2012,3A,River Hill,river-hill,Brian Van Deusen,,,,18-14,True,False,,38-39
Football,2012,2A,Middletown,middletown,Kevin Lynott,,,,30-12,True,False,,38-39
Football,2012,1A,Dunbar,dunbar,Lawrence Smith,,,,39-0,False,False,,38-39
Football,2013,4A,Northwest,northwest,Mike Neubeiser,,,,33-16,False,False,,38-39
Football,2013,3A,Franklin,franklin,Anthony Burgos,,,,20-7,False,False,,38-39
Football,2013,2A,Middletown,middletown,Kevin Lynott,,,,17-3,True,False,,38-39
Football,2013,1A,Fort Hill,fort-hill,Todd Appel,,,,25-0,True,False,,38-39
Football,2014,4A,Northwest,northwest,Mike Neubeiser,,,,34-31,False,False,,38-39
Football,2014,3A,Franklin,franklin,Anthony Burgos,,,,35-21,False,False,,38-39
Football,2014,2A,Douglass-PG,douglass-pg,J.C. Pinkney,,,,38-0,True,False,,38-39
Football,2014,1A,Fort Hill,fort-hill,Todd Appel,,,,40-8,True,False,,38-39
Football,2015,4A,"Dr. Henry A. Wise, Jr.",dr-henry-a-wise-jr,DaLawn Parrish,,,,55-6,True,False,,38-39
Football,2015,3A,Damascus,damascus,Eric Wallich,,,,55-14,True,False,,38-39
Football,2015,2A,Patuxent,patuxent,Steve Crounse,,,,21-20,False,False,,38-39
Football,2015,1A,Fort Hill,fort-hill,Todd Appel,,,,44-14,False,False,,38-39
Football,2016,4A,"Dr. Henry A. Wise, Jr.",dr-henry-a-wise-jr,DaLawn Parrish,,,,42-7,True,False,,38-39
Football,2016,3A,Damascus,damascus,Eric Wallich,,,,14-12,True,False,,38-39
Football,2016,2A,Walkersville,walkersville,Joe Polce,,,,33-6,True,False,,38-39
Football,2016,1A,Fort Hill,fort-hill,Todd Appel,,,,35-14,True,False,,38-39
Football,2017,4A,"Dr. Henry A. Wise, Jr.",dr-henry-a-wise-jr,DaLawn Parrish,,,,38-20,True,False,,38-39
Football,2017,3A,Linganore,linganore,Rick Conner,,,,28-27,False,False,,38-39
Football,2017,2A,Damascus,damascus,Eric Wallich,,,,31-7,True,False,,38-39
Football,2017,1A,Dunbar,dunbar,Lawrence Smith,,,,30-26,False,False,,38-39
Football,2018,4A,Quince Orchard,quince-orchard,John Kelley,,,,40-33,False,False,,38-39
Football,2018,3A,Franklin,franklin,Anthony Burgos,,,,17-14,False,False,,38-39
Football,2018,2A,Oakdale,oakdale,Kurt Stein,,,,35-7,True,False,,38-39
Football,2018,1A,Fort Hill,fort-hill,Todd Appel,,,,20-8,True,False,,38-39
Football,2019,4A,"Dr. Henry A. Wise, Jr.",dr-henry-a-wise-jr,DaLawn Parrish,,,,35-14,True,False,,38-39
Football,2019,3A,Damascus,damascus,Eric Wallich,,,,38-0,False,False,,38-39
Football,2019,2A,Middletown,middletown,Collin Delauter,,,,34-15,False,False,,38-39
Football,2019,1A,Catoctin,catoctin,Doug Williams,,,,31-8,False,False,,38-39
Football,2021,4A,Quince Orchard,quince-orchard,John Kelley,,,,31-13,True,False,,38-39
Football,2021,4A/3A,Mergenthaler Vo-Tech,mergenthaler-vo-tech,Patrick Nixon,,,,22-13,False,False,,38-39
Football,2021,3A,Northern-Calvert,northern-calvert,Richard Holzer,,,,28-23,False,False,,38-39
Football,2021,2A,Frederick Douglass-PG,frederick-douglass-pg,Monty Sutton,,,,29-14,False,False,,38-39
Football,2021,2A/1A,Paul Laurence Dunbar,paul-laurence-dunbar,Lawrence Smith,,,,38-6,True,False,,38-39
Football,2021,1A,Fort Hill,fort-hill,Zach Alkire,,,,51-31,True,False,,38-39
Football,2022,4A,Quince Orchard,quince-orchard,John Kelley,,,,32-7,True,False,,38-39
Football,2022,4A/3A,North Point,north-point,Bill Condo,,,,31-14,False,False,,38-39
Football,2022,3A,Damascus,damascus,Josh Klotz,,,,21-14,False,False,,38-39
Football,2022,2A,Milford Mill,milford-mill,"Reginald White, Sr.",,,,25-16,True,False,,38-39
Football,2022,2A/1A,Paul Laurence Dunbar,paul-laurence-dunbar,Lawrence Smith,,,,22-13,False,False,,38-39
Football,2022,1A,Fort Hill,fort-hill,Zack Alkire,,,,16-14,False,False,,38-39
Football,2023,4A,"Dr. Henry A. Wise, Jr.",dr-henry-a-wise-jr,DaLawn Parrish,,,,21-0,False,False,,38-39
Football,2023,4A/3A,Mergenthaler Vo-Tech,mergenthaler-vo-tech,Patrick Nixon,,,,14-7,False,False,,38-39
Football,2023,3A,Oakdale,oakdale,Kurt Stein,,,,42-35,True,False,,38-39
Football,2023,2A,Stephen Decatur,stephen-decatur,Jake Coleman,,,,21-13,True,False,,38-39
Football,2023,2A/1A,Paul Laurence Dunbar,paul-laurence-dunbar,"Michael Carter, Sr.",,,,8-0,True,False,,38-39
Football,2023,1A,Fort Hill,fort-hill,Zack Alkire,,,,45-21,True,False,,38-39
Football,2024,4A,Quince Orchard,quince-orchard,John Kelley,,,,24-13,True,False,,38-39
Football,2024,4A/3A,North Point,north-point,Bill Condo,,,,21-20,False,False,,38-39
Football,2024,3A,Arundel,arundel,Jack Walsh,,,,35-7,False,False,,38-39
Football,2024,2A,Stephen Decatur,stephen-decatur,Jake Coleman,,,,13-12,True,False,,38-39
Football,2024,2A/1A,Patuxent,patuxent,Steve Crounse,,,,8-6,True,False,,38-39
Football,2024,1A,Fort Hill,fort-hill,Zack Alkire,,,,35-0,False,False,,38-39
Girls Soccer,1989,4A-3A,Severna Park,severna-park,Joyce Stefancik,,,,4-0,False,False,,54-55
Girls Soccer,1989,2A-1A,Hammond,hammond,Dave Guetler,,,,2-0,False,False,,54-55
Girls Soccer,1990,4A-3A,Severna Park,severna-park,Joyce Stefancik,,,,2-1,False,False,,54-55
Girls Soccer,1990,2A-1A,Middletown,middletown,John Miller,,,,2-0,False,False,,54-55
Girls Soccer,1991,4A-3A,Centennial,centennial,"Ricardo Pizarro, Jr.",,,,4-1,False,False,,54-55
Girls Soccer,1991,2A-1A,Hammond,hammond,Dave Guetler,,,,3-1,False,False,,54-55
Girls Soccer,1992,4A-3A,Centennial,centennial,"Ricardo Pizarro, Jr.",,,,3-2 OT,False,False,,54-55
Girls Soccer,1992,2A-1A,Oakland Mills,oakland-mills,Nancy Shea,,,,1-0 2 OT,False,False,,54-55
Girls Soccer,1993,4A-3A,Dulaney,dulaney,Kathy Schmidt,,,,3-0,False,False,,54-55
Girls Soccer,1993,2A-1A,Loch Raven,loch-raven,Louis Menegatti,,,,2-0,False,False,,54-55
Girls Soccer,1994,4A-3A,Centennial,centennial,Dave Greenberg,,,,2-1,False,False,,54-55
Girls Soccer,1994,2A-1A,Fallston,fallston,Nancy Ferguson,,,,3-1,False,False,,54-55
Girls Soccer,1995,4A-3A,Centennial & Severna Park,centennial-and-severna-park,Dave Greenberg/Joyce Stefancik,,,,0-0,False,True,,54-55
Girls Soccer,1995,2A-1A,Oakland Mills,oakland-mills,Steve Matters,,,,2-0,False,False,,54-55
Girls Soccer,1996,4A-3A,Fallston,fallston,Nancy Ferguson,,,,2-0,False,False,,54-55
Girls Soccer,1996,3A-2A,Liberty & South River,liberty-and-south-river,Sam DeLawrence/Will Pharr,,,,0-0,False,True,,54-55
Girls Soccer,1996,2A-1A,Loch Raven,loch-raven,Anthony Menegatti,,,,3-0,False,False,,54-55
Girls Soccer,1997,4A-3A,Thomas Johnson,thomas-johnson,Chuck Nichols,,,,2-1,False,False,,54-55
Girls Soccer,1997,3A-2A,River Hill & South River,river-hill-and-south-river,Cynthia Odell/Will Pharr,,,,1-1,False,True,,54-55
Girls Soccer,1997,2A-1A,Glenelg,glenelg,Mike Williams,,,,2-1,False,False,,54-55
Girls Soccer,1998,4A,Thomas S. Wootton,thomas-s-wootton,Terri Reich,,,,2-1,False,False,,54-55
Girls Soccer,1998,3A,Leonardtown,leonardtown,Jennifer Henderson,,,,2-1,False,False,,54-55
Girls Soccer,1998,2A,Centennial,centennial,Mike Senisi,,,,2-0,False,False,,54-55
Girls Soccer,1998,1A,Hammond,hammond,Peter DiMarco,,,,6-0,False,False,,54-55
Girls Soccer,1999,4A,Westminster,westminster,Bryan Shumaker,,,,3-1,False,False,,54-55
Girls Soccer,1999,3A,River Hill,river-hill,Joan Kelso Smedley,,,,4-1,False,False,,54-55
Girls Soccer,1999,2A,Loch Raven & Middletown,loch-raven-and-middletown,Mike Parker/John Miller,,,,0-0,False,True,,54-55
Girls Soccer,1999,1A,Glenelg,glenelg,Mike Williams,,,,3-2,False,False,,54-55
Girls Soccer,2000,4A,Severna Park,severna-park,Chuck Seivert,,,,3-1,False,False,,54-55
Girls Soccer,2000,3A,River Hill,river-hill,Joan Kelso Smedley,,,,1-0,False,False,,54-55
Girls Soccer,2000,2A,Hereford & Middletown,hereford-and-middletown,Steve Power/John Miller,,,,1-1,False,True,,54-55
Girls Soccer,2000,1A,Glenelg,glenelg,Mike Williams,,,,1-0,False,False,,54-55
Girls Soccer,2001,4A,Thomas Johnson,thomas-johnson,Chuck Nichols,,,,3-1,False,False,,54-55
Girls Soccer,2001,3A,River Hill,river-hill,Joan Smedley,,,,3-0,False,False,,54-55
Girls Soccer,2001,2A,Bethesda-Chevy Chase & Centennial,bethesda-chevy-chase-and-centennial,Robert Kurtz/Mike Senisi,,,,0-0,False,True,,54-55
Girls Soccer,2001,1A,Loch Raven & Smithsburg,loch-raven-and-smithsburg,Mike Parker/Richard Daughtridge,,,,0-0,False,True,,54-55
Girls Soccer,2002,4A,Quince Orchard,quince-orchard,Peg Keiller,,,,1-0 2 OT,False,False,,54-55
Girls Soccer,2002,3A,Severna Park,severna-park,Gary Lam,,,,2-1,False,False,,54-55
Girls Soccer,2002,2A,Century,century,Vanessa Ozimek,,,,2-0,False,False,,54-55
Girls Soccer,2002,1A,Poolesville,poolesville,Scott Mathias,,,,1-0 OT,False,False,,54-55
Girls Soccer,2003,4A,Eleanor Roosevelt,eleanor-roosevelt,Kathy Lacey,,,,1-0,False,False,,54-55
Girls Soccer,2003,3A,Severna Park,severna-park,Gary Lam,,,,3-2,False,False,,54-55
Girls Soccer,2003,2A,Century,century,Vanessa Ozimek,,,,3-1,False,False,,54-55
Girls Soccer,2003,1A,Loch Raven,loch-raven,Mike Parker,,,,2-0,False,False,,54-55
Girls Soccer,2004,4A,Walt Whitman,walt-whitman,Tony Pykosh,,,,2-1 OT,False,False,,54-55
Girls Soccer,2004,3A,Bethesda-Chevy Chase,bethesda-chevy-chase,Robert Kurtz,,,,1-0,False,False,,54-55
Girls Soccer,2004,2A,Middletown,middletown,Heather Kline,,,,1-0,False,False,,54-55
Girls Soccer,2004,1A,Tuscarora,tuscarora,Mark Wolcott,,,,5-1,False,False,,54-55
Girls Soccer,2005,4A,C. Milton Wright,c-milton-wright,Paul Austin,,,,1-0,False,False,,54-55
Girls Soccer,2005,3A,Tuscarora,tuscarora,Mark Wolcott,,,,2-0,False,False,,54-55
Girls Soccer,2005,2A,Eastern Technical,eastern-technical,Kim Williams,,,,1-0,False,False,,54-55
Girls Soccer,2005,1A,Smithburg,smithburg,Bill Fowkes,,,,2-0,False,False,,54-55
Girls Soccer,2006,4A,Leonardtown,leonardtown,Jennifer Henderson,,,,1-0,False,False,,54-55
Girls Soccer,2006,3A,River Hill,river-hill,Brian Song,,,,1-0,False,False,,54-55
Girls Soccer,2006,2A,Glenelg,glenelg,Dean Sheridan,,,,2-1,False,False,,54-55
Girls Soccer,2006,1A,Smithsburg,smithsburg,Bill Fowkes,,,,4-1,False,False,,54-55
Girls Soccer,2007,4A,Quince Orchard,quince-orchard,Peg Keiller,,,,1-0 PKs,False,False,,54-55
Girls Soccer,2007,3A,Urbana,urbana,Chuck Nichols,,,,3-2 PKs,False,False,,54-55
Girls Soccer,2007,2A,River Hill,river-hill,Brian Song,,,,2-1 OT,False,False,,54-55
Girls Soccer,2007,1A,Glenelg,glenelg,Dean Sheridan,,,,2-1,False,False,,54-55
Girls Soccer,2008,4A,Leonardtown,leonardtown,Jennifer Henderson,,,,3-1,False,False,,54-55
Girls Soccer,2008,3A,Bethesda-Chevy Chase,bethesda-chevy-chase,Robert Kurtz,,,,2-0,False,False,,54-55
Girls Soccer,2008,2A,River Hill,river-hill,Brian Song,,,,4-3 PKs,False,False,,54-55
Girls Soccer,2008,1A,Glenelg,glenelg,Dean Sheridan,,,,1-0 PKs,False,False,,54-55
Girls Soccer,2009,4A,Bethesda-Chevy Chase,bethesda-chevy-chase,Robert Kurtz,,,,2-1 2 OTs,False,False,,54-55
Girls Soccer,2009,3A,Tuscarora,tuscarora,Mark Wolcott,,,,3-2,False,False,,54-55
Girls Soccer,2009,2A,Fallston,fallston,Alyson Cammann,,,,2-1 PKs,False,False,,54-55
Girls Soccer,2009,1A,Loch Raven,loch-raven,Anthony Menegatti,,,,1-0,False,False,,54-55
Girls Soccer,2010,4A,Bethesda-Chevy Chase,bethesda-chevy-chase,Robert Kurtz,,,,2-1,False,False,,54-55
Girls Soccer,2010,3A,Reservoir,reservoir,Joshua Sullivan,,,,1-0,False,False,,54-55
Girls Soccer,2010,2A,Middletown,middletown,Heather Kline,,,,2-1,False,False,,54-55
Girls Soccer,2010,1A,Oakdale,oakdale,Mitch Rubin,,,,2-1 PKs,False,False,,54-55
Girls Soccer,2011,4A,Bethesda-Chevy Chase,bethesda-chevy-chase,Robert Kurtz,,,,1-0 PKs,False,False,,54-55
Girls Soccer,2011,3A,Huntingtown,huntingtown,Jill Twetten,,,,1-0,False,False,,54-55
Girls Soccer,2011,2A,Middletown,middletown,Heather Kline,,,,1-0,False,False,,54-55
Girls Soccer,2011,1A,Manchester Valley,manchester-valley,Joe Miller,,,,4-1,False,False,,54-55
Girls Soccer,2012,4A,South River,south-river,John Sis,,,,2-1 PKs,False,False,,54-55
Girls Soccer,2012,3A,River Hill,river-hill,Brian Song,,,,1-0 OT,False,False,,54-55
Girls Soccer,2012,2A,Middletown,middletown,Heather Kline,,,,1-0,False,False,,54-55
Girls Soccer,2012,1A,Manchester Valley,manchester-valley,Joe Miller,,,,3-1,False,False,,54-55
Girls Soccer,2013,4A,Walt Whitman,walt-whitman,Greg Herbert,,,,2-0,False,False,,54-55
Girls Soccer,2013,3A,River Hill,river-hill,Brian Song,,,,1-0,False,False,,54-55
Girls Soccer,2013,2A,Century,century,Sara Figuly/George Taggart,,,,3-0,False,False,,54-55
Girls Soccer,2013,1A,Sparrows Point,sparrows-point,Caitlin Brennan,,,,2-1,False,False,,54-55
Girls Soccer,2014,4A,Walt Whitman,walt-whitman,Greg Herbert,,,,1-0,False,False,,54-55
Girls Soccer,2014,3A,River Hill,river-hill,Brian Song,,,,2-1,False,False,,54-55
Girls Soccer,2014,2A,Calvert,calvert,Dawn Lister,,,,1-0,False,False,,54-55
Girls Soccer,2014,1A,Sparrows Point,sparrows-point,Joe Lambert,,,,1-0,False,False,,54-55
Girls Soccer,2015,4A,Broadneck,broadneck,John Camm,,,,1-0,False,False,,54-55
Girls Soccer,2015,3A,Bel Air,bel-air,Josh Clemmer,,,,1-0 PKs,False,False,,54-55
Girls Soccer,2015,2A,Fallston,fallston,Mark Hannahs,,,,1-0,False,False,,54-55
Girls Soccer,2015,1A,Sparrows Point,sparrows-point,Joe Lambert,,,,2-0,False,False,,54-55
Girls Soccer,2016,4A,Walter Johnson,walter-johnson,Liz Robinson,,,,3-2 OT,False,False,,54-55
Girls Soccer,2016,3A,Urbana,urbana,Chuck Nichols,,,,1-0,False,False,,54-55
Girls Soccer,2016,2A,River Hill,river-hill,Brian Song,,,,2-1,False,False,,54-55
Girls Soccer,2016,1A,Sparrows Point,sparrows-point,Joe Lambert,,,,2-1,False,False,,54-55
Girls Soccer,2017,4A,Broadneck,broadneck,John Camm,,,,2-1,False,False,,54-55
Girls Soccer,2017,3A,Linganore,linganore,Howard Putterman,,,,1-0 PKs,False,False,,54-55
Girls Soccer,2017,2A,River Hill,river-hill,Brian Song,,,,3-0,False,False,,54-55
Girls Soccer,2017,1A,Sparrows Point,sparrows-point,Lori Sexton,,,,3-0,False,False,,54-55
Girls Soccer,2018,4A,Perry Hall,perry-hall,Matt Smoot,,,,4-2,False,False,,54-55
Girls Soccer,2018,3A,Northern-Calvert,northern-calvert,John P. Battle,,,,4-1,False,False,,54-55
Girls Soccer,2018,2A,River Hill,river-hill,Brian Song,,,,1-0,False,False,,54-55
Girls Soccer,2018,1A,Sparrows Point,sparrows-point,Lori Sexton,,,,4-2,False,False,,54-55
Girls Soccer,2019,4A,Perry Hall,perry-hall,Matt Smoot,,,,1-0 PKs,False,False,,54-55
Girls Soccer,2019,3A,Northern-Calvert,northern-calvert,John P. Battle,,,,5-0,False,False,,54-55
Girls Soccer,2019,2A,Calvert,calvert,John Baker,,,,2-1,False,False,,54-55
Girls Soccer,2019,1A,Patterson Mill,patterson-mill,Mike Parker,,,,1-0,False,False,,54-55
Girls Soccer,2021,4A,Walt Whitman,walt-whitman,Greg Herbert,,,,2-1,False,False,,54-55
Girls Soccer,2021,3A,Mount Hebron,mount-hebron,Tim Deppen,,,,1-0,False,False,,54-55
Girls Soccer,2021,2A,Glenelg,glenelg,Vicente D'Antuono,,,,2-1,False,False,,54-55
Girls Soccer,2021,1A,Fallston,fallston,Madison Ferrara,,,,6-0,False,False,,54-55
Girls Soccer,2022,4A,Walt Whitman,walt-whitman,Greg Herbert,,,,2-0,False,False,,54-55
Girls Soccer,2022,3A,Crofton,crofton,Travis Bonfigli,,,,1-0,False,False,,54-55
Girls Soccer,2022,2A,Century,century,Chris Little,,,,1-0,False,False,,54-55
Girls Soccer,2022,1A,Fallston,fallston,Jon Salbeck,,,,3-2,False,False,,54-55
Girls Soccer,2023,4A,Walt Whitman,walt-whitman,Greg Herbert,,,,2-0,False,False,,54-55
Girls Soccer,2023,3A,Severna Park,severna-park,Rick Stimpson,,,,2-0,False,False,,54-55
Girls Soccer,2023,2A,Sparrows Point,sparrows-point,Jonathan Wynne,,,,1-0,False,False,,54-55
Girls Soccer,2023,1A,Havre de Grace,havre-de-grace,Lea Cataggio,,,,1-0,False,False,,54-55
Girls Soccer,2024,4A,Walt Whitman,walt-whitman,Greg Herbert,,,,3-0,False,False,,55-56
Girls Soccer,2024,3A,Severna Park,severna-park,Rick Simpson,,,,4-0,False,False,,55-56
Girls Soccer,2024,2A,Queen Anne's,queen-annes,MIke Kern,,,,2-0,False,False,,55-56
Girls Soccer,2024,1A,Liberty,liberty,Danielle Prietz,,,,3-0,False,False,,55-56
Girls Soccer,1996,4A,Fallston,fallston,Nancy Ferguson,,,,2-0,False,False,,54
Girls Soccer,1996,3A,Liberty & South River,liberty-and-south-river,Sam DeLawrence/Will Pharr,,,,0-0,False,True,,54
Girls Soccer,1996,2A,Loch Raven,loch-raven,Anthony Menegatti,,,,3-0,False,False,,54
Girls Soccer,1997,4A,Thomas Johnson,thomas-johnson,Chuck Nichols,,,,2-1,False,False,,54
Girls Soccer,1997,3A,River Hill & South River,river-hill-and-south-river,Cynthia Odell/Will Pharr,,,,1-1,False,True,,54
Girls Soccer,1997,2A,Glenelg,glenelg,Mike Williams,,,,2-1,False,False,,54
Boys Soccer,1918,Combined,Catonsville,catonsville,,Wicomico,wicomico,,4-1,False,False,,62-63
Boys Soccer,1919,Combined,Catonsville,catonsville,,Wicomico,wicomico,,2-0,False,False,,62-63
Boys Soccer,1920,Combined,Sparrows Point,sparrows-point,,Pocomoke,pocomoke,,3-0,False,False,,62-63
Boys Soccer,1921,Combined,Catonsville,catonsville,,Denton,denton,Shane,4-0,False,False,,62-63
Boys Soccer,1922,Combined,Federalsburg,federalsburg,Thomas E. Riggin,Gaithersburg,gaithersburg,Fred Filiberger/Fred Animon,1-0,False,False,,62-63
Boys Soccer,1923,Combined,Barton,barton,Benny Artigiani,Denton,denton,,3-0,False,False,,62-63
Boys Soccer,1924,Combined,Barton,barton,Benny Artigiani,Federalsburg,federalsburg,Charlie Fitzberger,3-0,False,False,,62-63
Boys Soccer,1925,Combined,Barton,barton,Benny Artigiani,Easton,easton,,14-0,False,False,,62-63
Boys Soccer,1926,Combined,Havre de Grace,havre-de-grace,,Federalsburg,federalsburg,,10-3,False,False,,62-63
Boys Soccer,1927,Combined,Sparrows Point,sparrows-point,,Easton,easton,,1-0,False,False,,62-63
Boys Soccer,1928,Combined,Catonsville,catonsville,,Crisfield,crisfield,,11-0,False,False,,62-63
Boys Soccer,1929,Combined,Middletown,middletown,William E. Hauver,Easton,easton,,7-2,False,False,,62-63
Boys Soccer,1930,Combined,Chestertown,chestertown,,Hancock,hancock,,4-3 (4OT),False,False,,62-63
Boys Soccer,1931,Combined,Glen Burnie,glen-burnie,Bell,Chesapeake City,chesapeake-city,McBride,5-0,False,False,,62-63
Boys Soccer,1932,Combined,Bruce,bruce,"John ""Chip"" Grindle",Chesapeake City,chesapeake-city,,4-0,False,False,,62-63
Boys Soccer,1933,Combined,Brunswick,brunswick,Harry Smith,Cambridge,cambridge,,2-0,False,False,,62-63
Boys Soccer,1934,Combined,Hancock,hancock,,Greensboro,greensboro,,3-2,False,False,,62-63
Boys Soccer,1935,Combined,Bruce,bruce,"John ""Chip"" Grindle",Crisfield,crisfield,Gimp Carrington,13-1,False,False,,62-63
Boys Soccer,1936,Combined,Glen Burnie,glen-burnie,,Cambridge,cambridge,,3-0,False,False,,62-63
Boys Soccer,1937,Combined,Glen Burnie,glen-burnie,"Charles W. ""Pop"" Whayland",Crisfield,crisfield,Gimp Carrington,Forfeit,False,False,,62-63
Boys Soccer,1946,A,Sparrows Point,sparrows-point,,Beall,beall,Eddie Finzel,3-2,False,False,,62-63
Boys Soccer,1946,B,Dundalk,dundalk,,Bel Air,bel-air,,4-2,False,False,,62-63
Boys Soccer,1946,C,Centreville,centreville,Carter Hickman,Sparks,sparks,,2-1 OT,False,False,,62-63
Boys Soccer,1946,D,Williamsport,williamsport,Richard Doub,Greensboro,greensboro,,3-1,False,False,,62-63
Boys Soccer,1947,A,Beall,beall,Eddie Finzel,Bladensburg,bladensburg,,1-0,False,False,,62-63
Boys Soccer,1947,B,Greenbelt,greenbelt,,Bel Air,bel-air,,3-2 (2 OT),False,False,,62-63
Boys Soccer,1947,C,Centreville,centreville,John Selby,Bruce,bruce,,2-0,False,False,,62-63
Boys Soccer,1947,D,Williamsport,williamsport,Richard Doub,Delmar,delmar,Jim Mills,1-0,False,False,,62-63
Boys Soccer,1948,A,Dundalk,dundalk,,Hyattsville,hyattsville,,2-0,False,False,,62-63
Boys Soccer,1948,B,Beall,beall,Eddie Finzel,Franklin,franklin,,1-0,False,False,,62-63
Boys Soccer,1948,C,Centreville,centreville,John Selby,Aberdeen,aberdeen,,4-0,False,False,,62-63
Boys Soccer,1948,D,Delmar,delmar,Jim Mills,Williamsport,williamsport,Richard Doub,3-2,False,False,,62-63
Boys Soccer,1969,One Class,Dundalk,dundalk,Ed Veit,,,,8-4,False,False,,62-63
Boys Soccer,1970,One Class,Dundalk,dundalk,Ed Veit,,,,2-1,False,False,,62-63
Boys Soccer,1971,One Class,Overlea,overlea,Laszlo Zsebedics,,,,1-0,False,False,,62-63
Boys Soccer,1972,AA/A,Towson,towson,Jim Farrier,,,,1-0,False,False,,62-63
Boys Soccer,1972,B/C,Walkersville,walkersville,Tom Ford,,,,2-1 OT,False,False,,62-63
Boys Soccer,1973,AA,Northwestern-PG,northwestern-pg,Tom Stickles,,,,2-1,False,False,,62-63
Boys Soccer,1973,A,Aberdeen,aberdeen,Terry Colaw,,,,3-2,False,False,,62-63
Boys Soccer,1973,B,Sparrows Point,sparrows-point,Mitchell Moon,,,,4-0,False,False,,62-63
Boys Soccer,1973,C,Middletown,middletown,Cecil Keller,,,,2-0,False,False,,62-63
Boys Soccer,1974,AA,Dundalk,dundalk,Lewis Hammen,,,,3-1,False,False,,62-63
Boys Soccer,1974,A,Loch Raven,loch-raven,William Sento,,,,2-0,False,False,,62-63
Boys Soccer,1974,B,Sparrows Point,sparrows-point,Mitchell Moon,,,,7-4,False,False,,62-63
Boys Soccer,1974,C,St. Michaels,st-michaels,Denver Leach,,,,6-5 PK,False,False,,62-63
Boys Soccer,1975,AA,Montgomery Blair,montgomery-blair,William Birmingham,,,,4-2 PK,False,False,,62-63
Boys Soccer,1975,A,Loch Raven,loch-raven,William Sento,,,,2-0,False,False,,62-63
Boys Soccer,1975,B,Sparrows Point,sparrows-point,Mitchell Moon,,,,3-1,False,False,,62-63
Boys Soccer,1975,C,St. Michaels,st-michaels,Denver Leach,,,,2-1,False,False,,62-63
Boys Soccer,1976,AA,Patapsco,patapsco,Richard Bartos,,,,1-0,False,False,,62-63
Boys Soccer,1976,A,Woodward,woodward,David Scaggs,,,,7-6 PK,False,False,,62-63
Boys Soccer,1976,B,Wilde Lake,wilde-lake,Pepe Sandoval,,,,3-0 PK,False,False,,62-63
Boys Soccer,1976,C,Clear Spring,clear-spring,Noel Kunkle,,,,5-3,False,False,,62-63
Boys Soccer,1977,AA,Patapsco,patapsco,Richard Bartos,,,,1-0,False,False,,62-63
Boys Soccer,1977,A,Loch Raven,loch-raven,William Sento,,,,1-0,False,False,,62-63
Boys Soccer,1977,B,Sherwood,sherwood,Don Gable,,,,2-1,False,False,,62-63
Boys Soccer,1977,C,Crisfield,crisfield,Sonny Riggin,,,,2-0,False,False,,62-63
Boys Soccer,1978,4A,Bowie,bowie,Bob Smith,,,,2-1,False,False,,62-63
Boys Soccer,1978,3A,Walter Johnson,walter-johnson,Joe Grimaldi,,,,3-0,False,False,,62-63
Boys Soccer,1978,2A,John F. Kennedy,john-f-kennedy,Gene Hostetler,,,,2-0,False,False,,62-63
Boys Soccer,1978,1A,Mount Savage,mount-savage,George Bishields,,,,1-0,False,False,,62-63
Boys Soccer,1979,4A,Walt Whitman,walt-whitman,Sam DeBone,,,,4-3,False,False,,62-63
Boys Soccer,1979,3A,Aberdeen,aberdeen,Tom Szerensits,,,,1-0,False,False,,62-63
Boys Soccer,1979,2A,Oakland Mills,oakland-mills,Al Goldstein,,,,1-0,False,False,,62-63
Boys Soccer,1979,1A,Williamsport,williamsport,Stan Stauffer,,,,3-0,False,False,,62-63
Boys Soccer,1980,4A,Winston Churchill,winston-churchill,Henry Danner,,,,3-1,False,False,,62-63
Boys Soccer,1980,3A,Bethesda-Chevy Chase,bethesda-chevy-chase,Gene Hostetler,,,,3-0,False,False,,62-63
Boys Soccer,1980,2A,Oakland Mills,oakland-mills,Al Goldstein,,,,3-0,False,False,,62-63
Boys Soccer,1980,1A,Middletown,middletown,Bob Sheffler,,,,2-1,False,False,,62-63
Boys Soccer,1981,4A,Walt Whitman,walt-whitman,Sam DeBone,,,,3-0,False,False,,62-63
Boys Soccer,1981,3A,Rockville,rockville,Larry Nuzzaci,,,,5-4,False,False,,62-63
Boys Soccer,1981,2A,Oakland Mills,oakland-mills,Al Goldstein,,,,4-3,False,False,,62-63
Boys Soccer,1981,1A,Wilde Lake,wilde-lake,Jack Thomas,,,,1-0,False,False,,62-63
Boys Soccer,1982,4A,Bowie,bowie,Lou Reck,,,,2-1 OT,False,False,,62-63
Boys Soccer,1982,3A,Bethesda-Chevy Chase,bethesda-chevy-chase,Gene Hostetler,,,,2-1,False,False,,62-63
Boys Soccer,1982,2A,Woodward,woodward,David Scaggs,,,,3-2,False,False,,62-63
Boys Soccer,1982,1A,Wilde Lake,wilde-lake,Jack Thomas,,,,4-0,False,False,,62-63
Boys Soccer,1983,4A,Bowie & Severna Park,bowie-and-severna-park,Lou Reck/Don Gregg,,,,1-1,False,True,,62-63
Boys Soccer,1983,3A,Rockville,rockville,Larry Nuzzaci,,,,1-0,False,False,,62-63
Boys Soccer,1983,2A,Centennial,centennial,Bill Stara,,,,3-1,False,False,,62-63
Boys Soccer,1983,1A,Wilde Lake,wilde-lake,Jack Thomas,,,,4-0,False,False,,62-63
Boys Soccer,1984,4A,Bethesda-Chevy Chase & Eleanor Roosevelt,bethesda-chevy-chase-and-eleanor-roosevelt,Gene Hostetler/Bob Dredger,,,,1-1,False,True,,62-63
Boys Soccer,1984,3A,Rockville,rockville,Larry Nuzzaci,,,,5-0,False,False,,62-63
Boys Soccer,1984,2A,Centennial,centennial,Bill Stara,,,,1-0,False,False,,62-63
Boys Soccer,1984,1A,Wilde Lake,wilde-lake,Jack Thomas,,,,4-0,False,False,,62-63
Boys Soccer,1985,4A,Winston Churchill,winston-churchill,Henry Danver,,,,1-0,False,False,,62-63
Boys Soccer,1985,3A,Sherwood/Elkton,sherwood-elkton,Don Gable/Don Shea,,,,1-1,False,True,,62-63
Boys Soccer,1985,2A,Oakland Mills,oakland-mills,Al Goldstein,,,,1-0,False,False,,62-63
Boys Soccer,1985,1A,Francis Scott Key,francis-scott-key,Granville Hibberd,,,,1-0,False,False,,62-63
Boys Soccer,1986,4A,Bowie,bowie,Lou Reck,,,,2-0,False,False,,62-63
Boys Soccer,1986,3A,Towson/Sherwood,towson-sherwood,Craig Laferty/Don Gable,,,,0-0,False,True,,62-63
Boys Soccer,1986,2A,Oakland Mills/Woodward,oakland-mills-woodward,Don Shea/Dave Scaggs,,,,0-0,False,True,,62-63
Boys Soccer,1986,1A,Francis Scott Key,francis-scott-key,Granville Hibberd,,,,2-0,False,False,,62-63
Boys Soccer,1987,4A,Arundel & Bowie,arundel-and-bowie,Nick Jauschnegg/Lou Reck,,,,0-0,False,True,,62-63
Boys Soccer,1987,3A,South River,south-river,Greg Carroll,,,,2-1,False,False,,62-63
Boys Soccer,1987,2A,Centennial,centennial,Bill Stara,,,,4-1,False,False,,62-63
Boys Soccer,1987,1A,Hereford/Mt. Savage,hereford-mt-savage,Mark Trotta/George Bishields,,,,1-1,False,True,,62-63
Boys Soccer,1988,4A,Rockville,rockville,Larry Nuzzaci,,,,2-1,False,False,,62-63
Boys Soccer,1988,3A,Sherwood,sherwood,Bob Botehorn,,,,2-1,False,False,,62-63
Boys Soccer,1988,2A,Oakland Mills,oakland-mills,Don Shea,,,,3-0,False,False,,62-63
Boys Soccer,1988,1A,Hereford/Pocomoke,hereford-pocomoke,Mark Trotta/Alan Byrd,,,,0-0,False,True,,62-63
Boys Soccer,1989,4A,Walt Whitman,walt-whitman,Sam DeBone,,,,2-0,False,False,,62-63
Boys Soccer,1989,3A,Howard/Kennedy,howard-kennedy,Rudy Storch/Jeff Schultz,,,,2-2,False,True,,62-63
Boys Soccer,1989,2A,Andover/Hereford,andover-hereford,Steve Malone/Mark Trotta,,,,0-0,False,True,,62-63
Boys Soccer,1989,1A,Easton,easton,Timothy Thurber,,,,1-0,False,False,,62-63
Boys Soccer,1990,4A,Bowie,bowie,Richard Kirkland,,,,2-1 OT,False,False,,62-63
Boys Soccer,1990,3A,Oakland Mills,oakland-mills,Donald Shea,,,,6-0,False,False,,62-63
Boys Soccer,1990,2A,Atholton,atholton,Reg Hahne,,,,3-0,False,False,,62-63
Boys Soccer,1990,1A,Brunswick,brunswick,Allen Lescalleet,,,,4-1,False,False,,62-63
Boys Soccer,1991,4A,Bowie,bowie,Richard Kirkland,,,,4-2,False,False,,62-63
Boys Soccer,1991,3A,Centennial,centennial,Bill Stara,,,,2-1,False,False,,62-63
Boys Soccer,1991,2A,Rockville/Towson,rockville-towson,Larry Nuzzaci/Paul Becker,,,,0-0,False,True,,62-63
Boys Soccer,1991,1A,Wilde Lake,wilde-lake,David Nesbitt,,,,4-1,False,False,,62-63
Boys Soccer,1992,4A,Winston Churchill,winston-churchill,Henry Danver,,,,3-1,False,False,,62-63
Boys Soccer,1992,3A,Centennial,centennial,Bill Stara,,,,1-0,False,False,,62-63
Boys Soccer,1992,2A,Glenelg/Rockville,glenelg-rockville,John Bouman/Larry Nuzzaci,,,,0-0,False,True,,62-63
Boys Soccer,1992,1A,Fallston,fallston,Len Petry,,,,7-1,False,False,,62-63
Boys Soccer,1993,4A,Winston Churchill,winston-churchill,Henry Danver,,,,6-3,False,False,,62-63
Boys Soccer,1993,3A,Walt Whitman,walt-whitman,Sam DeBone,,,,1-0,False,False,,62-63
Boys Soccer,1993,2A,Middletown,middletown,Bob Sheffler,,,,3-1,False,False,,62-63
Boys Soccer,1993,1A,Easton,easton,Timothy Thurber,,,,1-0,False,False,,62-63
Boys Soccer,1994,4A,Winston Churchill,winston-churchill,Henry Danver,,,,2-1,False,False,,62-63
Boys Soccer,1994,3A,Centennial,centennial,Bill Stara,,,,2-0,False,False,,62-63
Boys Soccer,1994,2A,Oakland Mills,oakland-mills,Don Shea,,,,2-1 OT,False,False,,62-63
Boys Soccer,1994,1A,Easton,easton,Timothy Thurber,,,,2-1,False,False,,62-63
Boys Soccer,1995,4A,Northwestern-PG,northwestern-pg,Tom Stickles,,,,3-2,False,False,,62-63
Boys Soccer,1995,3A,Centennial,centennial,Bill Stara,,,,4-1,False,False,,62-63
Boys Soccer,1995,2A,Patapsco,patapsco,Dave Ingle,,,,3-0,False,False,,62-63
Boys Soccer,1995,1A,Pocomoke,pocomoke,Alan Byrd,,,,3-1,False,False,,62-63
Boys Soccer,1996,4A,Walt Whitman,walt-whitman,Dave Greene,,,,2-1,False,False,,62-63
Boys Soccer,1996,3A,Thomas Stone,thomas-stone,Thomas Parker,,,,3-2,False,False,,62-63
Boys Soccer,1996,2A,Rockville,rockville,Dave Morris,,,,1-0,False,False,,62-63
Boys Soccer,1996,1A,Williamsport,williamsport,Stan Stouffer,,,,2-1,False,False,,62-63
Boys Soccer,1997,4A,Walt Whitman,walt-whitman,Dave Greene,,,,2-0,False,False,,62-63
Boys Soccer,1997,3A,Wilde Lake,wilde-lake,David Nesbitt,,,,2-0,False,False,,62-63
Boys Soccer,1997,2A,River Hill,river-hill,Bill Stara,,,,5-1,False,False,,62-63
Boys Soccer,1997,1A,Glenelg,glenelg,Peter Klisas,,,,1-0,False,False,,62-63
Boys Soccer,1998,4A,Chesapeake-AA,chesapeake-aa,Earl Eckhardt,,,,1-0,False,False,,62-63
Boys Soccer,1998,3A,Linganore/Thomas Stone,linganore-thomas-stone,"T. Molloy/T. Parker, M. Emrick",,,,1-1,False,True,,62-63
Boys Soccer,1998,2A,River Hill,river-hill,Bill Stara,,,,4-1,False,False,,62-63
Boys Soccer,1998,1A,Oakland Mills,oakland-mills,Don Shea,,,,4-1,False,False,,62-63
Boys Soccer,1999,4A,Churchill & Dulaney,churchill-and-dulaney,David Kelley/Stephen Shaw,,,,1-1,False,True,,62-63
Boys Soccer,1999,3A,River Hill,river-hill,Bill Stara,,,,8-0,False,False,,62-63
Boys Soccer,1999,2A,Mount Hebron,mount-hebron,Jeff Doolan,,,,1-0,False,False,,62-63
Boys Soccer,1999,1A,Oakland Mills,oakland-mills,Don Shea,,,,2-0,False,False,,62-63
Boys Soccer,2000,4A,Walt Whitman,walt-whitman,Dave Greene,,,,4-1,False,False,,62-63
Boys Soccer,2000,3A,Walter Johnson,walter-johnson,Corky Logsdon,,,,3-0,False,False,,62-63
Boys Soccer,2000,2A,Mount Hebron,mount-hebron,Jeff Doolan,,,,2-1,False,False,,62-63
Boys Soccer,2000,1A,Oakland Mills,oakland-mills,Don Shea,,,,2-0,False,False,,62-63
Boys Soccer,2001,4A,Col. Zadok Magruder,col-zadok-magruder,Scott Alexander,,,,3-2,False,False,,62-63
Boys Soccer,2001,3A,Severna Park,severna-park,Don Gregg,,,,1-0,False,False,,62-63
Boys Soccer,2001,2A,Bethesda-Chevy Chase,bethesda-chevy-chase,Ron Forline,,,,2-1 OT,False,False,,62-63
Boys Soccer,2001,1A,Pocomoke,pocomoke,Alan Byrd,,,,3-1,False,False,,62-63
Boys Soccer,2002,4A,Winston Churchill,winston-churchill,David Kelley,,,,3-0,False,False,,62-63
Boys Soccer,2002,3A,River Hill,river-hill,Bill Stara,,,,1-0,False,False,,62-63
Boys Soccer,2002,2A,Stephen Decatur,stephen-decatur,Steve Berquist,,,,3-2,False,False,,62-63
Boys Soccer,2002,1A,Oakland Mills,oakland-mills,Don Shea,,,,2-1,False,False,,62-63
Boys Soccer,2003,4A,Kenwood,kenwood,Gary Schneehagen,,,,1-0 OT,False,False,,62-63
Boys Soccer,2003,3A,River Hill/Towson,river-hill-towson,Bill Stara/Randy Dase,,,,1-1,False,True,,62-63
Boys Soccer,2003,2A,Century,century,Scott Smith,,,,2-0,False,False,,62-63
Boys Soccer,2003,1A,Pocomoke,pocomoke,Alan Byrd,,,,1-0,False,False,,62-63
Boys Soccer,2004,4A,Sherwood,sherwood,"Hector Morales, Jr.",,,,2-0,False,False,,62-63
Boys Soccer,2004,3A,River Hill,river-hill,Bill Stara,,,,2-1,False,False,,62-63
Boys Soccer,2004,2A,Atholton,atholton,Roch DeFrances,,,,2-0,False,False,,62-63
Boys Soccer,2004,1A,Beall,beall,Tim Nightengale,,,,1-0 (2 OTs),False,False,,62-63
Boys Soccer,2005,4A,Sherwood,sherwood,"Hector Morales, Jr.",,,,1-0,False,False,,62-63
Boys Soccer,2005,3A,River Hill/Towson,river-hill-towson,Bill Stara/Randy Dase,,,,1-1,False,True,,62-63
Boys Soccer,2005,2A,Liberty,liberty,Ed DeVincent,,,,1-0,False,False,,62-63
Boys Soccer,2005,1A,Pocomoke,pocomoke,Alan Byrd,,,,2-0,False,False,,62-63
Boys Soccer,2006,4A,Thomas Johnson/Walter Johnson,thomas-johnson-walter-johnson,Mitch Rubin/Michael Williams,,,,0-0,False,True,,62-63
Boys Soccer,2006,3A,Mount Hebron,mount-hebron,Michael Linsenmyer,,,,2-1,False,False,,62-63
Boys Soccer,2006,2A,Hammond,hammond,Jeff Reinoehl,,,,3-1,False,False,,62-63
Boys Soccer,2006,1A,Pocomoke/Sparrows Point,pocomoke-sparrows-point,Alan Byrd/George Bishoff,,,,1-1,False,True,,62-63
Boys Soccer,2007,4A,Magruder,magruder,Steve Pfeil,,,,5-1,False,False,,62-63
Boys Soccer,2007,3A,Bethesda-Chevy Chase,bethesda-chevy-chase,Sean Karns,,,,1-0,False,False,,62-63
Boys Soccer,2007,2A,River Hill,river-hill,Matt Shagogue,,,,3-2 OT,False,False,,62-63
Boys Soccer,2007,1A,Pocomoke,pocomoke,Alan Byrd,,,,2-1,False,False,,62-63
Boys Soccer,2008,4A,Bowie,bowie,Richard Kirkland,,,,2-1,False,False,,62-63
Boys Soccer,2008,3A,Tuscarora,tuscarora,Martin Stiteler,,,,2-1 (PKs),False,False,,62-63
Boys Soccer,2008,2A,J.M. Bennett,jm-bennett,Skip Ruark,,,,1-0 (PKs),False,False,,62-63
Boys Soccer,2008,1A,Pocomoke,pocomoke,Alan Byrd,,,,3-1,False,False,,62-63
Boys Soccer,2009,4A,Whitman,whitman,Dave Greene,,,,1-0 (OT),False,False,,63-64
Boys Soccer,2009,3A,Clarksburg,clarksburg,Jeremy Spoales,,,,3-0,False,False,,63-64
Boys Soccer,2009,2A,Marriotts Ridge,marriotts-ridge,Kevin Flynn,,,,1-0 (OT),False,False,,63-64
Boys Soccer,2009,1A,Loch Raven,loch-raven,Joe Fiedler,,,,3-2 (OT),False,False,,63-64
Boys Soccer,2010,4A,Magruder,magruder,Trevin London,,,,2-0,False,False,,63-64
Boys Soccer,2010,3A,Reservoir,reservoir,Paul Linkins,,,,1-0 (OT),False,False,,63-64
Boys Soccer,2010,2A,Marriotts Ridge,marriotts-ridge,Kevin Flynn,,,,1-0,False,False,,63-64
Boys Soccer,2010,1A,Mountain Ridge,mountain-ridge,Tim Nightengale,,,,1-0,False,False,,63-64
Boys Soccer,2011,4A,Bowie,bowie,Richard Kirkland,,,,2-1 (OT),False,False,,63-64
Boys Soccer,2011,3A,Watkins Mill,watkins-mill,Jeff Heckert,,,,3-1,False,False,,63-64
Boys Soccer,2011,2A,Marriotts Ridge,marriotts-ridge,Kevin Flynn,,,,1-0,False,False,,63-64
Boys Soccer,2011,1A,Mountain Ridge,mountain-ridge,Tim Nightengale,,,,1-0 (PKs),False,False,,63-64
Boys Soccer,2012,4A,Thomas Wootton,thomas-wootton,Doug Schuessler,,,,3-1,False,False,,63-64
Boys Soccer,2012,3A,Reservoir,reservoir,Reg Hahne,,,,3-2 (OT),False,False,,63-64
Boys Soccer,2012,2A,Marriotts Ridge,marriotts-ridge,Kevin Flynn,,,,4-0,False,False,,63-64
Boys Soccer,2012,1A,Brunswick,brunswick,Kenny Putnam,,,,7-2,False,False,,63-64
Boys Soccer,2013,4A,Severna Park,severna-park,Ryan Parisi,,,,1-0,False,False,,63-64
Boys Soccer,2013,3A,Urbana,urbana,Scott Schartner,,,,4-1,False,False,,63-64
Boys Soccer,2013,2A,Hereford,hereford,Mike Lacko,,,,1-0,False,False,,63-64
Boys Soccer,2013,1A,North Carroll,north-carroll,Andrew Harrell,,,,1-0,False,False,,63-64
Boys Soccer,2014,4A,Walt Whitman,walt-whitman,Dave Greene,,,,4-1,False,False,,63-64
Boys Soccer,2014,3A,River Hill,river-hill,Matt Shagogue,,,,2-0,False,False,,63-64
Boys Soccer,2014,2A,Oakdale,oakdale,Dan Mulcahy,,,,3-1,False,False,,63-64
Boys Soccer,2014,1A,Brunswick,brunswick,Alan Lescalleet,,,,3-0,False,False,,63-64
Boys Soccer,2015,4A,Perry Hall,perry-hall,Pete Eibner,,,,1-0,False,False,,63-64
Boys Soccer,2015,3A,Oakdale,oakdale,Dan Mulcahy,,,,3-0,False,False,,63-64
Boys Soccer,2015,2A,Middletown,middletown,Jeff Colsh,,,,4-0,False,False,,63-64
Boys Soccer,2015,1A,North Carroll,north-carroll,Andrew Harrell,,,,3-1,False,False,,63-64
Boys Soccer,2016,4A,Walter Johnson,walter-johnson,"Hector Morales, Jr.",,,,4-0,False,False,,63-64
Boys Soccer,2016,3A,Urbana,urbana,Scott Schartner,,,,1-0,False,False,,63-64
Boys Soccer,2016,2A,Middletown,middletown,Jeff Colsh,,,,1-0,False,False,,63-64
Boys Soccer,2016,1A,Pikesville,pikesville,Toluwaloju Runsewe,,,,1-0,False,False,,63-64
Boys Soccer,2017,4A,Bethesda-Chevy Chase,bethesda-chevy-chase,Guillermo Melendez,,,,1-0,False,False,,63-64
Boys Soccer,2017,3A,C. Milton Wright,c-milton-wright,Brian Tully,,,,3-2 (PKs),False,False,,63-64
Boys Soccer,2017,2A,Eastern Technical,eastern-technical,Pete Glaudemans,,,,2-0,False,False,,63-64
Boys Soccer,2017,1A,Sparrows Point,sparrows-point,Joe Lambert,,,,2-1,False,False,,63-64
Boys Soccer,2018,4A,Walt Whitman,walt-whitman,Dave Greene,,,,2-1,False,False,,63-64
Boys Soccer,2018,3A,C. Milton Wright,c-milton-wright,Brian Tully,,,,2-1,False,False,,63-64
Boys Soccer,2018,2A,Oakdale,oakdale,Mitch Rubin,,,,2-1 (PKs),False,False,,63-64
Boys Soccer,2018,1A,Patterson Mill,patterson-mill,Wes Rich,,,,3-0,False,False,,63-64
Boys Soccer,2019,4A,Walt Whitman,walt-whitman,Dave Greene,,,,3-1,False,False,,63-64
Boys Soccer,2019,3A,Wilde Lake,wilde-lake,Trevor Shea,,,,1-0,False,False,,63-64
Boys Soccer,2019,2A,Century,century,Trey Howes,,,,1-0,False,False,,63-64
Boys Soccer,2019,1A,Mountain Ridge,mountain-ridge,Tim Nightengale,,,,3-0,False,False,,63-64
Boys Soccer,2021,4A,Northwestern,northwestern,Victor Ramirez,,,,,False,False,,63-64
Boys Soccer,2021,3A,James M. Bennett,james-m-bennett,Gabe Kane,,,,,False,False,,63-64
Boys Soccer,2021,2A,Parkside,parkside,Blair Osborne,,,,,False,False,,63-64
Boys Soccer,2021,1A,Brunswick,brunswick,Shawn Baker,,,,,False,False,,63-64
Boys Soccer,2022,4A,Bowie,bowie,Frantz Deetjen,,,,1-0,False,False,,63-64
Boys Soccer,2022,3A,Tuscarora,tuscarora,Todd Knepper,,,,3-0,False,False,,63-64
Boys Soccer,2022,2A,Glenelg,glenelg,Joey Osborne,,,,2-0,False,False,,63-64
Boys Soccer,2022,1A,Brunswick,brunswick,Shawn Baker,,,,3-0 (OT),False,False,,63-64
Boys Soccer,2023,4A,Leonardtown,leonardtown,Luke Kokolios,,,,2-0 (4-2 PKs),False,False,,63-64
Boys Soccer,2023,3A,South River,south-river,Marlyn Argueta,,,,5-1,False,False,,63-64
Boys Soccer,2023,2A,Damascus,damascus,Stephen Pfeil,,,,3-1,False,False,,63-64
Boys Soccer,2023,1A,Harford Technical,harford-technical,Mike Dempsey,,,,2-0,False,False,,63-64
Boys Soccer,2024,4A,Montgomery Blair,montgomery-blair,Allie Coyle,,,,1-0,False,False,,63-64
Boys Soccer,2024,3A,River Hill,river-hill,Matt Shagogue,,,,1-0 (5-3 PKs),False,False,,63-64
Boys Soccer,2024,2A,C. Milton Wright,c-milton-wright,Eric Riedlbauer,,,,1-0,False,False,,63-64
Boys Soccer,2024,1A,Liberty,liberty,Donnie Kwedar,,,,2-1,False,False,,63-64
Volleyball,1948,A,Towson,towson,,Bethesda,bethesda,,23-4,False,False,,67-68
Volleyball,1948,B,Bel Air,bel-air,,,,,,False,False,Won by Default,67-68
Volleyball,1948,C,Sparks,sparks,,,,,,False,False,Won by Default,67-68
Volleyball,1948,D,Great Mills,great-mills,,Old Post,old-post,,24-10,False,False,,67-68
Volleyball,1949,A,Towson,towson,,Hagerstown,hagerstown,,39-11,False,False,,67-68
Volleyball,1975,AA/A/B/C,Hereford,hereford,Sue Leslie,,,,,False,False,,67-68
Volleyball,1976,AA/A,Severna Park,severna-park,James Trzybinski,North East-Cecil,north-east-cecil,Mary Etta Reedy,,False,False,,67-68
Volleyball,1976,B/C,<unknown>,unknown,,,,,,False,False,,67-68
Volleyball,1977,AA,Andover,andover,Alice Evans,Meade,meade,Kitty Belmont,,False,False,,67-68
Volleyball,1977,A,Francis Scott Key,francis-scott-key,Robin Armstrong,North East-Cecil,north-east-cecil,Mary Etta Reedy,,False,False,,67-68
Volleyball,1978,AA,Severna Park,severna-park,James Trzybinski,Milford Mill,milford-mill,Sue Hattman,,False,False,,67-68
Volleyball,1978,A,Francis Scott Key,francis-scott-key,Robin Armstrong,North East-Cecil,north-east-cecil,Mary Etta Reedy,,False,False,,67-68
Volleyball,1979,AA,High Point,high-point,Joann Perryman,Catonsville,catonsville,Debbie Clem,,False,False,,67-68
Volleyball,1979,A,Hereford,hereford,Sue Leslie,Mount Savage,mount-savage,Joanne Nickel,,False,False,,67-68
Volleyball,1980,AA,DuVal,duval,Karen Horner,Catonsville,catonsville,Debbie Clem,,False,False,,67-68
Volleyball,1980,A,Howard,howard,Rich Asendorf,Francis Scott Key,francis-scott-key,Karol Ellis,,False,False,,67-68
Volleyball,1981,AA,Springbrook,springbrook,Diane Carpenter,Catonsville,catonsville,Debbie Clem,,False,False,,67-68
Volleyball,1981,A,Williamsport,williamsport,Cindy Neugebauer,Smithsburg,smithsburg,Cindy Young,,False,False,,67-68
Volleyball,1982,AA,Woodlawn,woodlawn,Mary Duckworth,Catonsville,catonsville,Debbie Clem,,False,False,,67-68
Volleyball,1982,A,Great Mills,great-mills,Brenda Henley,Mount Savage,mount-savage,Joanne Nickel,,False,False,,67-68
Volleyball,1983,AA,Thomas S. Wootton,thomas-s-wootton,Michael Lipman,Catonsville,catonsville,Debbie Clem,,False,False,,67-68
Volleyball,1983,A,Great Mills,great-mills,Brenda Henley,Mount Savage,mount-savage,Joanne Nickel,,False,False,,67-68
Volleyball,1984,AA,Thomas S. Wootton,thomas-s-wootton,Michael Lipman,Rockville,rockville,Paul Bruening,,False,False,,67-68
Volleyball,1984,A,Albert Einstein,albert-einstein,Patti Langworthy,Boonsboro,boonsboro,Phil Aversa,,False,False,,67-68
Volleyball,1985,AA,Thomas S. Wootton,thomas-s-wootton,Michael Lipman,North Carroll,north-carroll,Linda Richards,,False,False,,67-68
Volleyball,1985,A,Williamsport,williamsport,Cindy Neugebauer,Northern-Garrett,northern-garrett,Vonda Yunker,,False,False,,67-68
Volleyball,1986,AA,Thomas S. Wootton,thomas-s-wootton,Michael Lipman,Catonsville,catonsville,Debbie Clem,,False,False,,67-68
Volleyball,1986,A,North East-Cecil,north-east-cecil,Mary Etta Reedy,Francis Scott Key,francis-scott-key,George Hill,,False,False,,67-68
Volleyball,1987,AA,Thomas S. Wootton,thomas-s-wootton,Michael Lipman,Loch Raven,loch-raven,Carol McPherson,,False,False,,67-68
Volleyball,1987,A,Catonsville,catonsville,Debbie Clem,Williamsport,williamsport,Cindy Neugebauer,,False,False,,67-68
Volleyball,1988,4A,Thomas S. Wootton,thomas-s-wootton,Michael Lipman,Loch Raven,loch-raven,Carol McPherson,,False,False,,67-68
Volleyball,1988,3A,Atholton,atholton,Jon Peterson,Williamsport,williamsport,Cindy Neugebauer,,False,False,,67-68
Volleyball,1989,4A,Thomas S. Wootton,thomas-s-wootton,Michael Lipman,Centennial,centennial,Bill Shook,,False,False,,67-68
Volleyball,1989,3A,Atholton,atholton,Jon Peterson,Smithsburg,smithsburg,Cindy Young,,False,False,,67-68
Volleyball,1990,4A,Glen Burnie,glen-burnie,Juanita Murdock,Northern-Calvert,northern-calvert,Milani,3-0,False,False,,67-68
Volleyball,1990,3A,Mount Hebron,mount-hebron,Cheryl Lord,North Caroline,north-caroline,Margie Knight,3-0,False,False,,67-68
Volleyball,1990,2A,<unknown>,unknown,Jeannine McCrumb,,,,3-0,False,False,,67-68
Volleyball,1990,1A,<unknown>,unknown,Jeannine McCrumb,,,,3-0,False,False,,67-68
Volleyball,1991,4A,Severna Park,severna-park,Tim Dunbar,Centennial,centennial,Bill Shook,3-1,False,False,,67-68
Volleyball,1991,3A,Mount Hebron,mount-hebron,Jeannine McCrumb,Williamsport,williamsport,Cindy Neugebauer,3-1,False,False,,67-68
Volleyball,1992,4A,Severna Park,severna-park,Tim Dunbar,Centennial,centennial,Bill Shook,3-2,False,False,,67-68
Volleyball,1992,3A,Mount Hebron,mount-hebron,Jeannine McCrumb,Williamsport,williamsport,Cindy Neugebauer,3-2,False,False,,67-68
Volleyball,1993,4A,Severna Park,severna-park,Tim Dunbar,Centennial,centennial,Bill Shook,3-1,False,False,,67-68
Volleyball,1993,3A,Glenelg,glenelg,Marlene Janis,Clear Spring,clear-spring,Lisa Shives,3-0,False,False,,67-68
Volleyball,1994,4A,Northern-Calvert,northern-calvert,Cheryl Lord,Centennial,centennial,Michael Bossom,3-0,False,False,,67-68
Volleyball,1994,3A,Loch Raven,loch-raven,Carol McPherson,Clear Spring,clear-spring,Lisa Shives,3-1,False,False,,67-68
Volleyball,1995,4A,Northern-Calvert,northern-calvert,Beth Incrocci,Mount Hebron,mount-hebron,Henry Dahlen,3-0,False,False,,67-68
Volleyball,1995,3A,Glenelg,glenelg,Marlene Janis,Williamsport,williamsport,Emily Crabtree,3-2,False,False,,67-68
Volleyball,1996,4A,Northern-Calvert,northern-calvert,Beth Incrocci,Centennial,centennial,Michael Bossom,3-1,False,False,,67-68
Volleyball,1996,3A,North East-Cecil,north-east-cecil,Terry Politi,Francis Scott Key,francis-scott-key,Leo Totten,3-1,False,False,,67-68
Volleyball,1997,4A,Watkins Mill,watkins-mill,Diane Carnvale,Northern-Calvert,northern-calvert,Beth Incrocci,3-1,False,False,,67-68
Volleyball,1997,3A,Centennial,centennial,Michael Bossom,Mount Savage,mount-savage,Joanne Nickel,3-1,False,False,,67-68
Volleyball,1998,4A,Walt Whitman,walt-whitman,Orlando Larracuente,,,,3-0,False,False,,67-68
Volleyball,1998,3A,Calvert,calvert,Tim Horsmon,,,,3-0,False,False,,67-68
Volleyball,1998,2A,Centennial,centennial,Michael Bossom,,,,3-0,False,False,,67-68
Volleyball,1998,1A,Smithsburg,smithsburg,Jim Klein,,,,3-0,False,False,,67-68
Volleyball,1999,4A,Dulaney,dulaney,Ian Blanchard,,,,3-0,False,False,,67-68
Volleyball,1999,3A,Northern-Calvert,northern-calvert,Beth Incrocci,,,,3-0,False,False,,67-68
Volleyball,1999,2A,Centennial,centennial,Michael Bossom,,,,3-0,False,False,,67-68
Volleyball,1999,1A,Williamsport,williamsport,Kristi Gee,,,,3-0,False,False,,67-68
Volleyball,2000,4A,Dulaney,dulaney,Ian Blanchard,,,,3-0,False,False,,67-68
Volleyball,2000,3A,Northern-Calvert,northern-calvert,Beth Incrocci,,,,3-0,False,False,,67-68
Volleyball,2000,2A,Centennial,centennial,Michael Bossom,,,,3-1,False,False,,67-68
Volleyball,2000,1A,Smithsburg,smithsburg,Jim Klein,,,,3-0,False,False,,67-68
Volleyball,2001,4A,Broadneck,broadneck,Romonzo Beans,,,,3-1,False,False,,67-68
Volleyball,2001,3A,Northern-Calvert,northern-calvert,Beth Incrocci-Kawecki,,,,3-0,False,False,,67-68
Volleyball,2001,2A,Towson,towson,Jayne Lacey,,,,3-0,False,False,,67-68
Volleyball,2001,1A,Smithsburg,smithsburg,Jim Klein,,,,3-2,False,False,,67-68
Volleyball,2002,4A,Broadneck,broadneck,Romonzo Beans,,,,3-0,False,False,,67-68
Volleyball,2002,3A,Patuxent,patuxent,Matt Poteet,,,,3-1,False,False,,67-68
Volleyball,2002,2A,Glenelg,glenelg,Jennifer Beall,,,,3-0,False,False,,67-68
Volleyball,2002,1A,Williamsport,williamsport,Kristi Gee,,,,3-1,False,False,,67-68
Volleyball,2003,4A,Quince Orchard,quince-orchard,Karen Jones,,,,3-2,False,False,,67-68
Volleyball,2003,3A,Calvert,calvert,Dave Redden,,,,3-0,False,False,,67-68
Volleyball,2003,2A,Liberty,liberty,David Trumbo,,,,3-2,False,False,,67-68
Volleyball,2003,1A,Williamsport,williamsport,Emily Crabtree,,,,3-2,False,False,,67-68
Volleyball,2004,4A,Broadneck,broadneck,Romonzo Beans,,,,3-0,False,False,,67-68
Volleyball,2004,3A,Centennial,centennial,Michael Bossom,,,,3-0,False,False,,67-68
Volleyball,2004,2A,Liberty,liberty,David Trumbo,,,,3-0,False,False,,67-68
Volleyball,2004,1A,Williamsport,williamsport,Emily Crabtree,,,,3-0,False,False,,67-68
Volleyball,2005,4A,Gaithersburg,gaithersburg,Michele Dillingham,,,,3-0,False,False,,67-68
Volleyball,2005,3A,Centennial,centennial,Michael Bossom,,,,3-0,False,False,,67-68
Volleyball,2005,2A,Glenelg,glenelg,Don Beall,,,,3-1,False,False,,67-68
Volleyball,2005,1A,Williamsport,williamsport,Emily Crabtree,,,,3-0,False,False,,67-68
Volleyball,2006,4A,Sherwood,sherwood,Tim Gilchrist,,,,3-0,False,False,,67-68
Volleyball,2006,3A,Centennial,centennial,Jerry Hulla,,,,3-1,False,False,,67-68
Volleyball,2006,2A,North East-C,north-east-c,Gary Preston,,,,3-2,False,False,,67-68
Volleyball,2006,1A,Rising Sun,rising-sun,Rich Wilson,,,,3-0,False,False,,67-68
Volleyball,2007,4A,Broadneck,broadneck,Romonzo Beans,,,,3-2,False,False,,67-68
Volleyball,2007,3A,Reservoir,reservoir,Carole Ferrante,,,,3-0,False,False,,67-68
Volleyball,2007,2A,Rising Sun,rising-sun,Rich Wilson,,,,3-2,False,False,,67-68
Volleyball,2007,1A,South Carroll,south-carroll,Marcia Kunkel,,,,3-1,False,False,,67-68
Volleyball,2008,4A,Broadneck,broadneck,Scott Graf,,,,3-1,False,False,,67-68
Volleyball,2008,3A,Centennial,centennial,Larry Schofield,,,,3-0,False,False,,67-68
Volleyball,2008,2A,Liberty,liberty,Lauren Eberhardt,,,,3-0,False,False,,67-68
Volleyball,2008,1A,Poolesville,poolesville,Fran DuVall,,,,3-0,False,False,,67-68
Volleyball,2009,4A,Broadneck,broadneck,Scott Graf,,,,3-0,False,False,,67-68
Volleyball,2009,3A,Northern-Calvert,northern-calvert,Devin Hall,,,,3-1,False,False,,67-68
Volleyball,2009,2A,Francis Scott Key,francis-scott-key,Timothy Walsh,,,,3-0,False,False,,67-68
Volleyball,2009,1A,Smithsburg,smithsburg,Rachel Brashear,,,,3-0,False,False,,67-68
Volleyball,2010,4A,Sherwood,sherwood,Brian McCarty,,,,3-0,False,False,,67-68
Volleyball,2010,3A,Towson,towson,Emily Berman,,,,3-2,False,False,,67-68
Volleyball,2010,2A,Fallston,fallston,Alison Winakur,,,,3-0,False,False,,67-68
Volleyball,2010,1A,Smithsburg,smithsburg,Rachel Brashear,,,,3-0,False,False,,67-68
Volleyball,2011,4A,Sherwood,sherwood,Brian McCarty,,,,3-0,False,False,,67-68
Volleyball,2011,3A,North Hagerstown,north-hagerstown,Megan Crawford,,,,3-2,False,False,,67-68
Volleyball,2011,2A,Century,century,Becky Groves,,,,3-1,False,False,,67-68
Volleyball,2011,1A,Smithsburg,smithsburg,Rachel Brashear,,,,3-0,False,False,,67-68
Volleyball,2012,4A,Sherwood,sherwood,Brian McCarty,,,,3-0,False,False,,67-68
Volleyball,2012,3A,North Hagerstown,north-hagerstown,Megan Crawford,,,,3-0,False,False,,67-68
Volleyball,2012,2A,Williamsport,williamsport,Emily Crabtree,,,,3-0,False,False,,67-68
Volleyball,2012,1A,Smithsburg,smithsburg,Rachel Brashear,,,,3-0,False,False,,67-68
Volleyball,2013,4A,Dulaney,dulaney,Cary Lyon,,,,3-0,False,False,,67-68
Volleyball,2013,3A,Damascus,damascus,Rebecca Ronquillo,,,,3-0,False,False,,67-68
Volleyball,2013,2A,Patuxent,patuxent,Kevin Keller,,,,3-2,False,False,,67-68
Volleyball,2013,1A,Fort Hill,fort-hill,Joe Brewer,,,,3-0,False,False,,67-68
Volleyball,2014,4A,Severna Park,severna-park,Tim Dunbar,,,,3-1,False,False,,67-68
Volleyball,2014,3A,North Hagerstown,north-hagerstown,Megan Crawford,,,,3-0,False,False,,67-68
Volleyball,2014,2A,Oakdale,oakdale,Jim Dorsch,,,,3-0,False,False,,67-68
Volleyball,2014,1A,Smithsburg,smithsburg,Rachel Brashear,,,,3-0,False,False,,67-68
Volleyball,2015,4A,Northwest,northwest,Stephanie Blake,,,,3-0,False,False,,67-68
Volleyball,2015,3A,Northern-Calvert,northern-calvert,Bobby Gibbons,,,,3-2,False,False,,67-68
Volleyball,2015,2A,Rising Sun,rising-sun,Rich Wilson,,,,3-0,False,False,,67-68
Volleyball,2015,1A,Smithsburg,smithsburg,Rachel Brashear,,,,3-0,False,False,,67-68
Volleyball,2016,4A,Northwest,northwest,Stephanie Blake,,,,3-0,False,False,,67-68
Volleyball,2016,3A,Atholton,atholton,Robert Moy,,,,3-1,False,False,,67-68
Volleyball,2016,2A,Williamsport,williamsport,Karen Moyer,,,,3-2,False,False,,67-68
Volleyball,2016,1A,Smithsburg,smithsburg,Rachel Brashear,,,,3-1,False,False,,67-68
Volleyball,2017,4A,Northwest,northwest,Stephanie Blake,,,,3-1,False,False,,67-68
Volleyball,2017,3A,Northern-Calvert,northern-calvert,Bobby Gibbons,,,,3-0,False,False,,67-68
Volleyball,2017,2A,Oakdale,oakdale,Jim Dorsch,,,,3-1,False,False,,67-68
Volleyball,2017,1A,Smithsburg,smithsburg,Rachel Brashear,,,,3-0,False,False,,67-68
Volleyball,2018,4A,Northwest,northwest,Stephanie Blake,,,,3-0,False,False,,67-68
Volleyball,2018,3A,Atholton,atholton,Larry Schofield,,,,3-0,False,False,,67-68
Volleyball,2018,2A,Williamsport,williamsport,Karen Moyer,,,,3-0,False,False,,67-68
Volleyball,2018,1A,Clear Spring,clear-spring,Jessica Custer,,,,3-0,False,False,,67-68
Volleyball,2019,4A,Arundel,arundel,Ashley Yuscavage,,,,3-2,False,False,,67-68
Volleyball,2019,3A,Col. Zadok Magruder,col-zadok-magruder,Scott Zanni,,,,3-1,False,False,,67-68
Volleyball,2019,2A,Century,century,Bryan Trumbo,,,,3-1,False,False,,67-68
Volleyball,2019,1A,Smithsburg,smithsburg,Rachel Bachtell,,,,3-0,False,False,,67-68
Volleyball,2021,4A,Arundel,arundel,Ashley Yuscavage,,,,3-0,False,False,,67-68
Volleyball,2021,3A,Reservoir,reservoir,Carole Ferrante,,,,3-1,False,False,,67-68
Volleyball,2021,2A,Glenelg,glenelg,Jason Monjes,,,,3-0,False,False,,67-68
Volleyball,2021,1A,Williamsport,williamsport,Karen Hampton,,,,3-0,False,False,,67-68
Volleyball,2022,4A,Urbana,urbana,Jerry Burge,,,,3-2,False,False,,67-68
Volleyball,2022,3A,North Hagerstown,north-hagerstown,Megan Crawford,,,,3-1,False,False,,67-68
Volleyball,2022,2A,Liberty,liberty,Sheri Hagen,,,,3-1,False,False,,67-68
Volleyball,2022,1A,Clear Spring,clear-spring,Jessica Custer,,,,3-0,False,False,,67-68
Volleyball,2023,4A,Richard Montgomery,richard-montgomery,Gretchen Barber-Strunk,,,,3-1,False,False,,67-68
Volleyball,2023,3A,North Hagerstown,north-hagerstown,Lacie Johnson,,,,3-0,False,False,,67-68
Volleyball,2023,2A,Centennial,centennial,Michael Bossom,,,,3-0,False,False,,67-68
Volleyball,2023,1A,Clear Spring,clear-spring,Jessica Custer,,,,3-2,False,False,,67-68
Volleyball,2024,4A,Richard Montgomery,richard-montgomery,Gretchen Barber-Strunk,,,,3-,False,False,,67-68
Volleyball,2024,3A,North Hagerstown,north-hagerstown,Lacie Johnson,,,,3-0,False,False,,67-68
Volleyball,2024,2A,Williamsport,williamsport,Karen Hampton,,,,3-1,False,False,,67-68
Volleyball,2024,1A,Boonsboro,boonsboro,Shelby Wallace,,,,3-1,False,False,,67-68
