sport,school,school_slug,year,result,source_pages
Boys Cross Country,Albert Einstein,albert-einstein,1971,finalist,14-15
Boys Cross Country,Albert Einstein,albert-einstein,1980,finalist,14-15
Boys Cross Country,Albert Einstein,albert-einstein,1985,finalist,14-15
Boys Cross Country,Albert Einstein,albert-einstein,2010,finalist,14-15
Boys Cross Country,Albert Einstein,albert-einstein,2023,champion,14-15
Boys Cross Country,Allegany,allegany,1970,champion,14-15
Boys Cross Country,Allegany,allegany,1993,champion,14-15
Boys Cross Country,Allegany,allegany,2009,finalist,14-15
Boys Cross Country,Atholton,atholton,1967,champion,14-15
Boys Cross Country,Atholton,atholton,1979,finalist,14-15
Boys Cross Country,Atholton,atholton,1982,finalist,14-15
Boys Cross Country,Atholton,atholton,1983,finalist,14-15
Boys Cross Country,Atholton,atholton,1986,finalist,14-15
Boys Cross Country,Atholton,atholton,1989,champion,14-15
Boys Cross Country,Atholton,atholton,1997,finalist,14-15
Boys Cross Country,Atholton,atholton,2003,finalist,14-15
Boys Cross Country,Atholton,atholton,2004,finalist,14-15
Boys Cross Country,Atholton,atholton,2005,finalist,14-15
Boys Cross Country,Atholton,atholton,2006,finalist,14-15
Boys Cross Country,Atholton,atholton,2008,champion,14-15
Boys Cross Country,Atholton,atholton,2014,finalist,14-15
Boys Cross Country,Atholton,atholton,2015,finalist,14-15
Boys Cross Country,Beall,beall,1960,finalist,14-15
Boys Cross Country,Beall,beall,1972,finalist,14-15
Boys Cross Country,Beall,beall,1974,champion,14-15
Boys Cross Country,Beall,beall,1975,finalist,14-15
Boys Cross Country,Beall,beall,1980,champion,14-15
Boys Cross Country,Beall,beall,1981,champion,14-15
Boys Cross Country,Beall,beall,1983,finalist,14-15
Boys Cross Country,Beall,beall,2003,champion,14-15
Boys Cross Country,Beall,beall,2004,champion,14-15
Boys Cross Country,Beall,beall,2005,champion,14-15
Boys Cross Country,Bel Air,bel-air,1946,finalist,14-15
Boys Cross Country,Bel Air,bel-air,1947,champion,14-15
Boys Cross Country,Bel Air,bel-air,1948,champion,14-15
Boys Cross Country,Bel Air,bel-air,1960,champion,14-15
Boys Cross Country,Bel Air,bel-air,1963,champion,14-15
Boys Cross Country,Bel Air,bel-air,2006,finalist,14-15
Boys Cross Country,Bel Air,bel-air,2008,finalist,14-15
Boys Cross Country,Bethesda-Chevy Chase,bethesda-chevy-chase,1961,finalist,14-15
Boys Cross Country,Bethesda-Chevy Chase,bethesda-chevy-chase,1966,finalist,14-15
Boys Cross Country,Bethesda-Chevy Chase,bethesda-chevy-chase,1969,champion,14-15
Boys Cross Country,Bethesda-Chevy Chase,bethesda-chevy-chase,1971,champion,14-15
Boys Cross Country,Bethesda-Chevy Chase,bethesda-chevy-chase,1973,champion,14-15
Boys Cross Country,Bethesda-Chevy Chase,bethesda-chevy-chase,1985,finalist,14-15
Boys Cross Country,Bethesda-Chevy Chase,bethesda-chevy-chase,2007,champion,14-15
Boys Cross Country,Bethesda-Chevy Chase,bethesda-chevy-chase,2024,finalist,14-15
Boys Cross Country,Bohemia Manor,bohemia-manor,2008,champion,14-15
Boys Cross Country,Bohemia Manor,bohemia-manor,2009,champion,14-15
Boys Cross Country,Bohemia Manor,bohemia-manor,2011,champion,14-15
Boys Cross Country,Bohemia Manor,bohemia-manor,2012,finalist,14-15
Boys Cross Country,Bohemia Manor,bohemia-manor,2014,finalist,14-15
Boys Cross Country,Bohemia Manor,bohemia-manor,2016,champion,14-15
Boys Cross Country,Bohemia Manor,bohemia-manor,2018,finalist,14-15
Boys Cross Country,Boonsboro,boonsboro,1968,finalist,14-15
Boys Cross Country,Boonsboro,boonsboro,1978,finalist,14-15
Boys Cross Country,Boonsboro,boonsboro,1981,finalist,14-15
Boys Cross Country,Boonsboro,boonsboro,1984,finalist,14-15
Boys Cross Country,Boonsboro,boonsboro,1990,finalist,14-15
Boys Cross Country,Boonsboro,boonsboro,1996,finalist,14-15
Boys Cross Country,Boonsboro,boonsboro,2012,champion,14-15
Boys Cross Country,Boonsboro,boonsboro,2015,champion,14-15
Boys Cross Country,Boonsboro,boonsboro,2018,champion,14-15
Boys Cross Country,Bowie,bowie,1984,champion,14-15
Boys Cross Country,Broadneck,broadneck,1984,champion,14-15
Boys Cross Country,Broadneck,broadneck,1990,finalist,14-15
Boys Cross Country,Broadneck,broadneck,2000,finalist,14-15
Boys Cross Country,Broadneck,broadneck,2002,finalist,14-15
Boys Cross Country,Broadneck,broadneck,2004,champion,14-15
Boys Cross Country,Broadneck,broadneck,2005,champion,14-15
Boys Cross Country,Brooklyn Park,brooklyn-park,1961,finalist,14-15
Boys Cross Country,Brooklyn Park,brooklyn-park,1962,finalist,14-15
Boys Cross Country,Brooklyn Park,brooklyn-park,1964,champion,14-15
Boys Cross Country,Brunswick,brunswick,1946,champion,14-15
Boys Cross Country,Brunswick,brunswick,1947,champion,14-15
Boys Cross Country,Brunswick,brunswick,1948,champion,14-15
Boys Cross Country,Brunswick,brunswick,1965,champion,14-15
Boys Cross Country,Brunswick,brunswick,1966,champion,14-15
Boys Cross Country,Brunswick,brunswick,1967,finalist,14-15
Boys Cross Country,Brunswick,brunswick,1989,champion,14-15
Boys Cross Country,Brunswick,brunswick,2021,champion,14-15
Boys Cross Country,C. Milton Wright,c-milton-wright,2001,champion,14-15
Boys Cross Country,C. Milton Wright,c-milton-wright,2002,champion,14-15
Boys Cross Country,Calvert,calvert,2017,finalist,14-15
Boys Cross Country,Catoctin,catoctin,1976,finalist,14-15
Boys Cross Country,Catoctin,catoctin,2010,champion,14-15
Boys Cross Country,Catoctin,catoctin,2012,champion,14-15
Boys Cross Country,Catoctin,catoctin,2013,champion,14-15
Boys Cross Country,Catoctin,catoctin,2014,champion,14-15
Boys Cross Country,Catoctin,catoctin,2022,finalist,14-15
Boys Cross Country,Catoctin,catoctin,2023,finalist,14-15
Boys Cross Country,Catonsville,catonsville,1946,champion,14-15
Boys Cross Country,Catonsville,catonsville,1947,finalist,14-15
Boys Cross Country,Catonsville,catonsville,1959,champion,14-15
Boys Cross Country,Catonsville,catonsville,1960,champion,14-15
Boys Cross Country,Catonsville,catonsville,1964,champion,14-15
Boys Cross Country,Centennial,centennial,1978,champion,14-15
Boys Cross Country,Centennial,centennial,1980,champion,14-15
Boys Cross Country,Centennial,centennial,1988,finalist,14-15
Boys Cross Country,Centennial,centennial,1989,finalist,14-15
Boys Cross Country,Centennial,centennial,1993,champion,14-15
Boys Cross Country,Centennial,centennial,1994,finalist,14-15
Boys Cross Country,Centennial,centennial,2001,finalist,14-15
Boys Cross Country,Centennial,centennial,2002,finalist,14-15
Boys Cross Country,Centennial,centennial,2017,finalist,14-15
Boys Cross Country,Centennial,centennial,2018,champion,14-15
Boys Cross Country,Centennial,centennial,2019,finalist,14-15
Boys Cross Country,Centennial,centennial,2023,champion,14-15
Boys Cross Country,Centennial,centennial,2024,champion,14-15
Boys Cross Country,Central Consolidated,central-consolidated,1960,finalist,14-15
Boys Cross Country,Central Consolidated,central-consolidated,1961,champion,14-15
Boys Cross Country,Central Consolidated,central-consolidated,1963,finalist,14-15
Boys Cross Country,Central Consolidated,central-consolidated,1965,champion,14-15
Boys Cross Country,Central Consolidated,central-consolidated,1966,champion,14-15
Boys Cross Country,Central Consolidated,central-consolidated,1968,finalist,14-15
Boys Cross Country,Central Consolidated,central-consolidated,1969,champion,14-15
Boys Cross Country,Centreville,centreville,1956,champion,14-15
Boys Cross Country,Century,century,2016,finalist,14-15
Boys Cross Country,Century,century,2022,finalist,14-15
Boys Cross Country,Charles W. Woodward,charles-w-woodward,1972,finalist,14-15
Boys Cross Country,Chopticon,chopticon,2022,finalist,14-15
Boys Cross Country,Clear Spring,clear-spring,2005,champion,14-15
Boys Cross Country,Clear Spring,clear-spring,2006,champion,14-15
Boys Cross Country,Col. Zadok Magruder,col-zadok-magruder,1973,finalist,14-15
Boys Cross Country,Col. Zadok Magruder,col-zadok-magruder,1975,finalist,14-15
Boys Cross Country,Damascus,damascus,1960,finalist,14-15
Boys Cross Country,Damascus,damascus,1961,champion,14-15
Boys Cross Country,Damascus,damascus,1965,champion,14-15
Boys Cross Country,Damascus,damascus,1970,finalist,14-15
Boys Cross Country,Damascus,damascus,1995,finalist,14-15
Boys Cross Country,Damascus,damascus,1996,finalist,14-15
Boys Cross Country,Damascus,damascus,2009,champion,14-15
Boys Cross Country,Dulaney,dulaney,1967,finalist,14-15
Boys Cross Country,Dulaney,dulaney,1968,champion,14-15
Boys Cross Country,Dulaney,dulaney,1979,champion,14-15
Boys Cross Country,Dulaney,dulaney,1980,champion,14-15
Boys Cross Country,Dulaney,dulaney,1981,champion,14-15
Boys Cross Country,Dulaney,dulaney,1982,finalist,14-15
Boys Cross Country,Dulaney,dulaney,1983,champion,14-15
Boys Cross Country,Dulaney,dulaney,2001,finalist,14-15
Boys Cross Country,Dulaney,dulaney,2013,finalist,14-15
Boys Cross Country,Dulaney,dulaney,2014,finalist,14-15
Boys Cross Country,Dulaney,dulaney,2015,champion,14-15
Boys Cross Country,Dulaney,dulaney,2016,champion,14-15
Boys Cross Country,Dulaney,dulaney,2017,finalist,14-15
Boys Cross Country,Dundalk,dundalk,1946,champion,14-15
Boys Cross Country,Dundalk,dundalk,1948,finalist,14-15
Boys Cross Country,Dundalk,dundalk,1949,finalist,14-15
Boys Cross Country,Dundalk,dundalk,1960,finalist,14-15
Boys Cross Country,Dundalk,dundalk,1961,champion,14-15
Boys Cross Country,Dundalk,dundalk,1963,finalist,14-15
Boys Cross Country,Duval,duval,1971,finalist,14-15
Boys Cross Country,Duval,duval,1972,champion,14-15
Boys Cross Country,Easton,easton,1992,finalist,14-15
Boys Cross Country,Easton,easton,1993,finalist,14-15
Boys Cross Country,Eleanor Roosevelt,eleanor-roosevelt,1984,finalist,14-15
Boys Cross Country,Eleanor Roosevelt,eleanor-roosevelt,1986,finalist,14-15
Boys Cross Country,Elkridge,elkridge,1948,champion,14-15
Boys Cross Country,Elkridge,elkridge,1949,champion,14-15
Boys Cross Country,Fairmont Heights,fairmont-heights,1960,finalist,14-15
Boys Cross Country,Fairmont Heights,fairmont-heights,1979,champion,14-15
Boys Cross Country,Fallston,fallston,1980,finalist,14-15
Boys Cross Country,Fallston,fallston,1981,champion,14-15
Boys Cross Country,Fallston,fallston,2021,finalist,14-15
Boys Cross Country,Fort Hill,fort-hill,1964,finalist,14-15
Boys Cross Country,Fort Hill,fort-hill,1995,champion,14-15
Boys Cross Country,Fort Hill,fort-hill,1997,champion,14-15
Boys Cross Country,Francis Scott Key,francis-scott-key,1970,finalist,14-15
Boys Cross Country,Francis Scott Key,francis-scott-key,1985,finalist,14-15
Boys Cross Country,Francis Scott Key,francis-scott-key,1990,champion,14-15
Boys Cross Country,Francis Scott Key,francis-scott-key,1991,finalist,14-15
Boys Cross Country,Francis Scott Key,francis-scott-key,2006,champion,14-15
Boys Cross Country,Francis Scott Key,francis-scott-key,2007,finalist,14-15
Boys Cross Country,Franklin,franklin,1963,finalist,14-15
Boys Cross Country,Friendly,friendly,1976,champion,14-15
Boys Cross Country,Friendly,friendly,1977,finalist,14-15
Boys Cross Country,Friendly,friendly,1980,finalist,14-15
Boys Cross Country,Gaithersburg,gaithersburg,1961,champion,14-15
Boys Cross Country,Gaithersburg,gaithersburg,1965,finalist,14-15
Boys Cross Country,Gaithersburg,gaithersburg,1970,finalist,14-15
Boys Cross Country,Gaithersburg,gaithersburg,1971,champion,14-15
Boys Cross Country,Gaithersburg,gaithersburg,1973,finalist,14-15
Boys Cross Country,Gaithersburg,gaithersburg,2000,champion,14-15
Boys Cross Country,Gaithersburg,gaithersburg,2001,finalist,14-15
Boys Cross Country,Glenelg,glenelg,1983,champion,14-15
Boys Cross Country,Glenelg,glenelg,1987,finalist,14-15
Boys Cross Country,Glenelg,glenelg,1990,finalist,14-15
Boys Cross Country,Glenelg,glenelg,1991,champion,14-15
Boys Cross Country,Glenelg,glenelg,1999,finalist,14-15
Boys Cross Country,Glenelg,glenelg,2000,finalist,14-15
Boys Cross Country,Glenelg,glenelg,2001,champion,14-15
Boys Cross Country,Glenelg,glenelg,2002,champion,14-15
Boys Cross Country,Glenelg,glenelg,2009,finalist,14-15
Boys Cross Country,Glenelg,glenelg,2010,finalist,14-15
Boys Cross Country,Hagerstown,hagerstown,1947,champion,14-15
Boys Cross Country,Hagerstown,hagerstown,1948,champion,14-15
Boys Cross Country,Hagerstown,hagerstown,1949,champion,14-15
Boys Cross Country,Hammond,hammond,1982,finalist,14-15
Boys Cross Country,Harford Technical,harford-technical,2024,champion,14-15
Boys Cross Country,Harriet Tubman,harriet-tubman,1959,finalist,14-15
Boys Cross Country,Harriet Tubman,harriet-tubman,1962,champion,14-15
Boys Cross Country,Harriet Tubman,harriet-tubman,1963,champion,14-15
Boys Cross Country,Harriet Tubman,harriet-tubman,1964,finalist,14-15
Boys Cross Country,Havre De Grace,havre-de-grace,1979,finalist,14-15
Boys Cross Country,Havre De Grace Consolidated,havre-de-grace-consolidated,1960,champion,14-15
Boys Cross Country,Hereford,hereford,1957,champion,14-15
Boys Cross Country,Hereford,hereford,1958,champion,14-15
Boys Cross Country,Hereford,hereford,1959,champion,14-15
Boys Cross Country,Hereford,hereford,1960,champion,14-15
Boys Cross Country,Hereford,hereford,1961,finalist,14-15
Boys Cross Country,Hereford,hereford,1962,champion,14-15
Boys Cross Country,Hereford,hereford,1968,champion,14-15
Boys Cross Country,Hereford,hereford,1969,finalist,14-15
Boys Cross Country,Hereford,hereford,1970,champion,14-15
Boys Cross Country,Hereford,hereford,1971,champion,14-15
Boys Cross Country,Hereford,hereford,1974,champion,14-15
Boys Cross Country,Hereford,hereford,1975,finalist,14-15
Boys Cross Country,Hereford,hereford,1976,champion,14-15
Boys Cross Country,Hereford,hereford,1977,champion,14-15
Boys Cross Country,Hereford,hereford,1978,champion,14-15
Boys Cross Country,Hereford,hereford,1992,finalist,14-15
Boys Cross Country,Hereford,hereford,2010,champion,14-15
Boys Cross Country,Hereford,hereford,2011,champion,14-15
Boys Cross Country,High Point,high-point,1977,finalist,14-15
Boys Cross Country,High Point,high-point,1978,finalist,14-15
Boys Cross Country,High Point,high-point,1979,finalist,14-15
Boys Cross Country,Howard,howard,1966,finalist,14-15
Boys Cross Country,Howard,howard,1977,finalist,14-15
Boys Cross Country,John F. Kennedy,john-f-kennedy,1974,champion,14-15
Boys Cross Country,Joppatowne,joppatowne,1991,champion,14-15
Boys Cross Country,Joppatowne,joppatowne,1992,champion,14-15
Boys Cross Country,Kenwood,kenwood,1956,champion,14-15
Boys Cross Country,Kenwood,kenwood,1958,champion,14-15
Boys Cross Country,Kenwood,kenwood,1959,finalist,14-15
Boys Cross Country,Kenwood,kenwood,1962,champion,14-15
Boys Cross Country,Kenwood,kenwood,1967,champion,14-15
Boys Cross Country,Kenwood,kenwood,1976,finalist,14-15
Boys Cross Country,Laurel,laurel,1987,finalist,14-15
Boys Cross Country,Leonardtown,leonardtown,1961,finalist,14-15
Boys Cross Country,Liberty,liberty,1984,finalist,14-15
Boys Cross Country,Liberty,liberty,1985,finalist,14-15
Boys Cross Country,Liberty,liberty,1994,finalist,14-15
Boys Cross Country,Liberty,liberty,2003,champion,14-15
Boys Cross Country,Liberty,liberty,2004,champion,14-15
Boys Cross Country,Liberty,liberty,2005,champion,14-15
Boys Cross Country,Liberty,liberty,2014,finalist,14-15
Boys Cross Country,Liberty,liberty,2015,champion,14-15
Boys Cross Country,Liberty,liberty,2016,champion,14-15
Boys Cross Country,Liberty,liberty,2017,champion,14-15
Boys Cross Country,Liberty,liberty,2018,champion,14-15
Boys Cross Country,Liberty,liberty,2019,finalist,14-15
Boys Cross Country,Liberty,liberty,2021,finalist,14-15
Boys Cross Country,Liberty,liberty,2023,champion,14-15
Boys Cross Country,Linganore,linganore,1967,champion,14-15
Boys Cross Country,Linganore,linganore,1996,champion,14-15
Boys Cross Country,Linganore,linganore,1997,finalist,14-15
Boys Cross Country,Linganore,linganore,1999,finalist,14-15
Boys Cross Country,Linganore,linganore,2011,finalist,14-15
Boys Cross Country,Linganore,linganore,2016,finalist,14-15
Boys Cross Country,Linganore,linganore,2017,champion,14-15
Boys Cross Country,Loch Raven,loch-raven,1976,champion,14-15
Boys Cross Country,Loch Raven,loch-raven,1981,champion,14-15
Boys Cross Country,Loch Raven,loch-raven,1983,champion,14-15
Boys Cross Country,Loch Raven,loch-raven,1990,champion,14-15
Boys Cross Country,Middletown,middletown,1963,finalist,14-15
Boys Cross Country,Middletown,middletown,1964,finalist,14-15
Boys Cross Country,Middletown,middletown,1966,finalist,14-15
Boys Cross Country,Middletown,middletown,1969,finalist,14-15
Boys Cross Country,Middletown,middletown,1970,champion,14-15
Boys Cross Country,Middletown,middletown,1971,finalist,14-15
Boys Cross Country,Middletown,middletown,1972,champion,14-15
Boys Cross Country,Middletown,middletown,1973,champion,14-15
Boys Cross Country,Middletown,middletown,1976,champion,14-15
Boys Cross Country,Middletown,middletown,1977,finalist,14-15
Boys Cross Country,Middletown,middletown,1979,champion,14-15
Boys Cross Country,Middletown,middletown,1980,finalist,14-15
Boys Cross Country,Middletown,middletown,1982,champion,14-15
Boys Cross Country,Middletown,middletown,1983,champion,14-15
Boys Cross Country,Middletown,middletown,1984,champion,14-15
Boys Cross Country,Middletown,middletown,1996,finalist,14-15
Boys Cross Country,Middletown,middletown,2000,finalist,14-15
Boys Cross Country,Milford Mill,milford-mill,1953,finalist,14-15
Boys Cross Country,Milford Mill,milford-mill,1989,finalist,14-15
Boys Cross Country,Montgomery Blair,montgomery-blair,1956,finalist,14-15
Boys Cross Country,Montgomery Blair,montgomery-blair,1963,champion,14-15
Boys Cross Country,Mount Hebron,mount-hebron,1969,champion,14-15
Boys Cross Country,Mount Hebron,mount-hebron,2008,champion,14-15
Boys Cross Country,Mount Hebron,mount-hebron,2013,finalist,14-15
Boys Cross Country,Mount Hebron,mount-hebron,2021,champion,14-15
Boys Cross Country,North Carroll,north-carroll,1985,champion,14-15
Boys Cross Country,North Carroll,north-carroll,1988,champion,14-15
Boys Cross Country,North Carroll,north-carroll,2011,finalist,14-15
Boys Cross Country,North Dorchester,north-dorchester,1985,champion,14-15
Boys Cross Country,North Hagerstown,north-hagerstown,1972,champion,14-15
Boys Cross Country,North Hagerstown,north-hagerstown,1998,semifinalist,14-15
Boys Cross Country,North Harford,north-harford,1969,champion,14-15
Boys Cross Country,North Harford,north-harford,1981,semifinalist,14-15
Boys Cross Country,North Harford,north-harford,1982,champion,14-15
Boys Cross Country,North Harford,north-harford,2006,finalist,14-15
Boys Cross Country,North Harford,north-harford,2022,champion,14-15
Boys Cross Country,Northwest,northwest,2001,champion,14-15
Boys Cross Country,Northwest,northwest,2002,champion,14-15
Boys Cross Country,Northwest,northwest,2004,finalist,14-15
Boys Cross Country,Northwest,northwest,2007,finalist,14-15
Boys Cross Country,Northwestern-Pg,northwestern-pg,1972,finalist,14-15
Boys Cross Country,Northwestern-Pg,northwestern-pg,1973,champion,14-15
Boys Cross Country,Northwood,northwood,1962,finalist,14-15
Boys Cross Country,Northwood,northwood,2018,finalist,14-15
Boys Cross Country,Northwood,northwood,2019,finalist,14-15
Boys Cross Country,Oakdale,oakdale,2019,champion,14-15
Boys Cross Country,Oakland Mills,oakland-mills,1973,finalist,14-15
Boys Cross Country,Oakland Mills,oakland-mills,1974,finalist,14-15
Boys Cross Country,Oakland Mills,oakland-mills,1975,champion,14-15
Boys Cross Country,Oakland Mills,oakland-mills,1976,finalist,14-15
Boys Cross Country,Oakland Mills,oakland-mills,1984,champion,14-15
Boys Cross Country,Oakland Mills,oakland-mills,1985,champion,14-15
Boys Cross Country,Oakland Mills,oakland-mills,1986,champion,14-15
Boys Cross Country,Oakland Mills,oakland-mills,1987,champion,14-15
Boys Cross Country,Oakland Mills,oakland-mills,1988,champion,14-15
Boys Cross Country,Oakland Mills,oakland-mills,1989,champion,14-15
Boys Cross Country,Oakland Mills,oakland-mills,1990,finalist,14-15
Boys Cross Country,Oakland Mills,oakland-mills,1991,finalist,14-15
Boys Cross Country,Oakland Mills,oakland-mills,1992,champion,14-15
Boys Cross Country,Oakland Mills,oakland-mills,1993,finalist,14-15
Boys Cross Country,Oakland Mills,oakland-mills,1994,champion,14-15
Boys Cross Country,Oakland Mills,oakland-mills,1997,finalist,14-15
Boys Cross Country,Oakland Mills,oakland-mills,1999,champion,14-15
Boys Cross Country,Oakland Mills,oakland-mills,2000,champion,14-15
Boys Cross Country,Oakland Mills,oakland-mills,2001,champion,14-15
Boys Cross Country,Oakland Mills,oakland-mills,2003,finalist,14-15
Boys Cross Country,Oakland Mills,oakland-mills,2004,finalist,14-15
Boys Cross Country,Ocean City,ocean-city,1952,champion,14-15
Boys Cross Country,Ocean City,ocean-city,1955,champion,14-15
Boys Cross Country,Old Post,old-post,1947,champion,14-15
Boys Cross Country,Old Post,old-post,1948,finalist,14-15
Boys Cross Country,Paint Branch,paint-branch,1973,finalist,14-15
Boys Cross Country,Paint Branch,paint-branch,1974,finalist,14-15
Boys Cross Country,Parkville,parkville,1986,champion,14-15
Boys Cross Country,Patterson Mill,patterson-mill,2010,finalist,14-15
Boys Cross Country,Perry Hall,perry-hall,1987,champion,14-15
Boys Cross Country,Perry Hall,perry-hall,1994,finalist,14-15
Boys Cross Country,Perryville,perryville,2013,champion,14-15
Boys Cross Country,Pittsville,pittsville,1946,champion,14-15
Boys Cross Country,Pittsville,pittsville,1947,finalist,14-15
Boys Cross Country,Pittsville,pittsville,1949,champion,14-15
Boys Cross Country,Poolesville,poolesville,1964,champion,14-15
Boys Cross Country,Poolesville,poolesville,1965,finalist,14-15
Boys Cross Country,Poolesville,poolesville,1966,champion,14-15
Boys Cross Country,Poolesville,poolesville,1967,finalist,14-15
Boys Cross Country,Poolesville,poolesville,2013,finalist,14-15
Boys Cross Country,Poolesville,poolesville,2021,champion,14-15
Boys Cross Country,Poolesville,poolesville,2022,champion,14-15
Boys Cross Country,Poolesville,poolesville,2024,finalist,14-15
Boys Cross Country,Quince Orchard,quince-orchard,1991,finalist,14-15
Boys Cross Country,Quince Orchard,quince-orchard,1992,champion,14-15
Boys Cross Country,Quince Orchard,quince-orchard,1993,champion,14-15
Boys Cross Country,Quince Orchard,quince-orchard,1994,champion,14-15
Boys Cross Country,Quince Orchard,quince-orchard,2006,champion,14-15
Boys Cross Country,Quince Orchard,quince-orchard,2009,finalist,14-15
Boys Cross Country,Richard Montgomery,richard-montgomery,1975,champion,14-15
Boys Cross Country,Richard Montgomery,richard-montgomery,1979,finalist,14-15
Boys Cross Country,Richard Montgomery,richard-montgomery,1980,champion,14-15
Boys Cross Country,Richard Montgomery,richard-montgomery,1981,finalist,14-15
Boys Cross Country,Richard Montgomery,richard-montgomery,1990,champion,14-15
Boys Cross Country,Richard Montgomery,richard-montgomery,1995,champion,14-15
Boys Cross Country,River Hill,river-hill,1998,champion,14-15
Boys Cross Country,River Hill,river-hill,1999,champion,14-15
Boys Cross Country,River Hill,river-hill,2000,finalist,14-15
Boys Cross Country,River Hill,river-hill,2003,finalist,14-15
Boys Cross Country,River Hill,river-hill,2004,champion,14-15
Boys Cross Country,River Hill,river-hill,2007,champion,14-15
Boys Cross Country,River Hill,river-hill,2008,finalist,14-15
Boys Cross Country,River Hill,river-hill,2014,champion,14-15
Boys Cross Country,River Hill,river-hill,2015,champion,14-15
Boys Cross Country,River Hill,river-hill,2016,champion,14-15
Boys Cross Country,River Hill,river-hill,2018,finalist,14-15
Boys Cross Country,River Hill,river-hill,2019,champion,14-15
Boys Cross Country,Robert E. Peary,robert-e-peary,1982,champion,14-15
Boys Cross Country,Robert E. Peary,robert-e-peary,1983,finalist,14-15
Boys Cross Country,Rockville,rockville,1984,finalist,14-15
Boys Cross Country,Rockville,rockville,1985,champion,14-15
Boys Cross Country,Seneca Valley,seneca-valley,1977,champion,14-15
Boys Cross Country,Seneca Valley,seneca-valley,1978,finalist,14-15
Boys Cross Country,Seneca Valley,seneca-valley,1981,finalist,14-15
Boys Cross Country,Seneca Valley,seneca-valley,1994,champion,14-15
Boys Cross Country,Severna Park,severna-park,1987,finalist,14-15
Boys Cross Country,Severna Park,severna-park,1989,finalist,14-15
Boys Cross Country,Severna Park,severna-park,1999,finalist,14-15
Boys Cross Country,Severna Park,severna-park,2008,finalist,14-15
Boys Cross Country,Severna Park,severna-park,2011,finalist,14-15
Boys Cross Country,Severna Park,severna-park,2012,champion,14-15
Boys Cross Country,Severna Park,severna-park,2013,champion,14-15
Boys Cross Country,Severna Park,severna-park,2014,champion,14-15
Boys Cross Country,Severna Park,severna-park,2015,finalist,14-15
Boys Cross Country,Severna Park,severna-park,2016,finalist,14-15
Boys Cross Country,Severna Park,severna-park,2017,champion,14-15
Boys Cross Country,Severna Park,severna-park,2018,champion,14-15
Boys Cross Country,Severna Park,severna-park,2019,champion,14-15
Boys Cross Country,Severna Park,severna-park,2021,champion,14-15
Boys Cross Country,Severna Park,severna-park,2022,champion,14-15
Boys Cross Country,Severna Park,severna-park,2023,finalist,14-15
Boys Cross Country,Severna Park,severna-park,2024,finalist,14-15
Boys Cross Country,Sherwood,sherwood,1979,champion,14-15
Boys Cross Country,Sherwood,sherwood,2003,champion,14-15
Boys Cross Country,Sherwood,sherwood,2005,finalist,14-15
Boys Cross Country,Sherwood,sherwood,2006,finalist,14-15
Boys Cross Country,Smithsburg,smithsburg,1977,champion,14-15
Boys Cross Country,Smithsburg,smithsburg,2015,finalist,14-15
Boys Cross Country,Smithsburg,smithsburg,2019,finalist,14-15
Boys Cross Country,Smithsburg,smithsburg,2024,finalist,14-15
Boys Cross Country,Somerset,somerset,1964,champion,14-15
Boys Cross Country,Somerset,somerset,1965,champion,14-15
Boys Cross Country,Somerset,somerset,1967,champion,14-15
Boys Cross Country,Somerset,somerset,1968,champion,14-15
Boys Cross Country,South Carroll,south-carroll,1997,champion,14-15
Boys Cross Country,South Carroll,south-carroll,1998,champion,14-15
Boys Cross Country,South Carroll,south-carroll,1999,finalist,14-15
Boys Cross Country,South Carroll,south-carroll,2000,champion,14-15
Boys Cross Country,South Carroll,south-carroll,2007,finalist,14-15
Boys Cross Country,South Carroll,south-carroll,2008,finalist,14-15
Boys Cross Country,South Dorchester,south-dorchester,1958,champion,14-15
Boys Cross Country,South Dorchester,south-dorchester,1959,champion,14-15
Boys Cross Country,South Dorchester,south-dorchester,1993,champion,14-15
Boys Cross Country,South Dorchester,south-dorchester,1994,champion,14-15
Boys Cross Country,South Dorchester,south-dorchester,1995,champion,14-15
Boys Cross Country,South Dorchester,south-dorchester,1996,champion,14-15
Boys Cross Country,South Dorchester,south-dorchester,1997,champion,14-15
Boys Cross Country,South Dorchester,south-dorchester,1998,finalist,14-15
Boys Cross Country,South Dorchester,south-dorchester,2013,finalist,14-15
Boys Cross Country,South Dorchester,south-dorchester,2014,champion,14-15
Boys Cross Country,South Dorchester,south-dorchester,2016,finalist,14-15
Boys Cross Country,South Dorchester,south-dorchester,2017,finalist,14-15
Boys Cross Country,Sparrows Point,sparrows-point,1972,finalist,14-15
Boys Cross Country,Sparrows Point,sparrows-point,1973,champion,14-15
Boys Cross Country,Springbrook,springbrook,1962,champion,14-15
Boys Cross Country,Springbrook,springbrook,1965,finalist,14-15
Boys Cross Country,Springbrook,springbrook,1968,finalist,14-15
Boys Cross Country,Springbrook,springbrook,1975,finalist,14-15
Boys Cross Country,St. Michaels,st-michaels,1965,finalist,14-15
Boys Cross Country,Surrattsville,surrattsville,1969,finalist,14-15
Boys Cross Country,Surrattsville,surrattsville,1974,finalist,14-15
Boys Cross Country,Sykesville,sykesville,1962,finalist,14-15
Boys Cross Country,Sykesville,sykesville,1963,champion,14-15
Boys Cross Country,Thomas Johnson,thomas-johnson,2012,finalist,14-15
Boys Cross Country,Thomas Johnson,thomas-johnson,2013,champion,14-15
Boys Cross Country,Thomas S. Wootton,thomas-s-wootton,1978,champion,14-15
Boys Cross Country,Thomas S. Wootton,thomas-s-wootton,2024,champion,14-15
Boys Cross Country,Towson,towson,1950,champion,14-15
Boys Cross Country,Towson,towson,1952,champion,14-15
Boys Cross Country,Towson,towson,1953,champion,14-15
Boys Cross Country,Towson,towson,1954,champion,14-15
Boys Cross Country,Towson,towson,1955,champion,14-15
Boys Cross Country,Towson,towson,1970,finalist,14-15
Boys Cross Country,Towson,towson,1974,champion,14-15
Boys Cross Country,Towson,towson,1987,champion,14-15
Boys Cross Country,Towson,towson,2022,champion,14-15
Boys Cross Country,Towson,towson,2023,champion,14-15
Boys Cross Country,Urbana,urbana,1999,champion,14-15
Boys Cross Country,Urbana,urbana,2000,champion,14-15
Boys Cross Country,Urbana,urbana,2002,finalist,14-15
Boys Cross Country,Urbana,urbana,2003,champion,14-15
Boys Cross Country,Urbana,urbana,2005,finalist,14-15
Boys Cross Country,Walt Whitman,walt-whitman,1969,finalist,14-15
Boys Cross Country,Walt Whitman,walt-whitman,1970,champion,14-15
Boys Cross Country,Walt Whitman,walt-whitman,1974,finalist,14-15
Boys Cross Country,Walt Whitman,walt-whitman,1983,finalist,14-15
Boys Cross Country,Walt Whitman,walt-whitman,1986,champion,14-15
Boys Cross Country,Walt Whitman,walt-whitman,1988,champion,14-15
Boys Cross Country,Walt Whitman,walt-whitman,1990,champion,14-15
Boys Cross Country,Walt Whitman,walt-whitman,1991,champion,14-15
Boys Cross Country,Walt Whitman,walt-whitman,1992,champion,14-15
Boys Cross Country,Walt Whitman,walt-whitman,1995,champion,14-15
Boys Cross Country,Walt Whitman,walt-whitman,1996,finalist,14-15
Boys Cross Country,Walt Whitman,walt-whitman,1997,finalist,14-15
Boys Cross Country,Walt Whitman,walt-whitman,1998,finalist,14-15
Boys Cross Country,Walt Whitman,walt-whitman,2021,finalist,14-15
Boys Cross Country,Walt Whitman,walt-whitman,2024,champion,14-15
Boys Cross Country,Walter Johnson,walter-johnson,1991,finalist,14-15
Boys Cross Country,Walter Johnson,walter-johnson,2003,finalist,14-15
Boys Cross Country,Walter Johnson,walter-johnson,2008,champion,14-15
Boys Cross Country,Walter Johnson,walter-johnson,2009,champion,14-15
Boys Cross Country,Walter Johnson,walter-johnson,2010,champion,14-15
Boys Cross Country,Walter Johnson,walter-johnson,2011,champion,14-15
Boys Cross Country,Walter Johnson,walter-johnson,2012,finalist,14-15
Boys Cross Country,Washington,washington,1949,finalist,14-15
Boys Cross Country,Westmar,westmar,1998,champion,14-15
Boys Cross Country,Westminster,westminster,1976,finalist,14-15
Boys Cross Country,Westminster,westminster,1982,champion,14-15
Boys Cross Country,Westminster,westminster,1988,finalist,14-15
Boys Cross Country,Westminster,westminster,1989,champion,14-15
Boys Cross Country,Westminster,westminster,1991,champion,14-15
Boys Cross Country,Westminster,westminster,1992,finalist,14-15
Boys Cross Country,Westminster,westminster,1993,finalist,14-15
Boys Cross Country,Westminster,westminster,1996,champion,14-15
Boys Cross Country,Westminster,westminster,1997,champion,14-15
Boys Cross Country,Westminster,westminster,1998,champion,14-15
Boys Cross Country,Westminster,westminster,1999,champion,14-15
Boys Cross Country,Wheaton,wheaton,1965,champion,14-15
Boys Cross Country,Wheaton,wheaton,1966,champion,14-15
Boys Cross Country,Wilde Lake,wilde-lake,1971,champion,14-15
Boys Cross Country,Wilde Lake,wilde-lake,1994,finalist,14-15
Boys Cross Country,Wilde Lake,wilde-lake,1995,finalist,14-15
Boys Cross Country,Wilde Lake,wilde-lake,1996,champion,14-15
Boys Cross Country,Wilde Lake,wilde-lake,2005,champion,14-15
Boys Cross Country,Wilde Lake,wilde-lake,2006,champion,14-15
Boys Cross Country,Wilde Lake,wilde-lake,2007,finalist,14-15
Boys Cross Country,Wilde Lake,wilde-lake,2023,finalist,14-15
Boys Cross Country,Williamsport,williamsport,1971,finalist,14-15
Boys Cross Country,Williamsport,williamsport,1972,champion,14-15
Boys Cross Country,Williamsport,williamsport,1975,champion,14-15
Boys Cross Country,Williamsport,williamsport,1978,finalist,14-15
Boys Cross Country,Williamsport,williamsport,2011,finalist,14-15
Boys Cross Country,Williamsport,williamsport,2012,finalist,14-15
Boys Cross Country,Williamsport,williamsport,2019,champion,14-15
Boys Cross Country,Winston Churchill,winston-churchill,1967,finalist,14-15
Boys Cross Country,Winston Churchill,winston-churchill,1968,champion,14-15
Boys Cross Country,Winston Churchill,winston-churchill,1975,champion,14-15
Boys Cross Country,Winston Churchill,winston-churchill,1977,champion,14-15
Boys Cross Country,Winston Churchill,winston-churchill,1978,champion,14-15
Boys Cross Country,Winston Churchill,winston-churchill,2009,finalist,14-15
Boys Cross Country,Winston Churchill,winston-churchill,2010,finalist,14-15
Boys Cross Country,Winston Churchill,winston-churchill,2022,finalist,14-15
Boys Cross Country,Winters Mill,winters-mill,2009,champion,14-15
Boys Cross Country,Winters Mill,winters-mill,2010,champion,14-15
Boys Cross Country,Winters Mill,winters-mill,2011,champion,14-15
Boys Cross Country,Woodson,woodson,1968,finalist,14-15
Boys Soccer,Aberdeen,aberdeen,1972,semifinalist,60-61
Boys Soccer,Aberdeen,aberdeen,1973,champion,60-61
Boys Soccer,Aberdeen,aberdeen,1979,champion,60-61
Boys Soccer,Allegany,allegany,2015,semifinalist,60-61
Boys Soccer,Allegany,allegany,2021,semifinalist,60-61
Boys Soccer,Allegany,allegany,2022,semifinalist,60-61
Boys Soccer,Allegany,allegany,2023,finalist,60-61
Boys Soccer,Andover,andover,1973,semifinalist,60-61
Boys Soccer,Andover,andover,1989,champion,60-61
Boys Soccer,Arundel,arundel,1986,semifinalist,60-61
Boys Soccer,Arundel,arundel,1987,champion,60-61
Boys Soccer,Arundel,arundel,2019,semifinalist,60-61
Boys Soccer,Atholton,atholton,1990,champion,60-61
Boys Soccer,Atholton,atholton,2003,semifinalist,60-61
Boys Soccer,Atholton,atholton,2004,champion,60-61
Boys Soccer,Atholton,atholton,2009,semifinalist,60-61
Boys Soccer,Atholton,atholton,2015,semifinalist,60-61
Boys Soccer,Beall,beall,1980,finalist,60-61
Boys Soccer,Beall,beall,1983,semifinalist,60-61
Boys Soccer,Beall,beall,1984,semifinalist,60-61
Boys Soccer,Beall,beall,1990,semifinalist,60-61
Boys Soccer,Beall,beall,2004,champion,60-61
Boys Soccer,Bel Air,bel-air,1975,semifinalist,60-61
Boys Soccer,Bel Air,bel-air,1978,semifinalist,60-61
Boys Soccer,Bel Air,bel-air,1984,semifinalist,60-61
Boys Soccer,Bel Air,bel-air,1986,semifinalist,60-61
Boys Soccer,Bel Air,bel-air,1987,semifinalist,60-61
Boys Soccer,Bel Air,bel-air,1989,semifinalist,60-61
Boys Soccer,Bel Air,bel-air,1995,finalist,60-61
Boys Soccer,Bel Air,bel-air,1996,semifinalist,60-61
Boys Soccer,Bel Air,bel-air,1997,semifinalist,60-61
Boys Soccer,Bel Air,bel-air,2007,finalist,60-61
Boys Soccer,Bel Air,bel-air,2016,finalist,60-61
Boys Soccer,Bethesda-Chevy Chase,bethesda-chevy-chase,1974,semifinalist,60-61
Boys Soccer,Bethesda-Chevy Chase,bethesda-chevy-chase,1980,champion,60-61
Boys Soccer,Bethesda-Chevy Chase,bethesda-chevy-chase,1982,champion,60-61
Boys Soccer,Bethesda-Chevy Chase,bethesda-chevy-chase,1984,champion,60-61
Boys Soccer,Bethesda-Chevy Chase,bethesda-chevy-chase,1987,semifinalist,60-61
Boys Soccer,Bethesda-Chevy Chase,bethesda-chevy-chase,1995,semifinalist,60-61
Boys Soccer,Bethesda-Chevy Chase,bethesda-chevy-chase,1997,semifinalist,60-61
Boys Soccer,Bethesda-Chevy Chase,bethesda-chevy-chase,1998,semifinalist,60-61
Boys Soccer,Bethesda-Chevy Chase,bethesda-chevy-chase,2001,champion,60-61
Boys Soccer,Bethesda-Chevy Chase,bethesda-chevy-chase,2002,semifinalist,60-61
Boys Soccer,Bethesda-Chevy Chase,bethesda-chevy-chase,2003,semifinalist,60-61
Boys Soccer,Bethesda-Chevy Chase,bethesda-chevy-chase,2004,semifinalist,60-61
Boys Soccer,Bethesda-Chevy Chase,bethesda-chevy-chase,2007,champion,60-61
Boys Soccer,Bethesda-Chevy Chase,bethesda-chevy-chase,2017,champion,60-61
Boys Soccer,Boonsboro,boonsboro,2008,finalist,60-61
Boys Soccer,Bowie,bowie,1974,semifinalist,60-61
Boys Soccer,Bowie,bowie,1977,semifinalist,60-61
Boys Soccer,Bowie,bowie,1978,champion,60-61
Boys Soccer,Bowie,bowie,1979,semifinalist,60-61
Boys Soccer,Bowie,bowie,1980,finalist,60-61
Boys Soccer,Bowie,bowie,1981,semifinalist,60-61
Boys Soccer,Bowie,bowie,1982,champion,60-61
Boys Soccer,Bowie,bowie,1983,champion,60-61
Boys Soccer,Bowie,bowie,1986,champion,60-61
Boys Soccer,Bowie,bowie,1987,champion,60-61
Boys Soccer,Bowie,bowie,1989,semifinalist,60-61
Boys Soccer,Bowie,bowie,1990,champion,60-61
Boys Soccer,Bowie,bowie,1991,champion,60-61
Boys Soccer,Bowie,bowie,1994,semifinalist,60-61
Boys Soccer,Bowie,bowie,1997,finalist,60-61
Boys Soccer,Bowie,bowie,2000,finalist,60-61
Boys Soccer,Bowie,bowie,2004,semifinalist,60-61
Boys Soccer,Bowie,bowie,2006,semifinalist,60-61
Boys Soccer,Bowie,bowie,2007,semifinalist,60-61
Boys Soccer,Bowie,bowie,2008,champion,60-61
Boys Soccer,Bowie,bowie,2011,champion,60-61
Boys Soccer,Bowie,bowie,2017,semifinalist,60-61
Boys Soccer,Bowie,bowie,2021,semifinalist,60-61
Boys Soccer,Bowie,bowie,2022,champion,60-61
Boys Soccer,Broadneck,broadneck,1984,semifinalist,60-61
Boys Soccer,Broadneck,broadneck,1986,semifinalist,60-61
Boys Soccer,Broadneck,broadneck,1990,finalist,60-61
Boys Soccer,Broadneck,broadneck,2005,finalist,60-61
Boys Soccer,Broadneck,broadneck,2006,semifinalist,60-61
Boys Soccer,Broadneck,broadneck,2009,semifinalist,60-61
Boys Soccer,Brunswick,brunswick,1990,champion,60-61
Boys Soccer,Brunswick,brunswick,2009,semifinalist,60-61
Boys Soccer,Brunswick,brunswick,2010,finalist,60-61
Boys Soccer,Brunswick,brunswick,2012,champion,60-61
Boys Soccer,Brunswick,brunswick,2014,champion,60-61
Boys Soccer,Brunswick,brunswick,2021,champion,60-61
Boys Soccer,Brunswick,brunswick,2024,finalist,60-61
Boys Soccer,C. Milton Wright,c-milton-wright,1987,finalist,60-61
Boys Soccer,C. Milton Wright,c-milton-wright,1994,finalist,60-61
Boys Soccer,C. Milton Wright,c-milton-wright,2015,finalist,60-61
Boys Soccer,C. Milton Wright,c-milton-wright,2017,champion,60-61
Boys Soccer,C. Milton Wright,c-milton-wright,2018,champion,60-61
Boys Soccer,C. Milton Wright,c-milton-wright,2019,finalist,60-61
Boys Soccer,C. Milton Wright,c-milton-wright,2024,champion,60-61
Boys Soccer,Catoctin,catoctin,1973,finalist,60-61
Boys Soccer,Catoctin,catoctin,1975,semifinalist,60-61
Boys Soccer,Catoctin,catoctin,1978,semifinalist,60-61
Boys Soccer,Catoctin,catoctin,1989,semifinalist,60-61
Boys Soccer,Centennial,centennial,1974,finalist,60-61
Boys Soccer,Centennial,centennial,1975,finalist,60-61
Boys Soccer,Centennial,centennial,1976,semifinalist,60-61
Boys Soccer,Centennial,centennial,1977,semifinalist,60-61
Boys Soccer,Centennial,centennial,1978,semifinalist,60-61
Boys Soccer,Centennial,centennial,1982,semifinalist,60-61
Boys Soccer,Centennial,centennial,1983,champion,60-61
Boys Soccer,Centennial,centennial,1984,champion,60-61
Boys Soccer,Centennial,centennial,1987,champion,60-61
Boys Soccer,Centennial,centennial,1991,champion,60-61
Boys Soccer,Centennial,centennial,1992,champion,60-61
Boys Soccer,Centennial,centennial,1993,finalist,60-61
Boys Soccer,Centennial,centennial,1994,champion,60-61
Boys Soccer,Centennial,centennial,1995,champion,60-61
Boys Soccer,Centennial,centennial,1996,semifinalist,60-61
Boys Soccer,Centennial,centennial,2017,semifinalist,60-61
Boys Soccer,Centennial,centennial,2022,finalist,60-61
Boys Soccer,Century,century,1994,semifinalist,60-61
Boys Soccer,Century,century,1998,champion,60-61
Boys Soccer,Century,century,2003,champion,60-61
Boys Soccer,Century,century,2006,semifinalist,60-61
Boys Soccer,Century,century,2009,semifinalist,60-61
Boys Soccer,Century,century,2014,finalist,60-61
Boys Soccer,Century,century,2017,semifinalist,60-61
Boys Soccer,Century,century,2019,champion,60-61
Boys Soccer,Century,century,2021,semifinalist,60-61
Boys Soccer,Century,century,2023,finalist,60-61
Boys Soccer,Charles W. Woodward,charles-w-woodward,1976,champion,60-61
Boys Soccer,Charles W. Woodward,charles-w-woodward,1977,semifinalist,60-61
Boys Soccer,Charles W. Woodward,charles-w-woodward,1978,semifinalist,60-61
Boys Soccer,Charles W. Woodward,charles-w-woodward,1979,finalist,60-61
Boys Soccer,Charles W. Woodward,charles-w-woodward,1981,finalist,60-61
Boys Soccer,Charles W. Woodward,charles-w-woodward,1982,champion,60-61
Boys Soccer,Charles W. Woodward,charles-w-woodward,1983,semifinalist,60-61
Boys Soccer,Charles W. Woodward,charles-w-woodward,1984,finalist,60-61
Boys Soccer,Charles W. Woodward,charles-w-woodward,1985,finalist,60-61
Boys Soccer,Charles W. Woodward,charles-w-woodward,1986,champion,60-61
Boys Soccer,Clarksburg,clarksburg,2009,champion,60-61
Boys Soccer,Clear Spring,clear-spring,1976,champion,60-61
Boys Soccer,Clear Spring,clear-spring,1991,finalist,60-61
Boys Soccer,Clear Spring,clear-spring,1993,semifinalist,60-61
Boys Soccer,Clear Spring,clear-spring,2006,semifinalist,60-61
Boys Soccer,Clear Spring,clear-spring,2017,semifinalist,60-61
Boys Soccer,Col. Zadok Magruder,col-zadok-magruder,2001,champion,60-61
Boys Soccer,Col. Zadok Magruder,col-zadok-magruder,2005,semifinalist,60-61
Boys Soccer,Col. Zadok Magruder,col-zadok-magruder,2007,champion,60-61
Boys Soccer,Col. Zadok Magruder,col-zadok-magruder,2008,semifinalist,60-61
Boys Soccer,Col. Zadok Magruder,col-zadok-magruder,2010,champion,60-61
Boys Soccer,Col. Zadok Magruder,col-zadok-magruder,2013,semifinalist,60-61
Boys Soccer,Col. Zadok Magruder,col-zadok-magruder,2018,finalist,60-61
Boys Soccer,Crisfield,crisfield,1969,finalist,60-61
Boys Soccer,Crisfield,crisfield,1977,champion,60-61
Boys Soccer,Crisfield,crisfield,1978,semifinalist,60-61
Boys Soccer,Crisfield,crisfield,1980,semifinalist,60-61
Boys Soccer,Crisfield,crisfield,1998,semifinalist,60-61
Boys Soccer,Crisfield,crisfield,2015,finalist,60-61
Boys Soccer,Crisfield,crisfield,2019,semifinalist,60-61
Boys Soccer,Damascus,damascus,1989,semifinalist,60-61
Boys Soccer,Damascus,damascus,2023,champion,60-61
Boys Soccer,Dulaney,dulaney,1975,finalist,60-61
Boys Soccer,Dulaney,dulaney,1983,semifinalist,60-61
Boys Soccer,Dulaney,dulaney,1987,semifinalist,60-61
Boys Soccer,Dulaney,dulaney,1989,semifinalist,60-61
Boys Soccer,Dulaney,dulaney,1991,semifinalist,60-61
Boys Soccer,Dulaney,dulaney,1993,semifinalist,60-61
Boys Soccer,Dulaney,dulaney,1994,finalist,60-61
Boys Soccer,Dulaney,dulaney,1999,champion,60-61
Boys Soccer,Dulaney,dulaney,2000,semifinalist,60-61
Boys Soccer,Dulaney,dulaney,2001,finalist,60-61
Boys Soccer,Dulaney,dulaney,2002,finalist,60-61
Boys Soccer,Dundalk,dundalk,1969,champion,60-61
Boys Soccer,Dundalk,dundalk,1970,champion,60-61
Boys Soccer,Dundalk,dundalk,1973,finalist,60-61
Boys Soccer,Dundalk,dundalk,1974,champion,60-61
Boys Soccer,Dundalk,dundalk,1992,semifinalist,60-61
Boys Soccer,Dundalk,dundalk,2009,semifinalist,60-61
Boys Soccer,Eastern Technical,eastern-technical,2001,semifinalist,60-61
Boys Soccer,Eastern Technical,eastern-technical,2003,semifinalist,60-61
Boys Soccer,Eastern Technical,eastern-technical,2004,finalist,60-61
Boys Soccer,Eastern Technical,eastern-technical,2010,semifinalist,60-61
Boys Soccer,Eastern Technical,eastern-technical,2014,semifinalist,60-61
Boys Soccer,Eastern Technical,eastern-technical,2017,champion,60-61
Boys Soccer,Easton,easton,1986,semifinalist,60-61
Boys Soccer,Easton,easton,1987,semifinalist,60-61
Boys Soccer,Easton,easton,1989,champion,60-61
Boys Soccer,Easton,easton,1991,semifinalist,60-61
Boys Soccer,Easton,easton,1992,finalist,60-61
Boys Soccer,Easton,easton,1993,champion,60-61
Boys Soccer,Easton,easton,1994,champion,60-61
Boys Soccer,Easton,easton,1997,finalist,60-61
Boys Soccer,Easton,easton,2014,finalist,60-61
Boys Soccer,Eleanor Roosevelt,eleanor-roosevelt,1984,champion,60-61
Boys Soccer,Eleanor Roosevelt,eleanor-roosevelt,1985,semifinalist,60-61
Boys Soccer,Eleanor Roosevelt,eleanor-roosevelt,1988,semifinalist,60-61
Boys Soccer,Eleanor Roosevelt,eleanor-roosevelt,1998,semifinalist,60-61
Boys Soccer,Eleanor Roosevelt,eleanor-roosevelt,1999,semifinalist,60-61
Boys Soccer,Eleanor Roosevelt,eleanor-roosevelt,2015,semifinalist,60-61
Boys Soccer,Eleanor Roosevelt,eleanor-roosevelt,2016,semifinalist,60-61
Boys Soccer,Elkton,elkton,1978,semifinalist,60-61
Boys Soccer,Elkton,elkton,1979,semifinalist,60-61
Boys Soccer,Elkton,elkton,1984,semifinalist,60-61
Boys Soccer,Elkton,elkton,1985,champion,60-61
Boys Soccer,Fallston,fallston,1981,semifinalist,60-61
Boys Soccer,Fallston,fallston,1982,finalist,60-61
Boys Soccer,Fallston,fallston,1983,finalist,60-61
Boys Soccer,Fallston,fallston,1988,semifinalist,60-61
Boys Soccer,Fallston,fallston,1990,finalist,60-61
Boys Soccer,Fallston,fallston,1991,semifinalist,60-61
Boys Soccer,Fallston,fallston,1992,champion,60-61
Boys Soccer,Fallston,fallston,1993,finalist,60-61
Boys Soccer,Fallston,fallston,1998,semifinalist,60-61
Boys Soccer,Fallston,fallston,1999,finalist,60-61
Boys Soccer,Fallston,fallston,2004,semifinalist,60-61
Boys Soccer,Fallston,fallston,2008,finalist,60-61
Boys Soccer,Fallston,fallston,2009,finalist,60-61
Boys Soccer,Fallston,fallston,2011,finalist,60-61
Boys Soccer,Fallston,fallston,2013,finalist,60-61
Boys Soccer,Fallston,fallston,2015,semifinalist,60-61
Boys Soccer,Fallston,fallston,2016,finalist,60-61
Boys Soccer,Fallston,fallston,2017,semifinalist,60-61
Boys Soccer,Fallston,fallston,2021,finalist,60-61
Boys Soccer,Fallston,fallston,2022,finalist,60-61
Boys Soccer,Francis Scott Key,francis-scott-key,1985,champion,60-61
Boys Soccer,Francis Scott Key,francis-scott-key,1986,champion,60-61
Boys Soccer,Francis Scott Key,francis-scott-key,1992,semifinalist,60-61
Boys Soccer,Francis Scott Key,francis-scott-key,2019,finalist,60-61
Boys Soccer,Franklin,franklin,1988,semifinalist,60-61
Boys Soccer,Franklin,franklin,1990,finalist,60-61
Boys Soccer,Franklin,franklin,1991,semifinalist,60-61
Boys Soccer,Franklin,franklin,1993,semifinalist,60-61
Boys Soccer,Franklin,franklin,2000,finalist,60-61
Boys Soccer,Franklin,franklin,2007,semifinalist,60-61
Boys Soccer,Glen Burnie,glen-burnie,1974,finalist,60-61
Boys Soccer,Glen Burnie,glen-burnie,1976,finalist,60-61
Boys Soccer,Glenelg,glenelg,1992,champion,60-61
Boys Soccer,Glenelg,glenelg,1993,semifinalist,60-61
Boys Soccer,Glenelg,glenelg,1997,champion,60-61
Boys Soccer,Glenelg,glenelg,2021,semifinalist,60-61
Boys Soccer,Glenelg,glenelg,2022,champion,60-61
Boys Soccer,Governor Thomas Johnson,governor-thomas-johnson,2001,semifinalist,60-61
Boys Soccer,Governor Thomas Johnson,governor-thomas-johnson,2004,semifinalist,60-61
Boys Soccer,Governor Thomas Johnson,governor-thomas-johnson,2006,champion,60-61
Boys Soccer,Great Mills,great-mills,1973,semifinalist,60-61
Boys Soccer,Great Mills,great-mills,2017,finalist,60-61
Boys Soccer,Great Mills,great-mills,2023,semifinalist,60-61
Boys Soccer,Hammond,hammond,2001,semifinalist,60-61
Boys Soccer,Hammond,hammond,2002,semifinalist,60-61
Boys Soccer,Hammond,hammond,2005,finalist,60-61
Boys Soccer,Harford Technical,harford-technical,2006,semifinalist,60-61
Boys Soccer,Harford Technical,harford-technical,2021,finalist,60-61
Boys Soccer,Harford Technical,harford-technical,2023,champion,60-61
Boys Soccer,Havre De Grace,havre-de-grace,1984,semifinalist,60-61
Boys Soccer,Havre De Grace,havre-de-grace,1990,finalist,60-61
Boys Soccer,Havre De Grace,havre-de-grace,2011,semifinalist,60-61
Boys Soccer,Havre De Grace,havre-de-grace,2012,semifinalist,60-61
Boys Soccer,Havre De Grace,havre-de-grace,2013,semifinalist,60-61
Boys Soccer,Havre De Grace,havre-de-grace,2014,semifinalist,60-61
Boys Soccer,Havre De Grace,havre-de-grace,2024,semifinalist,60-61
Boys Soccer,Hereford,hereford,1985,semifinalist,60-61
Boys Soccer,Hereford,hereford,1987,champion,60-61
Boys Soccer,Hereford,hereford,1988,champion,60-61
Boys Soccer,Hereford,hereford,1989,champion,60-61
Boys Soccer,Hereford,hereford,1993,semifinalist,60-61
Boys Soccer,Hereford,hereford,1994,semifinalist,60-61
Boys Soccer,Hereford,hereford,1997,semifinalist,60-61
Boys Soccer,Hereford,hereford,1998,semifinalist,60-61
Boys Soccer,Hereford,hereford,1999,semifinalist,60-61
Boys Soccer,Hereford,hereford,2005,semifinalist,60-61
Boys Soccer,Hereford,hereford,2009,finalist,60-61
Boys Soccer,Hereford,hereford,2010,semifinalist,60-61
Boys Soccer,Hereford,hereford,2011,semifinalist,60-61
Boys Soccer,Hereford,hereford,2013,champion,60-61
Boys Soccer,Hereford,hereford,2018,semifinalist,60-61
Boys Soccer,Hereford,hereford,2019,semifinalist,60-61
Boys Soccer,Hereford,hereford,2024,semifinalist,60-61
Boys Soccer,High Point,high-point,1975,semifinalist,60-61
Boys Soccer,High Point,high-point,1996,semifinalist,60-61
Boys Soccer,High Point,high-point,2001,semifinalist,60-61
Boys Soccer,High Point,high-point,2002,finalist,60-61
Boys Soccer,High Point,high-point,2003,semifinalist,60-61
Boys Soccer,High Point,high-point,2009,semifinalist,60-61
Boys Soccer,High Point,high-point,2010,semifinalist,60-61
Boys Soccer,Howard,howard,1989,champion,60-61
Boys Soccer,Howard,howard,2014,semifinalist,60-61
Boys Soccer,Howard,howard,2023,semifinalist,60-61
Boys Soccer,Huntingtown,huntingtown,2014,finalist,60-61
Boys Soccer,Huntingtown,huntingtown,2017,semifinalist,60-61
Boys Soccer,Huntingtown,huntingtown,2018,semifinalist,60-61
Boys Soccer,Huntingtown,huntingtown,2019,semifinalist,60-61
Boys Soccer,James Hubert Blake,james-hubert-blake,2013,finalist,60-61
Boys Soccer,James M. Bennett,james-m-bennett,1973,semifinalist,60-61
Boys Soccer,James M. Bennett,james-m-bennett,1974,semifinalist,60-61
Boys Soccer,James M. Bennett,james-m-bennett,1975,semifinalist,60-61
Boys Soccer,James M. Bennett,james-m-bennett,1977,semifinalist,60-61
Boys Soccer,James M. Bennett,james-m-bennett,1980,finalist,60-61
Boys Soccer,James M. Bennett,james-m-bennett,1999,finalist,60-61
Boys Soccer,James M. Bennett,james-m-bennett,2008,champion,60-61
Boys Soccer,James M. Bennett,james-m-bennett,2018,semifinalist,60-61
Boys Soccer,James M. Bennett,james-m-bennett,2021,champion,60-61
Boys Soccer,James M. Bennett,james-m-bennett,2022,semifinalist,60-61
Boys Soccer,John F. Kennedy,john-f-kennedy,1978,champion,60-61
Boys Soccer,John F. Kennedy,john-f-kennedy,1979,semifinalist,60-61
Boys Soccer,John F. Kennedy,john-f-kennedy,1980,finalist,60-61
Boys Soccer,John F. Kennedy,john-f-kennedy,1984,semifinalist,60-61
Boys Soccer,John F. Kennedy,john-f-kennedy,1985,finalist,60-61
Boys Soccer,John F. Kennedy,john-f-kennedy,1986,semifinalist,60-61
Boys Soccer,John F. Kennedy,john-f-kennedy,1989,champion,60-61
Boys Soccer,John F. Kennedy,john-f-kennedy,1990,semifinalist,60-61
Boys Soccer,Kenwood,kenwood,2003,champion,60-61
Boys Soccer,La Plata,la-plata,1992,semifinalist,60-61
Boys Soccer,La Plata,la-plata,1994,semifinalist,60-61
Boys Soccer,La Plata,la-plata,1997,finalist,60-61
Boys Soccer,La Plata,la-plata,2000,semifinalist,60-61
Boys Soccer,La Plata,la-plata,2008,semifinalist,60-61
Boys Soccer,La Plata,la-plata,2015,finalist,60-61
Boys Soccer,La Plata,la-plata,2019,finalist,60-61
Boys Soccer,Largo,largo,1973,finalist,60-61
Boys Soccer,Largo,largo,1974,finalist,60-61
Boys Soccer,Laurel,laurel,1975,semifinalist,60-61
Boys Soccer,Laurel,laurel,1977,finalist,60-61
Boys Soccer,Laurel,laurel,1987,semifinalist,60-61
Boys Soccer,Leonardtown,leonardtown,2002,semifinalist,60-61
Boys Soccer,Leonardtown,leonardtown,2019,finalist,60-61
Boys Soccer,Leonardtown,leonardtown,2023,champion,60-61
Boys Soccer,Liberty,liberty,1981,semifinalist,60-61
Boys Soccer,Liberty,liberty,1991,semifinalist,60-61
Boys Soccer,Liberty,liberty,2002,semifinalist,60-61
Boys Soccer,Liberty,liberty,2004,semifinalist,60-61
Boys Soccer,Liberty,liberty,2005,champion,60-61
Boys Soccer,Liberty,liberty,2007,semifinalist,60-61
Boys Soccer,Liberty,liberty,2008,finalist,60-61
Boys Soccer,Liberty,liberty,2010,finalist,60-61
Boys Soccer,Liberty,liberty,2023,semifinalist,60-61
Boys Soccer,Liberty,liberty,2024,champion,60-61
Boys Soccer,Linganore,linganore,1998,champion,60-61
Boys Soccer,Linganore,linganore,2010,semifinalist,60-61
Boys Soccer,Loch Raven,loch-raven,1972,semifinalist,60-61
Boys Soccer,Loch Raven,loch-raven,1974,champion,60-61
Boys Soccer,Loch Raven,loch-raven,1975,champion,60-61
Boys Soccer,Loch Raven,loch-raven,1976,finalist,60-61
Boys Soccer,Loch Raven,loch-raven,1977,champion,60-61
Boys Soccer,Loch Raven,loch-raven,1980,semifinalist,60-61
Boys Soccer,Loch Raven,loch-raven,2003,semifinalist,60-61
Boys Soccer,Loch Raven,loch-raven,2004,semifinalist,60-61
Boys Soccer,Loch Raven,loch-raven,2006,finalist,60-61
Boys Soccer,Loch Raven,loch-raven,2007,finalist,60-61
Boys Soccer,Loch Raven,loch-raven,2008,semifinalist,60-61
Boys Soccer,Loch Raven,loch-raven,2009,champion,60-61
Boys Soccer,Loch Raven,loch-raven,2015,semifinalist,60-61
Boys Soccer,Loch Raven,loch-raven,2018,finalist,60-61
Boys Soccer,Manchester Valley,manchester-valley,2011,finalist,60-61
Boys Soccer,Manchester Valley,manchester-valley,2017,semifinalist,60-61
Boys Soccer,Marriotts Ridge,marriotts-ridge,2008,semifinalist,60-61
Boys Soccer,Marriotts Ridge,marriotts-ridge,2009,champion,60-61
Boys Soccer,Marriotts Ridge,marriotts-ridge,2010,champion,60-61
Boys Soccer,Marriotts Ridge,marriotts-ridge,2011,champion,60-61
Boys Soccer,Marriotts Ridge,marriotts-ridge,2012,champion,60-61
Boys Soccer,McDonough,mcdonough,1982,semifinalist,60-61
Boys Soccer,McDonough,mcdonough,2014,finalist,60-61
Boys Soccer,Meade,meade,1978,finalist,60-61
Boys Soccer,Meade,meade,1991,semifinalist,60-61
Boys Soccer,Meade,meade,2015,finalist,60-61
Boys Soccer,Middletown,middletown,1973,champion,60-61
Boys Soccer,Middletown,middletown,1974,finalist,60-61
Boys Soccer,Middletown,middletown,1977,finalist,60-61
Boys Soccer,Middletown,middletown,1978,finalist,60-61
Boys Soccer,Middletown,middletown,1980,champion,60-61
Boys Soccer,Middletown,middletown,1981,finalist,60-61
Boys Soccer,Middletown,middletown,1987,finalist,60-61
Boys Soccer,Middletown,middletown,1988,finalist,60-61
Boys Soccer,Middletown,middletown,1993,champion,60-61
Boys Soccer,Middletown,middletown,1994,finalist,60-61
Boys Soccer,Middletown,middletown,1999,semifinalist,60-61
Boys Soccer,Middletown,middletown,2015,champion,60-61
Boys Soccer,Montgomery Blair,montgomery-blair,1974,semifinalist,60-61
Boys Soccer,Montgomery Blair,montgomery-blair,1975,champion,60-61
Boys Soccer,Montgomery Blair,montgomery-blair,1983,semifinalist,60-61
Boys Soccer,Montgomery Blair,montgomery-blair,2015,semifinalist,60-61
Boys Soccer,Montgomery Blair,montgomery-blair,2022,semifinalist,60-61
Boys Soccer,Montgomery Blair,montgomery-blair,2024,champion,60-61
Boys Soccer,Mount Hebron,mount-hebron,1999,champion,60-61
Boys Soccer,Mount Hebron,mount-hebron,2000,champion,60-61
Boys Soccer,Mount Hebron,mount-hebron,2006,champion,60-61
Boys Soccer,Mount Hebron,mount-hebron,2011,finalist,60-61
Boys Soccer,Mount Hebron,mount-hebron,2016,finalist,60-61
Boys Soccer,Mount Hebron,mount-hebron,2019,semifinalist,60-61
Boys Soccer,Mount Hebron,mount-hebron,2024,finalist,60-61
Boys Soccer,Mount Savage,mount-savage,1977,semifinalist,60-61
Boys Soccer,Mount Savage,mount-savage,1978,champion,60-61
Boys Soccer,Mount Savage,mount-savage,1985,semifinalist,60-61
Boys Soccer,Mount Savage,mount-savage,1986,finalist,60-61
Boys Soccer,Mount Savage,mount-savage,1987,champion,60-61
Boys Soccer,Mount Savage,mount-savage,1988,semifinalist,60-61
Boys Soccer,Mount Savage,mount-savage,1989,finalist,60-61
Boys Soccer,Mountain Ridge,mountain-ridge,2009,semifinalist,60-61
Boys Soccer,Mountain Ridge,mountain-ridge,2010,champion,60-61
Boys Soccer,Mountain Ridge,mountain-ridge,2011,champion,60-61
Boys Soccer,Mountain Ridge,mountain-ridge,2018,semifinalist,60-61
Boys Soccer,Mountain Ridge,mountain-ridge,2019,champion,60-61
Boys Soccer,Mountain Ridge,mountain-ridge,2024,semifinalist,60-61
Boys Soccer,North Carroll,north-carroll,1973,semifinalist,60-61
Boys Soccer,North Carroll,north-carroll,1979,semifinalist,60-61
Boys Soccer,North Carroll,north-carroll,1980,semifinalist,60-61
Boys Soccer,North Carroll,north-carroll,1987,semifinalist,60-61
Boys Soccer,North Carroll,north-carroll,2006,finalist,60-61
Boys Soccer,North Carroll,north-carroll,2013,champion,60-61
Boys Soccer,North Carroll,north-carroll,2015,champion,60-61
Boys Soccer,North Dorchester,north-dorchester,1973,semifinalist,60-61
Boys Soccer,North Dorchester,north-dorchester,1974,semifinalist,60-61
Boys Soccer,North Dorchester,north-dorchester,1975,semifinalist,60-61
Boys Soccer,North Dorchester,north-dorchester,1978,semifinalist,60-61
Boys Soccer,North Dorchester,north-dorchester,1979,finalist,60-61
Boys Soccer,North Dorchester,north-dorchester,1980,semifinalist,60-61
Boys Soccer,North Dorchester,north-dorchester,1983,finalist,60-61
Boys Soccer,North Harford,north-harford,1985,semifinalist,60-61
Boys Soccer,North Harford,north-harford,1992,semifinalist,60-61
Boys Soccer,North Harford,north-harford,1994,semifinalist,60-61
Boys Soccer,North Harford,north-harford,2001,semifinalist,60-61
Boys Soccer,North Harford,north-harford,2006,semifinalist,60-61
Boys Soccer,North Harford,north-harford,2007,semifinalist,60-61
Boys Soccer,North Harford,north-harford,2009,semifinalist,60-61
Boys Soccer,North Harford,north-harford,2010,finalist,60-61
Boys Soccer,North Harford,north-harford,2012,semifinalist,60-61
Boys Soccer,North Harford,north-harford,2013,finalist,60-61
Boys Soccer,North Harford,north-harford,2022,finalist,60-61
Boys Soccer,Northwest,northwest,1970,finalist,60-61
Boys Soccer,Northwest,northwest,1973,champion,60-61
Boys Soccer,Northwest,northwest,1992,finalist,60-61
Boys Soccer,Northwest,northwest,1993,semifinalist,60-61
Boys Soccer,Northwest,northwest,1995,champion,60-61
Boys Soccer,Northwest,northwest,2012,semifinalist,60-61
Boys Soccer,Northwest,northwest,2021,champion,60-61
Boys Soccer,Northwest,northwest,2021,finalist,60-61
Boys Soccer,Northwest,northwest,2023,finalist,60-61
Boys Soccer,Oakdale,oakdale,2014,champion,60-61
Boys Soccer,Oakdale,oakdale,2015,champion,60-61
Boys Soccer,Oakdale,oakdale,2018,champion,60-61
Boys Soccer,Oakdale,oakdale,2019,semifinalist,60-61
Boys Soccer,Oakland Mills,oakland-mills,1976,semifinalist,60-61
Boys Soccer,Oakland Mills,oakland-mills,1978,finalist,60-61
Boys Soccer,Oakland Mills,oakland-mills,1979,champion,60-61
Boys Soccer,Oakland Mills,oakland-mills,1980,champion,60-61
Boys Soccer,Oakland Mills,oakland-mills,1981,champion,60-61
Boys Soccer,Oakland Mills,oakland-mills,1985,champion,60-61
Boys Soccer,Oakland Mills,oakland-mills,1986,champion,60-61
Boys Soccer,Oakland Mills,oakland-mills,1988,champion,60-61
Boys Soccer,Oakland Mills,oakland-mills,1990,champion,60-61
Boys Soccer,Oakland Mills,oakland-mills,1992,semifinalist,60-61
Boys Soccer,Oakland Mills,oakland-mills,1994,champion,60-61
Boys Soccer,Oakland Mills,oakland-mills,1998,champion,60-61
Boys Soccer,Oakland Mills,oakland-mills,1999,champion,60-61
Boys Soccer,Oakland Mills,oakland-mills,2000,champion,60-61
Boys Soccer,Oakland Mills,oakland-mills,2001,finalist,60-61
Boys Soccer,Oakland Mills,oakland-mills,2002,champion,60-61
Boys Soccer,Oakland Mills,oakland-mills,2003,semifinalist,60-61
Boys Soccer,Oakland Mills,oakland-mills,2013,semifinalist,60-61
Boys Soccer,Old Mill,old-mill,1985,semifinalist,60-61
Boys Soccer,Old Mill,old-mill,2002,semifinalist,60-61
Boys Soccer,Old Mill,old-mill,2003,finalist,60-61
Boys Soccer,Old Mill,old-mill,2004,finalist,60-61
Boys Soccer,Overlea,overlea,1971,champion,60-61
Boys Soccer,Overlea,overlea,1990,semifinalist,60-61
Boys Soccer,Parkside,parkside,1976,semifinalist,60-61
Boys Soccer,Parkside,parkside,1982,semifinalist,60-61
Boys Soccer,Parkside,parkside,1990,semifinalist,60-61
Boys Soccer,Parkside,parkside,1992,semifinalist,60-61
Boys Soccer,Parkside,parkside,1993,semifinalist,60-61
Boys Soccer,Parkside,parkside,1995,semifinalist,60-61
Boys Soccer,Parkside,parkside,1998,semifinalist,60-61
Boys Soccer,Parkside,parkside,2000,finalist,60-61
Boys Soccer,Parkside,parkside,2003,finalist,60-61
Boys Soccer,Parkside,parkside,2004,semifinalist,60-61
Boys Soccer,Parkside,parkside,2019,semifinalist,60-61
Boys Soccer,Parkside,parkside,2021,champion,60-61
Boys Soccer,Parkside,parkside,2022,semifinalist,60-61
Boys Soccer,Parkside,parkside,2024,finalist,60-61
Boys Soccer,Patapsco,patapsco,1976,champion,60-61
Boys Soccer,Patapsco,patapsco,1977,champion,60-61
Boys Soccer,Patapsco,patapsco,1978,semifinalist,60-61
Boys Soccer,Patapsco,patapsco,1979,semifinalist,60-61
Boys Soccer,Patapsco,patapsco,1980,semifinalist,60-61
Boys Soccer,Patapsco,patapsco,1981,semifinalist,60-61
Boys Soccer,Patapsco,patapsco,1982,semifinalist,60-61
Boys Soccer,Patapsco,patapsco,1984,semifinalist,60-61
Boys Soccer,Patapsco,patapsco,1995,champion,60-61
Boys Soccer,Patapsco,patapsco,1997,semifinalist,60-61
Boys Soccer,Patapsco,patapsco,1998,finalist,60-61
Boys Soccer,Patterson Mill,patterson-mill,2015,semifinalist,60-61
Boys Soccer,Patterson Mill,patterson-mill,2016,semifinalist,60-61
Boys Soccer,Patterson Mill,patterson-mill,2017,finalist,60-61
Boys Soccer,Patterson Mill,patterson-mill,2018,champion,60-61
Boys Soccer,Perry Hall,perry-hall,1995,finalist,60-61
Boys Soccer,Perry Hall,perry-hall,1996,semifinalist,60-61
Boys Soccer,Perry Hall,perry-hall,1998,semifinalist,60-61
Boys Soccer,Perry Hall,perry-hall,2001,finalist,60-61
Boys Soccer,Perry Hall,perry-hall,2002,semifinalist,60-61
Boys Soccer,Perry Hall,perry-hall,2007,finalist,60-61
Boys Soccer,Perry Hall,perry-hall,2008,finalist,60-61
Boys Soccer,Perry Hall,perry-hall,2011,semifinalist,60-61
Boys Soccer,Perry Hall,perry-hall,2012,semifinalist,60-61
Boys Soccer,Perry Hall,perry-hall,2015,champion,60-61
Boys Soccer,Perry Hall,perry-hall,2024,semifinalist,60-61
Boys Soccer,Pikesville,pikesville,2013,finalist,60-61
Boys Soccer,Pikesville,pikesville,2016,champion,60-61
Boys Soccer,Pocomoke,pocomoke,1969,semifinalist,60-61
Boys Soccer,Pocomoke,pocomoke,1970,semifinalist,60-61
Boys Soccer,Pocomoke,pocomoke,1971,finalist,60-61
Boys Soccer,Pocomoke,pocomoke,1972,finalist,60-61
Boys Soccer,Pocomoke,pocomoke,1985,finalist,60-61
Boys Soccer,Pocomoke,pocomoke,1988,champion,60-61
Boys Soccer,Pocomoke,pocomoke,1995,champion,60-61
Boys Soccer,Pocomoke,pocomoke,1996,semifinalist,60-61
Boys Soccer,Pocomoke,pocomoke,2001,champion,60-61
Boys Soccer,Pocomoke,pocomoke,2003,champion,60-61
Boys Soccer,Pocomoke,pocomoke,2004,finalist,60-61
Boys Soccer,Pocomoke,pocomoke,2005,champion,60-61
Boys Soccer,Pocomoke,pocomoke,2006,champion,60-61
Boys Soccer,Pocomoke,pocomoke,2007,champion,60-61
Boys Soccer,Pocomoke,pocomoke,2008,champion,60-61
Boys Soccer,Pocomoke,pocomoke,2009,finalist,60-61
Boys Soccer,Pocomoke,pocomoke,2014,semifinalist,60-61
Boys Soccer,Pocomoke,pocomoke,2016,finalist,60-61
Boys Soccer,Poolesville,poolesville,1994,finalist,60-61
Boys Soccer,Poolesville,poolesville,1995,semifinalist,60-61
Boys Soccer,Poolesville,poolesville,2004,semifinalist,60-61
Boys Soccer,Poolesville,poolesville,2005,semifinalist,60-61
Boys Soccer,Poolesville,poolesville,2007,finalist,60-61
Boys Soccer,Queen Anne'S,queen-annes,1974,semifinalist,60-61
Boys Soccer,Queen Anne'S,queen-annes,1975,semifinalist,60-61
Boys Soccer,Queen Anne'S,queen-annes,2005,semifinalist,60-61
Boys Soccer,Queen Anne'S,queen-annes,2006,semifinalist,60-61
Boys Soccer,Queen Anne'S,queen-annes,2012,finalist,60-61
Boys Soccer,Reservoir,reservoir,2010,champion,60-61
Boys Soccer,Reservoir,reservoir,2012,champion,60-61
Boys Soccer,Richard Montgomery,richard-montgomery,2024,finalist,60-61
Boys Soccer,Rising Sun,rising-sun,1971,semifinalist,60-61
Boys Soccer,Rising Sun,rising-sun,1973,finalist,60-61
Boys Soccer,Rising Sun,rising-sun,1976,semifinalist,60-61
Boys Soccer,Rising Sun,rising-sun,1996,semifinalist,60-61
Boys Soccer,Rising Sun,rising-sun,2002,semifinalist,60-61
Boys Soccer,Rising Sun,rising-sun,2005,finalist,60-61
Boys Soccer,River Hill,river-hill,1996,finalist,60-61
Boys Soccer,River Hill,river-hill,1997,champion,60-61
Boys Soccer,River Hill,river-hill,1998,champion,60-61
Boys Soccer,River Hill,river-hill,1999,champion,60-61
Boys Soccer,River Hill,river-hill,2000,semifinalist,60-61
Boys Soccer,River Hill,river-hill,2002,champion,60-61
Boys Soccer,River Hill,river-hill,2003,champion,60-61
Boys Soccer,River Hill,river-hill,2004,champion,60-61
Boys Soccer,River Hill,river-hill,2005,champion,60-61
Boys Soccer,River Hill,river-hill,2007,champion,60-61
Boys Soccer,River Hill,river-hill,2013,semifinalist,60-61
Boys Soccer,River Hill,river-hill,2014,champion,60-61
Boys Soccer,River Hill,river-hill,2017,finalist,60-61
Boys Soccer,River Hill,river-hill,2018,finalist,60-61
Boys Soccer,River Hill,river-hill,2024,champion,60-61
Boys Soccer,Rockville,rockville,1981,champion,60-61
Boys Soccer,Rockville,rockville,1983,champion,60-61
Boys Soccer,Rockville,rockville,1984,champion,60-61
Boys Soccer,Rockville,rockville,1986,finalist,60-61
Boys Soccer,Rockville,rockville,1988,champion,60-61
Boys Soccer,Rockville,rockville,1991,champion,60-61
Boys Soccer,Rockville,rockville,1992,champion,60-61
Boys Soccer,Rockville,rockville,1996,champion,60-61
Boys Soccer,Severna Park,severna-park,1979,finalist,60-61
Boys Soccer,Severna Park,severna-park,1980,semifinalist,60-61
Boys Soccer,Severna Park,severna-park,1981,finalist,60-61
Boys Soccer,Severna Park,severna-park,1982,finalist,60-61
Boys Soccer,Severna Park,severna-park,1983,champion,60-61
Boys Soccer,Severna Park,severna-park,1984,semifinalist,60-61
Boys Soccer,Severna Park,severna-park,1988,finalist,60-61
Boys Soccer,Severna Park,severna-park,1989,finalist,60-61
Boys Soccer,Severna Park,severna-park,1993,finalist,60-61
Boys Soccer,Severna Park,severna-park,1995,semifinalist,60-61
Boys Soccer,Severna Park,severna-park,1996,finalist,60-61
Boys Soccer,Severna Park,severna-park,1999,semifinalist,60-61
Boys Soccer,Severna Park,severna-park,2001,champion,60-61
Boys Soccer,Severna Park,severna-park,2004,finalist,60-61
Boys Soccer,Severna Park,severna-park,2007,semifinalist,60-61
Boys Soccer,Severna Park,severna-park,2008,semifinalist,60-61
Boys Soccer,Severna Park,severna-park,2010,semifinalist,60-61
Boys Soccer,Severna Park,severna-park,2011,semifinalist,60-61
Boys Soccer,Severna Park,severna-park,2012,finalist,60-61
Boys Soccer,Severna Park,severna-park,2013,champion,60-61
Boys Soccer,Severna Park,severna-park,2016,semifinalist,60-61
Boys Soccer,Severna Park,severna-park,2017,finalist,60-61
Boys Soccer,Severna Park,severna-park,2021,semifinalist,60-61
Boys Soccer,Severna Park,severna-park,2022,finalist,60-61
Boys Soccer,Sherwood,sherwood,1976,finalist,60-61
Boys Soccer,Sherwood,sherwood,1977,champion,60-61
Boys Soccer,Sherwood,sherwood,1979,finalist,60-61
Boys Soccer,Sherwood,sherwood,1985,champion,60-61
Boys Soccer,Sherwood,sherwood,1986,champion,60-61
Boys Soccer,Sherwood,sherwood,1988,champion,60-61
Boys Soccer,Sherwood,sherwood,2004,champion,60-61
Boys Soccer,Sherwood,sherwood,2005,champion,60-61
Boys Soccer,Sherwood,sherwood,2017,semifinalist,60-61
Boys Soccer,Smithsburg,smithsburg,2001,semifinalist,60-61
Boys Soccer,Smithsburg,smithsburg,2002,finalist,60-61
Boys Soccer,South Carroll,south-carroll,1988,finalist,60-61
Boys Soccer,South Carroll,south-carroll,2008,semifinalist,60-61
Boys Soccer,South Carroll,south-carroll,2011,semifinalist,60-61
Boys Soccer,South Carroll,south-carroll,2012,semifinalist,60-61
Boys Soccer,South Carroll,south-carroll,2013,semifinalist,60-61
Boys Soccer,South River,south-river,1987,champion,60-61
Boys Soccer,South River,south-river,1987,semifinalist,60-61
Boys Soccer,South River,south-river,1990,semifinalist,60-61
Boys Soccer,South River,south-river,2023,champion,60-61
Boys Soccer,South River,south-river,2024,semifinalist,60-61
Boys Soccer,Sparrows Point,sparrows-point,1973,champion,60-61
Boys Soccer,Sparrows Point,sparrows-point,1974,champion,60-61
Boys Soccer,Sparrows Point,sparrows-point,1975,champion,60-61
Boys Soccer,Sparrows Point,sparrows-point,1977,finalist,60-61
Boys Soccer,Sparrows Point,sparrows-point,1983,semifinalist,60-61
Boys Soccer,Sparrows Point,sparrows-point,1995,finalist,60-61
Boys Soccer,Sparrows Point,sparrows-point,2000,semifinalist,60-61
Boys Soccer,Sparrows Point,sparrows-point,2001,semifinalist,60-61
Boys Soccer,Sparrows Point,sparrows-point,2006,champion,60-61
Boys Soccer,Sparrows Point,sparrows-point,2008,semifinalist,60-61
Boys Soccer,St. Michaels,st-michaels,1974,champion,60-61
Boys Soccer,St. Michaels,st-michaels,1975,champion,60-61
Boys Soccer,St. Michaels,st-michaels,1976,finalist,60-61
Boys Soccer,St. Michaels,st-michaels,1977,semifinalist,60-61
Boys Soccer,St. Michaels,st-michaels,1979,semifinalist,60-61
Boys Soccer,St. Michaels,st-michaels,1981,semifinalist,60-61
Boys Soccer,St. Michaels,st-michaels,1982,semifinalist,60-61
Boys Soccer,St. Michaels,st-michaels,1984,finalist,60-61
Boys Soccer,St. Michaels,st-michaels,1997,finalist,60-61
Boys Soccer,St. Michaels,st-michaels,1999,semifinalist,60-61
Boys Soccer,St. Michaels,st-michaels,2000,semifinalist,60-61
Boys Soccer,St. Michaels,st-michaels,2002,semifinalist,60-61
Boys Soccer,Stephen Decatur,stephen-decatur,1994,semifinalist,60-61
Boys Soccer,Stephen Decatur,stephen-decatur,1996,semifinalist,60-61
Boys Soccer,Stephen Decatur,stephen-decatur,2001,finalist,60-61
Boys Soccer,Stephen Decatur,stephen-decatur,2002,champion,60-61
Boys Soccer,Thomas S. Wootton,thomas-s-wootton,1973,semifinalist,60-61
Boys Soccer,Thomas S. Wootton,thomas-s-wootton,1990,semifinalist,60-61
Boys Soccer,Thomas S. Wootton,thomas-s-wootton,2012,champion,60-61
Boys Soccer,Thomas S. Wootton,thomas-s-wootton,2019,semifinalist,60-61
Boys Soccer,Thomas Stone,thomas-stone,1979,semifinalist,60-61
Boys Soccer,Thomas Stone,thomas-stone,1980,semifinalist,60-61
Boys Soccer,Thomas Stone,thomas-stone,1981,semifinalist,60-61
Boys Soccer,Thomas Stone,thomas-stone,1988,semifinalist,60-61
Boys Soccer,Thomas Stone,thomas-stone,1989,semifinalist,60-61
Boys Soccer,Thomas Stone,thomas-stone,1991,finalist,60-61
Boys Soccer,Thomas Stone,thomas-stone,1992,semifinalist,60-61
Boys Soccer,Thomas Stone,thomas-stone,1993,semifinalist,60-61
Boys Soccer,Thomas Stone,thomas-stone,1995,semifinalist,60-61
Boys Soccer,Thomas Stone,thomas-stone,1996,champion,60-61
Boys Soccer,Thomas Stone,thomas-stone,1998,champion,60-61
Boys Soccer,Towson,towson,1972,champion,60-61
Boys Soccer,Towson,towson,1981,finalist,60-61
Boys Soccer,Towson,towson,1982,finalist,60-61
Boys Soccer,Towson,towson,1983,semifinalist,60-61
Boys Soccer,Towson,towson,1984,finalist,60-61
Boys Soccer,Towson,towson,1985,semifinalist,60-61
Boys Soccer,Towson,towson,1986,champion,60-61
Boys Soccer,Towson,towson,1991,champion,60-61
Boys Soccer,Towson,towson,1996,semifinalist,60-61
Boys Soccer,Towson,towson,2002,finalist,60-61
Boys Soccer,Towson,towson,2003,champion,60-61
Boys Soccer,Towson,towson,2006,semifinalist,60-61
Boys Soccer,Towson,towson,2008,semifinalist,60-61
Boys Soccer,Towson,towson,2016,semifinalist,60-61
Boys Soccer,Towson,towson,2022,semifinalist,60-61
Boys Soccer,Tuscarora,tuscarora,2008,champion,60-61
Boys Soccer,Tuscarora,tuscarora,2021,semifinalist,60-61
Boys Soccer,Tuscarora,tuscarora,2022,champion,60-61
Boys Soccer,Urbana,urbana,2000,semifinalist,60-61
Boys Soccer,Urbana,urbana,2009,finalist,60-61
Boys Soccer,Urbana,urbana,2010,finalist,60-61
Boys Soccer,Urbana,urbana,2012,finalist,60-61
Boys Soccer,Urbana,urbana,2013,champion,60-61
Boys Soccer,Urbana,urbana,2014,semifinalist,60-61
Boys Soccer,Urbana,urbana,2016,champion,60-61
Boys Soccer,Urbana,urbana,2018,finalist,60-61
Boys Soccer,Urbana,urbana,2022,semifinalist,60-61
Boys Soccer,Urbana,urbana,2023,semifinalist,60-61
Boys Soccer,Walkersville,walkersville,1971,semifinalist,60-61
Boys Soccer,Walkersville,walkersville,1972,champion,60-61
Boys Soccer,Walkersville,walkersville,1975,finalist,60-61
Boys Soccer,Walkersville,walkersville,1982,finalist,60-61
Boys Soccer,Walt Whitman,walt-whitman,1978,finalist,60-61
Boys Soccer,Walt Whitman,walt-whitman,1979,champion,60-61
Boys Soccer,Walt Whitman,walt-whitman,1981,champion,60-61
Boys Soccer,Walt Whitman,walt-whitman,1989,champion,60-61
Boys Soccer,Walt Whitman,walt-whitman,1990,semifinalist,60-61
Boys Soccer,Walt Whitman,walt-whitman,1991,semifinalist,60-61
Boys Soccer,Walt Whitman,walt-whitman,1992,finalist,60-61
Boys Soccer,Walt Whitman,walt-whitman,1993,champion,60-61
Boys Soccer,Walt Whitman,walt-whitman,1994,semifinalist,60-61
Boys Soccer,Walt Whitman,walt-whitman,1995,semifinalist,60-61
Boys Soccer,Walt Whitman,walt-whitman,1996,champion,60-61
Boys Soccer,Walt Whitman,walt-whitman,1997,champion,60-61
Boys Soccer,Walt Whitman,walt-whitman,2000,champion,60-61
Boys Soccer,Walt Whitman,walt-whitman,2009,champion,60-61
Boys Soccer,Walt Whitman,walt-whitman,2014,champion,60-61
Boys Soccer,Walt Whitman,walt-whitman,2018,champion,60-61
Boys Soccer,Walt Whitman,walt-whitman,2019,champion,60-61
Boys Soccer,Walt Whitman,walt-whitman,2023,semifinalist,60-61
Boys Soccer,Walt Whitman,walt-whitman,2024,semifinalist,60-61
Boys Soccer,Walter Johnson,walter-johnson,1969,semifinalist,60-61
Boys Soccer,Walter Johnson,walter-johnson,1972,finalist,60-61
Boys Soccer,Walter Johnson,walter-johnson,1975,finalist,60-61
Boys Soccer,Walter Johnson,walter-johnson,1977,finalist,60-61
Boys Soccer,Walter Johnson,walter-johnson,1983,finalist,60-61
Boys Soccer,Walter Johnson,walter-johnson,1996,finalist,60-61
Boys Soccer,Walter Johnson,walter-johnson,1997,semifinalist,60-61
Boys Soccer,Walter Johnson,walter-johnson,1999,semifinalist,60-61
Boys Soccer,Walter Johnson,walter-johnson,2003,semifinalist,60-61
Boys Soccer,Walter Johnson,walter-johnson,2011,finalist,60-61
Boys Soccer,Washington,washington,2010,semifinalist,60-61
Boys Soccer,Washington,washington,2011,semifinalist,60-61
Boys Soccer,Washington,washington,2012,finalist,60-61
Boys Soccer,Watkins Mill,watkins-mill,2011,champion,60-61
Boys Soccer,Watkins Mill,watkins-mill,2016,semifinalist,60-61
Boys Soccer,Wilde Lake,wilde-lake,1976,champion,60-61
Boys Soccer,Wilde Lake,wilde-lake,1977,semifinalist,60-61
Boys Soccer,Wilde Lake,wilde-lake,1981,champion,60-61
Boys Soccer,Wilde Lake,wilde-lake,1982,champion,60-61
Boys Soccer,Wilde Lake,wilde-lake,1983,champion,60-61
Boys Soccer,Wilde Lake,wilde-lake,1984,champion,60-61
Boys Soccer,Wilde Lake,wilde-lake,1991,champion,60-61
Boys Soccer,Wilde Lake,wilde-lake,1993,finalist,60-61
Boys Soccer,Wilde Lake,wilde-lake,1995,finalist,60-61
Boys Soccer,Wilde Lake,wilde-lake,1996,finalist,60-61
Boys Soccer,Wilde Lake,wilde-lake,1997,champion,60-61
Boys Soccer,Wilde Lake,wilde-lake,1998,semifinalist,60-61
Boys Soccer,Wilde Lake,wilde-lake,2019,champion,60-61
Boys Soccer,Williamsport,williamsport,1979,champion,60-61
Boys Soccer,Williamsport,williamsport,1994,semifinalist,60-61
Boys Soccer,Williamsport,williamsport,1995,semifinalist,60-61
Boys Soccer,Williamsport,williamsport,1996,champion,60-61
Boys Soccer,Williamsport,williamsport,1998,finalist,60-61
Boys Soccer,Williamsport,williamsport,1999,finalist,60-61
Boys Soccer,Williamsport,williamsport,2000,finalist,60-61
Boys Soccer,Williamsport,williamsport,2003,finalist,60-61
Boys Soccer,Williamsport,williamsport,2005,semifinalist,60-61
Boys Soccer,Winston Churchill,winston-churchill,1973,semifinalist,60-61
Boys Soccer,Winston Churchill,winston-churchill,1976,semifinalist,60-61
Boys Soccer,Winston Churchill,winston-churchill,1980,champion,60-61
Boys Soccer,Winston Churchill,winston-churchill,1982,semifinalist,60-61
Boys Soccer,Winston Churchill,winston-churchill,1985,champion,60-61
Boys Soccer,Winston Churchill,winston-churchill,1991,finalist,60-61
Boys Soccer,Winston Churchill,winston-churchill,1992,champion,60-61
Boys Soccer,Winston Churchill,winston-churchill,1993,champion,60-61
Boys Soccer,Winston Churchill,winston-churchill,1994,champion,60-61
Boys Soccer,Winston Churchill,winston-churchill,1995,semifinalist,60-61
Boys Soccer,Winston Churchill,winston-churchill,1998,finalist,60-61
Boys Soccer,Winston Churchill,winston-churchill,1999,champion,60-61
Boys Soccer,Winston Churchill,winston-churchill,2002,champion,60-61
Field Hockey,Aberdeen,aberdeen,1977,champion,32-33
Field Hockey,Aberdeen,aberdeen,1978,champion,32-33
Field Hockey,Arundel,arundel,1983,semifinalist,32-33
Field Hockey,Arundel,arundel,2021,champion,32-33
Field Hockey,Atholton,atholton,1980,finalist,32-33
Field Hockey,Atholton,atholton,2008,finalist,32-33
Field Hockey,Atholton,atholton,2012,champion,32-33
Field Hockey,Bel Air,bel-air,1977,champion,32-33
Field Hockey,Bel Air,bel-air,1978,semifinalist,32-33
Field Hockey,Bel Air,bel-air,1980,semifinalist,32-33
Field Hockey,Bel Air,bel-air,1983,semifinalist,32-33
Field Hockey,Bel Air,bel-air,1989,semifinalist,32-33
Field Hockey,Bel Air,bel-air,1990,semifinalist,32-33
Field Hockey,Bel Air,bel-air,1993,semifinalist,32-33
Field Hockey,Bel Air,bel-air,1994,semifinalist,32-33
Field Hockey,Bel Air,bel-air,2014,semifinalist,32-33
Field Hockey,Bel Air,bel-air,2015,champion,32-33
Field Hockey,Bel Air,bel-air,2016,semifinalist,32-33
Field Hockey,Bethesda-Chevy Chase,bethesda-chevy-chase,1981,semifinalist,32-33
Field Hockey,Bethesda-Chevy Chase,bethesda-chevy-chase,1987,finalist,32-33
Field Hockey,Bethesda-Chevy Chase,bethesda-chevy-chase,1988,champion,32-33
Field Hockey,Bethesda-Chevy Chase,bethesda-chevy-chase,1989,finalist,32-33
Field Hockey,Bethesda-Chevy Chase,bethesda-chevy-chase,1990,champion,32-33
Field Hockey,Bethesda-Chevy Chase,bethesda-chevy-chase,1991,finalist,32-33
Field Hockey,Bethesda-Chevy Chase,bethesda-chevy-chase,1992,champion,32-33
Field Hockey,Bethesda-Chevy Chase,bethesda-chevy-chase,1993,semifinalist,32-33
Field Hockey,Bethesda-Chevy Chase,bethesda-chevy-chase,1994,champion,32-33
Field Hockey,Bethesda-Chevy Chase,bethesda-chevy-chase,1995,champion,32-33
Field Hockey,Bethesda-Chevy Chase,bethesda-chevy-chase,1996,champion,32-33
Field Hockey,Bethesda-Chevy Chase,bethesda-chevy-chase,1997,champion,32-33
Field Hockey,Bethesda-Chevy Chase,bethesda-chevy-chase,1998,champion,32-33
Field Hockey,Bethesda-Chevy Chase,bethesda-chevy-chase,1999,champion,32-33
Field Hockey,Bethesda-Chevy Chase,bethesda-chevy-chase,2000,champion,32-33
Field Hockey,Bethesda-Chevy Chase,bethesda-chevy-chase,2001,champion,32-33
Field Hockey,Bethesda-Chevy Chase,bethesda-chevy-chase,2002,champion,32-33
Field Hockey,Bethesda-Chevy Chase,bethesda-chevy-chase,2003,finalist,32-33
Field Hockey,Bethesda-Chevy Chase,bethesda-chevy-chase,2004,champion,32-33
Field Hockey,Bethesda-Chevy Chase,bethesda-chevy-chase,2006,finalist,32-33
Field Hockey,Bethesda-Chevy Chase,bethesda-chevy-chase,2007,finalist,32-33
Field Hockey,Bethesda-Chevy Chase,bethesda-chevy-chase,2008,semifinalist,32-33
Field Hockey,Bethesda-Chevy Chase,bethesda-chevy-chase,2011,finalist,32-33
Field Hockey,Bethesda-Chevy Chase,bethesda-chevy-chase,2014,finalist,32-33
Field Hockey,Bohemia Manor,bohemia-manor,2009,finalist,32-33
Field Hockey,Bohemia Manor,bohemia-manor,2010,semifinalist,32-33
Field Hockey,Broadneck,broadneck,1985,semifinalist,32-33
Field Hockey,Broadneck,broadneck,1986,champion,32-33
Field Hockey,Broadneck,broadneck,2002,champion,32-33
Field Hockey,Broadneck,broadneck,2022,champion,32-33
Field Hockey,Broadneck,broadneck,2023,semifinalist,32-33
Field Hockey,Broadneck,broadneck,2024,finalist,32-33
Field Hockey,C. Milton Wright,c-milton-wright,2013,champion,32-33
Field Hockey,C. Milton Wright,c-milton-wright,2017,finalist,32-33
Field Hockey,C. Milton Wright,c-milton-wright,2018,champion,32-33
Field Hockey,Calvert,calvert,1987,finalist,32-33
Field Hockey,Calvert,calvert,1990,champion,32-33
Field Hockey,Calvert,calvert,1991,semifinalist,32-33
Field Hockey,Calvert,calvert,1992,semifinalist,32-33
Field Hockey,Calvert,calvert,1993,semifinalist,32-33
Field Hockey,Calvert,calvert,1999,semifinalist,32-33
Field Hockey,Calvert,calvert,2003,finalist,32-33
Field Hockey,Catoctin,catoctin,1975,semifinalist,32-33
Field Hockey,Catoctin,catoctin,1978,semifinalist,32-33
Field Hockey,Catoctin,catoctin,1979,champion,32-33
Field Hockey,Catoctin,catoctin,1982,semifinalist,32-33
Field Hockey,Catonsville,catonsville,1981,semifinalist,32-33
Field Hockey,Catonsville,catonsville,1988,finalist,32-33
Field Hockey,Catonsville,catonsville,1997,semifinalist,32-33
Field Hockey,Catonsville,catonsville,2012,finalist,32-33
Field Hockey,Centennial,centennial,1982,semifinalist,32-33
Field Hockey,Centennial,centennial,1994,semifinalist,32-33
Field Hockey,Centennial,centennial,1995,champion,32-33
Field Hockey,Centennial,centennial,1996,semifinalist,32-33
Field Hockey,Centennial,centennial,2001,semifinalist,32-33
Field Hockey,Centennial,centennial,2002,semifinalist,32-33
Field Hockey,Centennial,centennial,2007,semifinalist,32-33
Field Hockey,Century,century,1981,semifinalist,32-33
Field Hockey,Century,century,1982,semifinalist,32-33
Field Hockey,Century,century,1995,semifinalist,32-33
Field Hockey,Century,century,2001,semifinalist,32-33
Field Hockey,Century,century,2007,finalist,32-33
Field Hockey,Century,century,2009,finalist,32-33
Field Hockey,Century,century,2010,finalist,32-33
Field Hockey,Century,century,2011,semifinalist,32-33
Field Hockey,Century,century,2012,semifinalist,32-33
Field Hockey,Century,century,2013,champion,32-33
Field Hockey,Century,century,2016,champion,32-33
Field Hockey,Century,century,2017,champion,32-33
Field Hockey,Century,century,2018,finalist,32-33
Field Hockey,Chopticon,chopticon,1984,semifinalist,32-33
Field Hockey,Chopticon,chopticon,1985,semifinalist,32-33
Field Hockey,Chopticon,chopticon,1991,champion,32-33
Field Hockey,Chopticon,chopticon,1992,finalist,32-33
Field Hockey,Col. Zadok Magruder,col-zadok-magruder,1979,semifinalist,32-33
Field Hockey,Col. Zadok Magruder,col-zadok-magruder,1980,semifinalist,32-33
Field Hockey,Col. Zadok Magruder,col-zadok-magruder,1984,champion,32-33
Field Hockey,Col. Zadok Magruder,col-zadok-magruder,1990,champion,32-33
Field Hockey,Col. Zadok Magruder,col-zadok-magruder,1991,semifinalist,32-33
Field Hockey,Col. Zadok Magruder,col-zadok-magruder,1995,semifinalist,32-33
Field Hockey,Col. Zadok Magruder,col-zadok-magruder,1996,champion,32-33
Field Hockey,Col. Zadok Magruder,col-zadok-magruder,1998,finalist,32-33
Field Hockey,Crisfield,crisfield,2012,finalist,32-33
Field Hockey,Crisfield,crisfield,2017,semifinalist,32-33
Field Hockey,Crisfield,crisfield,2018,semifinalist,32-33
Field Hockey,Crofton,crofton,2022,champion,32-33
Field Hockey,Crofton,crofton,2023,champion,32-33
Field Hockey,Crofton,crofton,2024,champion,32-33
Field Hockey,Dulaney,dulaney,1984,semifinalist,32-33
Field Hockey,Dulaney,dulaney,1986,finalist,32-33
Field Hockey,Dulaney,dulaney,1996,semifinalist,32-33
Field Hockey,Dulaney,dulaney,1998,semifinalist,32-33
Field Hockey,Dulaney,dulaney,2003,semifinalist,32-33
Field Hockey,Dulaney,dulaney,2004,semifinalist,32-33
Field Hockey,Dulaney,dulaney,2006,semifinalist,32-33
Field Hockey,Dulaney,dulaney,2009,semifinalist,32-33
Field Hockey,Dulaney,dulaney,2010,finalist,32-33
Field Hockey,Dulaney,dulaney,2011,semifinalist,32-33
Field Hockey,Dulaney,dulaney,2013,semifinalist,32-33
Field Hockey,Dulaney,dulaney,2015,semifinalist,32-33
Field Hockey,Dulaney,dulaney,2016,semifinalist,32-33
Field Hockey,Dulaney,dulaney,2017,finalist,32-33
Field Hockey,Dulaney,dulaney,2018,finalist,32-33
Field Hockey,Dulaney,dulaney,2021,semifinalist,32-33
Field Hockey,Dulaney,dulaney,2022,semifinalist,32-33
Field Hockey,Easton,easton,1986,finalist,32-33
Field Hockey,Easton,easton,1988,champion,32-33
Field Hockey,Easton,easton,1989,semifinalist,32-33
Field Hockey,Easton,easton,1990,champion,32-33
Field Hockey,Easton,easton,1991,champion,32-33
Field Hockey,Easton,easton,1992,finalist,32-33
Field Hockey,Easton,easton,1997,semifinalist,32-33
Field Hockey,Easton,easton,1998,finalist,32-33
Field Hockey,Easton,easton,2001,semifinalist,32-33
Field Hockey,Easton,easton,2009,semifinalist,32-33
Field Hockey,Easton,easton,2012,semifinalist,32-33
Field Hockey,Easton,easton,2021,semifinalist,32-33
Field Hockey,Easton,easton,2024,semifinalist,32-33
Field Hockey,Elkton,elkton,1976,finalist,32-33
Field Hockey,Elkton,elkton,1977,semifinalist,32-33
Field Hockey,Elkton,elkton,1978,finalist,32-33
Field Hockey,Elkton,elkton,1979,semifinalist,32-33
Field Hockey,Elkton,elkton,1980,semifinalist,32-33
Field Hockey,Elkton,elkton,1982,semifinalist,32-33
Field Hockey,Elkton,elkton,1983,finalist,32-33
Field Hockey,Elkton,elkton,1991,semifinalist,32-33
Field Hockey,Elkton,elkton,1992,semifinalist,32-33
Field Hockey,Elkton,elkton,1994,finalist,32-33
Field Hockey,Elkton,elkton,1999,finalist,32-33
Field Hockey,Elkton,elkton,2000,semifinalist,32-33
Field Hockey,Elkton,elkton,2001,finalist,32-33
Field Hockey,Elkton,elkton,2002,semifinalist,32-33
Field Hockey,Elkton,elkton,2003,semifinalist,32-33
Field Hockey,Elkton,elkton,2004,semifinalist,32-33
Field Hockey,Elkton,elkton,2005,semifinalist,32-33
Field Hockey,Fallston,fallston,1986,semifinalist,32-33
Field Hockey,Fallston,fallston,1988,champion,32-33
Field Hockey,Fallston,fallston,1989,champion,32-33
Field Hockey,Fallston,fallston,1990,champion,32-33
Field Hockey,Fallston,fallston,1993,champion,32-33
Field Hockey,Fallston,fallston,1994,champion,32-33
Field Hockey,Fallston,fallston,1995,finalist,32-33
Field Hockey,Fallston,fallston,1996,champion,32-33
Field Hockey,Fallston,fallston,1997,finalist,32-33
Field Hockey,Fallston,fallston,1998,champion,32-33
Field Hockey,Fallston,fallston,1999,champion,32-33
Field Hockey,Fallston,fallston,2001,champion,32-33
Field Hockey,Fallston,fallston,2002,finalist,32-33
Field Hockey,Fallston,fallston,2003,semifinalist,32-33
Field Hockey,Fallston,fallston,2005,finalist,32-33
Field Hockey,Fallston,fallston,2006,semifinalist,32-33
Field Hockey,Fallston,fallston,2007,champion,32-33
Field Hockey,Fallston,fallston,2008,champion,32-33
Field Hockey,Fallston,fallston,2009,champion,32-33
Field Hockey,Fallston,fallston,2010,semifinalist,32-33
Field Hockey,Fallston,fallston,2011,champion,32-33
Field Hockey,Fallston,fallston,2012,champion,32-33
Field Hockey,Fallston,fallston,2017,semifinalist,32-33
Field Hockey,Fallston,fallston,2023,semifinalist,32-33
Field Hockey,Fallston,fallston,2024,semifinalist,32-33
Field Hockey,Francis Scott Key,francis-scott-key,1977,champion,32-33
Field Hockey,Francis Scott Key,francis-scott-key,1978,champion,32-33
Field Hockey,Francis Scott Key,francis-scott-key,1979,semifinalist,32-33
Field Hockey,Francis Scott Key,francis-scott-key,1980,semifinalist,32-33
Field Hockey,Francis Scott Key,francis-scott-key,1985,semifinalist,32-33
Field Hockey,Francis Scott Key,francis-scott-key,1986,champion,32-33
Field Hockey,Francis Scott Key,francis-scott-key,1987,finalist,32-33
Field Hockey,Francis Scott Key,francis-scott-key,1988,semifinalist,32-33
Field Hockey,Francis Scott Key,francis-scott-key,1989,champion,32-33
Field Hockey,Francis Scott Key,francis-scott-key,1990,semifinalist,32-33
Field Hockey,Francis Scott Key,francis-scott-key,1991,semifinalist,32-33
Field Hockey,Francis Scott Key,francis-scott-key,1992,semifinalist,32-33
Field Hockey,Francis Scott Key,francis-scott-key,1994,semifinalist,32-33
Field Hockey,Francis Scott Key,francis-scott-key,1996,finalist,32-33
Field Hockey,Francis Scott Key,francis-scott-key,2017,finalist,32-33
Field Hockey,Francis Scott Key,francis-scott-key,2021,semifinalist,32-33
Field Hockey,Francis Scott Key,francis-scott-key,2022,semifinalist,32-33
Field Hockey,Francis Scott Key,francis-scott-key,2024,semifinalist,32-33
Field Hockey,Franklin,franklin,1976,semifinalist,32-33
Field Hockey,Franklin,franklin,1984,finalist,32-33
Field Hockey,Glenelg,glenelg,1979,finalist,32-33
Field Hockey,Glenelg,glenelg,1987,semifinalist,32-33
Field Hockey,Glenelg,glenelg,1989,semifinalist,32-33
Field Hockey,Glenelg,glenelg,1990,semifinalist,32-33
Field Hockey,Glenelg,glenelg,1992,semifinalist,32-33
Field Hockey,Glenelg,glenelg,1999,semifinalist,32-33
Field Hockey,Glenelg,glenelg,2000,semifinalist,32-33
Field Hockey,Glenelg,glenelg,2003,semifinalist,32-33
Field Hockey,Glenelg,glenelg,2004,finalist,32-33
Field Hockey,Glenelg,glenelg,2006,finalist,32-33
Field Hockey,Glenelg,glenelg,2008,finalist,32-33
Field Hockey,Glenelg,glenelg,2009,semifinalist,32-33
Field Hockey,Glenelg,glenelg,2010,champion,32-33
Field Hockey,Glenelg,glenelg,2011,champion,32-33
Field Hockey,Glenelg,glenelg,2012,champion,32-33
Field Hockey,Glenelg,glenelg,2013,semifinalist,32-33
Field Hockey,Glenelg,glenelg,2014,semifinalist,32-33
Field Hockey,Glenelg,glenelg,2016,semifinalist,32-33
Field Hockey,Glenelg,glenelg,2017,champion,32-33
Field Hockey,Glenelg,glenelg,2018,semifinalist,32-33
Field Hockey,Glenelg,glenelg,2021,champion,32-33
Field Hockey,Glenelg,glenelg,2022,champion,32-33
Field Hockey,Glenelg,glenelg,2023,champion,32-33
Field Hockey,Hereford,hereford,1977,finalist,32-33
Field Hockey,Hereford,hereford,1978,semifinalist,32-33
Field Hockey,Hereford,hereford,1979,champion,32-33
Field Hockey,Hereford,hereford,1981,finalist,32-33
Field Hockey,Hereford,hereford,1982,finalist,32-33
Field Hockey,Hereford,hereford,1984,finalist,32-33
Field Hockey,Hereford,hereford,1985,finalist,32-33
Field Hockey,Hereford,hereford,1996,semifinalist,32-33
Field Hockey,Hereford,hereford,1997,semifinalist,32-33
Field Hockey,Hereford,hereford,1998,champion,32-33
Field Hockey,Hereford,hereford,1999,semifinalist,32-33
Field Hockey,Hereford,hereford,2000,finalist,32-33
Field Hockey,Hereford,hereford,2001,champion,32-33
Field Hockey,Hereford,hereford,2003,finalist,32-33
Field Hockey,Hereford,hereford,2004,champion,32-33
Field Hockey,Hereford,hereford,2005,semifinalist,32-33
Field Hockey,Hereford,hereford,2006,champion,32-33
Field Hockey,Hereford,hereford,2009,champion,32-33
Field Hockey,Hereford,hereford,2012,finalist,32-33
Field Hockey,Hereford,hereford,2013,finalist,32-33
Field Hockey,Hereford,hereford,2014,champion,32-33
Field Hockey,Hereford,hereford,2015,champion,32-33
Field Hockey,Hereford,hereford,2016,champion,32-33
Field Hockey,Hereford,hereford,2017,finalist,32-33
Field Hockey,Hereford,hereford,2018,finalist,32-33
Field Hockey,Hereford,hereford,2019,semifinalist,32-33
Field Hockey,Hereford,hereford,2021,finalist,32-33
Field Hockey,Hereford,hereford,2023,finalist,32-33
Field Hockey,James Hubert Blake,james-hubert-blake,2009,finalist,32-33
Field Hockey,James Hubert Blake,james-hubert-blake,2012,semifinalist,32-33
Field Hockey,James Hubert Blake,james-hubert-blake,2016,semifinalist,32-33
Field Hockey,James Hubert Blake,james-hubert-blake,2017,semifinalist,32-33
Field Hockey,James Hubert Blake,james-hubert-blake,2018,semifinalist,32-33
Field Hockey,James M. Bennett,james-m-bennett,1975,semifinalist,32-33
Field Hockey,James M. Bennett,james-m-bennett,1981,semifinalist,32-33
Field Hockey,James M. Bennett,james-m-bennett,1985,finalist,32-33
Field Hockey,James M. Bennett,james-m-bennett,1988,semifinalist,32-33
Field Hockey,James M. Bennett,james-m-bennett,1990,finalist,32-33
Field Hockey,James M. Bennett,james-m-bennett,1993,champion,32-33
Field Hockey,James M. Bennett,james-m-bennett,2000,semifinalist,32-33
Field Hockey,John F. Kennedy,john-f-kennedy,1980,semifinalist,32-33
Field Hockey,John F. Kennedy,john-f-kennedy,1981,champion,32-33
Field Hockey,John F. Kennedy,john-f-kennedy,1982,semifinalist,32-33
Field Hockey,Joppatowne,joppatowne,1985,champion,32-33
Field Hockey,Joppatowne,joppatowne,1990,semifinalist,32-33
Field Hockey,Kent County,kent-county,1993,semifinalist,32-33
Field Hockey,Kent County,kent-county,1994,finalist,32-33
Field Hockey,Kent County,kent-county,1995,semifinalist,32-33
Field Hockey,Kent County,kent-county,1997,finalist,32-33
Field Hockey,Kent County,kent-county,1998,semifinalist,32-33
Field Hockey,Kent County,kent-county,2003,semifinalist,32-33
Field Hockey,Kent County,kent-county,2004,semifinalist,32-33
Field Hockey,Kent County,kent-county,2007,semifinalist,32-33
Field Hockey,Kent County,kent-county,2008,semifinalist,32-33
Field Hockey,Kent County,kent-county,2013,semifinalist,32-33
Field Hockey,Kent Island,kent-island,2006,semifinalist,32-33
Field Hockey,Kent Island,kent-island,2007,semifinalist,32-33
Field Hockey,Kent Island,kent-island,2008,champion,32-33
Field Hockey,Kent Island,kent-island,2010,semifinalist,32-33
Field Hockey,Kent Island,kent-island,2013,semifinalist,32-33
Field Hockey,Kent Island,kent-island,2014,finalist,32-33
Field Hockey,Kent Island,kent-island,2015,semifinalist,32-33
Field Hockey,Kent Island,kent-island,2016,finalist,32-33
Field Hockey,Kent Island,kent-island,2017,semifinalist,32-33
Field Hockey,Kent Island,kent-island,2018,semifinalist,32-33
Field Hockey,Kent Island,kent-island,2022,semifinalist,32-33
Field Hockey,Kenwood,kenwood,1977,finalist,32-33
Field Hockey,Kenwood,kenwood,1979,semifinalist,32-33
Field Hockey,Kenwood,kenwood,1992,semifinalist,32-33
Field Hockey,Leonardtown,leonardtown,1979,finalist,32-33
Field Hockey,Leonardtown,leonardtown,1980,finalist,32-33
Field Hockey,Leonardtown,leonardtown,1981,finalist,32-33
Field Hockey,Leonardtown,leonardtown,1982,champion,32-33
Field Hockey,Leonardtown,leonardtown,1983,champion,32-33
Field Hockey,Leonardtown,leonardtown,1987,semifinalist,32-33
Field Hockey,Leonardtown,leonardtown,1988,champion,32-33
Field Hockey,Leonardtown,leonardtown,1989,champion,32-33
Field Hockey,Liberty,liberty,1981,champion,32-33
Field Hockey,Liberty,liberty,1982,champion,32-33
Field Hockey,Liberty,liberty,1990,semifinalist,32-33
Field Hockey,Liberty,liberty,1993,semifinalist,32-33
Field Hockey,Liberty,liberty,2016,champion,32-33
Field Hockey,Liberty,liberty,2017,semifinalist,32-33
Field Hockey,Liberty,liberty,2018,champion,32-33
Field Hockey,Liberty,liberty,2021,semifinalist,32-33
Field Hockey,Linganore,linganore,1980,champion,32-33
Field Hockey,Linganore,linganore,1988,semifinalist,32-33
Field Hockey,Linganore,linganore,1993,champion,32-33
Field Hockey,Linganore,linganore,2012,semifinalist,32-33
Field Hockey,Linganore,linganore,2014,finalist,32-33
Field Hockey,Loch Raven,loch-raven,1978,semifinalist,32-33
Field Hockey,Loch Raven,loch-raven,1979,champion,32-33
Field Hockey,Loch Raven,loch-raven,1982,semifinalist,32-33
Field Hockey,Loch Raven,loch-raven,1987,champion,32-33
Field Hockey,Loch Raven,loch-raven,1989,finalist,32-33
Field Hockey,Loch Raven,loch-raven,1992,champion,32-33
Field Hockey,Loch Raven,loch-raven,1996,semifinalist,32-33
Field Hockey,Loch Raven,loch-raven,2008,semifinalist,32-33
Field Hockey,Loch Raven,loch-raven,2011,semifinalist,32-33
Field Hockey,Loch Raven,loch-raven,2014,semifinalist,32-33
Field Hockey,Long Reach,long-reach,1999,finalist,32-33
Field Hockey,Long Reach,long-reach,2000,finalist,32-33
Field Hockey,Long Reach,long-reach,2024,finalist,32-33
Field Hockey,Manchester Valley,manchester-valley,2009,semifinalist,32-33
Field Hockey,Manchester Valley,manchester-valley,2010,semifinalist,32-33
Field Hockey,Manchester Valley,manchester-valley,2011,semifinalist,32-33
Field Hockey,Manchester Valley,manchester-valley,2012,semifinalist,32-33
Field Hockey,Manchester Valley,manchester-valley,2015,semifinalist,32-33
Field Hockey,Manchester Valley,manchester-valley,2016,semifinalist,32-33
Field Hockey,Manchester Valley,manchester-valley,2021,semifinalist,32-33
Field Hockey,Manchester Valley,manchester-valley,2022,finalist,32-33
Field Hockey,Manchester Valley,manchester-valley,2023,semifinalist,32-33
Field Hockey,Manchester Valley,manchester-valley,2024,champion,32-33
Field Hockey,Mardela,mardela,1978,champion,32-33
Field Hockey,Mardela,mardela,1979,finalist,32-33
Field Hockey,Mardela,mardela,1982,champion,32-33
Field Hockey,Marriotts Ridge,marriotts-ridge,2015,finalist,32-33
Field Hockey,Marriotts Ridge,marriotts-ridge,2019,champion,32-33
Field Hockey,Marriotts Ridge,marriotts-ridge,2021,semifinalist,32-33
Field Hockey,Marriotts Ridge,marriotts-ridge,2022,finalist,32-33
Field Hockey,Middletown,middletown,1977,finalist,32-33
Field Hockey,Middletown,middletown,1978,semifinalist,32-33
Field Hockey,Middletown,middletown,1981,champion,32-33
Field Hockey,Middletown,middletown,1983,semifinalist,32-33
Field Hockey,Middletown,middletown,1984,champion,32-33
Field Hockey,Middletown,middletown,1985,champion,32-33
Field Hockey,Middletown,middletown,1986,champion,32-33
Field Hockey,Middletown,middletown,1987,champion,32-33
Field Hockey,Middletown,middletown,1990,semifinalist,32-33
Field Hockey,Middletown,middletown,1991,champion,32-33
Field Hockey,Middletown,middletown,2005,semifinalist,32-33
Field Hockey,Mount Hebron,mount-hebron,1981,semifinalist,32-33
Field Hockey,Mount Hebron,mount-hebron,1982,semifinalist,32-33
Field Hockey,Mount Hebron,mount-hebron,1997,finalist,32-33
Field Hockey,Mount Hebron,mount-hebron,1998,semifinalist,32-33
Field Hockey,Mount Hebron,mount-hebron,1999,finalist,32-33
Field Hockey,Mount Hebron,mount-hebron,2001,finalist,32-33
Field Hockey,Mount Hebron,mount-hebron,2009,semifinalist,32-33
Field Hockey,Mount Hebron,mount-hebron,2011,finalist,32-33
Field Hockey,Mount Hebron,mount-hebron,2023,champion,32-33
Field Hockey,North Carroll,north-carroll,1977,champion,32-33
Field Hockey,North Carroll,north-carroll,1977,semifinalist,32-33
Field Hockey,North Carroll,north-carroll,1978,finalist,32-33
Field Hockey,North Carroll,north-carroll,1983,semifinalist,32-33
Field Hockey,North Carroll,north-carroll,1986,finalist,32-33
Field Hockey,North Carroll,north-carroll,1987,finalist,32-33
Field Hockey,North Carroll,north-carroll,1994,semifinalist,32-33
Field Hockey,North Carroll,north-carroll,1998,semifinalist,32-33
Field Hockey,North Carroll,north-carroll,2013,champion,32-33
Field Hockey,North Carroll,north-carroll,2014,champion,32-33
Field Hockey,North Dorchester,north-dorchester,1887,semifinalist,32-33
Field Hockey,North Dorchester,north-dorchester,1978,semifinalist,32-33
Field Hockey,North Dorchester,north-dorchester,1985,semifinalist,32-33
Field Hockey,North Dorchester,north-dorchester,1986,finalist,32-33
Field Hockey,North Dorchester,north-dorchester,1989,semifinalist,32-33
Field Hockey,North Dorchester,north-dorchester,1993,semifinalist,32-33
Field Hockey,North Dorchester,north-dorchester,1994,semifinalist,32-33
Field Hockey,North Dorchester,north-dorchester,1995,finalist,32-33
Field Hockey,North Dorchester,north-dorchester,1996,finalist,32-33
Field Hockey,North Dorchester,north-dorchester,2001,semifinalist,32-33
Field Hockey,North Dorchester,north-dorchester,2004,semifinalist,32-33
Field Hockey,North Dorchester,north-dorchester,2019,semifinalist,32-33
Field Hockey,North Harford,north-harford,1975,champion,32-33
Field Hockey,North Harford,north-harford,1983,semifinalist,32-33
Field Hockey,North Harford,north-harford,1984,semifinalist,32-33
Field Hockey,North Harford,north-harford,1994,finalist,32-33
Field Hockey,North Harford,north-harford,1997,champion,32-33
Field Hockey,North Harford,north-harford,1998,semifinalist,32-33
Field Hockey,North Harford,north-harford,2001,semifinalist,32-33
Field Hockey,North Harford,north-harford,2004,semifinalist,32-33
Field Hockey,North Harford,north-harford,2005,semifinalist,32-33
Field Hockey,North Harford,north-harford,2009,semifinalist,32-33
Field Hockey,North Harford,north-harford,2010,finalist,32-33
Field Hockey,North Harford,north-harford,2010,semifinalist,32-33
Field Hockey,North Harford,north-harford,2012,semifinalist,32-33
Field Hockey,North Harford,north-harford,2023,finalist,32-33
Field Hockey,Oakdale,oakdale,2019,finalist,32-33
Field Hockey,Oakland Mills,oakland-mills,1988,semifinalist,32-33
Field Hockey,Oakland Mills,oakland-mills,1989,finalist,32-33
Field Hockey,Parkside,parkside,1984,semifinalist,32-33
Field Hockey,Parkside,parkside,1993,finalist,32-33
Field Hockey,Parkside,parkside,1999,semifinalist,32-33
Field Hockey,Parkside,parkside,2005,champion,32-33
Field Hockey,Parkside,parkside,2019,semifinalist,32-33
Field Hockey,Parkville,parkville,1985,finalist,32-33
Field Hockey,Parkville,parkville,1986,semifinalist,32-33
Field Hockey,Parkville,parkville,1987,semifinalist,32-33
Field Hockey,Parkville,parkville,1988,semifinalist,32-33
Field Hockey,Patapsco,patapsco,1978,finalist,32-33
Field Hockey,Patterson Mill,patterson-mill,2008,semifinalist,32-33
Field Hockey,Patterson Mill,patterson-mill,2009,semifinalist,32-33
Field Hockey,Patterson Mill,patterson-mill,2010,finalist,32-33
Field Hockey,Patterson Mill,patterson-mill,2013,finalist,32-33
Field Hockey,Patterson Mill,patterson-mill,2015,semifinalist,32-33
Field Hockey,Patterson Mill,patterson-mill,2016,semifinalist,32-33
Field Hockey,Patuxent,patuxent,2005,finalist,32-33
Field Hockey,Patuxent,patuxent,2007,semifinalist,32-33
Field Hockey,Patuxent,patuxent,2008,semifinalist,32-33
Field Hockey,Patuxent,patuxent,2015,finalist,32-33
Field Hockey,Patuxent,patuxent,2016,semifinalist,32-33
Field Hockey,Patuxent,patuxent,2017,champion,32-33
Field Hockey,Patuxent,patuxent,2018,finalist,32-33
Field Hockey,Patuxent,patuxent,2019,semifinalist,32-33
Field Hockey,Patuxent,patuxent,2021,finalist,32-33
Field Hockey,Patuxent,patuxent,2022,semifinalist,32-33
Field Hockey,Patuxent,patuxent,2023,semifinalist,32-33
Field Hockey,Perry Hall,perry-hall,1980,finalist,32-33
Field Hockey,Perry Hall,perry-hall,1981,finalist,32-33
Field Hockey,Perry Hall,perry-hall,1982,champion,32-33
Field Hockey,Perry Hall,perry-hall,1983,finalist,32-33
Field Hockey,Perry Hall,perry-hall,1984,finalist,32-33
Field Hockey,Pocomoke,pocomoke,1983,champion,32-33
Field Hockey,Pocomoke,pocomoke,1987,champion,32-33
Field Hockey,Pocomoke,pocomoke,1988,finalist,32-33
Field Hockey,Pocomoke,pocomoke,1989,champion,32-33
Field Hockey,Pocomoke,pocomoke,1990,finalist,32-33
Field Hockey,Pocomoke,pocomoke,1991,finalist,32-33
Field Hockey,Pocomoke,pocomoke,1992,champion,32-33
Field Hockey,Pocomoke,pocomoke,1993,finalist,32-33
Field Hockey,Pocomoke,pocomoke,1994,champion,32-33
Field Hockey,Pocomoke,pocomoke,1995,champion,32-33
Field Hockey,Pocomoke,pocomoke,1996,champion,32-33
Field Hockey,Pocomoke,pocomoke,1997,champion,32-33
Field Hockey,Pocomoke,pocomoke,1998,champion,32-33
Field Hockey,Pocomoke,pocomoke,2001,champion,32-33
Field Hockey,Pocomoke,pocomoke,2003,champion,32-33
Field Hockey,Pocomoke,pocomoke,2004,champion,32-33
Field Hockey,Pocomoke,pocomoke,2005,champion,32-33
Field Hockey,Pocomoke,pocomoke,2006,champion,32-33
Field Hockey,Pocomoke,pocomoke,2007,champion,32-33
Field Hockey,Pocomoke,pocomoke,2008,champion,32-33
Field Hockey,Pocomoke,pocomoke,2009,champion,32-33
Field Hockey,Pocomoke,pocomoke,2010,champion,32-33
Field Hockey,Pocomoke,pocomoke,2011,finalist,32-33
Field Hockey,Pocomoke,pocomoke,2015,champion,32-33
Field Hockey,Pocomoke,pocomoke,2021,champion,32-33
Field Hockey,Pocomoke,pocomoke,2022,champion,32-33
Field Hockey,Pocomoke,pocomoke,2023,finalist,32-33
Field Hockey,Pocomoke,pocomoke,2024,champion,32-33
Field Hockey,Poolesville,poolesville,2002,champion,32-33
Field Hockey,Poolesville,poolesville,2003,finalist,32-33
Field Hockey,Poolesville,poolesville,2004,finalist,32-33
Field Hockey,Poolesville,poolesville,2007,finalist,32-33
Field Hockey,Poolesville,poolesville,2011,finalist,32-33
Field Hockey,Poolesville,poolesville,2011,semifinalist,32-33
Field Hockey,Poolesville,poolesville,2016,finalist,32-33
Field Hockey,Poolesville,poolesville,2023,semifinalist,32-33
Field Hockey,Poolesville,poolesville,2024,semifinalist,32-33
Field Hockey,Quince Orchard,quince-orchard,1998,semifinalist,32-33
Field Hockey,Quince Orchard,quince-orchard,1999,semifinalist,32-33
Field Hockey,Quince Orchard,quince-orchard,2000,semifinalist,32-33
Field Hockey,Quince Orchard,quince-orchard,2001,champion,32-33
Field Hockey,Quince Orchard,quince-orchard,2003,finalist,32-33
Field Hockey,Quince Orchard,quince-orchard,2004,semifinalist,32-33
Field Hockey,Quince Orchard,quince-orchard,2006,champion,32-33
Field Hockey,Quince Orchard,quince-orchard,2007,finalist,32-33
Field Hockey,Quince Orchard,quince-orchard,2008,semifinalist,32-33
Field Hockey,Quince Orchard,quince-orchard,2010,semifinalist,32-33
Field Hockey,Quince Orchard,quince-orchard,2014,semifinalist,32-33
Field Hockey,Quince Orchard,quince-orchard,2019,semifinalist,32-33
Field Hockey,Richard Montgomery,richard-montgomery,1983,finalist,32-33
Field Hockey,Richard Montgomery,richard-montgomery,1984,champion,32-33
Field Hockey,Richard Montgomery,richard-montgomery,1988,finalist,32-33
Field Hockey,Richard Montgomery,richard-montgomery,1989,semifinalist,32-33
Field Hockey,Richard Montgomery,richard-montgomery,1992,semifinalist,32-33
Field Hockey,Richard Montgomery,richard-montgomery,1993,finalist,32-33
Field Hockey,Richard Montgomery,richard-montgomery,1999,semifinalist,32-33
Field Hockey,Richard Montgomery,richard-montgomery,2000,semifinalist,32-33
Field Hockey,Rising Sun,rising-sun,1979,semifinalist,32-33
Field Hockey,Rising Sun,rising-sun,1984,finalist,32-33
Field Hockey,Rising Sun,rising-sun,1987,semifinalist,32-33
Field Hockey,Rising Sun,rising-sun,1988,semifinalist,32-33
Field Hockey,Rising Sun,rising-sun,1989,semifinalist,32-33
Field Hockey,Rising Sun,rising-sun,1991,semifinalist,32-33
Field Hockey,Rising Sun,rising-sun,1992,semifinalist,32-33
Field Hockey,Rising Sun,rising-sun,1995,finalist,32-33
Field Hockey,Rising Sun,rising-sun,1996,semifinalist,32-33
Field Hockey,Rising Sun,rising-sun,1999,semifinalist,32-33
Field Hockey,Rising Sun,rising-sun,2000,finalist,32-33
Field Hockey,Rising Sun,rising-sun,2002,champion,32-33
Field Hockey,Rising Sun,rising-sun,2003,champion,32-33
Field Hockey,Rising Sun,rising-sun,2005,finalist,32-33
Field Hockey,Rising Sun,rising-sun,2006,champion,32-33
Field Hockey,Rising Sun,rising-sun,2007,champion,32-33
Field Hockey,River Hill,river-hill,2010,champion,32-33
Field Hockey,River Hill,river-hill,2019,semifinalist,32-33
Field Hockey,River Hill,river-hill,2021,finalist,32-33
Field Hockey,River Hill,river-hill,2022,finalist,32-33
Field Hockey,Severna Park,severna-park,1979,champion,32-33
Field Hockey,Severna Park,severna-park,1980,champion,32-33
Field Hockey,Severna Park,severna-park,1981,champion,32-33
Field Hockey,Severna Park,severna-park,1982,semifinalist,32-33
Field Hockey,Severna Park,severna-park,1985,semifinalist,32-33
Field Hockey,Severna Park,severna-park,1986,champion,32-33
Field Hockey,Severna Park,severna-park,1987,champion,32-33
Field Hockey,Severna Park,severna-park,1988,finalist,32-33
Field Hockey,Severna Park,severna-park,1989,semifinalist,32-33
Field Hockey,Severna Park,severna-park,1990,finalist,32-33
Field Hockey,Severna Park,severna-park,1991,finalist,32-33
Field Hockey,Severna Park,severna-park,1992,champion,32-33
Field Hockey,Severna Park,severna-park,1993,champion,32-33
Field Hockey,Severna Park,severna-park,1994,champion,32-33
Field Hockey,Severna Park,severna-park,1995,champion,32-33
Field Hockey,Severna Park,severna-park,1996,finalist,32-33
Field Hockey,Severna Park,severna-park,1997,champion,32-33
Field Hockey,Severna Park,severna-park,1998,champion,32-33
Field Hockey,Severna Park,severna-park,1999,champion,32-33
Field Hockey,Severna Park,severna-park,2000,champion,32-33
Field Hockey,Severna Park,severna-park,2003,champion,32-33
Field Hockey,Severna Park,severna-park,2005,champion,32-33
Field Hockey,Severna Park,severna-park,2006,champion,32-33
Field Hockey,Severna Park,severna-park,2007,champion,32-33
Field Hockey,Severna Park,severna-park,2008,champion,32-33
Field Hockey,Severna Park,severna-park,2009,champion,32-33
Field Hockey,Severna Park,severna-park,2010,semifinalist,32-33
Field Hockey,Severna Park,severna-park,2011,champion,32-33
Field Hockey,Severna Park,severna-park,2013,champion,32-33
Field Hockey,Severna Park,severna-park,2014,champion,32-33
Field Hockey,Severna Park,severna-park,2015,champion,32-33
Field Hockey,Severna Park,severna-park,2019,champion,32-33
Field Hockey,Severna Park,severna-park,2021,champion,32-33
Field Hockey,Severna Park,severna-park,2024,champion,32-33
Field Hockey,Sherwood,sherwood,1980,champion,32-33
Field Hockey,Sherwood,sherwood,1982,finalist,32-33
Field Hockey,Sherwood,sherwood,1985,champion,32-33
Field Hockey,Sherwood,sherwood,2013,semifinalist,32-33
Field Hockey,South Carroll,south-carroll,1980,champion,32-33
Field Hockey,South Carroll,south-carroll,1983,champion,32-33
Field Hockey,South Carroll,south-carroll,1991,champion,32-33
Field Hockey,South Carroll,south-carroll,1992,finalist,32-33
Field Hockey,South Carroll,south-carroll,2002,champion,32-33
Field Hockey,South Carroll,south-carroll,2003,semifinalist,32-33
Field Hockey,South Carroll,south-carroll,2004,semifinalist,32-33
Field Hockey,South Carroll,south-carroll,2018,champion,32-33
Field Hockey,South Carroll,south-carroll,2022,finalist,32-33
Field Hockey,South Carroll,south-carroll,2023,champion,32-33
Field Hockey,South River,south-river,2000,champion,32-33
Field Hockey,South River,south-river,2003,semifinalist,32-33
Field Hockey,South River,south-river,2004,champion,32-33
Field Hockey,South River,south-river,2005,champion,32-33
Field Hockey,South River,south-river,2006,finalist,32-33
Field Hockey,South River,south-river,2012,champion,32-33
Field Hockey,South River,south-river,2016,champion,32-33
Field Hockey,South River,south-river,2017,champion,32-33
Field Hockey,South River,south-river,2018,champion,32-33
Field Hockey,Springbrook,springbrook,1981,semifinalist,32-33
Field Hockey,Springbrook,springbrook,1986,semifinalist,32-33
Field Hockey,Springbrook,springbrook,2003,champion,32-33
Field Hockey,Springbrook,springbrook,2005,finalist,32-33
Field Hockey,Springbrook,springbrook,2008,semifinalist,32-33
Field Hockey,Springbrook,springbrook,2011,semifinalist,32-33
Field Hockey,Springbrook,springbrook,2015,semifinalist,32-33
Field Hockey,Springbrook,springbrook,2016,semifinalist,32-33
Field Hockey,St. Michaels,st-michaels,1981,finalist,32-33
Field Hockey,St. Michaels,st-michaels,1982,finalist,32-33
Field Hockey,St. Michaels,st-michaels,1983,finalist,32-33
Field Hockey,St. Michaels,st-michaels,1984,semifinalist,32-33
Field Hockey,St. Michaels,st-michaels,1987,semifinalist,32-33
Field Hockey,Thomas S. Wootton,thomas-s-wootton,1978,finalist,32-33
Field Hockey,Thomas S. Wootton,thomas-s-wootton,1994,semifinalist,32-33
Field Hockey,Thomas S. Wootton,thomas-s-wootton,2007,semifinalist,32-33
Field Hockey,Thomas S. Wootton,thomas-s-wootton,2013,finalist,32-33
Field Hockey,Thomas S. Wootton,thomas-s-wootton,2015,finalist,32-33
Field Hockey,Thomas S. Wootton,thomas-s-wootton,2023,semifinalist,32-33
Field Hockey,Towson,towson,1979,semifinalist,32-33
Field Hockey,Towson,towson,1991,semifinalist,32-33
Field Hockey,Towson,towson,1995,semifinalist,32-33
Field Hockey,Towson,towson,1997,semifinalist,32-33
Field Hockey,Towson,towson,2002,finalist,32-33
Field Hockey,Urbana,urbana,2013,semifinalist,32-33
Field Hockey,Urbana,urbana,2017,semifinalist,32-33
Field Hockey,Urbana,urbana,2019,finalist,32-33
Field Hockey,Walt Whitman,walt-whitman,1995,finalist,32-33
Field Hockey,Walt Whitman,walt-whitman,1996,semifinalist,32-33
Field Hockey,Walt Whitman,walt-whitman,1997,semifinalist,32-33
Field Hockey,Walt Whitman,walt-whitman,1999,finalist,32-33
Field Hockey,Walt Whitman,walt-whitman,2000,finalist,32-33
Field Hockey,Walt Whitman,walt-whitman,2001,semifinalist,32-33
Field Hockey,Walt Whitman,walt-whitman,2002,semifinalist,32-33
Field Hockey,Walt Whitman,walt-whitman,2004,finalist,32-33
Field Hockey,Walt Whitman,walt-whitman,2006,semifinalist,32-33
Field Hockey,Walt Whitman,walt-whitman,2021,semifinalist,32-33
Field Hockey,Walt Whitman,walt-whitman,2022,semifinalist,32-33
Field Hockey,Walt Whitman,walt-whitman,2023,semifinalist,32-33
Field Hockey,Walt Whitman,walt-whitman,2024,semifinalist,32-33
Field Hockey,Walter Johnson,walter-johnson,1977,finalist,32-33
Field Hockey,Walter Johnson,walter-johnson,1989,champion,32-33
Field Hockey,Walter Johnson,walter-johnson,1990,semifinalist,32-33
Field Hockey,Walter Johnson,walter-johnson,1997,semifinalist,32-33
Field Hockey,Walter Johnson,walter-johnson,1998,finalist,32-33
Field Hockey,Walter Johnson,walter-johnson,2001,semifinalist,32-33
Field Hockey,Walter Johnson,walter-johnson,2012,semifinalist,32-33
Field Hockey,Washington,washington,1980,finalist,32-33
Field Hockey,Washington,washington,1984,semifinalist,32-33
Field Hockey,Washington,washington,1986,semifinalist,32-33
Field Hockey,Washington,washington,1999,champion,32-33
Field Hockey,Washington,washington,2000,champion,32-33
Field Hockey,Washington,washington,2019,finalist,32-33
Field Hockey,Westminster,westminster,1976,champion,32-33
Field Hockey,Westminster,westminster,1983,semifinalist,32-33
Field Hockey,Westminster,westminster,1984,champion,32-33
Field Hockey,Westminster,westminster,1985,champion,32-33
Field Hockey,Westminster,westminster,1987,semifinalist,32-33
Field Hockey,Westminster,westminster,1989,semifinalist,32-33
Field Hockey,Westminster,westminster,1990,semifinalist,32-33
Field Hockey,Westminster,westminster,1991,champion,32-33
Field Hockey,Westminster,westminster,1992,finalist,32-33
Field Hockey,Westminster,westminster,1993,semifinalist,32-33
Field Hockey,Westminster,westminster,1994,semifinalist,32-33
Field Hockey,Westminster,westminster,1995,semifinalist,32-33
Field Hockey,Westminster,westminster,1996,champion,32-33
Field Hockey,Westminster,westminster,1997,finalist,32-33
Field Hockey,Westminster,westminster,1999,semifinalist,32-33
Field Hockey,Westminster,westminster,2000,semifinalist,32-33
Field Hockey,Westminster,westminster,2001,champion,32-33
Field Hockey,Westminster,westminster,2002,finalist,32-33
Field Hockey,Westminster,westminster,2007,semifinalist,32-33
Field Hockey,Westminster,westminster,2008,semifinalist,32-33
Field Hockey,Westminster,westminster,2009,finalist,32-33
Field Hockey,Westminster,westminster,2010,champion,32-33
Field Hockey,Westminster,westminster,2011,champion,32-33
Field Hockey,Westminster,westminster,2014,champion,32-33
Field Hockey,Westminster,westminster,2015,finalist,32-33
Field Hockey,Westminster,westminster,2016,finalist,32-33
Field Hockey,Westminster,westminster,2018,semifinalist,32-33
Field Hockey,Westminster,westminster,2021,semifinalist,32-33
Field Hockey,Westminster,westminster,2022,semifinalist,32-33
Field Hockey,Westminster,westminster,2024,finalist,32-33
Field Hockey,Winston Churchill,winston-churchill,1975,finalist,32-33
Field Hockey,Winston Churchill,winston-churchill,1977,semifinalist,32-33
Field Hockey,Winston Churchill,winston-churchill,1978,champion,32-33
Field Hockey,Winston Churchill,winston-churchill,1979,finalist,32-33
Field Hockey,Winston Churchill,winston-churchill,1980,semifinalist,32-33
Field Hockey,Winston Churchill,winston-churchill,1982,finalist,32-33
Field Hockey,Winston Churchill,winston-churchill,1983,champion,32-33
Field Hockey,Winston Churchill,winston-churchill,1984,semifinalist,32-33
Field Hockey,Winston Churchill,winston-churchill,1985,finalist,32-33
Field Hockey,Winston Churchill,winston-churchill,1986,semifinalist,32-33
Field Hockey,Winston Churchill,winston-churchill,1987,semifinalist,32-33
Field Hockey,Winston Churchill,winston-churchill,1997,semifinalist,32-33
Field Hockey,Winston Churchill,winston-churchill,2005,semifinalist,32-33
Field Hockey,Winston Churchill,winston-churchill,2016,finalist,32-33
Field Hockey,Winston Churchill,winston-churchill,2017,semifinalist,32-33
Field Hockey,Winston Churchill,winston-churchill,2018,semifinalist,32-33
Field Hockey,Winston Churchill,winston-churchill,2021,finalist,32-33
Field Hockey,Winston Churchill,winston-churchill,2022,finalist,32-33
Field Hockey,Winston Churchill,winston-churchill,2023,finalist,32-33
Field Hockey,Winters Mill,winters-mill,2006,semifinalist,32-33
Field Hockey,Winters Mill,winters-mill,2008,finalist,32-33
Football,Aberdeen,aberdeen,1986,quarterfinal,40-45
Football,Aberdeen,aberdeen,1989,quarterfinal,40-45
Football,Aberdeen,aberdeen,1991,quarterfinal,40-45
Football,Aberdeen,aberdeen,1994,quarterfinal,40-45
Football,Aberdeen,aberdeen,1996,quarterfinal,40-45
Football,Aberdeen,aberdeen,1997,quarterfinal,40-45
Football,Aberdeen,aberdeen,2003,champion,40-45
Football,Aberdeen,aberdeen,2011,semifinalist,40-45
Football,Allegany,allegany,1977,semifinalist,40-45
Football,Allegany,allegany,1978,champion,40-45
Football,Allegany,allegany,1980,champion,40-45
Football,Allegany,allegany,1982,semifinalist,40-45
Football,Allegany,allegany,1983,champion,40-45
Football,Allegany,allegany,1985,runner_up,40-45
Football,Allegany,allegany,1986,runner_up,40-45
Football,Allegany,allegany,1987,quarterfinal,40-45
Football,Allegany,allegany,1988,champion,40-45
Football,Allegany,allegany,1989,champion,40-45
Football,Allegany,allegany,1991,champion,40-45
Football,Allegany,allegany,1994,semifinalist,40-45
Football,Allegany,allegany,1997,semifinalist,40-45
Football,Allegany,allegany,1998,quarterfinal,40-45
Football,Allegany,allegany,2001,champion,40-45
Football,Allegany,allegany,2004,semifinalist,40-45
Football,Allegany,allegany,2005,champion,40-45
Football,Allegany,allegany,2007,runner_up,40-45
Football,Allegany,allegany,2009,semifinalist,40-45
Football,Annapolis,annapolis,1978,champion,40-45
Football,Annapolis,annapolis,1984,runner_up,40-45
Football,Annapolis,annapolis,1985,quarterfinal,40-45
Football,Annapolis,annapolis,1986,quarterfinal,40-45
Football,Annapolis,annapolis,1987,quarterfinal,40-45
Football,Annapolis,annapolis,1988,quarterfinal,40-45
Football,Annapolis,annapolis,1989,quarterfinal,40-45
Football,Annapolis,annapolis,1992,semifinalist,40-45
Football,Annapolis,annapolis,1997,quarterfinal,40-45
Football,Annapolis,annapolis,1998,quarterfinal,40-45
Football,Annapolis,annapolis,1999,quarterfinal,40-45
Football,Annapolis,annapolis,2000,runner_up,40-45
Football,Annapolis,annapolis,2001,quarterfinal,40-45
Football,Annapolis,annapolis,2002,quarterfinal,40-45
Football,Annapolis,annapolis,2016,semifinalist,40-45
Football,Arundel,arundel,1975,champion,40-45
Football,Arundel,arundel,1985,quarterfinal,40-45
Football,Arundel,arundel,1994,quarterfinal,40-45
Football,Arundel,arundel,1995,quarterfinal,40-45
Football,Arundel,arundel,2019,quarterfinal,40-45
Football,Arundel,arundel,2024,champion,40-45
Football,Atholton,atholton,1975,semifinalist,40-45
Football,Atholton,atholton,1976,semifinalist,40-45
Football,Atholton,atholton,1981,semifinalist,40-45
Football,Atholton,atholton,1985,quarterfinal,40-45
Football,Atholton,atholton,1990,quarterfinal,40-45
Football,Atholton,atholton,1993,runner_up,40-45
Football,Atholton,atholton,1994,semifinalist,40-45
Football,Atholton,atholton,1995,quarterfinal,40-45
Football,Atholton,atholton,1997,runner_up,40-45
Football,Atholton,atholton,2002,runner_up,40-45
Football,Atholton,atholton,2003,runner_up,40-45
Football,Atholton,atholton,2021,quarterfinal,40-45
Football,Atholton,atholton,2022,quarterfinal,40-45
Football,Atholton,atholton,2024,quarterfinal,40-45
Football,Bohemia Manor,bohemia-manor,1985,semifinalist,40-45
Football,Bohemia Manor,bohemia-manor,1988,semifinalist,40-45
Football,Bohemia Manor,bohemia-manor,1994,quarterfinal,40-45
Football,Bohemia Manor,bohemia-manor,1998,quarterfinal,40-45
Football,Bohemia Manor,bohemia-manor,1999,quarterfinal,40-45
Football,Bohemia Manor,bohemia-manor,2002,champion,40-45
Football,Bohemia Manor,bohemia-manor,2022,quarterfinal,40-45
Football,Boonsboro,boonsboro,1975,semifinalist,40-45
Football,Boonsboro,boonsboro,1993,champion,40-45
Football,Boonsboro,boonsboro,1994,runner_up,40-45
Football,Boonsboro,boonsboro,2001,semifinalist,40-45
Football,Bowie,bowie,1976,runner_up,40-45
Football,Bowie,bowie,1979,semifinalist,40-45
Football,Bowie,bowie,1985,quarterfinal,40-45
Football,Bowie,bowie,1986,quarterfinal,40-45
Football,Bowie,bowie,1987,semifinalist,40-45
Football,Bowie,bowie,2001,champion,40-45
Football,Broadneck,broadneck,1983,semifinalist,40-45
Football,Broadneck,broadneck,1997,quarterfinal,40-45
Football,Broadneck,broadneck,1998,semifinalist,40-45
Football,Broadneck,broadneck,2000,semifinalist,40-45
Football,Broadneck,broadneck,2001,quarterfinal,40-45
Football,Broadneck,broadneck,2002,quarterfinal,40-45
Football,Broadneck,broadneck,2003,runner_up,40-45
Football,Broadneck,broadneck,2004,semifinalist,40-45
Football,Broadneck,broadneck,2006,semifinalist,40-45
Football,Broadneck,broadneck,2010,semifinalist,40-45
Football,Broadneck,broadneck,2015,semifinalist,40-45
Football,Broadneck,broadneck,2021,quarterfinal,40-45
Football,Broadneck,broadneck,2022,semifinalist,40-45
Football,Broadneck,broadneck,2023,runner_up,40-45
Football,Broadneck,broadneck,2024,semifinalist,40-45
Football,Brunswick,brunswick,1985,quarterfinal,40-45
Football,Brunswick,brunswick,1987,quarterfinal,40-45
Football,Brunswick,brunswick,1992,quarterfinal,40-45
Football,Brunswick,brunswick,1995,quarterfinal,40-45
Football,Brunswick,brunswick,1998,quarterfinal,40-45
Football,Brunswick,brunswick,1999,runner_up,40-45
Football,Brunswick,brunswick,2005,semifinalist,40-45
Football,Brunswick,brunswick,2010,semifinalist,40-45
Football,Brunswick,brunswick,2012,semifinalist,40-45
Football,Brunswick,brunswick,2021,quarterfinal,40-45
Football,Brunswick,brunswick,2022,semifinalist,40-45
Football,C. Milton Wright,c-milton-wright,1988,quarterfinal,40-45
Football,C. Milton Wright,c-milton-wright,1989,quarterfinal,40-45
Football,C. Milton Wright,c-milton-wright,1990,runner_up,40-45
Football,C. Milton Wright,c-milton-wright,1991,quarterfinal,40-45
Football,C. Milton Wright,c-milton-wright,1992,semifinalist,40-45
Football,C. Milton Wright,c-milton-wright,1993,semifinalist,40-45
Football,C. Milton Wright,c-milton-wright,1994,semifinalist,40-45
Football,C. Milton Wright,c-milton-wright,1995,semifinalist,40-45
Football,C. Milton Wright,c-milton-wright,1998,semifinalist,40-45
Football,Calvert,calvert,2000,champion,40-45
Football,Cambridge-South Dorchester,cambridge-south-dorchester,1974,semifinalist,40-45
Football,Cambridge-South Dorchester,cambridge-south-dorchester,1975,semifinalist,40-45
Football,Cambridge-South Dorchester,cambridge-south-dorchester,1976,runner_up,40-45
Football,Cambridge-South Dorchester,cambridge-south-dorchester,1977,runner_up,40-45
Football,Cambridge-South Dorchester,cambridge-south-dorchester,1978,runner_up,40-45
Football,Cambridge-South Dorchester,cambridge-south-dorchester,1979,champion,40-45
Football,Cambridge-South Dorchester,cambridge-south-dorchester,1983,semifinalist,40-45
Football,Cambridge-South Dorchester,cambridge-south-dorchester,1984,runner_up,40-45
Football,Cambridge-South Dorchester,cambridge-south-dorchester,1985,semifinalist,40-45
Football,Cambridge-South Dorchester,cambridge-south-dorchester,1987,quarterfinal,40-45
Football,Cambridge-South Dorchester,cambridge-south-dorchester,1991,quarterfinal,40-45
Football,Cambridge-South Dorchester,cambridge-south-dorchester,1992,runner_up,40-45
Football,Cambridge-South Dorchester,cambridge-south-dorchester,1993,semifinalist,40-45
Football,Cambridge-South Dorchester,cambridge-south-dorchester,1994,semifinalist,40-45
Football,Cambridge-South Dorchester,cambridge-south-dorchester,1995,champion,40-45
Football,Cambridge-South Dorchester,cambridge-south-dorchester,1996,champion,40-45
Football,Cambridge-South Dorchester,cambridge-south-dorchester,1997,semifinalist,40-45
Football,Cambridge-South Dorchester,cambridge-south-dorchester,1998,semifinalist,40-45
Football,Cambridge-South Dorchester,cambridge-south-dorchester,1999,semifinalist,40-45
Football,Cambridge-South Dorchester,cambridge-south-dorchester,2000,quarterfinal,40-45
Football,Cambridge-South Dorchester,cambridge-south-dorchester,2013,semifinalist,40-45
Football,Cambridge-South Dorchester,cambridge-south-dorchester,2014,semifinalist,40-45
Football,Cambridge-South Dorchester,cambridge-south-dorchester,2019,semifinalist,40-45
Football,Cambridge-South Dorchester,cambridge-south-dorchester,2023,semifinalist,40-45
Football,Cambridge-South Dorchester,cambridge-south-dorchester,2024,quarterfinal,40-45
Football,Catoctin,catoctin,1982,semifinalist,40-45
Football,Catoctin,catoctin,1986,semifinalist,40-45
Football,Catoctin,catoctin,2008,semifinalist,40-45
Football,Catoctin,catoctin,2009,champion,40-45
Football,Catoctin,catoctin,2019,champion,40-45
Football,Catoctin,catoctin,2023,quarterfinal,40-45
Football,Charles H. Flowers,charles-h-flowers,2011,semifinalist,40-45
Football,Charles H. Flowers,charles-h-flowers,2019,quarterfinal,40-45
Football,Charles H. Flowers,charles-h-flowers,2021,semifinalist,40-45
Football,Charles H. Flowers,charles-h-flowers,2022,runner_up,40-45
Football,Charles H. Flowers,charles-h-flowers,2024,semifinalist,40-45
Football,Col. Zadok Magruder,col-zadok-magruder,1984,champion,40-45
Football,Col. Zadok Magruder,col-zadok-magruder,1986,champion,40-45
Football,Col. Zadok Magruder,col-zadok-magruder,1988,semifinalist,40-45
Football,Col. Zadok Magruder,col-zadok-magruder,1989,runner_up,40-45
Football,Crossland,crossland,1977,semifinalist,40-45
Football,Crossland,crossland,1978,semifinalist,40-45
Football,Crossland,crossland,1992,runner_up,40-45
Football,Crossland,crossland,1995,semifinalist,40-45
Football,Damascus,damascus,1981,champion,40-45
Football,Damascus,damascus,1987,quarterfinal,40-45
Football,Damascus,damascus,1989,runner_up,40-45
Football,Damascus,damascus,1990,runner_up,40-45
Football,Damascus,damascus,1992,champion,40-45
Football,Damascus,damascus,1993,champion,40-45
Football,Damascus,damascus,1996,champion,40-45
Football,Damascus,damascus,1998,quarterfinal,40-45
Football,Damascus,damascus,1999,semifinalist,40-45
Football,Damascus,damascus,2000,quarterfinal,40-45
Football,Damascus,damascus,2001,quarterfinal,40-45
Football,Damascus,damascus,2002,semifinalist,40-45
Football,Damascus,damascus,2003,champion,40-45
Football,Damascus,damascus,2004,runner_up,40-45
Football,Damascus,damascus,2005,champion,40-45
Football,Damascus,damascus,2007,champion,40-45
Football,Damascus,damascus,2010,semifinalist,40-45
Football,Damascus,damascus,2014,runner_up,40-45
Football,Damascus,damascus,2015,champion,40-45
Football,Damascus,damascus,2016,champion,40-45
Football,Damascus,damascus,2017,champion,40-45
Football,Damascus,damascus,2019,champion,40-45
Football,Damascus,damascus,2022,champion,40-45
Football,Damascus,damascus,2024,quarterfinal,40-45
Football,DuVal,duval,1988,champion,40-45
Football,DuVal,duval,1989,semifinalist,40-45
Football,DuVal,duval,2014,semifinalist,40-45
Football,Eastern Technical,eastern-technical,1997,quarterfinal,40-45
Football,Eastern Technical,eastern-technical,1998,runner_up,40-45
Football,Eastern Technical,eastern-technical,2000,quarterfinal,40-45
Football,Eastern Technical,eastern-technical,2001,quarterfinal,40-45
Football,Eastern Technical,eastern-technical,2003,semifinalist,40-45
Football,Eastern Technical,eastern-technical,2007,runner_up,40-45
Football,Eastern Technical,eastern-technical,2008,runner_up,40-45
Football,Eastern Technical,eastern-technical,2009,champion,40-45
Football,Eastern Technical,eastern-technical,2010,semifinalist,40-45
Football,Edmondson-Westside,edmondson-westside,1999,runner_up,40-45
Football,Edmondson-Westside,edmondson-westside,2000,semifinalist,40-45
Football,Edmondson-Westside,edmondson-westside,2002,semifinalist,40-45
Football,Edmondson-Westside,edmondson-westside,2006,champion,40-45
Football,Edmondson-Westside,edmondson-westside,2011,semifinalist,40-45
Football,Edmondson-Westside,edmondson-westside,2012,semifinalist,40-45
Football,Edmondson-Westside,edmondson-westside,2016,semifinalist,40-45
Football,Edmondson-Westside,edmondson-westside,2019,quarterfinal,40-45
Football,Edmondson-Westside,edmondson-westside,2021,semifinalist,40-45
Football,Eleanor Roosevelt,eleanor-roosevelt,1995,quarterfinal,40-45
Football,Eleanor Roosevelt,eleanor-roosevelt,1996,runner_up,40-45
Football,Eleanor Roosevelt,eleanor-roosevelt,1999,champion,40-45
Football,Eleanor Roosevelt,eleanor-roosevelt,2001,runner_up,40-45
Football,Elkton,elkton,1978,semifinalist,40-45
Football,Elkton,elkton,1980,runner_up,40-45
Football,Elkton,elkton,1996,semifinalist,40-45
Football,Elkton,elkton,1999,semifinalist,40-45
Football,Elkton,elkton,2000,champion,40-45
Football,Elkton,elkton,2001,semifinalist,40-45
Football,Elkton,elkton,2006,semifinalist,40-45
Football,Elkton,elkton,2007,semifinalist,40-45
Football,Elkton,elkton,2012,semifinalist,40-45
Football,Elkton,elkton,2016,runner_up,40-45
Football,Elkton,elkton,2018,semifinalist,40-45
Football,Elkton,elkton,2019,semifinalist,40-45
Football,Fairmont Heights,fairmont-heights,1983,runner_up,40-45
Football,Fairmont Heights,fairmont-heights,1985,semifinalist,40-45
Football,Fairmont Heights,fairmont-heights,1987,runner_up,40-45
Football,Fairmont Heights,fairmont-heights,1989,quarterfinal,40-45
Football,Fairmont Heights,fairmont-heights,1998,quarterfinal,40-45
Football,Fairmont Heights,fairmont-heights,2019,quarterfinal,40-45
Football,Forest Park,forest-park,1986,semifinalist,40-45
Football,Forest Park,forest-park,1987,quarterfinal,40-45
Football,Forest Park,forest-park,1988,runner_up,40-45
Football,Forest Park,forest-park,1995,quarterfinal,40-45
Football,Forest Park,forest-park,1997,quarterfinal,40-45
Football,Forest Park,forest-park,1998,quarterfinal,40-45
Football,Forest Park,forest-park,1998,runner_up,40-45
Football,Forest Park,forest-park,1999,champion,40-45
Football,Forest Park,forest-park,2000,quarterfinal,40-45
Football,Forest Park,forest-park,2000,runner_up,40-45
Football,Forest Park,forest-park,2001,quarterfinal,40-45
Football,Forest Park,forest-park,2015,semifinalist,40-45
Football,Forest Park,forest-park,2021,quarterfinal,40-45
Football,Forest Park,forest-park,2022,quarterfinal,40-45
Football,Fort Hill,fort-hill,1974,semifinalist,40-45
Football,Fort Hill,fort-hill,1975,champion,40-45
Football,Fort Hill,fort-hill,1977,semifinalist,40-45
Football,Fort Hill,fort-hill,1979,semifinalist,40-45
Football,Fort Hill,fort-hill,1984,semifinalist,40-45
Football,Fort Hill,fort-hill,1985,semifinalist,40-45
Football,Fort Hill,fort-hill,1986,runner_up,40-45
Football,Fort Hill,fort-hill,1987,semifinalist,40-45
Football,Fort Hill,fort-hill,1990,quarterfinal,40-45
Football,Fort Hill,fort-hill,1992,semifinalist,40-45
Football,Fort Hill,fort-hill,1993,quarterfinal,40-45
Football,Fort Hill,fort-hill,1994,runner_up,40-45
Football,Fort Hill,fort-hill,1995,semifinalist,40-45
Football,Fort Hill,fort-hill,1996,runner_up,40-45
Football,Fort Hill,fort-hill,1997,champion,40-45
Football,Fort Hill,fort-hill,1998,runner_up,40-45
Football,Fort Hill,fort-hill,2000,quarterfinal,40-45
Football,Fort Hill,fort-hill,2004,semifinalist,40-45
Football,Fort Hill,fort-hill,2006,runner_up,40-45
Football,Fort Hill,fort-hill,2008,runner_up,40-45
Football,Fort Hill,fort-hill,2010,semifinalist,40-45
Football,Fort Hill,fort-hill,2011,semifinalist,40-45
Football,Fort Hill,fort-hill,2013,champion,40-45
Football,Fort Hill,fort-hill,2014,champion,40-45
Football,Fort Hill,fort-hill,2015,champion,40-45
Football,Fort Hill,fort-hill,2016,champion,40-45
Football,Fort Hill,fort-hill,2017,runner_up,40-45
Football,Fort Hill,fort-hill,2018,champion,40-45
Football,Fort Hill,fort-hill,2019,semifinalist,40-45
Football,Fort Hill,fort-hill,2021,champion,40-45
Football,Fort Hill,fort-hill,2022,champion,40-45
Football,Fort Hill,fort-hill,2023,champion,40-45
Football,Fort Hill,fort-hill,2024,champion,40-45
Football,Franklin,franklin,1978,runner_up,40-45
Football,Franklin,franklin,1985,quarterfinal,40-45
Football,Franklin,franklin,1986,quarterfinal,40-45
Football,Franklin,franklin,1987,quarterfinal,40-45
Football,Franklin,franklin,1988,quarterfinal,40-45
Football,Franklin,franklin,1994,quarterfinal,40-45
Football,Franklin,franklin,2006,semifinalist,40-45
Football,Franklin,franklin,2010,runner_up,40-45
Football,Franklin,franklin,2013,champion,40-45
Football,Franklin,franklin,2014,champion,40-45
Football,Franklin,franklin,2016,runner_up,40-45
Football,Franklin,franklin,2018,champion,40-45
Football,Franklin,franklin,2019,quarterfinal,40-45
Football,Franklin,franklin,2021,quarterfinal,40-45
Football,Franklin,franklin,2022,quarterfinal,40-45
Football,Franklin,franklin,2023,quarterfinal,40-45
Football,Franklin,franklin,2024,quarterfinal,40-45
Football,Frederick,frederick,1985,runner_up,40-45
Football,Frederick,frederick,2021,semifinalist,40-45
Football,Frederick Douglass - B,frederick-douglass-b,2013,runner_up,40-45
Football,Frederick Douglass - B,frederick-douglass-b,2014,runner_up,40-45
Football,Frederick Douglass - PG,frederick-douglass-pg,1975,runner_up,40-45
Football,Frederick Douglass - PG,frederick-douglass-pg,1992,quarterfinal,40-45
Football,Frederick Douglass - PG,frederick-douglass-pg,1995,quarterfinal,40-45
Football,Frederick Douglass - PG,frederick-douglass-pg,1996,quarterfinal,40-45
Football,Frederick Douglass - PG,frederick-douglass-pg,2011,runner_up,40-45
Football,Frederick Douglass - PG,frederick-douglass-pg,2012,runner_up,40-45
Football,Frederick Douglass - PG,frederick-douglass-pg,2014,champion,40-45
Football,Frederick Douglass - PG,frederick-douglass-pg,2018,runner_up,40-45
Football,Frederick Douglass - PG,frederick-douglass-pg,2019,quarterfinal,40-45
Football,Frederick Douglass - PG,frederick-douglass-pg,2021,champion,40-45
Football,Friendly,friendly,1974,champion,40-45
Football,Friendly,friendly,1977,runner_up,40-45
Football,Friendly,friendly,1978,champion,40-45
Football,Friendly,friendly,1980,semifinalist,40-45
Football,Friendly,friendly,1981,runner_up,40-45
Football,Friendly,friendly,1983,champion,40-45
Football,Friendly,friendly,1987,quarterfinal,40-45
Football,Friendly,friendly,1988,semifinalist,40-45
Football,Friendly,friendly,1989,quarterfinal,40-45
Football,Friendly,friendly,1992,quarterfinal,40-45
Football,Friendly,friendly,1997,semifinalist,40-45
Football,Friendly,friendly,1998,champion,40-45
Football,Friendly,friendly,2006,champion,40-45
Football,Friendly,friendly,2015,semifinalist,40-45
Football,Gaithersburg,gaithersburg,1986,champion,40-45
Football,Gaithersburg,gaithersburg,1989,runner_up,40-45
Football,Gaithersburg,gaithersburg,1992,champion,40-45
Football,Gaithersburg,gaithersburg,1995,runner_up,40-45
Football,Gaithersburg,gaithersburg,1997,quarterfinal,40-45
Football,Gaithersburg,gaithersburg,1998,quarterfinal,40-45
Football,Gaithersburg,gaithersburg,1999,runner_up,40-45
Football,Gaithersburg,gaithersburg,2000,champion,40-45
Football,Gaithersburg,gaithersburg,2001,semifinalist,40-45
Football,Gaithersburg,gaithersburg,2002,semifinalist,40-45
Football,Gaithersburg,gaithersburg,2010,semifinalist,40-45
Football,Glenelg,glenelg,1977,semifinalist,40-45
Football,Glenelg,glenelg,1985,quarterfinal,40-45
Football,Glenelg,glenelg,1992,quarterfinal,40-45
Football,Glenelg,glenelg,2000,semifinalist,40-45
Football,Glenelg,glenelg,2001,quarterfinal,40-45
Football,Glenelg,glenelg,2002,quarterfinal,40-45
Football,Glenelg,glenelg,2014,semifinalist,40-45
Football,Glenelg,glenelg,2016,semifinalist,40-45
Football,Glenelg,glenelg,2017,semifinalist,40-45
Football,Glenelg,glenelg,2018,runner_up,40-45
Football,Glenelg,glenelg,2021,quarterfinal,40-45
Football,Governor Thomas Johnson,governor-thomas-johnson,1982,champion,40-45
Football,Governor Thomas Johnson,governor-thomas-johnson,1993,quarterfinal,40-45
Football,Governor Thomas Johnson,governor-thomas-johnson,1994,semifinalist,40-45
Football,Governor Thomas Johnson,governor-thomas-johnson,1995,quarterfinal,40-45
Football,Governor Thomas Johnson,governor-thomas-johnson,1996,semifinalist,40-45
Football,Governor Thomas Johnson,governor-thomas-johnson,1997,runner_up,40-45
Football,Governor Thomas Johnson,governor-thomas-johnson,2007,semifinalist,40-45
Football,Governor Thomas Johnson,governor-thomas-johnson,2009,semifinalist,40-45
Football,Governor Thomas Johnson,governor-thomas-johnson,2011,runner_up,40-45
Football,Great Mills,great-mills,1981,runner_up,40-45
Football,Great Mills,great-mills,1989,quarterfinal,40-45
Football,Gwynn Park,gwynn-park,1992,semifinalist,40-45
Football,Gwynn Park,gwynn-park,2000,runner_up,40-45
Football,Gwynn Park,gwynn-park,2003,semifinalist,40-45
Football,Gwynn Park,gwynn-park,2005,champion,40-45
Football,Gwynn Park,gwynn-park,2017,runner_up,40-45
Football,Havre de Grace,havre-de-grace,1978,champion,40-45
Football,Havre de Grace,havre-de-grace,1979,semifinalist,40-45
Football,Havre de Grace,havre-de-grace,1981,champion,40-45
Football,Havre de Grace,havre-de-grace,1984,semifinalist,40-45
Football,Havre de Grace,havre-de-grace,1985,runner_up,40-45
Football,Havre de Grace,havre-de-grace,1986,champion,40-45
Football,Havre de Grace,havre-de-grace,1987,runner_up,40-45
Football,Havre de Grace,havre-de-grace,1988,runner_up,40-45
Football,Havre de Grace,havre-de-grace,1992,quarterfinal,40-45
Football,Havre de Grace,havre-de-grace,1995,semifinalist,40-45
Football,Havre de Grace,havre-de-grace,2002,quarterfinal,40-45
Football,Havre de Grace,havre-de-grace,2006,semifinalist,40-45
Football,Havre de Grace,havre-de-grace,2010,runner_up,40-45
Football,Havre de Grace,havre-de-grace,2015,runner_up,40-45
Football,Havre de Grace,havre-de-grace,2016,runner_up,40-45
Football,Havre de Grace,havre-de-grace,2017,semifinalist,40-45
Football,Havre de Grace,havre-de-grace,2018,semifinalist,40-45
Football,Havre de Grace,havre-de-grace,2023,quarterfinal,40-45
Football,Henry E. Lackey,henry-e-lackey,1986,champion,40-45
Football,Henry E. Lackey,henry-e-lackey,1987,quarterfinal,40-45
Football,Henry E. Lackey,henry-e-lackey,1989,quarterfinal,40-45
Football,Henry E. Lackey,henry-e-lackey,1993,quarterfinal,40-45
Football,Henry E. Lackey,henry-e-lackey,2003,runner_up,40-45
Football,Henry E. Lackey,henry-e-lackey,2004,runner_up,40-45
Football,Hereford,hereford,1995,quarterfinal,40-45
Football,Hereford,hereford,1996,quarterfinal,40-45
Football,Hereford,hereford,1996,semifinalist,40-45
Football,Hereford,hereford,1997,champion,40-45
Football,Hereford,hereford,1998,semifinalist,40-45
Football,Hereford,hereford,1999,quarterfinal,40-45
Football,Hereford,hereford,1999,semifinalist,40-45
Football,Hereford,hereford,2000,semifinalist,40-45
Football,Hereford,hereford,2001,champion,40-45
Football,Hereford,hereford,2002,champion,40-45
Football,Hereford,hereford,2004,runner_up,40-45
Football,Hereford,hereford,2007,runner_up,40-45
Football,Hereford,hereford,2008,semifinalist,40-45
Football,Hereford,hereford,2009,semifinalist,40-45
Football,Hereford,hereford,2022,quarterfinal,40-45
Football,High Point,high-point,1983,runner_up,40-45
Football,High Point,high-point,1985,semifinalist,40-45
Football,High Point,high-point,1986,quarterfinal,40-45
Football,High Point,high-point,1990,quarterfinal,40-45
Football,High Point,high-point,1991,runner_up,40-45
Football,High Point,high-point,1994,quarterfinal,40-45
Football,High Point,high-point,1997,semifinalist,40-45
Football,Howard,howard,1974,champion,40-45
Football,Howard,howard,1975,runner_up,40-45
Football,Howard,howard,1993,quarterfinal,40-45
Football,Howard,howard,1999,semifinalist,40-45
Football,Howard,howard,2014,semifinalist,40-45
Football,Howard,howard,2015,runner_up,40-45
Football,Howard,howard,2016,semifinalist,40-45
Football,Howard,howard,2017,semifinalist,40-45
Football,Huntingtown,huntingtown,2009,runner_up,40-45
Football,Huntingtown,huntingtown,2010,semifinalist,40-45
Football,Huntingtown,huntingtown,2011,semifinalist,40-45
Football,Huntingtown,huntingtown,2012,runner_up,40-45
Football,Huntingtown,huntingtown,2013,semifinalist,40-45
Football,Huntingtown,huntingtown,2018,semifinalist,40-45
Football,Huntingtown,huntingtown,2019,semifinalist,40-45
Football,Huntingtown,huntingtown,2021,semifinalist,40-45
Football,Huntingtown,huntingtown,2022,quarterfinal,40-45
Football,Huntingtown,huntingtown,2023,runner_up,40-45
Football,Huntingtown,huntingtown,2024,runner_up,40-45
Football,James M. Bennett,james-m-bennett,1982,champion,40-45
Football,James M. Bennett,james-m-bennett,1983,champion,40-45
Football,James M. Bennett,james-m-bennett,1984,runner_up,40-45
Football,James M. Bennett,james-m-bennett,1985,champion,40-45
Football,James M. Bennett,james-m-bennett,1986,quarterfinal,40-45
Football,James M. Bennett,james-m-bennett,1987,semifinalist,40-45
Football,James M. Bennett,james-m-bennett,1988,quarterfinal,40-45
Football,James M. Bennett,james-m-bennett,1989,quarterfinal,40-45
Football,James M. Bennett,james-m-bennett,1990,semifinalist,40-45
Football,John F. Kennedy,john-f-kennedy,1977,champion,40-45
Football,John F. Kennedy,john-f-kennedy,1984,champion,40-45
Football,John F. Kennedy,john-f-kennedy,1992,quarterfinal,40-45
Football,Joppatowne,joppatowne,1974,runner_up,40-45
Football,Joppatowne,joppatowne,1975,champion,40-45
Football,Joppatowne,joppatowne,1976,runner_up,40-45
Football,Joppatowne,joppatowne,1989,quarterfinal,40-45
Football,Joppatowne,joppatowne,1990,quarterfinal,40-45
Football,Joppatowne,joppatowne,1992,quarterfinal,40-45
Football,Joppatowne,joppatowne,1994,quarterfinal,40-45
Football,Joppatowne,joppatowne,2001,runner_up,40-45
Football,Joppatowne,joppatowne,2003,champion,40-45
Football,Joppatowne,joppatowne,2004,runner_up,40-45
Football,Joppatowne,joppatowne,2009,runner_up,40-45
Football,Joppatowne,joppatowne,2021,quarterfinal,40-45
Football,Kent County,kent-county,1985,quarterfinal,40-45
Football,Kent County,kent-county,1986,quarterfinal,40-45
Football,Kent County,kent-county,1987,semifinalist,40-45
Football,Kent County,kent-county,1988,quarterfinal,40-45
Football,Kent County,kent-county,1989,champion,40-45
Football,Kent County,kent-county,1990,champion,40-45
Football,Kent County,kent-county,1993,quarterfinal,40-45
Football,Kent County,kent-county,1994,quarterfinal,40-45
Football,Kent County,kent-county,1995,semifinalist,40-45
Football,Kent County,kent-county,1996,runner_up,40-45
Football,Kent County,kent-county,2016,semifinalist,40-45
Football,Kent Island,kent-island,2011,semifinalist,40-45
Football,Kent Island,kent-island,2013,semifinalist,40-45
Football,Kent Island,kent-island,2014,semifinalist,40-45
Football,Kent Island,kent-island,2021,quarterfinal,40-45
Football,Kent Island,kent-island,2022,runner_up,40-45
Football,Kent Island,kent-island,2023,quarterfinal,40-45
Football,Largo,largo,1976,champion,40-45
Football,Largo,largo,1991,semifinalist,40-45
Football,Largo,largo,1994,runner_up,40-45
Football,Laurel,laurel,1987,champion,40-45
Football,Laurel,laurel,1990,quarterfinal,40-45
Football,Laurel,laurel,1992,quarterfinal,40-45
Football,Linganore,linganore,1980,semifinalist,40-45
Football,Linganore,linganore,1986,quarterfinal,40-45
Football,Linganore,linganore,1987,runner_up,40-45
Football,Linganore,linganore,1989,champion,40-45
Football,Linganore,linganore,1991,champion,40-45
Football,Linganore,linganore,1992,runner_up,40-45
Football,Linganore,linganore,1995,champion,40-45
Football,Linganore,linganore,2002,runner_up,40-45
Football,Linganore,linganore,2003,champion,40-45
Football,Linganore,linganore,2008,runner_up,40-45
Football,Linganore,linganore,2009,champion,40-45
Football,Linganore,linganore,2013,runner_up,40-45
Football,Linganore,linganore,2017,champion,40-45
Football,Linganore,linganore,2018,runner_up,40-45
Football,Linganore,linganore,2019,runner_up,40-45
Football,Linganore,linganore,2021,runner_up,40-45
Football,Linganore,linganore,2023,runner_up,40-45
Football,Linganore,linganore,2024,runner_up,40-45
Football,Loch Raven,loch-raven,1974,semifinalist,40-45
Football,Loch Raven,loch-raven,1977,semifinalist,40-45
Football,Loch Raven,loch-raven,1979,semifinalist,40-45
Football,Loch Raven,loch-raven,1981,runner_up,40-45
Football,Loch Raven,loch-raven,1984,semifinalist,40-45
Football,Maurice J. McDonough,maurice-j-mcdonough,1983,champion,40-45
Football,Maurice J. McDonough,maurice-j-mcdonough,1985,champion,40-45
Football,Maurice J. McDonough,maurice-j-mcdonough,1986,semifinalist,40-45
Football,Maurice J. McDonough,maurice-j-mcdonough,1988,quarterfinal,40-45
Football,Maurice J. McDonough,maurice-j-mcdonough,1990,champion,40-45
Football,Maurice J. McDonough,maurice-j-mcdonough,1991,runner_up,40-45
Football,Maurice J. McDonough,maurice-j-mcdonough,2006,runner_up,40-45
Football,Maurice J. McDonough,maurice-j-mcdonough,2010,champion,40-45
Football,Middletown,middletown,1981,runner_up,40-45
Football,Middletown,middletown,1991,runner_up,40-45
Football,Middletown,middletown,2002,runner_up,40-45
Football,Middletown,middletown,2010,runner_up,40-45
Football,Middletown,middletown,2011,champion,40-45
Football,Middletown,middletown,2012,champion,40-45
Football,Middletown,middletown,2013,champion,40-45
Football,Middletown,middletown,2019,champion,40-45
Football,Milford Mill Academy,milford-mill-academy,1983,runner_up,40-45
Football,Milford Mill Academy,milford-mill-academy,1985,semifinalist,40-45
Football,Milford Mill Academy,milford-mill-academy,1987,champion,40-45
Football,Milford Mill Academy,milford-mill-academy,1988,quarterfinal,40-45
Football,Milford Mill Academy,milford-mill-academy,1989,semifinalist,40-45
Football,Milford Mill Academy,milford-mill-academy,1991,semifinalist,40-45
Football,Milford Mill Academy,milford-mill-academy,1993,quarterfinal,40-45
Football,Milford Mill Academy,milford-mill-academy,1995,quarterfinal,40-45
Football,Milford Mill Academy,milford-mill-academy,1997,quarterfinal,40-45
Football,Milford Mill Academy,milford-mill-academy,1999,quarterfinal,40-45
Football,Milford Mill Academy,milford-mill-academy,2005,semifinalist,40-45
Football,Milford Mill Academy,milford-mill-academy,2012,semifinalist,40-45
Football,Milford Mill Academy,milford-mill-academy,2017,runner_up,40-45
Football,Milford Mill Academy,milford-mill-academy,2019,quarterfinal,40-45
Football,Milford Mill Academy,milford-mill-academy,2021,runner_up,40-45
Football,Milford Mill Academy,milford-mill-academy,2022,champion,40-45
Football,Milford Mill Academy,milford-mill-academy,2023,semifinalist,40-45
Football,Milford Mill Academy,milford-mill-academy,2024,semifinalist,40-45
Football,Mount Hebron,mount-hebron,1980,semifinalist,40-45
Football,Mount Hebron,mount-hebron,1982,runner_up,40-45
Football,Mount Hebron,mount-hebron,2023,quarterfinal,40-45
Football,Mountain Ridge,mountain-ridge,2021,runner_up,40-45
Football,Mountain Ridge,mountain-ridge,2022,runner_up,40-45
Football,Mountain Ridge,mountain-ridge,2023,runner_up,40-45
Football,New Town,new-town,2012,runner_up,40-45
Football,New Town,new-town,2018,semifinalist,40-45
Football,New Town,new-town,2019,semifinalist,40-45
Football,New Town,new-town,2024,quarterfinal,40-45
Football,North County,north-county,1991,quarterfinal,40-45
Football,North County,north-county,1992,semifinalist,40-45
Football,North County,north-county,1993,quarterfinal,40-45
Football,North County,north-county,1994,champion,40-45
Football,North County,north-county,1996,quarterfinal,40-45
Football,Northern - Calvert,northern-calvert,1988,semifinalist,40-45
Football,Northern - Calvert,northern-calvert,1989,semifinalist,40-45
Football,Northern - Calvert,northern-calvert,1990,semifinalist,40-45
Football,Northern - Calvert,northern-calvert,2021,champion,40-45
Football,Northern - Calvert,northern-calvert,2023,semifinalist,40-45
Football,Northern - Calvert,northern-calvert,2024,quarterfinal,40-45
Football,Northern - Garrett,northern-garrett,1982,semifinalist,40-45
Football,Northern - Garrett,northern-garrett,1990,quarterfinal,40-45
Football,Northern - Garrett,northern-garrett,1991,quarterfinal,40-45
Football,Northern - Garrett,northern-garrett,1992,semifinalist,40-45
Football,Northern - Garrett,northern-garrett,1999,quarterfinal,40-45
Football,Northern - Garrett,northern-garrett,2000,semifinalist,40-45
Football,Northern - Garrett,northern-garrett,2024,runner_up,40-45
Football,Northwest,northwest,1999,quarterfinal,40-45
Football,Northwest,northwest,2000,quarterfinal,40-45
Football,Northwest,northwest,2002,semifinalist,40-45
Football,Northwest,northwest,2004,champion,40-45
Football,Northwest,northwest,2006,semifinalist,40-45
Football,Northwest,northwest,2013,champion,40-45
Football,Northwest,northwest,2014,champion,40-45
Football,Northwest,northwest,2015,semifinalist,40-45
Football,Northwest,northwest,2019,runner_up,40-45
Football,Northwest,northwest,2021,semifinalist,40-45
Football,Northwest,northwest,2023,quarterfinal,40-45
Football,Northwest,northwest,2024,quarterfinal,40-45
Football,"Northwood (6, 2-6",northwood-6-2-6,1974,runner_up,40-45
Football,"Northwood (6, 2-6",northwood-6-2-6,1975,semifinalist,40-45
Football,"Northwood (6, 2-6",northwood-6-2-6,1982,runner_up,40-45
Football,Oakdale,oakdale,2018,champion,40-45
Football,Oakdale,oakdale,2022,runner_up,40-45
Football,Oakdale,oakdale,2023,champion,40-45
Football,Oakland Mills,oakland-mills,1978,semifinalist,40-45
Football,Oakland Mills,oakland-mills,1982,runner_up,40-45
Football,Oakland Mills,oakland-mills,1983,semifinalist,40-45
Football,Oakland Mills,oakland-mills,1984,semifinalist,40-45
Football,Oakland Mills,oakland-mills,1990,semifinalist,40-45
Football,Oakland Mills,oakland-mills,1991,quarterfinal,40-45
Football,Oakland Mills,oakland-mills,1994,quarterfinal,40-45
Football,Oakland Mills,oakland-mills,1995,quarterfinal,40-45
Football,Oakland Mills,oakland-mills,1998,champion,40-45
Football,Oakland Mills,oakland-mills,2000,quarterfinal,40-45
Football,Oakland Mills,oakland-mills,2001,runner_up,40-45
Football,Oakland Mills,oakland-mills,2002,quarterfinal,40-45
Football,Oakland Mills,oakland-mills,2021,semifinalist,40-45
Football,Oakland Mills,oakland-mills,2023,quarterfinal,40-45
Football,Oakland Mills,oakland-mills,2024,semifinalist,40-45
Football,Old Mill,old-mill,2005,semifinalist,40-45
Football,Old Mill,old-mill,2009,champion,40-45
Football,Old Mill,old-mill,2011,champion,40-45
Football,Old Mill,old-mill,2014,runner_up,40-45
Football,Old Mill,old-mill,2019,semifinalist,40-45
Football,Overlea,overlea,1983,semifinalist,40-45
Football,Overlea,overlea,1986,quarterfinal,40-45
Football,Overlea,overlea,1987,semifinalist,40-45
Football,Overlea,overlea,1988,runner_up,40-45
Football,Overlea,overlea,1989,semifinalist,40-45
Football,Overlea,overlea,1990,quarterfinal,40-45
Football,Overlea,overlea,1991,semifinalist,40-45
Football,Overlea,overlea,1992,semifinalist,40-45
Football,Overlea,overlea,1993,quarterfinal,40-45
Football,Overlea,overlea,2011,semifinalist,40-45
Football,Oxon Hill,oxon-hill,1982,champion,40-45
Football,Oxon Hill,oxon-hill,1984,semifinalist,40-45
Football,Oxon Hill,oxon-hill,1985,quarterfinal,40-45
Football,Oxon Hill,oxon-hill,1986,semifinalist,40-45
Football,Oxon Hill,oxon-hill,1987,quarterfinal,40-45
Football,Oxon Hill,oxon-hill,1988,quarterfinal,40-45
Football,Oxon Hill,oxon-hill,1989,semifinalist,40-45
Football,Oxon Hill,oxon-hill,1990,semifinalist,40-45
Football,Oxon Hill,oxon-hill,1991,semifinalist,40-45
Football,Oxon Hill,oxon-hill,1993,semifinalist,40-45
Football,Oxon Hill,oxon-hill,1996,quarterfinal,40-45
Football,Oxon Hill,oxon-hill,2017,semifinalist,40-45
Football,Paint Branch,paint-branch,1974,runner_up,40-45
Football,Paint Branch,paint-branch,1975,champion,40-45
Football,Paint Branch,paint-branch,1989,quarterfinal,40-45
Football,Paint Branch,paint-branch,1991,quarterfinal,40-45
Football,Paint Branch,paint-branch,1998,quarterfinal,40-45
Football,Paint Branch,paint-branch,2000,quarterfinal,40-45
Football,Paint Branch,paint-branch,2013,semifinalist,40-45
Football,Paint Branch,paint-branch,2019,quarterfinal,40-45
Football,Paint Branch,paint-branch,2021,quarterfinal,40-45
Football,Paint Branch,paint-branch,2022,quarterfinal,40-45
Football,Parkdale,parkdale,1974,champion,40-45
Football,Parkdale,parkdale,1975,runner_up,40-45
Football,Parkdale,parkdale,1989,quarterfinal,40-45
Football,Parkdale,parkdale,2000,quarterfinal,40-45
Football,Parkdale,parkdale,2002,champion,40-45
Football,Patuxent,patuxent,2015,champion,40-45
Football,Perry Hall,perry-hall,1974,runner_up,40-45
Football,Perryville,perryville,1991,quarterfinal,40-45
Football,Perryville,perryville,1996,quarterfinal,40-45
Football,Perryville,perryville,2011,runner_up,40-45
Football,Perryville,perryville,2012,semifinalist,40-45
Football,Perryville,perryville,2019,quarterfinal,40-45
Football,Perryville,perryville,2021,semifinalist,40-45
Football,Perryville,perryville,2022,quarterfinal,40-45
Football,Perryville,perryville,2023,semifinalist,40-45
Football,Perryville,perryville,2024,semifinalist,40-45
Football,Pikesville,pikesville,1993,runner_up,40-45
Football,Pikesville,pikesville,1994,quarterfinal,40-45
Football,Pikesville,pikesville,1997,semifinalist,40-45
Football,Pikesville,pikesville,1998,quarterfinal,40-45
Football,Pikesville,pikesville,1999,quarterfinal,40-45
Football,Poolesville,poolesville,1974,semifinalist,40-45
Football,Poolesville,poolesville,1983,runner_up,40-45
Football,Poolesville,poolesville,1985,quarterfinal,40-45
Football,Poolesville,poolesville,1988,quarterfinal,40-45
Football,Poolesville,poolesville,1989,semifinalist,40-45
Football,Poolesville,poolesville,1996,quarterfinal,40-45
Football,Poolesville,poolesville,1997,quarterfinal,40-45
Football,Potomac,potomac,1985,quarterfinal,40-45
Football,Potomac,potomac,1993,quarterfinal,40-45
Football,Potomac,potomac,1994,quarterfinal,40-45
Football,Potomac,potomac,1995,runner_up,40-45
Football,Potomac,potomac,1996,quarterfinal,40-45
Football,Potomac,potomac,1999,quarterfinal,40-45
Football,Potomac,potomac,2001,quarterfinal,40-45
Football,Potomac,potomac,2003,runner_up,40-45
Football,Potomac,potomac,2004,champion,40-45
Football,Potomac,potomac,2004,semifinalist,40-45
Football,Potomac,potomac,2005,champion,40-45
Football,Potomac,potomac,2008,semifinalist,40-45
Football,Potomac,potomac,2009,runner_up,40-45
Football,Potomac,potomac,2010,semifinalist,40-45
Football,Potomac,potomac,2015,semifinalist,40-45
Football,Potomac,potomac,2016,semifinalist,40-45
Football,Potomac,potomac,2019,runner_up,40-45
Football,Potomac,potomac,2022,quarterfinal,40-45
Football,Potomac,potomac,2023,quarterfinal,40-45
Football,Quince Orchard,quince-orchard,1991,champion,40-45
Football,Quince Orchard,quince-orchard,1993,quarterfinal,40-45
Football,Quince Orchard,quince-orchard,2007,champion,40-45
Football,Quince Orchard,quince-orchard,2011,runner_up,40-45
Football,Quince Orchard,quince-orchard,2012,runner_up,40-45
Football,Quince Orchard,quince-orchard,2016,runner_up,40-45
Football,Quince Orchard,quince-orchard,2017,runner_up,40-45
Football,Quince Orchard,quince-orchard,2018,champion,40-45
Football,Quince Orchard,quince-orchard,2019,semifinalist,40-45
Football,Quince Orchard,quince-orchard,2021,champion,40-45
Football,Quince Orchard,quince-orchard,2022,champion,40-45
Football,Quince Orchard,quince-orchard,2024,champion,40-45
Football,Randallstown,randallstown,1975,semifinalist,40-45
Football,Randallstown,randallstown,1976,semifinalist,40-45
Football,Randallstown,randallstown,1979,runner_up,40-45
Football,Randallstown,randallstown,1980,runner_up,40-45
Football,Randallstown,randallstown,1984,champion,40-45
Football,Randallstown,randallstown,1988,semifinalist,40-45
Football,Randallstown,randallstown,1989,semifinalist,40-45
Football,Randallstown,randallstown,1990,champion,40-45
Football,Randallstown,randallstown,1998,semifinalist,40-45
Football,Randallstown,randallstown,1999,semifinalist,40-45
Football,Randallstown,randallstown,2003,semifinalist,40-45
Football,Richard Montgomery,richard-montgomery,1981,champion,40-45
Football,Richard Montgomery,richard-montgomery,1985,quarterfinal,40-45
Football,Richard Montgomery,richard-montgomery,2001,semifinalist,40-45
Football,River Hill,river-hill,2005,semifinalist,40-45
Football,River Hill,river-hill,2006,runner_up,40-45
Football,River Hill,river-hill,2007,champion,40-45
Football,River Hill,river-hill,2008,champion,40-45
Football,River Hill,river-hill,2009,semifinalist,40-45
Football,River Hill,river-hill,2011,champion,40-45
Football,River Hill,river-hill,2012,champion,40-45
Football,River Hill,river-hill,2013,semifinalist,40-45
Football,River Hill,river-hill,2022,semifinalist,40-45
Football,Seneca Valley,seneca-valley,1976,champion,40-45
Football,Seneca Valley,seneca-valley,1977,champion,40-45
Football,Seneca Valley,seneca-valley,1979,champion,40-45
Football,Seneca Valley,seneca-valley,1980,champion,40-45
Football,Seneca Valley,seneca-valley,1985,semifinalist,40-45
Football,Seneca Valley,seneca-valley,1987,champion,40-45
Football,Seneca Valley,seneca-valley,1991,semifinalist,40-45
Football,Seneca Valley,seneca-valley,1992,champion,40-45
Football,Seneca Valley,seneca-valley,1993,champion,40-45
Football,Seneca Valley,seneca-valley,1994,champion,40-45
Football,Seneca Valley,seneca-valley,1995,semifinalist,40-45
Football,Seneca Valley,seneca-valley,1996,semifinalist,40-45
Football,Seneca Valley,seneca-valley,1997,champion,40-45
Football,Seneca Valley,seneca-valley,1998,champion,40-45
Football,Seneca Valley,seneca-valley,1999,champion,40-45
Football,Seneca Valley,seneca-valley,2001,semifinalist,40-45
Football,Seneca Valley,seneca-valley,2002,champion,40-45
Football,Seneca Valley,seneca-valley,2008,semifinalist,40-45
Football,Sherwood,sherwood,1979,runner_up,40-45
Football,Sherwood,sherwood,1995,champion,40-45
Football,Sherwood,sherwood,1996,champion,40-45
Football,Sherwood,sherwood,2000,runner_up,40-45
Football,Sherwood,sherwood,2002,runner_up,40-45
Football,Sherwood,sherwood,2005,runner_up,40-45
Football,Sherwood,sherwood,2006,runner_up,40-45
Football,Sherwood,sherwood,2008,champion,40-45
Football,Smithsburg,smithsburg,1974,semifinalist,40-45
Football,Smithsburg,smithsburg,1975,runner_up,40-45
Football,Smithsburg,smithsburg,1976,champion,40-45
Football,Smithsburg,smithsburg,1977,semifinalist,40-45
Football,Smithsburg,smithsburg,1978,semifinalist,40-45
Football,Smithsburg,smithsburg,1979,champion,40-45
Football,Smithsburg,smithsburg,1984,champion,40-45
Football,Smithsburg,smithsburg,1985,semifinalist,40-45
Football,Smithsburg,smithsburg,1987,semifinalist,40-45
Football,Smithsburg,smithsburg,1988,champion,40-45
Football,Smithsburg,smithsburg,1989,runner_up,40-45
Football,Smithsburg,smithsburg,1990,runner_up,40-45
Football,Smithsburg,smithsburg,1991,runner_up,40-45
Football,Smithsburg,smithsburg,1992,quarterfinal,40-45
Football,Smithsburg,smithsburg,1993,quarterfinal,40-45
Football,Smithsburg,smithsburg,1994,champion,40-45
Football,Snow Hill,snow-hill,1974,semifinalist,40-45
Football,Snow Hill,snow-hill,1976,semifinalist,40-45
Football,Snow Hill,snow-hill,1977,runner_up,40-45
Football,Snow Hill,snow-hill,1978,runner_up,40-45
Football,Snow Hill,snow-hill,1979,semifinalist,40-45
Football,Snow Hill,snow-hill,1980,champion,40-45
Football,Snow Hill,snow-hill,1982,champion,40-45
Football,Snow Hill,snow-hill,1987,quarterfinal,40-45
Football,Snow Hill,snow-hill,1994,semifinalist,40-45
Football,Snow Hill,snow-hill,1997,quarterfinal,40-45
Football,Snow Hill,snow-hill,2001,quarterfinal,40-45
Football,Snow Hill,snow-hill,2005,runner_up,40-45
Football,South River,south-river,1982,semifinalist,40-45
Football,South River,south-river,1984,runner_up,40-45
Football,South River,south-river,1985,quarterfinal,40-45
Football,South River,south-river,1986,semifinalist,40-45
Football,South River,south-river,1991,quarterfinal,40-45
Football,Southern - AA,southern-aa,1993,runner_up,40-45
Football,Southern - AA,southern-aa,2002,quarterfinal,40-45
Football,Southern - AA,southern-aa,2006,semifinalist,40-45
Football,Southern - Garrett,southern-garrett,1979,runner_up,40-45
Football,Southern - Garrett,southern-garrett,1980,runner_up,40-45
Football,Southern - Garrett,southern-garrett,1983,semifinalist,40-45
Football,Southern - Garrett,southern-garrett,1984,semifinalist,40-45
Football,Southern - Garrett,southern-garrett,1987,semifinalist,40-45
Football,Southern - Garrett,southern-garrett,1988,semifinalist,40-45
Football,Southern - Garrett,southern-garrett,1994,quarterfinal,40-45
Football,Southern - Garrett,southern-garrett,1995,runner_up,40-45
Football,Southern - Garrett,southern-garrett,2001,quarterfinal,40-45
Football,Springbrook,springbrook,1979,champion,40-45
Football,Springbrook,springbrook,1980,champion,40-45
Football,Springbrook,springbrook,1981,champion,40-45
Football,Springbrook,springbrook,1985,champion,40-45
Football,Springbrook,springbrook,1986,runner_up,40-45
Football,Springbrook,springbrook,1987,runner_up,40-45
Football,Springbrook,springbrook,1988,champion,40-45
Football,Springbrook,springbrook,1989,champion,40-45
Football,Springbrook,springbrook,1990,semifinalist,40-45
Football,Springbrook,springbrook,1994,semifinalist,40-45
Football,Stephen Decatur,stephen-decatur,1988,semifinalist,40-45
Football,Stephen Decatur,stephen-decatur,2000,quarterfinal,40-45
Football,Stephen Decatur,stephen-decatur,2002,quarterfinal,40-45
Football,Stephen Decatur,stephen-decatur,2004,semifinalist,40-45
Football,Stephen Decatur,stephen-decatur,2021,quarterfinal,40-45
Football,Stephen Decatur,stephen-decatur,2022,semifinalist,40-45
Football,Stephen Decatur,stephen-decatur,2023,champion,40-45
Football,Stephen Decatur,stephen-decatur,2024,champion,40-45
Football,Suitland,suitland,1997,runner_up,40-45
Football,Suitland,suitland,1998,runner_up,40-45
Football,Suitland,suitland,2004,champion,40-45
Football,Suitland,suitland,2006,champion,40-45
Football,Suitland,suitland,2007,semifinalist,40-45
Football,Suitland,suitland,2013,runner_up,40-45
Football,Thomas S. Wootton,thomas-s-wootton,1976,semifinalist,40-45
Football,Thomas S. Wootton,thomas-s-wootton,1978,semifinalist,40-45
Football,Thomas S. Wootton,thomas-s-wootton,1990,runner_up,40-45
Football,Thomas Stone,thomas-stone,1980,runner_up,40-45
Football,Thomas Stone,thomas-stone,1981,semifinalist,40-45
Football,Thomas Stone,thomas-stone,1982,semifinalist,40-45
Football,Thomas Stone,thomas-stone,1987,quarterfinal,40-45
Football,Thomas Stone,thomas-stone,1992,quarterfinal,40-45
Football,Thomas Stone,thomas-stone,1996,quarterfinal,40-45
Football,Thomas Stone,thomas-stone,1999,runner_up,40-45
Football,Thomas Stone,thomas-stone,2014,semifinalist,40-45
Football,Urbana,urbana,1997,quarterfinal,40-45
Football,Urbana,urbana,1998,champion,40-45
Football,Urbana,urbana,1999,champion,40-45
Football,Urbana,urbana,2000,champion,40-45
Football,Urbana,urbana,2001,champion,40-45
Football,Urbana,urbana,2010,champion,40-45
Football,Walkersville,walkersville,1986,runner_up,40-45
Football,Walkersville,walkersville,1987,champion,40-45
Football,Walkersville,walkersville,1988,semifinalist,40-45
Football,Walkersville,walkersville,1990,quarterfinal,40-45
Football,Walkersville,walkersville,1992,runner_up,40-45
Football,Walkersville,walkersville,1996,quarterfinal,40-45
Football,Walkersville,walkersville,2015,runner_up,40-45
Football,Walkersville,walkersville,2016,champion,40-45
Football,Walkersville,walkersville,2022,quarterfinal,40-45
Football,Walkersville,walkersville,2023,semifinalist,40-45
Football,Walkersville,walkersville,2024,quarterfinal,40-45
Football,Walt Whitman,walt-whitman,1978,runner_up,40-45
Football,Walt Whitman,walt-whitman,1988,quarterfinal,40-45
Football,Watkins Mill,watkins-mill,1991,quarterfinal,40-45
Football,Watkins Mill,watkins-mill,1993,champion,40-45
Football,Watkins Mill,watkins-mill,1999,quarterfinal,40-45
Football,Westlake,westlake,1995,quarterfinal,40-45
Football,Westlake,westlake,1996,runner_up,40-45
Football,Westlake,westlake,1998,quarterfinal,40-45
Football,Westlake,westlake,1999,quarterfinal,40-45
Football,Westlake,westlake,2001,quarterfinal,40-45
Football,Westlake,westlake,2008,champion,40-45
Football,Westlake,westlake,2024,semifinalist,40-45
Football,Westminster,westminster,1976,runner_up,40-45
Football,Westminster,westminster,1981,semifinalist,40-45
Football,Westminster,westminster,2005,runner_up,40-45
Football,Westminster,westminster,2012,semifinalist,40-45
Football,Westminster,westminster,2019,quarterfinal,40-45
Football,Westminster,westminster,2021,quarterfinal,40-45
Football,Westminster,westminster,2022,quarterfinal,40-45
Football,Wheaton,wheaton,1979,semifinalist,40-45
Football,Wheaton,wheaton,1980,semifinalist,40-45
Football,Wheaton,wheaton,1994,runner_up,40-45
Football,Wheaton,wheaton,1996,champion,40-45
Football,Wilde Lake,wilde-lake,1985,champion,40-45
Football,Wilde Lake,wilde-lake,1986,quarterfinal,40-45
Football,Wilde Lake,wilde-lake,1988,quarterfinal,40-45
Football,Wilde Lake,wilde-lake,1989,semifinalist,40-45
Football,Wilde Lake,wilde-lake,1990,champion,40-45
Football,Wilde Lake,wilde-lake,1991,champion,40-45
Football,Wilde Lake,wilde-lake,1992,champion,40-45
Football,Wilde Lake,wilde-lake,1993,quarterfinal,40-45
Football,Wilde Lake,wilde-lake,1996,quarterfinal,40-45
Football,Wilde Lake,wilde-lake,1997,champion,40-45
Football,Wilde Lake,wilde-lake,1998,quarterfinal,40-45
Football,Wilde Lake,wilde-lake,1999,quarterfinal,40-45
Football,Wilde Lake,wilde-lake,2002,quarterfinal,40-45
Football,Wilde Lake,wilde-lake,2007,semifinalist,40-45
Football,Wilde Lake,wilde-lake,2008,runner_up,40-45
Football,Wilde Lake,wilde-lake,2010,champion,40-45
Football,Wilde Lake,wilde-lake,2019,quarterfinal,40-45
Football,Wilde Lake,wilde-lake,2023,quarterfinal,40-45
Football,Winston Churchill,winston-churchill,1974,semifinalist,40-45
Football,Winston Churchill,winston-churchill,1975,semifinalist,40-45
Football,Winston Churchill,winston-churchill,1976,champion,40-45
Football,Winston Churchill,winston-churchill,1977,champion,40-45
Football,Winston Churchill,winston-churchill,1982,runner_up,40-45
Football,Winston Churchill,winston-churchill,1984,semifinalist,40-45
Football,Winston Churchill,winston-churchill,1985,runner_up,40-45
Football,Winston Churchill,winston-churchill,1988,runner_up,40-45
Football,Winston Churchill,winston-churchill,1993,runner_up,40-45
Football,Winston Churchill,winston-churchill,1995,runner_up,40-45
Football,Winston Churchill,winston-churchill,2022,quarterfinal,40-45
Football,Winston Churchill,winston-churchill,2023,semifinalist,40-45
Football,Winters Mill,winters-mill,2008,semifinalist,40-45
Football,Winters Mill,winters-mill,2009,runner_up,40-45
Football,Winters Mill,winters-mill,2010,runner_up,40-45
Football,Winters Mill,winters-mill,2012,champion,40-45
Football,Winters Mill,winters-mill,2015,champion,40-45
Football,Winters Mill,winters-mill,2016,champion,40-45
Football,Winters Mill,winters-mill,2017,champion,40-45
Football,Winters Mill,winters-mill,2018,semifinalist,40-45
Football,Winters Mill,winters-mill,2019,champion,40-45
Football,Winters Mill,winters-mill,2021,runner_up,40-45
Football,Winters Mill,winters-mill,2022,semifinalist,40-45
Football,Winters Mill,winters-mill,2023,champion,40-45
Football,Winters Mill,winters-mill,2024,runner_up,40-45
Football,Woodlawn,woodlawn,1976,semifinalist,40-45
Football,Woodlawn,woodlawn,1977,runner_up,40-45
Football,Woodlawn,woodlawn,1979,semifinalist,40-45
Football,Woodlawn,woodlawn,1980,semifinalist,40-45
Football,Woodlawn,woodlawn,1981,semifinalist,40-45
Football,Woodlawn,woodlawn,1982,semifinalist,40-45
Football,Woodlawn,woodlawn,1983,semifinalist,40-45
Football,Woodlawn,woodlawn,1993,quarterfinal,40-45
Football,Woodlawn,woodlawn,1996,quarterfinal,40-45
Football,Woodlawn,woodlawn,1997,semifinalist,40-45
Football,Woodlawn,woodlawn,2002,quarterfinal,40-45
Football,Woodlawn,woodlawn,2003,semifinalist,40-45
Girls Cross Country,Albert Einstein,albert-einstein,2014,finalist,4-5
Girls Cross Country,Allegany,allegany,1988,finalist,4-5
Girls Cross Country,Allegany,allegany,1997,champion,4-5
Girls Cross Country,Allegany,allegany,1998,champion,4-5
Girls Cross Country,Atholton,atholton,1986,finalist,4-5
Girls Cross Country,Atholton,atholton,1987,champion,4-5
Girls Cross Country,Atholton,atholton,1988,champion,4-5
Girls Cross Country,Atholton,atholton,1989,champion,4-5
Girls Cross Country,Beall,beall,2001,finalist,4-5
Girls Cross Country,Bel Air,bel-air,1975,finalist,4-5
Girls Cross Country,Bel Air,bel-air,2009,finalist,4-5
Girls Cross Country,Bel Air,bel-air,2010,finalist,4-5
Girls Cross Country,Bel Air,bel-air,2018,finalist,4-5
Girls Cross Country,Bel Air,bel-air,2019,finalist,4-5
Girls Cross Country,Bethesda-Chevy Chase,bethesda-chevy-chase,1976,champion,4-5
Girls Cross Country,Bethesda-Chevy Chase,bethesda-chevy-chase,1977,champion,4-5
Girls Cross Country,Bethesda-Chevy Chase,bethesda-chevy-chase,1978,champion,4-5
Girls Cross Country,Bethesda-Chevy Chase,bethesda-chevy-chase,1979,finalist,4-5
Girls Cross Country,Bethesda-Chevy Chase,bethesda-chevy-chase,2002,champion,4-5
Girls Cross Country,Bethesda-Chevy Chase,bethesda-chevy-chase,2011,champion,4-5
Girls Cross Country,Bethesda-Chevy Chase,bethesda-chevy-chase,2012,champion,4-5
Girls Cross Country,Bethesda-Chevy Chase,bethesda-chevy-chase,2013,finalist,4-5
Girls Cross Country,Bethesda-Chevy Chase,bethesda-chevy-chase,2014,finalist,4-5
Girls Cross Country,Bethesda-Chevy Chase,bethesda-chevy-chase,2024,champion,4-5
Girls Cross Country,Bohemia Manor,bohemia-manor,2007,finalist,4-5
Girls Cross Country,Bohemia Manor,bohemia-manor,2008,champion,4-5
Girls Cross Country,Bohemia Manor,bohemia-manor,2009,champion,4-5
Girls Cross Country,Bohemia Manor,bohemia-manor,2010,champion,4-5
Girls Cross Country,Bohemia Manor,bohemia-manor,2011,champion,4-5
Girls Cross Country,Bohemia Manor,bohemia-manor,2014,finalist,4-5
Girls Cross Country,Boonsboro,boonsboro,1978,finalist,4-5
Girls Cross Country,Boonsboro,boonsboro,1981,finalist,4-5
Girls Cross Country,Boonsboro,boonsboro,1984,champion,4-5
Girls Cross Country,Boonsboro,boonsboro,1989,champion,4-5
Girls Cross Country,Boonsboro,boonsboro,1990,champion,4-5
Girls Cross Country,Boonsboro,boonsboro,1991,finalist,4-5
Girls Cross Country,Boonsboro,boonsboro,1992,finalist,4-5
Girls Cross Country,Boonsboro,boonsboro,1993,finalist,4-5
Girls Cross Country,Boonsboro,boonsboro,1994,champion,4-5
Girls Cross Country,Boonsboro,boonsboro,1995,champion,4-5
Girls Cross Country,Boonsboro,boonsboro,2011,finalist,4-5
Girls Cross Country,Boonsboro,boonsboro,2012,champion,4-5
Girls Cross Country,Boonsboro,boonsboro,2015,champion,4-5
Girls Cross Country,Boonsboro,boonsboro,2016,champion,4-5
Girls Cross Country,Boonsboro,boonsboro,2017,champion,4-5
Girls Cross Country,Boonsboro,boonsboro,2018,champion,4-5
Girls Cross Country,Bowie,bowie,1984,finalist,4-5
Girls Cross Country,Broadneck,broadneck,1998,finalist,4-5
Girls Cross Country,Broadneck,broadneck,2002,champion,4-5
Girls Cross Country,Broadneck,broadneck,2003,champion,4-5
Girls Cross Country,Broadneck,broadneck,2021,finalist,4-5
Girls Cross Country,Brunswick,brunswick,1982,champion,4-5
Girls Cross Country,Brunswick,brunswick,1983,champion,4-5
Girls Cross Country,Brunswick,brunswick,1985,champion,4-5
Girls Cross Country,Brunswick,brunswick,1989,finalist,4-5
Girls Cross Country,Brunswick,brunswick,1990,finalist,4-5
Girls Cross Country,Brunswick,brunswick,1991,champion,4-5
Girls Cross Country,Brunswick,brunswick,1992,champion,4-5
Girls Cross Country,Brunswick,brunswick,2017,finalist,4-5
Girls Cross Country,Brunswick,brunswick,2018,finalist,4-5
Girls Cross Country,Brunswick,brunswick,2019,finalist,4-5
Girls Cross Country,C. Milton Wright,c-milton-wright,1988,champion,4-5
Girls Cross Country,C. Milton Wright,c-milton-wright,1999,champion,4-5
Girls Cross Country,C. Milton Wright,c-milton-wright,2000,champion,4-5
Girls Cross Country,C. Milton Wright,c-milton-wright,2004,champion,4-5
Girls Cross Country,C. Milton Wright,c-milton-wright,2007,champion,4-5
Girls Cross Country,Calvert,calvert,2012,champion,4-5
Girls Cross Country,Cambridge-South Dorchester,cambridge-south-dorchester,2013,champion,4-5
Girls Cross Country,Catoctin,catoctin,2016,finalist,4-5
Girls Cross Country,Catonsville,catonsville,1993,champion,4-5
Girls Cross Country,Catonsville,catonsville,1994,finalist,4-5
Girls Cross Country,Catonsville,catonsville,1996,finalist,4-5
Girls Cross Country,Catonsville,catonsville,1999,finalist,4-5
Girls Cross Country,Centennial,centennial,1987,finalist,4-5
Girls Cross Country,Centennial,centennial,1990,champion,4-5
Girls Cross Country,Centennial,centennial,2012,finalist,4-5
Girls Cross Country,Centennial,centennial,2013,champion,4-5
Girls Cross Country,Centennial,centennial,2015,champion,4-5
Girls Cross Country,Centennial,centennial,2023,finalist,4-5
Girls Cross Country,Centennial,centennial,2024,champion,4-5
Girls Cross Country,Century,century,2005,finalist,4-5
Girls Cross Country,Century,century,2007,finalist,4-5
Girls Cross Country,Century,century,2008,finalist,4-5
Girls Cross Country,Century,century,2009,champion,4-5
Girls Cross Country,Century,century,2010,champion,4-5
Girls Cross Country,Century,century,2011,champion,4-5
Girls Cross Country,Century,century,2015,finalist,4-5
Girls Cross Country,Charles W. Woodward,charles-w-woodward,1985,champion,4-5
Girls Cross Country,Crossland,crossland,1981,finalist,4-5
Girls Cross Country,Crossland,crossland,1982,champion,4-5
Girls Cross Country,Crossland,crossland,1983,champion,4-5
Girls Cross Country,Damascus,damascus,1994,champion,4-5
Girls Cross Country,Damascus,damascus,1995,finalist,4-5
Girls Cross Country,Digital Harbor,digital-harbor,2005,finalist,4-5
Girls Cross Country,Dulaney,dulaney,1981,champion,4-5
Girls Cross Country,Dulaney,dulaney,1982,finalist,4-5
Girls Cross Country,Dulaney,dulaney,1992,champion,4-5
Girls Cross Country,Dulaney,dulaney,1993,finalist,4-5
Girls Cross Country,Dulaney,dulaney,1994,champion,4-5
Girls Cross Country,Dulaney,dulaney,1995,champion,4-5
Girls Cross Country,Dulaney,dulaney,1996,champion,4-5
Girls Cross Country,Dulaney,dulaney,1997,champion,4-5
Girls Cross Country,Dulaney,dulaney,1998,finalist,4-5
Girls Cross Country,Dulaney,dulaney,1999,finalist,4-5
Girls Cross Country,Dulaney,dulaney,2000,finalist,4-5
Girls Cross Country,Dulaney,dulaney,2001,champion,4-5
Girls Cross Country,Dulaney,dulaney,2004,finalist,4-5
Girls Cross Country,Dulaney,dulaney,2005,finalist,4-5
Girls Cross Country,Dulaney,dulaney,2006,finalist,4-5
Girls Cross Country,Dulaney,dulaney,2015,finalist,4-5
Girls Cross Country,Eleanor Roosevelt,eleanor-roosevelt,1978,finalist,4-5
Girls Cross Country,Eleanor Roosevelt,eleanor-roosevelt,1986,champion,4-5
Girls Cross Country,Eleanor Roosevelt,eleanor-roosevelt,1987,finalist,4-5
Girls Cross Country,Eleanor Roosevelt,eleanor-roosevelt,1988,champion,4-5
Girls Cross Country,Eleanor Roosevelt,eleanor-roosevelt,2003,finalist,4-5
Girls Cross Country,Eleanor Roosevelt,eleanor-roosevelt,2004,champion,4-5
Girls Cross Country,Eleanor Roosevelt,eleanor-roosevelt,2005,champion,4-5
Girls Cross Country,Eleanor Roosevelt,eleanor-roosevelt,2006,champion,4-5
Girls Cross Country,Eleanor Roosevelt,eleanor-roosevelt,2007,finalist,4-5
Girls Cross Country,Fallston,fallston,1993,finalist,4-5
Girls Cross Country,Francis Scott Key,francis-scott-key,1994,finalist,4-5
Girls Cross Country,Frederick,frederick,1980,finalist,4-5
Girls Cross Country,Frederick,frederick,1981,finalist,4-5
Girls Cross Country,Frederick,frederick,1988,finalist,4-5
Girls Cross Country,Frederick,frederick,1989,champion,4-5
Girls Cross Country,Frederick,frederick,1990,finalist,4-5
Girls Cross Country,Frederick,frederick,1995,champion,4-5
Girls Cross Country,Frederick,frederick,2004,finalist,4-5
Girls Cross Country,Frederick,frederick,2022,finalist,4-5
Girls Cross Country,Frederick,frederick,2023,finalist,4-5
Girls Cross Country,Frederick,frederick,2024,finalist,4-5
Girls Cross Country,Friendly,friendly,1976,finalist,4-5
Girls Cross Country,Glenelg,glenelg,1983,finalist,4-5
Girls Cross Country,Glenelg,glenelg,1989,finalist,4-5
Girls Cross Country,Glenelg,glenelg,1990,champion,4-5
Girls Cross Country,Glenelg,glenelg,1992,finalist,4-5
Girls Cross Country,Glenelg,glenelg,1998,finalist,4-5
Girls Cross Country,Glenelg,glenelg,1999,finalist,4-5
Girls Cross Country,Glenelg,glenelg,2000,finalist,4-5
Girls Cross Country,Glenelg,glenelg,2001,finalist,4-5
Girls Cross Country,Glenelg,glenelg,2003,champion,4-5
Girls Cross Country,Great Mills,great-mills,1989,champion,4-5
Girls Cross Country,Harford Technical,harford-technical,2023,finalist,4-5
Girls Cross Country,Harford Technical,harford-technical,2024,champion,4-5
Girls Cross Country,Hereford,hereford,1978,champion,4-5
Girls Cross Country,Hereford,hereford,1979,champion,4-5
Girls Cross Country,Hereford,hereford,1980,champion,4-5
Girls Cross Country,Hereford,hereford,1984,finalist,4-5
Girls Cross Country,Hereford,hereford,1996,finalist,4-5
Girls Cross Country,Hereford,hereford,2002,finalist,4-5
Girls Cross Country,Hereford,hereford,2003,finalist,4-5
Girls Cross Country,Hereford,hereford,2004,champion,4-5
Girls Cross Country,Hereford,hereford,2005,champion,4-5
Girls Cross Country,Hereford,hereford,2006,finalist,4-5
Girls Cross Country,Hereford,hereford,2007,finalist,4-5
Girls Cross Country,Hereford,hereford,2008,finalist,4-5
Girls Cross Country,Hereford,hereford,2009,finalist,4-5
Girls Cross Country,Hereford,hereford,2010,champion,4-5
Girls Cross Country,Hereford,hereford,2011,champion,4-5
Girls Cross Country,Hereford,hereford,2013,champion,4-5
Girls Cross Country,Hereford,hereford,2014,finalist,4-5
Girls Cross Country,Hereford,hereford,2015,champion,4-5
Girls Cross Country,Hereford,hereford,2016,champion,4-5
Girls Cross Country,Hereford,hereford,2017,champion,4-5
Girls Cross Country,Hereford,hereford,2018,champion,4-5
Girls Cross Country,Hereford,hereford,2021,champion,4-5
Girls Cross Country,Hereford,hereford,2022,champion,4-5
Girls Cross Country,Hereford,hereford,2023,champion,4-5
Girls Cross Country,Hereford,hereford,2024,finalist,4-5
Girls Cross Country,Howard,howard,2006,champion,4-5
Girls Cross Country,Howard,howard,2007,champion,4-5
Girls Cross Country,Howard,howard,2018,finalist,4-5
Girls Cross Country,Howard,howard,2019,champion,4-5
Girls Cross Country,Howard,howard,2021,champion,4-5
Girls Cross Country,Howard,howard,2023,finalist,4-5
Girls Cross Country,John F. Kennedy,john-f-kennedy,1983,champion,4-5
Girls Cross Country,Laurel,laurel,1985,champion,4-5
Girls Cross Country,Laurel,laurel,1986,finalist,4-5
Girls Cross Country,Laurel,laurel,1987,finalist,4-5
Girls Cross Country,Leonardtown,leonardtown,1989,finalist,4-5
Girls Cross Country,Liberty,liberty,1990,finalist,4-5
Girls Cross Country,Liberty,liberty,2014,champion,4-5
Girls Cross Country,Liberty,liberty,2019,champion,4-5
Girls Cross Country,Liberty,liberty,2021,finalist,4-5
Girls Cross Country,Linganore,linganore,1993,champion,4-5
Girls Cross Country,Linganore,linganore,1994,champion,4-5
Girls Cross Country,Linganore,linganore,1995,champion,4-5
Girls Cross Country,Linganore,linganore,2000,finalist,4-5
Girls Cross Country,Loch Raven,loch-raven,1982,finalist,4-5
Girls Cross Country,Loch Raven,loch-raven,1983,finalist,4-5
Girls Cross Country,Loch Raven,loch-raven,1985,finalist,4-5
Girls Cross Country,Loch Raven,loch-raven,1986,finalist,4-5
Girls Cross Country,Loch Raven,loch-raven,1991,finalist,4-5
Girls Cross Country,Loch Raven,loch-raven,2003,finalist,4-5
Girls Cross Country,Loch Raven,loch-raven,2004,champion,4-5
Girls Cross Country,Loch Raven,loch-raven,2010,finalist,4-5
Girls Cross Country,Manchester Valley,manchester-valley,2012,finalist,4-5
Girls Cross Country,McDonough,mcdonough,1981,champion,4-5
Girls Cross Country,McDonough,mcdonough,1984,finalist,4-5
Girls Cross Country,Middletown,middletown,1980,finalist,4-5
Girls Cross Country,Middletown,middletown,1981,champion,4-5
Girls Cross Country,Middletown,middletown,1990,finalist,4-5
Girls Cross Country,Middletown,middletown,1991,champion,4-5
Girls Cross Country,Middletown,middletown,1992,champion,4-5
Girls Cross Country,Middletown,middletown,1997,champion,4-5
Girls Cross Country,Middletown,middletown,1998,champion,4-5
Girls Cross Country,Middletown,middletown,1999,champion,4-5
Girls Cross Country,Middletown,middletown,2000,champion,4-5
Girls Cross Country,Middletown,middletown,2019,finalist,4-5
Girls Cross Country,Montgomery Blair,montgomery-blair,1979,finalist,4-5
Girls Cross Country,Mount Hebron,mount-hebron,1997,finalist,4-5
Girls Cross Country,Mount Hebron,mount-hebron,1998,finalist,4-5
Girls Cross Country,Mount Hebron,mount-hebron,2010,finalist,4-5
Girls Cross Country,North Carroll,north-carroll,1982,finalist,4-5
Girls Cross Country,North Carroll,north-carroll,1983,champion,4-5
Girls Cross Country,North Carroll,north-carroll,1984,champion,4-5
Girls Cross Country,North Carroll,north-carroll,1985,champion,4-5
Girls Cross Country,North Carroll,north-carroll,1986,champion,4-5
Girls Cross Country,North Carroll,north-carroll,1999,finalist,4-5
Girls Cross Country,North Carroll,north-carroll,2000,champion,4-5
Girls Cross Country,North Carroll,north-carroll,2001,finalist,4-5
Girls Cross Country,North Hagerstown,north-hagerstown,1987,champion,4-5
Girls Cross Country,North Harford,north-harford,1986,champion,4-5
Girls Cross Country,Northern-C,northern-c,2015,finalist,4-5
Girls Cross Country,Northern-C,northern-c,2016,champion,4-5
Girls Cross Country,Northern-C,northern-c,2017,champion,4-5
Girls Cross Country,Northern-C,northern-c,2018,champion,4-5
Girls Cross Country,Northern-C,northern-c,2019,champion,4-5
Girls Cross Country,Northern-C,northern-c,2021,finalist,4-5
Girls Cross Country,Northern-G,northern-g,2016,finalist,4-5
Girls Cross Country,Northern-G,northern-g,2019,champion,4-5
Girls Cross Country,Northern-G,northern-g,2021,champion,4-5
Girls Cross Country,Northern-G,northern-g,2022,champion,4-5
Girls Cross Country,Northwest,northwest,2002,champion,4-5
Girls Cross Country,Northwest,northwest,2003,champion,4-5
Girls Cross Country,Northwest,northwest,2004,finalist,4-5
Girls Cross Country,Northwest,northwest,2008,finalist,4-5
Girls Cross Country,Northwest,northwest,2010,finalist,4-5
Girls Cross Country,Northwood,northwood,1975,champion,4-5
Girls Cross Country,Northwood,northwood,1976,finalist,4-5
Girls Cross Country,Northwood,northwood,1977,champion,4-5
Girls Cross Country,Northwood,northwood,1978,champion,4-5
Girls Cross Country,Oakdale,oakdale,2018,finalist,4-5
Girls Cross Country,Oakland Mills,oakland-mills,1995,finalist,4-5
Girls Cross Country,Oakland Mills,oakland-mills,2012,finalist,4-5
Girls Cross Country,Oxon Hill,oxon-hill,1977,finalist,4-5
Girls Cross Country,Perry Hall,perry-hall,1993,champion,4-5
Girls Cross Country,Poolesville,poolesville,2013,finalist,4-5
Girls Cross Country,Poolesville,poolesville,2022,finalist,4-5
Girls Cross Country,Quince Orchard,quince-orchard,1991,finalist,4-5
Girls Cross Country,Quince Orchard,quince-orchard,1992,finalist,4-5
Girls Cross Country,Quince Orchard,quince-orchard,1994,finalist,4-5
Girls Cross Country,Quince Orchard,quince-orchard,1996,finalist,4-5
Girls Cross Country,Quince Orchard,quince-orchard,2001,champion,4-5
Girls Cross Country,Quince Orchard,quince-orchard,2012,finalist,4-5
Girls Cross Country,Reservoir,reservoir,2012,champion,4-5
Girls Cross Country,River Hill,river-hill,2000,finalist,4-5
Girls Cross Country,River Hill,river-hill,2005,finalist,4-5
Girls Cross Country,River Hill,river-hill,2006,finalist,4-5
Girls Cross Country,River Hill,river-hill,2007,champion,4-5
Girls Cross Country,River Hill,river-hill,2008,champion,4-5
Girls Cross Country,River Hill,river-hill,2009,champion,4-5
Girls Cross Country,River Hill,river-hill,2011,finalist,4-5
Girls Cross Country,River Hill,river-hill,2013,finalist,4-5
Girls Cross Country,River Hill,river-hill,2014,champion,4-5
Girls Cross Country,River Hill,river-hill,2016,finalist,4-5
Girls Cross Country,River Hill,river-hill,2017,finalist,4-5
Girls Cross Country,Rockville,rockville,1980,finalist,4-5
Girls Cross Country,Severna Park,severna-park,1987,champion,4-5
Girls Cross Country,Severna Park,severna-park,1997,finalist,4-5
Girls Cross Country,Severna Park,severna-park,1998,champion,4-5
Girls Cross Country,Severna Park,severna-park,2005,champion,4-5
Girls Cross Country,Severna Park,severna-park,2006,champion,4-5
Girls Cross Country,Severna Park,severna-park,2009,champion,4-5
Girls Cross Country,Severna Park,severna-park,2017,finalist,4-5
Girls Cross Country,Severna Park,severna-park,2018,champion,4-5
Girls Cross Country,Severna Park,severna-park,2019,finalist,4-5
Girls Cross Country,Severna Park,severna-park,2022,champion,4-5
Girls Cross Country,Severna Park,severna-park,2023,champion,4-5
Girls Cross Country,Severna Park,severna-park,2024,champion,4-5
Girls Cross Country,Sherwood,sherwood,1979,finalist,4-5
Girls Cross Country,Smithsburg,smithsburg,1978,champion,4-5
Girls Cross Country,Smithsburg,smithsburg,1979,finalist,4-5
Girls Cross Country,Smithsburg,smithsburg,1984,finalist,4-5
Girls Cross Country,Smithsburg,smithsburg,1985,finalist,4-5
Girls Cross Country,Smithsburg,smithsburg,2000,champion,4-5
Girls Cross Country,Smithsburg,smithsburg,2001,champion,4-5
Girls Cross Country,Smithsburg,smithsburg,2006,champion,4-5
Girls Cross Country,Smithsburg,smithsburg,2009,finalist,4-5
Girls Cross Country,Smithsburg,smithsburg,2013,finalist,4-5
Girls Cross Country,Smithsburg,smithsburg,2014,champion,4-5
Girls Cross Country,Smithsburg,smithsburg,2015,finalist,4-5
Girls Cross Country,Smithsburg,smithsburg,2021,finalist,4-5
Girls Cross Country,Smithsburg,smithsburg,2022,finalist,4-5
Girls Cross Country,Smithsburg,smithsburg,2024,finalist,4-5
Girls Cross Country,South Carroll,south-carroll,1995,finalist,4-5
Girls Cross Country,South Carroll,south-carroll,1996,champion,4-5
Girls Cross Country,South Carroll,south-carroll,1997,finalist,4-5
Girls Cross Country,South Carroll,south-carroll,1999,champion,4-5
Girls Cross Country,South Carroll,south-carroll,2002,finalist,4-5
Girls Cross Country,South Carroll,south-carroll,2007,champion,4-5
Girls Cross Country,South Carroll,south-carroll,2008,finalist,4-5
Girls Cross Country,South Carroll,south-carroll,2011,finalist,4-5
Girls Cross Country,Thomas Johnson,thomas-johnson,2009,finalist,4-5
Girls Cross Country,Thomas S. Wootton,thomas-s-wootton,2016,finalist,4-5
Girls Cross Country,Towson,towson,1980,champion,4-5
Girls Cross Country,Towson,towson,1981,finalist,4-5
Girls Cross Country,Towson,towson,1982,champion,4-5
Girls Cross Country,Towson,towson,1984,champion,4-5
Girls Cross Country,Towson,towson,2001,champion,4-5
Girls Cross Country,Towson,towson,2008,champion,4-5
Girls Cross Country,Towson,towson,2024,finalist,4-5
Girls Cross Country,Walt Whitman,walt-whitman,1988,finalist,4-5
Girls Cross Country,Walt Whitman,walt-whitman,1989,finalist,4-5
Girls Cross Country,Walt Whitman,walt-whitman,1990,champion,4-5
Girls Cross Country,Walt Whitman,walt-whitman,1991,champion,4-5
Girls Cross Country,Walt Whitman,walt-whitman,1992,champion,4-5
Girls Cross Country,Walt Whitman,walt-whitman,1995,finalist,4-5
Girls Cross Country,Walt Whitman,walt-whitman,2010,champion,4-5
Girls Cross Country,Walt Whitman,walt-whitman,2011,finalist,4-5
Girls Cross Country,Walter Johnson,walter-johnson,1991,finalist,4-5
Girls Cross Country,Walter Johnson,walter-johnson,1992,finalist,4-5
Girls Cross Country,Walter Johnson,walter-johnson,1993,finalist,4-5
Girls Cross Country,Walter Johnson,walter-johnson,1996,champion,4-5
Girls Cross Country,Walter Johnson,walter-johnson,1997,champion,4-5
Girls Cross Country,Walter Johnson,walter-johnson,1998,champion,4-5
Girls Cross Country,Walter Johnson,walter-johnson,1999,champion,4-5
Girls Cross Country,Walter Johnson,walter-johnson,2002,finalist,4-5
Girls Cross Country,Walter Johnson,walter-johnson,2013,champion,4-5
Girls Cross Country,Walter Johnson,walter-johnson,2014,champion,4-5
Girls Cross Country,Walter Johnson,walter-johnson,2015,champion,4-5
Girls Cross Country,Walter Johnson,walter-johnson,2016,champion,4-5
Girls Cross Country,Walter Johnson,walter-johnson,2017,champion,4-5
Girls Cross Country,Walter Johnson,walter-johnson,2021,champion,4-5
Girls Cross Country,Walter Johnson,walter-johnson,2022,finalist,4-5
Girls Cross Country,Walter Johnson,walter-johnson,2023,champion,4-5
Girls Cross Country,Westminster,westminster,1983,finalist,4-5
Girls Cross Country,Westminster,westminster,1984,champion,4-5
Girls Cross Country,Wilde Lake,wilde-lake,1996,champion,4-5
Girls Cross Country,Wilde Lake,wilde-lake,1997,finalist,4-5
Girls Cross Country,Williamsport,williamsport,1978,finalist,4-5
Girls Cross Country,Williamsport,williamsport,1979,champion,4-5
Girls Cross Country,Williamsport,williamsport,1980,champion,4-5
Girls Cross Country,Williamsport,williamsport,1981,champion,4-5
Girls Cross Country,Williamsport,williamsport,1982,champion,4-5
Girls Cross Country,Williamsport,williamsport,2002,champion,4-5
Girls Cross Country,Williamsport,williamsport,2003,champion,4-5
Girls Cross Country,Williamsport,williamsport,2004,finalist,4-5
Girls Cross Country,Williamsport,williamsport,2005,champion,4-5
Girls Cross Country,Williamsport,williamsport,2006,finalist,4-5
Girls Cross Country,Winston Churchill,winston-churchill,1977,finalist,4-5
Girls Cross Country,Winston Churchill,winston-churchill,1978,finalist,4-5
Girls Cross Country,Winston Churchill,winston-churchill,1979,champion,4-5
Girls Cross Country,Winston Churchill,winston-churchill,1980,finalist,4-5
Girls Cross Country,Winston Churchill,winston-churchill,1985,finalist,4-5
Girls Cross Country,Winston Churchill,winston-churchill,1991,champion,4-5
Girls Cross Country,Winters Mill,winters-mill,2004,finalist,4-5
Girls Soccer,Arundel,arundel,1996,finalist,57-58
Girls Soccer,Bel Air,bel-air,1996,semifinalist,57-58
Girls Soccer,Bel Air,bel-air,1998,semifinalist,57-58
Girls Soccer,Bel Air,bel-air,2000,finalist,57-58
Girls Soccer,Bel Air,bel-air,2002,finalist,57-58
Girls Soccer,Bel Air,bel-air,2010,semifinalist,57-58
Girls Soccer,Bel Air,bel-air,2013,semifinalist,57-58
Girls Soccer,Bel Air,bel-air,2014,semifinalist,57-58
Girls Soccer,Bel Air,bel-air,2015,champion,57-58
Girls Soccer,Bel Air,bel-air,2016,semifinalist,57-58
Girls Soccer,Bel Air,bel-air,2017,semifinalist,57-58
Girls Soccer,Bethesda-Chevy Chase,bethesda-chevy-chase,2001,champion,57-58
Girls Soccer,Bethesda-Chevy Chase,bethesda-chevy-chase,2002,finalist,57-58
Girls Soccer,Bethesda-Chevy Chase,bethesda-chevy-chase,2004,champion,57-58
Girls Soccer,Bethesda-Chevy Chase,bethesda-chevy-chase,2006,finalist,57-58
Girls Soccer,Bethesda-Chevy Chase,bethesda-chevy-chase,2008,champion,57-58
Girls Soccer,Bethesda-Chevy Chase,bethesda-chevy-chase,2009,champion,57-58
Girls Soccer,Bethesda-Chevy Chase,bethesda-chevy-chase,2010,champion,57-58
Girls Soccer,Bethesda-Chevy Chase,bethesda-chevy-chase,2011,champion,57-58
Girls Soccer,Bethesda-Chevy Chase,bethesda-chevy-chase,2012,finalist,57-58
Girls Soccer,Bowie,bowie,1995,semifinalist,57-58
Girls Soccer,Bowie,bowie,1996,semifinalist,57-58
Girls Soccer,Bowie,bowie,1997,semifinalist,57-58
Girls Soccer,Bowie,bowie,1998,semifinalist,57-58
Girls Soccer,Bowie,bowie,1999,semifinalist,57-58
Girls Soccer,Bowie,bowie,2004,semifinalist,57-58
Girls Soccer,Bowie,bowie,2008,semifinalist,57-58
Girls Soccer,Bowie,bowie,2009,semifinalist,57-58
Girls Soccer,Bowie,bowie,2010,finalist,57-58
Girls Soccer,Bowie,bowie,2012,semifinalist,57-58
Girls Soccer,Broadneck,broadneck,1998,semifinalist,57-58
Girls Soccer,Broadneck,broadneck,2015,champion,57-58
Girls Soccer,Broadneck,broadneck,2017,champion,57-58
Girls Soccer,Broadneck,broadneck,2021,finalist,57-58
Girls Soccer,Broadneck,broadneck,2022,semifinalist,57-58
Girls Soccer,Brunswick,brunswick,2011,finalist,57-58
Girls Soccer,Brunswick,brunswick,2012,finalist,57-58
Girls Soccer,Brunswick,brunswick,2021,finalist,57-58
Girls Soccer,Brunswick,brunswick,2024,semifinalist,57-58
Girls Soccer,C. Milton Wright,c-milton-wright,1989,finalist,57-58
Girls Soccer,C. Milton Wright,c-milton-wright,2005,champion,57-58
Girls Soccer,C. Milton Wright,c-milton-wright,2007,finalist,57-58
Girls Soccer,C. Milton Wright,c-milton-wright,2012,finalist,57-58
Girls Soccer,Calvert,calvert,2002,semifinalist,57-58
Girls Soccer,Calvert,calvert,2012,semifinalist,57-58
Girls Soccer,Calvert,calvert,2014,champion,57-58
Girls Soccer,Calvert,calvert,2015,semifinalist,57-58
Girls Soccer,Calvert,calvert,2016,semifinalist,57-58
Girls Soccer,Calvert,calvert,2019,champion,57-58
Girls Soccer,Calvert,calvert,2021,semifinalist,57-58
Girls Soccer,Catonsville,catonsville,2007,semifinalist,57-58
Girls Soccer,Catonsville,catonsville,2013,finalist,57-58
Girls Soccer,Centennial,centennial,1991,champion,57-58
Girls Soccer,Centennial,centennial,1992,champion,57-58
Girls Soccer,Centennial,centennial,1993,semifinalist,57-58
Girls Soccer,Centennial,centennial,1994,champion,57-58
Girls Soccer,Centennial,centennial,1995,champion,57-58
Girls Soccer,Centennial,centennial,1998,champion,57-58
Girls Soccer,Centennial,centennial,2001,champion,57-58
Girls Soccer,Centennial,centennial,2004,finalist,57-58
Girls Soccer,Centennial,centennial,2016,semifinalist,57-58
Girls Soccer,Century,century,1991,semifinalist,57-58
Girls Soccer,Century,century,1993,semifinalist,57-58
Girls Soccer,Century,century,2002,champion,57-58
Girls Soccer,Century,century,2003,champion,57-58
Girls Soccer,Century,century,2005,semifinalist,57-58
Girls Soccer,Century,century,2007,semifinalist,57-58
Girls Soccer,Century,century,2013,champion,57-58
Girls Soccer,Century,century,2015,semifinalist,57-58
Girls Soccer,Century,century,2016,semifinalist,57-58
Girls Soccer,Century,century,2019,semifinalist,57-58
Girls Soccer,Century,century,2024,semifinalist,57-58
Girls Soccer,Crofton,crofton,2022,champion,57-58
Girls Soccer,Crofton,crofton,2024,finalist,57-58
Girls Soccer,Dulaney,dulaney,1991,finalist,57-58
Girls Soccer,Dulaney,dulaney,1992,finalist,57-58
Girls Soccer,Dulaney,dulaney,1993,champion,57-58
Girls Soccer,Eastern Technical,eastern-technical,1999,finalist,57-58
Girls Soccer,Eastern Technical,eastern-technical,2001,semifinalist,57-58
Girls Soccer,Eastern Technical,eastern-technical,2002,semifinalist,57-58
Girls Soccer,Eastern Technical,eastern-technical,2003,semifinalist,57-58
Girls Soccer,Eastern Technical,eastern-technical,2004,semifinalist,57-58
Girls Soccer,Eastern Technical,eastern-technical,2005,champion,57-58
Girls Soccer,Eastern Technical,eastern-technical,2007,finalist,57-58
Girls Soccer,Eastern Technical,eastern-technical,2008,finalist,57-58
Girls Soccer,Eastern Technical,eastern-technical,2009,semifinalist,57-58
Girls Soccer,Eastern Technical,eastern-technical,2010,semifinalist,57-58
Girls Soccer,Eastern Technical,eastern-technical,2021,semifinalist,57-58
Girls Soccer,Eleanor Roosevelt,eleanor-roosevelt,2000,finalist,57-58
Girls Soccer,Eleanor Roosevelt,eleanor-roosevelt,2001,semifinalist,57-58
Girls Soccer,Eleanor Roosevelt,eleanor-roosevelt,2003,champion,57-58
Girls Soccer,Eleanor Roosevelt,eleanor-roosevelt,2005,semifinalist,57-58
Girls Soccer,Eleanor Roosevelt,eleanor-roosevelt,2006,semifinalist,57-58
Girls Soccer,Eleanor Roosevelt,eleanor-roosevelt,2007,semifinalist,57-58
Girls Soccer,Eleanor Roosevelt,eleanor-roosevelt,2011,semifinalist,57-58
Girls Soccer,Eleanor Roosevelt,eleanor-roosevelt,2013,semifinalist,57-58
Girls Soccer,Eleanor Roosevelt,eleanor-roosevelt,2014,semifinalist,57-58
Girls Soccer,Eleanor Roosevelt,eleanor-roosevelt,2017,semifinalist,57-58
Girls Soccer,Eleanor Roosevelt,eleanor-roosevelt,2018,semifinalist,57-58
Girls Soccer,Fallston,fallston,1993,semifinalist,57-58
Girls Soccer,Fallston,fallston,1994,champion,57-58
Girls Soccer,Fallston,fallston,1995,semifinalist,57-58
Girls Soccer,Fallston,fallston,1996,champion,57-58
Girls Soccer,Fallston,fallston,1997,finalist,57-58
Girls Soccer,Fallston,fallston,2008,finalist,57-58
Girls Soccer,Fallston,fallston,2009,champion,57-58
Girls Soccer,Fallston,fallston,2012,finalist,57-58
Girls Soccer,Fallston,fallston,2015,champion,57-58
Girls Soccer,Fallston,fallston,2016,semifinalist,57-58
Girls Soccer,Fallston,fallston,2017,semifinalist,57-58
Girls Soccer,Fallston,fallston,2018,semifinalist,57-58
Girls Soccer,Fallston,fallston,2021,champion,57-58
Girls Soccer,Fallston,fallston,2022,champion,57-58
Girls Soccer,Franklin,franklin,1989,semifinalist,57-58
Girls Soccer,Franklin,franklin,2001,finalist,57-58
Girls Soccer,Franklin,franklin,2003,semifinalist,57-58
Girls Soccer,Glenelg,glenelg,1997,champion,57-58
Girls Soccer,Glenelg,glenelg,1999,champion,57-58
Girls Soccer,Glenelg,glenelg,2000,champion,57-58
Girls Soccer,Glenelg,glenelg,2003,finalist,57-58
Girls Soccer,Glenelg,glenelg,2006,champion,57-58
Girls Soccer,Glenelg,glenelg,2007,champion,57-58
Girls Soccer,Glenelg,glenelg,2008,champion,57-58
Girls Soccer,Glenelg,glenelg,2009,semifinalist,57-58
Girls Soccer,Glenelg,glenelg,2010,finalist,57-58
Girls Soccer,Glenelg,glenelg,2011,semifinalist,57-58
Girls Soccer,Glenelg,glenelg,2021,champion,57-58
Girls Soccer,Glenelg,glenelg,2022,finalist,57-58
Girls Soccer,Glenelg,glenelg,2023,semifinalist,57-58
Girls Soccer,Governor Thomas Johnson,governor-thomas-johnson,1997,champion,57-58
Girls Soccer,Governor Thomas Johnson,governor-thomas-johnson,1999,semifinalist,57-58
Girls Soccer,Governor Thomas Johnson,governor-thomas-johnson,2000,semifinalist,57-58
Girls Soccer,Governor Thomas Johnson,governor-thomas-johnson,2001,champion,57-58
Girls Soccer,Governor Thomas Johnson,governor-thomas-johnson,2008,semifinalist,57-58
Girls Soccer,Governor Thomas Johnson,governor-thomas-johnson,2018,finalist,57-58
Girls Soccer,Hammond,hammond,1989,champion,57-58
Girls Soccer,Hammond,hammond,1991,champion,57-58
Girls Soccer,Hammond,hammond,1993,finalist,57-58
Girls Soccer,Hammond,hammond,1996,finalist,57-58
Girls Soccer,Hammond,hammond,1998,champion,57-58
Girls Soccer,Hammond,hammond,1999,semifinalist,57-58
Girls Soccer,Harford Technical,harford-technical,2009,finalist,57-58
Girls Soccer,Havre De Grace,havre-de-grace,1998,semifinalist,57-58
Girls Soccer,Havre De Grace,havre-de-grace,2023,champion,57-58
Girls Soccer,Hereford,hereford,1994,semifinalist,57-58
Girls Soccer,Hereford,hereford,1995,finalist,57-58
Girls Soccer,Hereford,hereford,1997,finalist,57-58
Girls Soccer,Hereford,hereford,2000,champion,57-58
Girls Soccer,Hereford,hereford,2008,semifinalist,57-58
Girls Soccer,Hereford,hereford,2009,semifinalist,57-58
Girls Soccer,Hereford,hereford,2014,semifinalist,57-58
Girls Soccer,Hereford,hereford,2017,finalist,57-58
Girls Soccer,Hereford,hereford,2018,semifinalist,57-58
Girls Soccer,Hereford,hereford,2021,finalist,57-58
Girls Soccer,Hereford,hereford,2022,semifinalist,57-58
Girls Soccer,Hereford,hereford,2023,finalist,57-58
Girls Soccer,Howard,howard,2014,finalist,57-58
Girls Soccer,Huntingtown,huntingtown,2005,semifinalist,57-58
Girls Soccer,Huntingtown,huntingtown,2006,semifinalist,57-58
Girls Soccer,Huntingtown,huntingtown,2009,semifinalist,57-58
Girls Soccer,Huntingtown,huntingtown,2010,finalist,57-58
Girls Soccer,Huntingtown,huntingtown,2011,champion,57-58
Girls Soccer,Huntingtown,huntingtown,2012,semifinalist,57-58
Girls Soccer,Huntingtown,huntingtown,2013,finalist,57-58
Girls Soccer,Huntingtown,huntingtown,2015,semifinalist,57-58
Girls Soccer,Huntingtown,huntingtown,2017,finalist,57-58
Girls Soccer,Huntingtown,huntingtown,2021,semifinalist,57-58
Girls Soccer,Huntingtown,huntingtown,2022,semifinalist,57-58
Girls Soccer,James M. Bennett,james-m-bennett,2001,semifinalist,57-58
Girls Soccer,James M. Bennett,james-m-bennett,2004,finalist,57-58
Girls Soccer,Joppatowne,joppatowne,1989,finalist,57-58
Girls Soccer,Leonardtown,leonardtown,1998,champion,57-58
Girls Soccer,Leonardtown,leonardtown,1999,semifinalist,57-58
Girls Soccer,Leonardtown,leonardtown,2001,semifinalist,57-58
Girls Soccer,Leonardtown,leonardtown,2006,champion,57-58
Girls Soccer,Leonardtown,leonardtown,2008,champion,57-58
Girls Soccer,Leonardtown,leonardtown,2010,semifinalist,57-58
Girls Soccer,Leonardtown,leonardtown,2015,finalist,57-58
Girls Soccer,Liberty,liberty,1992,semifinalist,57-58
Girls Soccer,Liberty,liberty,1993,semifinalist,57-58
Girls Soccer,Liberty,liberty,1994,semifinalist,57-58
Girls Soccer,Liberty,liberty,1996,champion,57-58
Girls Soccer,Liberty,liberty,2024,champion,57-58
Girls Soccer,Linganore,linganore,1995,semifinalist,57-58
Girls Soccer,Linganore,linganore,2014,finalist,57-58
Girls Soccer,Linganore,linganore,2015,finalist,57-58
Girls Soccer,Linganore,linganore,2017,champion,57-58
Girls Soccer,Linganore,linganore,2019,semifinalist,57-58
Girls Soccer,Loch Raven,loch-raven,1990,semifinalist,57-58
Girls Soccer,Loch Raven,loch-raven,1991,semifinalist,57-58
Girls Soccer,Loch Raven,loch-raven,1992,finalist,57-58
Girls Soccer,Loch Raven,loch-raven,1993,champion,57-58
Girls Soccer,Loch Raven,loch-raven,1996,champion,57-58
Girls Soccer,Loch Raven,loch-raven,1997,semifinalist,57-58
Girls Soccer,Loch Raven,loch-raven,1998,semifinalist,57-58
Girls Soccer,Loch Raven,loch-raven,1999,champion,57-58
Girls Soccer,Loch Raven,loch-raven,2001,champion,57-58
Girls Soccer,Loch Raven,loch-raven,2003,champion,57-58
Girls Soccer,Loch Raven,loch-raven,2006,semifinalist,57-58
Girls Soccer,Loch Raven,loch-raven,2009,champion,57-58
Girls Soccer,Loch Raven,loch-raven,2010,semifinalist,57-58
Girls Soccer,Loch Raven,loch-raven,2013,finalist,57-58
Girls Soccer,Loch Raven,loch-raven,2019,finalist,57-58
Girls Soccer,Manchester Valley,manchester-valley,2011,champion,57-58
Girls Soccer,Manchester Valley,manchester-valley,2012,champion,57-58
Girls Soccer,Manchester Valley,manchester-valley,2013,semifinalist,57-58
Girls Soccer,Manchester Valley,manchester-valley,2014,semifinalist,57-58
Girls Soccer,Manchester Valley,manchester-valley,2015,semifinalist,57-58
Girls Soccer,Mardela,mardela,2007,semifinalist,57-58
Girls Soccer,Mardela,mardela,2008,semifinalist,57-58
Girls Soccer,Mardela,mardela,2009,semifinalist,57-58
Girls Soccer,Mardela,mardela,2010,semifinalist,57-58
Girls Soccer,Mardela,mardela,2012,semifinalist,57-58
Girls Soccer,Mardela,mardela,2014,semifinalist,57-58
Girls Soccer,Mardela,mardela,2023,semifinalist,57-58
Girls Soccer,Mardela,mardela,2024,finalist,57-58
Girls Soccer,Middletown,middletown,1990,champion,57-58
Girls Soccer,Middletown,middletown,1997,semifinalist,57-58
Girls Soccer,Middletown,middletown,1998,finalist,57-58
Girls Soccer,Middletown,middletown,1999,champion,57-58
Girls Soccer,Middletown,middletown,2000,champion,57-58
Girls Soccer,Middletown,middletown,2004,champion,57-58
Girls Soccer,Middletown,middletown,2005,finalist,57-58
Girls Soccer,Middletown,middletown,2010,champion,57-58
Girls Soccer,Middletown,middletown,2011,champion,57-58
Girls Soccer,Middletown,middletown,2012,champion,57-58
Girls Soccer,Middletown,middletown,2019,finalist,57-58
Girls Soccer,Montgomery Blair,montgomery-blair,2022,semifinalist,57-58
Girls Soccer,Montgomery Blair,montgomery-blair,2023,finalist,57-58
Girls Soccer,Mount Hebron,mount-hebron,1992,semifinalist,57-58
Girls Soccer,Mount Hebron,mount-hebron,2000,semifinalist,57-58
Girls Soccer,Mount Hebron,mount-hebron,2018,semifinalist,57-58
Girls Soccer,Mount Hebron,mount-hebron,2021,champion,57-58
Girls Soccer,Mount Hebron,mount-hebron,2022,finalist,57-58
Girls Soccer,Mount Hebron,mount-hebron,2023,finalist,57-58
Girls Soccer,Mountain Ridge,mountain-ridge,2009,semifinalist,57-58
Girls Soccer,Mountain Ridge,mountain-ridge,2010,finalist,57-58
Girls Soccer,Mountain Ridge,mountain-ridge,2015,semifinalist,57-58
Girls Soccer,Mountain Ridge,mountain-ridge,2021,semifinalist,57-58
Girls Soccer,North Carroll,north-carroll,1991,semifinalist,57-58
Girls Soccer,North Carroll,north-carroll,1998,finalist,57-58
Girls Soccer,North Point,north-point,2000,semifinalist,57-58
Girls Soccer,North Point,north-point,2007,semifinalist,57-58
Girls Soccer,North Point,north-point,2008,semifinalist,57-58
Girls Soccer,North Point,north-point,2016,finalist,57-58
Girls Soccer,North Point,north-point,2018,champion,57-58
Girls Soccer,North Point,north-point,2019,champion,57-58
Girls Soccer,North Point,north-point,2024,semifinalist,57-58
Girls Soccer,Oakdale,oakdale,2010,champion,57-58
Girls Soccer,Oakdale,oakdale,2014,semifinalist,57-58
Girls Soccer,Oakdale,oakdale,2021,semifinalist,57-58
Girls Soccer,Oakdale,oakdale,2022,semifinalist,57-58
Girls Soccer,Oakdale,oakdale,2023,semifinalist,57-58
Girls Soccer,Oakdale,oakdale,2024,semifinalist,57-58
Girls Soccer,Oakland Mills,oakland-mills,1989,semifinalist,57-58
Girls Soccer,Oakland Mills,oakland-mills,1990,finalist,57-58
Girls Soccer,Oakland Mills,oakland-mills,1992,champion,57-58
Girls Soccer,Oakland Mills,oakland-mills,1994,finalist,57-58
Girls Soccer,Oakland Mills,oakland-mills,1995,champion,57-58
Girls Soccer,Oakland Mills,oakland-mills,1996,semifinalist,57-58
Girls Soccer,Oakland Mills,oakland-mills,1997,semifinalist,57-58
Girls Soccer,Parkside,parkside,2005,semifinalist,57-58
Girls Soccer,Parkside,parkside,2006,finalist,57-58
Girls Soccer,Parkside,parkside,2007,semifinalist,57-58
Girls Soccer,Parkside,parkside,2008,semifinalist,57-58
Girls Soccer,Parkside,parkside,2011,semifinalist,57-58
Girls Soccer,Parkside,parkside,2013,semifinalist,57-58
Girls Soccer,Parkville,parkville,1999,finalist,57-58
Girls Soccer,Parkville,parkville,2000,semifinalist,57-58
Girls Soccer,Patapsco,patapsco,1990,finalist,57-58
Girls Soccer,Patterson Mill,patterson-mill,2015,finalist,57-58
Girls Soccer,Patterson Mill,patterson-mill,2016,finalist,57-58
Girls Soccer,Patterson Mill,patterson-mill,2017,finalist,57-58
Girls Soccer,Patterson Mill,patterson-mill,2019,champion,57-58
Girls Soccer,Perry Hall,perry-hall,1994,finalist,57-58
Girls Soccer,Perry Hall,perry-hall,1998,semifinalist,57-58
Girls Soccer,Perry Hall,perry-hall,2001,finalist,57-58
Girls Soccer,Perry Hall,perry-hall,2002,finalist,57-58
Girls Soccer,Perry Hall,perry-hall,2003,finalist,57-58
Girls Soccer,Perry Hall,perry-hall,2006,semifinalist,57-58
Girls Soccer,Perry Hall,perry-hall,2011,semifinalist,57-58
Girls Soccer,Perry Hall,perry-hall,2016,finalist,57-58
Girls Soccer,Perry Hall,perry-hall,2018,champion,57-58
Girls Soccer,Perry Hall,perry-hall,2019,champion,57-58
Girls Soccer,Perry Hall,perry-hall,2023,semifinalist,57-58
Girls Soccer,Perry Hall,perry-hall,2024,semifinalist,57-58
Girls Soccer,Perryville,perryville,2006,finalist,57-58
Girls Soccer,Perryville,perryville,2023,finalist,57-58
Girls Soccer,Poolesville,poolesville,2002,champion,57-58
Girls Soccer,Poolesville,poolesville,2003,finalist,57-58
Girls Soccer,Poolesville,poolesville,2004,semifinalist,57-58
Girls Soccer,Poolesville,poolesville,2024,champion,57-58
Girls Soccer,Quince Orchard,quince-orchard,2002,champion,57-58
Girls Soccer,Quince Orchard,quince-orchard,2006,finalist,57-58
Girls Soccer,Quince Orchard,quince-orchard,2007,champion,57-58
Girls Soccer,Quince Orchard,quince-orchard,2008,finalist,57-58
Girls Soccer,Quince Orchard,quince-orchard,2017,semifinalist,57-58
Girls Soccer,Quince Orchard,quince-orchard,2021,semifinalist,57-58
Girls Soccer,Quince Orchard,quince-orchard,2022,finalist,57-58
Girls Soccer,Reservoir,reservoir,2005,semifinalist,57-58
Girls Soccer,Reservoir,reservoir,2009,finalist,57-58
Girls Soccer,Reservoir,reservoir,2010,champion,57-58
Girls Soccer,Reservoir,reservoir,2011,semifinalist,57-58
Girls Soccer,Reservoir,reservoir,2015,semifinalist,57-58
Girls Soccer,River Hill,river-hill,1997,champion,57-58
Girls Soccer,River Hill,river-hill,1999,champion,57-58
Girls Soccer,River Hill,river-hill,2000,champion,57-58
Girls Soccer,River Hill,river-hill,2001,champion,57-58
Girls Soccer,River Hill,river-hill,2003,semifinalist,57-58
Girls Soccer,River Hill,river-hill,2005,semifinalist,57-58
Girls Soccer,River Hill,river-hill,2006,champion,57-58
Girls Soccer,River Hill,river-hill,2007,champion,57-58
Girls Soccer,River Hill,river-hill,2008,champion,57-58
Girls Soccer,River Hill,river-hill,2012,champion,57-58
Girls Soccer,River Hill,river-hill,2013,champion,57-58
Girls Soccer,River Hill,river-hill,2014,champion,57-58
Girls Soccer,River Hill,river-hill,2016,champion,57-58
Girls Soccer,River Hill,river-hill,2017,champion,57-58
Girls Soccer,River Hill,river-hill,2018,champion,57-58
Girls Soccer,River Hill,river-hill,2021,finalist,57-58
Girls Soccer,River Hill,river-hill,2023,semifinalist,57-58
Girls Soccer,Severna Park,severna-park,1989,champion,57-58
Girls Soccer,Severna Park,severna-park,1990,champion,57-58
Girls Soccer,Severna Park,severna-park,1992,semifinalist,57-58
Girls Soccer,Severna Park,severna-park,1993,finalist,57-58
Girls Soccer,Severna Park,severna-park,1994,semifinalist,57-58
Girls Soccer,Severna Park,severna-park,1995,champion,57-58
Girls Soccer,Severna Park,severna-park,1997,semifinalist,57-58
Girls Soccer,Severna Park,severna-park,1998,finalist,57-58
Girls Soccer,Severna Park,severna-park,2000,champion,57-58
Girls Soccer,Severna Park,severna-park,2002,champion,57-58
Girls Soccer,Severna Park,severna-park,2003,champion,57-58
Girls Soccer,Severna Park,severna-park,2004,semifinalist,57-58
Girls Soccer,Severna Park,severna-park,2007,semifinalist,57-58
Girls Soccer,Severna Park,severna-park,2011,finalist,57-58
Girls Soccer,Severna Park,severna-park,2018,semifinalist,57-58
Girls Soccer,Severna Park,severna-park,2023,champion,57-58
Girls Soccer,Smithsburg,smithsburg,2001,champion,57-58
Girls Soccer,Smithsburg,smithsburg,2002,finalist,57-58
Girls Soccer,Smithsburg,smithsburg,2003,semifinalist,57-58
Girls Soccer,Smithsburg,smithsburg,2004,semifinalist,57-58
Girls Soccer,Smithsburg,smithsburg,2005,champion,57-58
Girls Soccer,Smithsburg,smithsburg,2006,champion,57-58
Girls Soccer,Smithsburg,smithsburg,2013,finalist,57-58
Girls Soccer,Smithsburg,smithsburg,2014,finalist,57-58
Girls Soccer,Smithsburg,smithsburg,2016,semifinalist,57-58
Girls Soccer,South Carroll,south-carroll,1992,semifinalist,57-58
Girls Soccer,South Carroll,south-carroll,2006,semifinalist,57-58
Girls Soccer,South Carroll,south-carroll,2022,finalist,57-58
Girls Soccer,South River,south-river,1996,champion,57-58
Girls Soccer,South River,south-river,1997,champion,57-58
Girls Soccer,South River,south-river,1998,semifinalist,57-58
Girls Soccer,South River,south-river,2002,semifinalist,57-58
Girls Soccer,South River,south-river,2003,semifinalist,57-58
Girls Soccer,South River,south-river,2004,finalist,57-58
Girls Soccer,South River,south-river,2009,semifinalist,57-58
Girls Soccer,South River,south-river,2012,champion,57-58
Girls Soccer,South River,south-river,2013,semifinalist,57-58
Girls Soccer,South River,south-river,2014,semifinalist,57-58
Girls Soccer,South River,south-river,2016,semifinalist,57-58
Girls Soccer,Southern-Aa,southern-aa,2011,finalist,57-58
Girls Soccer,Sparrows Point,sparrows-point,1999,semifinalist,57-58
Girls Soccer,Sparrows Point,sparrows-point,2002,semifinalist,57-58
Girls Soccer,Sparrows Point,sparrows-point,2004,finalist,57-58
Girls Soccer,Sparrows Point,sparrows-point,2005,finalist,57-58
Girls Soccer,Sparrows Point,sparrows-point,2006,semifinalist,57-58
Girls Soccer,Sparrows Point,sparrows-point,2007,finalist,57-58
Girls Soccer,Sparrows Point,sparrows-point,2011,semifinalist,57-58
Girls Soccer,Sparrows Point,sparrows-point,2012,semifinalist,57-58
Girls Soccer,Sparrows Point,sparrows-point,2013,champion,57-58
Girls Soccer,Sparrows Point,sparrows-point,2014,champion,57-58
Girls Soccer,Sparrows Point,sparrows-point,2015,champion,57-58
Girls Soccer,Sparrows Point,sparrows-point,2016,champion,57-58
Girls Soccer,Sparrows Point,sparrows-point,2017,champion,57-58
Girls Soccer,Sparrows Point,sparrows-point,2018,champion,57-58
Girls Soccer,Sparrows Point,sparrows-point,2022,semifinalist,57-58
Girls Soccer,Sparrows Point,sparrows-point,2023,champion,57-58
Girls Soccer,Sparrows Point,sparrows-point,2024,semifinalist,57-58
Girls Soccer,Thomas S. Wootton,thomas-s-wootton,1998,champion,57-58
Girls Soccer,Thomas S. Wootton,thomas-s-wootton,1999,semifinalist,57-58
Girls Soccer,Thomas S. Wootton,thomas-s-wootton,2000,semifinalist,57-58
Girls Soccer,Towson,towson,1989,semifinalist,57-58
Girls Soccer,Towson,towson,1990,semifinalist,57-58
Girls Soccer,Towson,towson,2005,finalist,57-58
Girls Soccer,Towson,towson,2006,semifinalist,57-58
Girls Soccer,Towson,towson,2024,finalist,57-58
Girls Soccer,Tuscarora,tuscarora,2004,champion,57-58
Girls Soccer,Tuscarora,tuscarora,2005,champion,57-58
Girls Soccer,Tuscarora,tuscarora,2009,champion,57-58
Girls Soccer,Tuscarora,tuscarora,2010,semifinalist,57-58
Girls Soccer,Urbana,urbana,1996,semifinalist,57-58
Girls Soccer,Urbana,urbana,2001,semifinalist,57-58
Girls Soccer,Urbana,urbana,2003,finalist,57-58
Girls Soccer,Urbana,urbana,2007,champion,57-58
Girls Soccer,Urbana,urbana,2009,finalist,57-58
Girls Soccer,Urbana,urbana,2011,finalist,57-58
Girls Soccer,Urbana,urbana,2012,semifinalist,57-58
Girls Soccer,Urbana,urbana,2016,champion,57-58
Girls Soccer,Walkersville,walkersville,2018,finalist,57-58
Girls Soccer,Walt Whitman,walt-whitman,2004,champion,57-58
Girls Soccer,Walt Whitman,walt-whitman,2005,finalist,57-58
Girls Soccer,Walt Whitman,walt-whitman,2013,champion,57-58
Girls Soccer,Walt Whitman,walt-whitman,2014,champion,57-58
Girls Soccer,Walt Whitman,walt-whitman,2018,finalist,57-58
Girls Soccer,Walt Whitman,walt-whitman,2021,champion,57-58
Girls Soccer,Walt Whitman,walt-whitman,2022,champion,57-58
Girls Soccer,Walt Whitman,walt-whitman,2023,champion,57-58
Girls Soccer,Walt Whitman,walt-whitman,2024,champion,57-58
Girls Soccer,Walter Johnson,walter-johnson,2002,semifinalist,57-58
Girls Soccer,Walter Johnson,walter-johnson,2016,champion,57-58
Girls Soccer,Westminster,westminster,1996,semifinalist,57-58
Girls Soccer,Westminster,westminster,1999,champion,57-58
Girls Soccer,Westminster,westminster,2004,semifinalist,57-58
Girls Soccer,Wilde Lake,wilde-lake,1989,semifinalist,57-58
Girls Soccer,Wilde Lake,wilde-lake,1991,finalist,57-58
Girls Soccer,Wilde Lake,wilde-lake,2007,finalist,57-58
Girls Soccer,Wilde Lake,wilde-lake,2015,finalist,57-58
Girls Soccer,Williamsport,williamsport,1998,finalist,57-58
Girls Soccer,Williamsport,williamsport,1999,finalist,57-58
Girls Soccer,Williamsport,williamsport,2000,finalist,57-58
Girls Soccer,Winters Mill,winters-mill,2009,finalist,57-58
Girls Soccer,Winters Mill,winters-mill,2017,semifinalist,57-58
Golf,Arundel,arundel,1991,champion,48
Golf,Arundel,arundel,1992,champion,48
Golf,Arundel,arundel,1995,finalist,48
Golf,Boonsboro,boonsboro,1994,finalist,48
Golf,Boonsboro,boonsboro,2021,finalist,48
Golf,Bowie,bowie,1974,finalist,48
Golf,Bowie,bowie,1977,finalist,48
Golf,Bowie,bowie,1978,finalist,48
Golf,Bowie,bowie,1979,finalist,48
Golf,Bowie,bowie,1980,finalist,48
Golf,Bowie,bowie,1981,champion,48
Golf,Bowie,bowie,1986,champion,48
Golf,Cambridge-South Dorchester,cambridge-south-dorchester,1993,finalist,48
Golf,Cambridge-South Dorchester,cambridge-south-dorchester,1995,champion,48
Golf,Col. Zadok Magruder,col-zadok-magruder,1971,champion,48
Golf,Col. Zadok Magruder,col-zadok-magruder,1972,finalist,48
Golf,Col. Zadok Magruder,col-zadok-magruder,1973,champion,48
Golf,Crossland,crossland,1975,finalist,48
Golf,Damascus,damascus,1990,finalist,48
Golf,Damascus,damascus,1991,finalist,48
Golf,Damascus,damascus,1993,champion,48
Golf,Damascus,damascus,2010,finalist,48
Golf,Dulaney,dulaney,1994,finalist,48
Golf,Dulaney,dulaney,2000,champion,48
Golf,Frederick,frederick,1972,champion,48
Golf,Gaithersburg,gaithersburg,1973,finalist,48
Golf,Gaithersburg,gaithersburg,1974,champion,48
Golf,Gaithersburg,gaithersburg,1985,champion,48
Golf,Gaithersburg,gaithersburg,1987,finalist,48
Golf,Gaithersburg,gaithersburg,1996,finalist,48
Golf,Glenelg,glenelg,2006,champion,48
Golf,Glenelg,glenelg,2007,finalist,48
Golf,Glenelg,glenelg,2008,finalist,48
Golf,Glenelg,glenelg,2012,finalist,48
Golf,High Point,high-point,1981,finalist,48
Golf,James M. Bennett,james-m-bennett,1984,finalist,48
Golf,James M. Bennett,james-m-bennett,2000,finalist,48
Golf,James M. Bennett,james-m-bennett,2001,finalist,48
Golf,James M. Bennett,james-m-bennett,2002,champion,48
Golf,James M. Bennett,james-m-bennett,2003,champion,48
Golf,Kent Island,kent-island,2017,finalist,48
Golf,La Plata,la-plata,2003,finalist,48
Golf,La Plata,la-plata,2006,finalist,48
Golf,La Plata,la-plata,2007,finalist,48
Golf,Liberty,liberty,2002,finalist,48
Golf,Liberty,liberty,2007,champion,48
Golf,Linganore,linganore,2019,finalist,48
Golf,Marriotts Ridge,marriotts-ridge,2009,finalist,48
Golf,Marriotts Ridge,marriotts-ridge,2011,finalist,48
Golf,Marriotts Ridge,marriotts-ridge,2012,champion,48
Golf,Marriotts Ridge,marriotts-ridge,2013,champion,48
Golf,Marriotts Ridge,marriotts-ridge,2014,champion,48
Golf,Marriotts Ridge,marriotts-ridge,2015,champion,48
Golf,Marriotts Ridge,marriotts-ridge,2016,champion,48
Golf,Marriotts Ridge,marriotts-ridge,2017,champion,48
Golf,Marriotts Ridge,marriotts-ridge,2022,finalist,48
Golf,Marriotts Ridge,marriotts-ridge,2023,finalist,48
Golf,McDonough,mcdonough,2001,champion,48
Golf,McDonough,mcdonough,2010,finalist,48
Golf,McDonough,mcdonough,2011,champion,48
Golf,Middletown,middletown,1995,finalist,48
Golf,Middletown,middletown,1996,champion,48
Golf,Middletown,middletown,1997,finalist,48
Golf,Middletown,middletown,2009,champion,48
Golf,Middletown,middletown,2015,finalist,48
Golf,Middletown,middletown,2016,finalist,48
Golf,North Caroline,north-caroline,1996,finalist,48
Golf,North Caroline,north-caroline,1997,champion,48
Golf,North Carroll,north-carroll,2010,champion,48
Golf,North Harford,north-harford,2008,finalist,48
Golf,North Point,north-point,2004,finalist,48
Golf,North Point,north-point,2005,finalist,48
Golf,North Point,north-point,2018,finalist,48
Golf,Oakdale,oakdale,2019,champion,48
Golf,Parkside,parkside,2004,champion,48
Golf,Parkside,parkside,2006,finalist,48
Golf,Pikesville,pikesville,1998,finalist,48
Golf,Pikesville,pikesville,2000,champion,48
Golf,Pikesville,pikesville,2001,champion,48
Golf,Pikesville,pikesville,2003,finalist,48
Golf,Poolesville,poolesville,2013,finalist,48
Golf,Poolesville,poolesville,2021,champion,48
Golf,Poolesville,poolesville,2022,champion,48
Golf,Poolesville,poolesville,2023,finalist,48
Golf,Quince Orchard,quince-orchard,1989,champion,48
Golf,Quince Orchard,quince-orchard,1992,finalist,48
Golf,Quince Orchard,quince-orchard,1993,champion,48
Golf,River Hill,river-hill,2018,finalist,48
Golf,River Hill,river-hill,2022,champion,48
Golf,River Hill,river-hill,2023,champion,48
Golf,River Hill,river-hill,2024,finalist,48
Golf,Robert E. Peary,robert-e-peary,1971,finalist,48
Golf,Robert E. Peary,robert-e-peary,1978,champion,48
Golf,Seneca Valley,seneca-valley,1982,champion,48
Golf,Seneca Valley,seneca-valley,1983,finalist,48
Golf,Seneca Valley,seneca-valley,1984,champion,48
Golf,Sherwood,sherwood,1980,champion,48
Golf,Sherwood,sherwood,1993,finalist,48
Golf,Sherwood,sherwood,1994,champion,48
Golf,Sherwood,sherwood,2022,finalist,48
Golf,Smithsburg,smithsburg,2002,finalist,48
Golf,Smithsburg,smithsburg,2005,champion,48
Golf,South Carroll,south-carroll,2014,finalist,48
Golf,South Carroll,south-carroll,2022,finalist,48
Golf,South Carroll,south-carroll,2023,champion,48
Golf,South Carroll,south-carroll,2024,champion,48
Golf,Stephen Decatur,stephen-decatur,2005,finalist,48
Golf,Thomas S. Wootton,thomas-s-wootton,1982,finalist,48
Golf,Thomas S. Wootton,thomas-s-wootton,1983,champion,48
Golf,Thomas S. Wootton,thomas-s-wootton,1996,champion,48
Golf,Thomas S. Wootton,thomas-s-wootton,1997,champion,48
Golf,Thomas S. Wootton,thomas-s-wootton,2012,champion,48
Golf,Thomas S. Wootton,thomas-s-wootton,2013,champion,48
Golf,Thomas S. Wootton,thomas-s-wootton,2014,finalist,48
Golf,Thomas S. Wootton,thomas-s-wootton,2019,finalist,48
Golf,Thomas Stone,thomas-stone,1988,finalist,48
Golf,Urbana,urbana,1999,finalist,48
Golf,Urbana,urbana,2009,champion,48
Golf,Urbana,urbana,2010,champion,48
Golf,Urbana,urbana,2011,champion,48
Golf,Urbana,urbana,2012,finalist,48
Golf,Urbana,urbana,2018,champion,48
Golf,Urbana,urbana,2019,finalist,48
Golf,Urbana,urbana,2021,champion,48
Golf,Walkersville,walkersville,1994,champion,48
Golf,Walkersville,walkersville,1997,finalist,48
Golf,Walkersville,walkersville,1998,champion,48
Golf,Walkersville,walkersville,1999,champion,48
Golf,Walkersville,walkersville,2004,finalist,48
Golf,Walt Whitman,walt-whitman,1975,champion,48
Golf,Walt Whitman,walt-whitman,1976,finalist,48
Golf,Walt Whitman,walt-whitman,1977,champion,48
Golf,Walt Whitman,walt-whitman,1979,champion,48
Golf,Walt Whitman,walt-whitman,1989,finalist,48
Golf,Walt Whitman,walt-whitman,1990,champion,48
Golf,Walt Whitman,walt-whitman,1998,finalist,48
Golf,Walt Whitman,walt-whitman,1999,champion,48
Golf,Walt Whitman,walt-whitman,2007,champion,48
Golf,Walt Whitman,walt-whitman,2011,finalist,48
Golf,Walt Whitman,walt-whitman,2016,finalist,48
Golf,Walter Johnson,walter-johnson,2015,finalist,48
Golf,Watkins Mill,watkins-mill,1997,finalist,48
Golf,Westminster,westminster,1985,finalist,48
Golf,Westminster,westminster,1999,finalist,48
Golf,Winston Churchill,winston-churchill,1976,champion,48
Golf,Winston Churchill,winston-churchill,1986,finalist,48
Golf,Winston Churchill,winston-churchill,1987,champion,48
Golf,Winston Churchill,winston-churchill,1988,champion,48
Golf,Winston Churchill,winston-churchill,1995,champion,48
Golf,Winston Churchill,winston-churchill,1998,champion,48
Golf,Winston Churchill,winston-churchill,2000,finalist,48
Golf,Winston Churchill,winston-churchill,2001,finalist,48
Golf,Winston Churchill,winston-churchill,2002,champion,48
Golf,Winston Churchill,winston-churchill,2003,champion,48
Golf,Winston Churchill,winston-churchill,2004,champion,48
Golf,Winston Churchill,winston-churchill,2005,champion,48
Golf,Winston Churchill,winston-churchill,2006,champion,48
Golf,Winston Churchill,winston-churchill,2008,champion,48
Golf,Winston Churchill,winston-churchill,2009,finalist,48
Golf,Winston Churchill,winston-churchill,2013,finalist,48
Golf,Winston Churchill,winston-churchill,2014,champion,48
Golf,Winston Churchill,winston-churchill,2015,champion,48
Golf,Winston Churchill,winston-churchill,2016,champion,48
Golf,Winston Churchill,winston-churchill,2017,finalist,48
Golf,Winston Churchill,winston-churchill,2019,champion,48
Golf,Winston Churchill,winston-churchill,2024,champion,48
Volleyball,Albert Einstein,albert-einstein,1977,semifinalist,70-72
Volleyball,Albert Einstein,albert-einstein,1978,semifinalist,70-72
Volleyball,Albert Einstein,albert-einstein,1980,finalist,70-72
Volleyball,Albert Einstein,albert-einstein,1982,finalist,70-72
Volleyball,Albert Einstein,albert-einstein,1984,champion,70-72
Volleyball,Allegany,allegany,1977,semifinalist,70-72
Volleyball,Allegany,allegany,1998,finalist,70-72
Volleyball,Allegany,allegany,1999,finalist,70-72
Volleyball,Andover,andover,1976,semifinalist,70-72
Volleyball,Andover,andover,1977,champion,70-72
Volleyball,Arundel,arundel,2010,semifinalist,70-72
Volleyball,Arundel,arundel,2011,finalist,70-72
Volleyball,Arundel,arundel,2012,finalist,70-72
Volleyball,Arundel,arundel,2016,semifinalist,70-72
Volleyball,Arundel,arundel,2017,finalist,70-72
Volleyball,Arundel,arundel,2019,champion,70-72
Volleyball,Arundel,arundel,2021,champion,70-72
Volleyball,Arundel,arundel,2022,finalist,70-72
Volleyball,Arundel,arundel,2023,finalist,70-72
Volleyball,Atholton,atholton,1988,champion,70-72
Volleyball,Atholton,atholton,1989,champion,70-72
Volleyball,Atholton,atholton,1990,semifinalist,70-72
Volleyball,Atholton,atholton,1994,finalist,70-72
Volleyball,Atholton,atholton,1996,finalist,70-72
Volleyball,Atholton,atholton,2016,champion,70-72
Volleyball,Atholton,atholton,2017,semifinalist,70-72
Volleyball,Bel Air,bel-air,1988,semifinalist,70-72
Volleyball,Bel Air,bel-air,1989,semifinalist,70-72
Volleyball,Bel Air,bel-air,1999,semifinalist,70-72
Volleyball,Bel Air,bel-air,2012,semifinalist,70-72
Volleyball,Bel Air,bel-air,2013,semifinalist,70-72
Volleyball,Bel Air,bel-air,2018,finalist,70-72
Volleyball,Bel Air,bel-air,2019,semifinalist,70-72
Volleyball,Bel Air,bel-air,2021,semifinalist,70-72
Volleyball,Boonsboro,boonsboro,1983,semifinalist,70-72
Volleyball,Boonsboro,boonsboro,1984,champion,70-72
Volleyball,Boonsboro,boonsboro,1985,semifinalist,70-72
Volleyball,Boonsboro,boonsboro,2007,finalist,70-72
Volleyball,Boonsboro,boonsboro,2024,champion,70-72
Volleyball,Bowie,bowie,1981,semifinalist,70-72
Volleyball,Bowie,bowie,1982,semifinalist,70-72
Volleyball,Bowie,bowie,1983,semifinalist,70-72
Volleyball,Bowie,bowie,1985,semifinalist,70-72
Volleyball,Bowie,bowie,1994,semifinalist,70-72
Volleyball,Bowie,bowie,1995,semifinalist,70-72
Volleyball,Bowie,bowie,1996,semifinalist,70-72
Volleyball,Bowie,bowie,1997,finalist,70-72
Volleyball,Bowie,bowie,1998,semifinalist,70-72
Volleyball,Bowie,bowie,1999,semifinalist,70-72
Volleyball,Bowie,bowie,2000,semifinalist,70-72
Volleyball,Bowie,bowie,2002,semifinalist,70-72
Volleyball,Bowie,bowie,2003,semifinalist,70-72
Volleyball,Bowie,bowie,2004,semifinalist,70-72
Volleyball,Bowie,bowie,2009,semifinalist,70-72
Volleyball,Bowie,bowie,2011,semifinalist,70-72
Volleyball,Bowie,bowie,2014,semifinalist,70-72
Volleyball,Bowie,bowie,2015,semifinalist,70-72
Volleyball,Bowie,bowie,2016,semifinalist,70-72
Volleyball,Bowie,bowie,2022,semifinalist,70-72
Volleyball,Broadneck,broadneck,2000,finalist,70-72
Volleyball,Broadneck,broadneck,2001,champion,70-72
Volleyball,Broadneck,broadneck,2002,champion,70-72
Volleyball,Broadneck,broadneck,2003,finalist,70-72
Volleyball,Broadneck,broadneck,2004,champion,70-72
Volleyball,Broadneck,broadneck,2005,semifinalist,70-72
Volleyball,Broadneck,broadneck,2006,semifinalist,70-72
Volleyball,Broadneck,broadneck,2007,champion,70-72
Volleyball,Broadneck,broadneck,2008,champion,70-72
Volleyball,Broadneck,broadneck,2009,champion,70-72
Volleyball,Broadneck,broadneck,2019,finalist,70-72
Volleyball,Calvert,calvert,1987,semifinalist,70-72
Volleyball,Calvert,calvert,1998,champion,70-72
Volleyball,Calvert,calvert,2003,champion,70-72
Volleyball,Calvert,calvert,2011,semifinalist,70-72
Volleyball,Calvert,calvert,2012,finalist,70-72
Volleyball,Calvert,calvert,2016,semifinalist,70-72
Volleyball,Calvert,calvert,2023,finalist,70-72
Volleyball,Carver A&t,carver-a-and-t,2013,finalist,70-72
Volleyball,Catoctin,catoctin,2009,finalist,70-72
Volleyball,Catoctin,catoctin,2010,finalist,70-72
Volleyball,Catonsville,catonsville,1979,champion,70-72
Volleyball,Catonsville,catonsville,1980,champion,70-72
Volleyball,Catonsville,catonsville,1981,champion,70-72
Volleyball,Catonsville,catonsville,1982,champion,70-72
Volleyball,Catonsville,catonsville,1983,champion,70-72
Volleyball,Catonsville,catonsville,1985,finalist,70-72
Volleyball,Catonsville,catonsville,1986,champion,70-72
Volleyball,Catonsville,catonsville,1987,champion,70-72
Volleyball,Catonsville,catonsville,1988,semifinalist,70-72
Volleyball,Catonsville,catonsville,1990,semifinalist,70-72
Volleyball,Catonsville,catonsville,1991,semifinalist,70-72
Volleyball,Catonsville,catonsville,1992,semifinalist,70-72
Volleyball,Catonsville,catonsville,1995,finalist,70-72
Volleyball,Catonsville,catonsville,2006,semifinalist,70-72
Volleyball,Centennial,centennial,1981,semifinalist,70-72
Volleyball,Centennial,centennial,1989,champion,70-72
Volleyball,Centennial,centennial,1991,champion,70-72
Volleyball,Centennial,centennial,1992,champion,70-72
Volleyball,Centennial,centennial,1993,champion,70-72
Volleyball,Centennial,centennial,1994,champion,70-72
Volleyball,Centennial,centennial,1996,champion,70-72
Volleyball,Centennial,centennial,1997,champion,70-72
Volleyball,Centennial,centennial,1998,champion,70-72
Volleyball,Centennial,centennial,1999,champion,70-72
Volleyball,Centennial,centennial,2000,champion,70-72
Volleyball,Centennial,centennial,2003,semifinalist,70-72
Volleyball,Centennial,centennial,2004,champion,70-72
Volleyball,Centennial,centennial,2005,champion,70-72
Volleyball,Centennial,centennial,2006,champion,70-72
Volleyball,Centennial,centennial,2008,champion,70-72
Volleyball,Centennial,centennial,2010,finalist,70-72
Volleyball,Centennial,centennial,2012,finalist,70-72
Volleyball,Centennial,centennial,2023,champion,70-72
Volleyball,Centennial,centennial,2024,finalist,70-72
Volleyball,Century,century,1978,semifinalist,70-72
Volleyball,Century,century,1979,finalist,70-72
Volleyball,Century,century,1980,semifinalist,70-72
Volleyball,Century,century,1981,semifinalist,70-72
Volleyball,Century,century,1982,finalist,70-72
Volleyball,Century,century,1983,finalist,70-72
Volleyball,Century,century,1983,semifinalist,70-72
Volleyball,Century,century,1984,finalist,70-72
Volleyball,Century,century,1986,semifinalist,70-72
Volleyball,Century,century,2011,champion,70-72
Volleyball,Century,century,2019,champion,70-72
Volleyball,Century,century,2021,finalist,70-72
Volleyball,Clear Spring,clear-spring,1992,finalist,70-72
Volleyball,Clear Spring,clear-spring,1993,champion,70-72
Volleyball,Clear Spring,clear-spring,1994,champion,70-72
Volleyball,Clear Spring,clear-spring,2018,champion,70-72
Volleyball,Clear Spring,clear-spring,2022,champion,70-72
Volleyball,Clear Spring,clear-spring,2023,champion,70-72
Volleyball,Clear Spring,clear-spring,2024,finalist,70-72
Volleyball,Col. Zadok Magruder,col-zadok-magruder,2004,finalist,70-72
Volleyball,Col. Zadok Magruder,col-zadok-magruder,2008,semifinalist,70-72
Volleyball,Col. Zadok Magruder,col-zadok-magruder,2009,finalist,70-72
Volleyball,Col. Zadok Magruder,col-zadok-magruder,2019,champion,70-72
Volleyball,Col. Zadok Magruder,col-zadok-magruder,2022,semifinalist,70-72
Volleyball,Damascus,damascus,1978,finalist,70-72
Volleyball,Damascus,damascus,2006,finalist,70-72
Volleyball,Damascus,damascus,2008,semifinalist,70-72
Volleyball,Damascus,damascus,2009,semifinalist,70-72
Volleyball,Damascus,damascus,2013,champion,70-72
Volleyball,Damascus,damascus,2015,finalist,70-72
Volleyball,Dulaney,dulaney,1976,semifinalist,70-72
Volleyball,Dulaney,dulaney,1979,semifinalist,70-72
Volleyball,Dulaney,dulaney,1983,semifinalist,70-72
Volleyball,Dulaney,dulaney,1984,semifinalist,70-72
Volleyball,Dulaney,dulaney,1996,semifinalist,70-72
Volleyball,Dulaney,dulaney,1998,semifinalist,70-72
Volleyball,Dulaney,dulaney,1999,champion,70-72
Volleyball,Dulaney,dulaney,2000,champion,70-72
Volleyball,Dulaney,dulaney,2001,semifinalist,70-72
Volleyball,Dulaney,dulaney,2002,semifinalist,70-72
Volleyball,Dulaney,dulaney,2005,finalist,70-72
Volleyball,Dulaney,dulaney,2007,semifinalist,70-72
Volleyball,Dulaney,dulaney,2013,champion,70-72
Volleyball,Dulaney,dulaney,2015,finalist,70-72
Volleyball,Dulaney,dulaney,2019,semifinalist,70-72
Volleyball,Duval,duval,1980,champion,70-72
Volleyball,Eastern Technical,eastern-technical,1984,finalist,70-72
Volleyball,Eastern Technical,eastern-technical,2008,semifinalist,70-72
Volleyball,Eastern Technical,eastern-technical,2009,semifinalist,70-72
Volleyball,Eastern Technical,eastern-technical,2010,semifinalist,70-72
Volleyball,Eastern Technical,eastern-technical,2021,semifinalist,70-72
Volleyball,Eastern Technical,eastern-technical,2024,semifinalist,70-72
Volleyball,Eleanor Roosevelt,eleanor-roosevelt,1986,finalist,70-72
Volleyball,Eleanor Roosevelt,eleanor-roosevelt,1987,semifinalist,70-72
Volleyball,Eleanor Roosevelt,eleanor-roosevelt,1988,semifinalist,70-72
Volleyball,Eleanor Roosevelt,eleanor-roosevelt,1989,semifinalist,70-72
Volleyball,Eleanor Roosevelt,eleanor-roosevelt,2001,finalist,70-72
Volleyball,Eleanor Roosevelt,eleanor-roosevelt,2007,semifinalist,70-72
Volleyball,Eleanor Roosevelt,eleanor-roosevelt,2008,semifinalist,70-72
Volleyball,Eleanor Roosevelt,eleanor-roosevelt,2012,semifinalist,70-72
Volleyball,Eleanor Roosevelt,eleanor-roosevelt,2016,semifinalist,70-72
Volleyball,Eleanor Roosevelt,eleanor-roosevelt,2017,semifinalist,70-72
Volleyball,Elkton,elkton,1978,semifinalist,70-72
Volleyball,Elkton,elkton,1979,finalist,70-72
Volleyball,Elkton,elkton,2004,finalist,70-72
Volleyball,Fallston,fallston,1995,semifinalist,70-72
Volleyball,Fallston,fallston,2000,semifinalist,70-72
Volleyball,Fallston,fallston,2010,champion,70-72
Volleyball,Fallston,fallston,2011,finalist,70-72
Volleyball,Fort Hill,fort-hill,2013,champion,70-72
Volleyball,Fort Hill,fort-hill,2013,semifinalist,70-72
Volleyball,Fort Hill,fort-hill,2015,semifinalist,70-72
Volleyball,Francis Scott Key,francis-scott-key,1977,champion,70-72
Volleyball,Francis Scott Key,francis-scott-key,1978,champion,70-72
Volleyball,Francis Scott Key,francis-scott-key,1979,finalist,70-72
Volleyball,Francis Scott Key,francis-scott-key,1980,champion,70-72
Volleyball,Francis Scott Key,francis-scott-key,1982,semifinalist,70-72
Volleyball,Francis Scott Key,francis-scott-key,1986,champion,70-72
Volleyball,Francis Scott Key,francis-scott-key,1987,finalist,70-72
Volleyball,Francis Scott Key,francis-scott-key,1988,semifinalist,70-72
Volleyball,Francis Scott Key,francis-scott-key,1990,semifinalist,70-72
Volleyball,Francis Scott Key,francis-scott-key,1993,semifinalist,70-72
Volleyball,Francis Scott Key,francis-scott-key,1994,semifinalist,70-72
Volleyball,Francis Scott Key,francis-scott-key,1995,finalist,70-72
Volleyball,Francis Scott Key,francis-scott-key,1996,champion,70-72
Volleyball,Francis Scott Key,francis-scott-key,1999,finalist,70-72
Volleyball,Francis Scott Key,francis-scott-key,2000,finalist,70-72
Volleyball,Francis Scott Key,francis-scott-key,2009,champion,70-72
Volleyball,Frederick Douglass,frederick-douglass,1977,finalist,70-72
Volleyball,Frederick Douglass,frederick-douglass,1980,finalist,70-72
Volleyball,Frederick Douglass,frederick-douglass,1990,semifinalist,70-72
Volleyball,Frederick Douglass,frederick-douglass,1993,semifinalist,70-72
Volleyball,Frederick Douglass,frederick-douglass,2017,semifinalist,70-72
Volleyball,Friendly,friendly,1977,finalist,70-72
Volleyball,Friendly,friendly,1984,semifinalist,70-72
Volleyball,Gaithersburg,gaithersburg,2000,semifinalist,70-72
Volleyball,Gaithersburg,gaithersburg,2001,semifinalist,70-72
Volleyball,Gaithersburg,gaithersburg,2002,semifinalist,70-72
Volleyball,Gaithersburg,gaithersburg,2005,champion,70-72
Volleyball,Glen Burnie,glen-burnie,1988,finalist,70-72
Volleyball,Glen Burnie,glen-burnie,1990,champion,70-72
Volleyball,Glenelg,glenelg,1992,semifinalist,70-72
Volleyball,Glenelg,glenelg,1993,champion,70-72
Volleyball,Glenelg,glenelg,1995,champion,70-72
Volleyball,Glenelg,glenelg,1997,finalist,70-72
Volleyball,Glenelg,glenelg,2001,finalist,70-72
Volleyball,Glenelg,glenelg,2002,champion,70-72
Volleyball,Glenelg,glenelg,2003,finalist,70-72
Volleyball,Glenelg,glenelg,2005,champion,70-72
Volleyball,Glenelg,glenelg,2007,semifinalist,70-72
Volleyball,Glenelg,glenelg,2008,finalist,70-72
Volleyball,Glenelg,glenelg,2013,semifinalist,70-72
Volleyball,Glenelg,glenelg,2014,finalist,70-72
Volleyball,Glenelg,glenelg,2018,finalist,70-72
Volleyball,Glenelg,glenelg,2021,champion,70-72
Volleyball,Governor Thomas Johnson,governor-thomas-johnson,1995,finalist,70-72
Volleyball,Governor Thomas Johnson,governor-thomas-johnson,1996,finalist,70-72
Volleyball,Governor Thomas Johnson,governor-thomas-johnson,1998,finalist,70-72
Volleyball,Governor Thomas Johnson,governor-thomas-johnson,1999,semifinalist,70-72
Volleyball,Governor Thomas Johnson,governor-thomas-johnson,2000,semifinalist,70-72
Volleyball,Governor Thomas Johnson,governor-thomas-johnson,2003,semifinalist,70-72
Volleyball,Governor Thomas Johnson,governor-thomas-johnson,2008,finalist,70-72
Volleyball,Governor Thomas Johnson,governor-thomas-johnson,2010,finalist,70-72
Volleyball,Great Mills,great-mills,1976,semifinalist,70-72
Volleyball,Great Mills,great-mills,1977,semifinalist,70-72
Volleyball,Great Mills,great-mills,1979,semifinalist,70-72
Volleyball,Great Mills,great-mills,1982,champion,70-72
Volleyball,Great Mills,great-mills,1983,champion,70-72
Volleyball,Great Mills,great-mills,1988,finalist,70-72
Volleyball,Great Mills,great-mills,1989,finalist,70-72
Volleyball,Hereford,hereford,1975,champion,70-72
Volleyball,Hereford,hereford,1976,finalist,70-72
Volleyball,Hereford,hereford,1979,champion,70-72
Volleyball,Hereford,hereford,1980,semifinalist,70-72
Volleyball,Hereford,hereford,1981,finalist,70-72
Volleyball,Hereford,hereford,1998,semifinalist,70-72
Volleyball,Hereford,hereford,1999,semifinalist,70-72
Volleyball,Hereford,hereford,2004,semifinalist,70-72
Volleyball,Hereford,hereford,2013,semifinalist,70-72
Volleyball,Hereford,hereford,2014,semifinalist,70-72
Volleyball,Hereford,hereford,2015,semifinalist,70-72
Volleyball,Hereford,hereford,2016,semifinalist,70-72
Volleyball,Hereford,hereford,2017,semifinalist,70-72
Volleyball,Hereford,hereford,2018,semifinalist,70-72
Volleyball,Hereford,hereford,2021,semifinalist,70-72
Volleyball,High Point,high-point,1978,finalist,70-72
Volleyball,High Point,high-point,1979,champion,70-72
Volleyball,High Point,high-point,2005,semifinalist,70-72
Volleyball,High Point,high-point,2013,semifinalist,70-72
Volleyball,Howard,howard,1979,semifinalist,70-72
Volleyball,Howard,howard,1980,champion,70-72
Volleyball,Howard,howard,2024,semifinalist,70-72
Volleyball,Huntingtown,huntingtown,2004,semifinalist,70-72
Volleyball,Huntingtown,huntingtown,2005,finalist,70-72
Volleyball,Huntingtown,huntingtown,2006,finalist,70-72
Volleyball,Huntingtown,huntingtown,2007,finalist,70-72
Volleyball,Huntingtown,huntingtown,2014,semifinalist,70-72
Volleyball,Huntingtown,huntingtown,2018,semifinalist,70-72
Volleyball,James M. Bennett,james-m-bennett,1983,finalist,70-72
Volleyball,James M. Bennett,james-m-bennett,1986,semifinalist,70-72
Volleyball,James M. Bennett,james-m-bennett,2002,semifinalist,70-72
Volleyball,James M. Bennett,james-m-bennett,2003,semifinalist,70-72
Volleyball,La Plata,la-plata,2010,semifinalist,70-72
Volleyball,La Plata,la-plata,2011,semifinalist,70-72
Volleyball,La Plata,la-plata,2012,semifinalist,70-72
Volleyball,La Plata,la-plata,2013,finalist,70-72
Volleyball,La Plata,la-plata,2017,finalist,70-72
Volleyball,Lansdowne,lansdowne,1981,finalist,70-72
Volleyball,Lansdowne,lansdowne,1993,semifinalist,70-72
Volleyball,Leonardtown,leonardtown,1986,semifinalist,70-72
Volleyball,Leonardtown,leonardtown,2021,finalist,70-72
Volleyball,Leonardtown,leonardtown,2023,finalist,70-72
Volleyball,Liberty,liberty,1985,semifinalist,70-72
Volleyball,Liberty,liberty,1991,finalist,70-72
Volleyball,Liberty,liberty,1997,semifinalist,70-72
Volleyball,Liberty,liberty,2001,semifinalist,70-72
Volleyball,Liberty,liberty,2002,semifinalist,70-72
Volleyball,Liberty,liberty,2003,champion,70-72
Volleyball,Liberty,liberty,2004,champion,70-72
Volleyball,Liberty,liberty,2005,finalist,70-72
Volleyball,Liberty,liberty,2006,semifinalist,70-72
Volleyball,Liberty,liberty,2008,champion,70-72
Volleyball,Liberty,liberty,2015,semifinalist,70-72
Volleyball,Loch Raven,loch-raven,1987,champion,70-72
Volleyball,Loch Raven,loch-raven,1988,champion,70-72
Volleyball,Loch Raven,loch-raven,1993,semifinalist,70-72
Volleyball,Loch Raven,loch-raven,1994,champion,70-72
Volleyball,Loch Raven,loch-raven,1997,semifinalist,70-72
Volleyball,Loch Raven,loch-raven,2001,semifinalist,70-72
Volleyball,Loch Raven,loch-raven,2002,semifinalist,70-72
Volleyball,Loch Raven,loch-raven,2003,semifinalist,70-72
Volleyball,Loch Raven,loch-raven,2004,semifinalist,70-72
Volleyball,Loch Raven,loch-raven,2005,semifinalist,70-72
Volleyball,Loch Raven,loch-raven,2006,semifinalist,70-72
Volleyball,Loch Raven,loch-raven,2011,semifinalist,70-72
Volleyball,Loch Raven,loch-raven,2012,semifinalist,70-72
Volleyball,Marriotts Ridge,marriotts-ridge,2009,semifinalist,70-72
Volleyball,Marriotts Ridge,marriotts-ridge,2010,finalist,70-72
Volleyball,Marriotts Ridge,marriotts-ridge,2014,semifinalist,70-72
Volleyball,Maurice J. McDonough,maurice-j-mcdonough,1983,finalist,70-72
Volleyball,Maurice J. McDonough,maurice-j-mcdonough,2015,finalist,70-72
Volleyball,Meade,meade,1977,champion,70-72
Volleyball,Meade,meade,1980,semifinalist,70-72
Volleyball,Middletown,middletown,2022,finalist,70-72
Volleyball,Milford Mill Academy,milford-mill-academy,1978,champion,70-72
Volleyball,Montgomery Blair,montgomery-blair,1999,finalist,70-72
Volleyball,Mount Hebron,mount-hebron,1982,finalist,70-72
Volleyball,Mount Hebron,mount-hebron,1986,semifinalist,70-72
Volleyball,Mount Hebron,mount-hebron,1989,semifinalist,70-72
Volleyball,Mount Hebron,mount-hebron,1990,champion,70-72
Volleyball,Mount Hebron,mount-hebron,1991,champion,70-72
Volleyball,Mount Hebron,mount-hebron,1992,champion,70-72
Volleyball,Mount Hebron,mount-hebron,2002,finalist,70-72
Volleyball,Mount Savage,mount-savage,1975,finalist,70-72
Volleyball,Mount Savage,mount-savage,1976,semifinalist,70-72
Volleyball,Mount Savage,mount-savage,1977,finalist,70-72
Volleyball,Mount Savage,mount-savage,1978,finalist,70-72
Volleyball,Mount Savage,mount-savage,1979,champion,70-72
Volleyball,Mount Savage,mount-savage,1980,semifinalist,70-72
Volleyball,Mount Savage,mount-savage,1981,finalist,70-72
Volleyball,Mount Savage,mount-savage,1981,semifinalist,70-72
Volleyball,Mount Savage,mount-savage,1982,champion,70-72
Volleyball,Mount Savage,mount-savage,1983,champion,70-72
Volleyball,Mount Savage,mount-savage,1986,finalist,70-72
Volleyball,Mountain Ridge,mountain-ridge,2021,finalist,70-72
Volleyball,North Caroline,north-caroline,1982,semifinalist,70-72
Volleyball,North Caroline,north-caroline,1984,semifinalist,70-72
Volleyball,North Caroline,north-caroline,1985,finalist,70-72
Volleyball,North Caroline,north-caroline,1987,semifinalist,70-72
Volleyball,North Caroline,north-caroline,1988,semifinalist,70-72
Volleyball,North Caroline,north-caroline,1989,finalist,70-72
Volleyball,North Caroline,north-caroline,1990,champion,70-72
Volleyball,North Caroline,north-caroline,1991,semifinalist,70-72
Volleyball,North Caroline,north-caroline,1992,finalist,70-72
Volleyball,North Caroline,north-caroline,1993,finalist,70-72
Volleyball,North Caroline,north-caroline,1994,semifinalist,70-72
Volleyball,North Caroline,north-caroline,1995,semifinalist,70-72
Volleyball,North Caroline,north-caroline,1996,semifinalist,70-72
Volleyball,North Caroline,north-caroline,1999,semifinalist,70-72
Volleyball,North Caroline,north-caroline,2000,semifinalist,70-72
Volleyball,North Caroline,north-caroline,2005,semifinalist,70-72
Volleyball,North Caroline,north-caroline,2009,finalist,70-72
Volleyball,North Carroll,north-carroll,1977,semifinalist,70-72
Volleyball,North Carroll,north-carroll,1978,semifinalist,70-72
Volleyball,North Carroll,north-carroll,1985,champion,70-72
Volleyball,North Carroll,north-carroll,1987,semifinalist,70-72
Volleyball,North Carroll,north-carroll,1988,semifinalist,70-72
Volleyball,North Carroll,north-carroll,1990,semifinalist,70-72
Volleyball,North Carroll,north-carroll,2005,semifinalist,70-72
Volleyball,North Dorchester,north-dorchester,1975,semifinalist,70-72
Volleyball,North Dorchester,north-dorchester,1976,champion,70-72
Volleyball,North Dorchester,north-dorchester,1977,champion,70-72
Volleyball,North Dorchester,north-dorchester,1978,champion,70-72
Volleyball,North Dorchester,north-dorchester,1979,semifinalist,70-72
Volleyball,North Dorchester,north-dorchester,1984,semifinalist,70-72
Volleyball,North Dorchester,north-dorchester,1986,champion,70-72
Volleyball,North Dorchester,north-dorchester,1987,finalist,70-72
Volleyball,North Dorchester,north-dorchester,1989,finalist,70-72
Volleyball,North Dorchester,north-dorchester,1990,finalist,70-72
Volleyball,North Dorchester,north-dorchester,1996,champion,70-72
Volleyball,North Dorchester,north-dorchester,1998,semifinalist,70-72
Volleyball,North Dorchester,north-dorchester,2005,semifinalist,70-72
Volleyball,North Dorchester,north-dorchester,2006,champion,70-72
Volleyball,North Dorchester,north-dorchester,2024,semifinalist,70-72
Volleyball,North Hagerstown,north-hagerstown,1983,semifinalist,70-72
Volleyball,North Hagerstown,north-hagerstown,1985,champion,70-72
Volleyball,North Hagerstown,north-hagerstown,1986,semifinalist,70-72
Volleyball,North Hagerstown,north-hagerstown,1988,finalist,70-72
Volleyball,North Hagerstown,north-hagerstown,1990,champion,70-72
Volleyball,North Hagerstown,north-hagerstown,1991,finalist,70-72
Volleyball,North Hagerstown,north-hagerstown,1992,finalist,70-72
Volleyball,North Hagerstown,north-hagerstown,1993,finalist,70-72
Volleyball,North Hagerstown,north-hagerstown,1994,champion,70-72
Volleyball,North Hagerstown,north-hagerstown,1994,semifinalist,70-72
Volleyball,North Hagerstown,north-hagerstown,1995,champion,70-72
Volleyball,North Hagerstown,north-hagerstown,1996,champion,70-72
Volleyball,North Hagerstown,north-hagerstown,1996,semifinalist,70-72
Volleyball,North Hagerstown,north-hagerstown,1997,champion,70-72
Volleyball,North Hagerstown,north-hagerstown,1997,finalist,70-72
Volleyball,North Hagerstown,north-hagerstown,1998,finalist,70-72
Volleyball,North Hagerstown,north-hagerstown,1999,champion,70-72
Volleyball,North Hagerstown,north-hagerstown,2000,champion,70-72
Volleyball,North Hagerstown,north-hagerstown,2001,champion,70-72
Volleyball,North Hagerstown,north-hagerstown,2008,semifinalist,70-72
Volleyball,North Hagerstown,north-hagerstown,2009,champion,70-72
Volleyball,North Hagerstown,north-hagerstown,2011,champion,70-72
Volleyball,North Hagerstown,north-hagerstown,2012,champion,70-72
Volleyball,North Hagerstown,north-hagerstown,2014,champion,70-72
Volleyball,North Hagerstown,north-hagerstown,2015,champion,70-72
Volleyball,North Hagerstown,north-hagerstown,2016,semifinalist,70-72
Volleyball,North Hagerstown,north-hagerstown,2017,champion,70-72
Volleyball,North Hagerstown,north-hagerstown,2019,finalist,70-72
Volleyball,North Hagerstown,north-hagerstown,2022,champion,70-72
Volleyball,North Hagerstown,north-hagerstown,2022,finalist,70-72
Volleyball,North Hagerstown,north-hagerstown,2023,champion,70-72
Volleyball,North Hagerstown,north-hagerstown,2023,semifinalist,70-72
Volleyball,North Hagerstown,north-hagerstown,2024,champion,70-72
Volleyball,North Hagerstown,north-hagerstown,2024,semifinalist,70-72
Volleyball,Northwest,northwest,2014,finalist,70-72
Volleyball,Northwest,northwest,2015,champion,70-72
Volleyball,Northwest,northwest,2016,champion,70-72
Volleyball,Northwest,northwest,2017,champion,70-72
Volleyball,Oakdale,oakdale,2014,champion,70-72
Volleyball,Oakdale,oakdale,2017,champion,70-72
Volleyball,Oakdale,oakdale,2019,finalist,70-72
Volleyball,Owings Mills,owings-mills,1984,finalist,70-72
Volleyball,Owings Mills,owings-mills,1991,semifinalist,70-72
Volleyball,Owings Mills,owings-mills,1992,semifinalist,70-72
Volleyball,Owings Mills,owings-mills,2003,semifinalist,70-72
Volleyball,Patterson Mill,patterson-mill,2009,semifinalist,70-72
Volleyball,Patterson Mill,patterson-mill,2019,finalist,70-72
Volleyball,Patterson Mill,patterson-mill,2022,semifinalist,70-72
Volleyball,Patterson Mill,patterson-mill,2023,semifinalist,70-72
Volleyball,Patuxent,patuxent,2002,champion,70-72
Volleyball,Patuxent,patuxent,2013,champion,70-72
Volleyball,Patuxent,patuxent,2015,finalist,70-72
Volleyball,Perry Hall,perry-hall,1992,semifinalist,70-72
Volleyball,Perry Hall,perry-hall,1995,semifinalist,70-72
Volleyball,Perry Hall,perry-hall,1997,semifinalist,70-72
Volleyball,Perry Hall,perry-hall,2002,finalist,70-72
Volleyball,Perry Hall,perry-hall,2012,finalist,70-72
Volleyball,Perryville,perryville,1992,semifinalist,70-72
Volleyball,Perryville,perryville,1999,semifinalist,70-72
Volleyball,Perryville,perryville,2002,semifinalist,70-72
Volleyball,Perryville,perryville,2003,semifinalist,70-72
Volleyball,Perryville,perryville,2011,finalist,70-72
Volleyball,Perryville,perryville,2012,finalist,70-72
Volleyball,Perryville,perryville,2013,semifinalist,70-72
Volleyball,Perryville,perryville,2014,finalist,70-72
Volleyball,Perryville,perryville,2015,semifinalist,70-72
Volleyball,Perryville,perryville,2016,finalist,70-72
Volleyball,Perryville,perryville,2017,finalist,70-72
Volleyball,Perryville,perryville,2018,semifinalist,70-72
Volleyball,Poolesville,poolesville,2002,finalist,70-72
Volleyball,Poolesville,poolesville,2003,finalist,70-72
Volleyball,Poolesville,poolesville,2005,finalist,70-72
Volleyball,Poolesville,poolesville,2008,champion,70-72
Volleyball,Poolesville,poolesville,2023,semifinalist,70-72
Volleyball,Quince Orchard,quince-orchard,1991,semifinalist,70-72
Volleyball,Quince Orchard,quince-orchard,1993,finalist,70-72
Volleyball,Quince Orchard,quince-orchard,1994,finalist,70-72
Volleyball,Quince Orchard,quince-orchard,2003,champion,70-72
Volleyball,Reservoir,reservoir,2004,semifinalist,70-72
Volleyball,Reservoir,reservoir,2006,finalist,70-72
Volleyball,Reservoir,reservoir,2007,champion,70-72
Volleyball,Reservoir,reservoir,2021,champion,70-72
Volleyball,Reservoir,reservoir,2023,semifinalist,70-72
Volleyball,Richard Montgomery,richard-montgomery,1992,semifinalist,70-72
Volleyball,Richard Montgomery,richard-montgomery,2011,semifinalist,70-72
Volleyball,Richard Montgomery,richard-montgomery,2023,champion,70-72
Volleyball,Richard Montgomery,richard-montgomery,2024,champion,70-72
Volleyball,Rising Sun,rising-sun,1995,semifinalist,70-72
Volleyball,Rising Sun,rising-sun,1997,semifinalist,70-72
Volleyball,Rising Sun,rising-sun,1998,semifinalist,70-72
Volleyball,Rising Sun,rising-sun,2000,finalist,70-72
Volleyball,Rising Sun,rising-sun,2001,semifinalist,70-72
Volleyball,Rising Sun,rising-sun,2004,finalist,70-72
Volleyball,Rising Sun,rising-sun,2005,semifinalist,70-72
Volleyball,Rising Sun,rising-sun,2006,champion,70-72
Volleyball,Rising Sun,rising-sun,2007,champion,70-72
Volleyball,Rising Sun,rising-sun,2008,finalist,70-72
Volleyball,Rising Sun,rising-sun,2013,semifinalist,70-72
Volleyball,Rising Sun,rising-sun,2014,finalist,70-72
Volleyball,Rising Sun,rising-sun,2015,champion,70-72
Volleyball,Rising Sun,rising-sun,2016,finalist,70-72
Volleyball,Rising Sun,rising-sun,2017,semifinalist,70-72
Volleyball,Rising Sun,rising-sun,2018,semifinalist,70-72
Volleyball,Rising Sun,rising-sun,2019,semifinalist,70-72
Volleyball,River Hill,river-hill,1999,finalist,70-72
Volleyball,River Hill,river-hill,2000,semifinalist,70-72
Volleyball,River Hill,river-hill,2007,semifinalist,70-72
Volleyball,River Hill,river-hill,2008,semifinalist,70-72
Volleyball,River Hill,river-hill,2009,finalist,70-72
Volleyball,River Hill,river-hill,2011,finalist,70-72
Volleyball,Rockville,rockville,1984,champion,70-72
Volleyball,Rockville,rockville,1990,finalist,70-72
Volleyball,Rockville,rockville,1991,semifinalist,70-72
Volleyball,Rockville,rockville,1992,semifinalist,70-72
Volleyball,Seneca Valley,seneca-valley,1990,semifinalist,70-72
Volleyball,Seneca Valley,seneca-valley,1991,finalist,70-72
Volleyball,Seneca Valley,seneca-valley,2003,semifinalist,70-72
Volleyball,Seneca Valley,seneca-valley,2004,finalist,70-72
Volleyball,Severna Park,severna-park,1976,champion,70-72
Volleyball,Severna Park,severna-park,1978,champion,70-72
Volleyball,Severna Park,severna-park,1979,finalist,70-72
Volleyball,Severna Park,severna-park,1985,finalist,70-72
Volleyball,Severna Park,severna-park,1986,semifinalist,70-72
Volleyball,Severna Park,severna-park,1987,finalist,70-72
Volleyball,Severna Park,severna-park,1989,finalist,70-72
Volleyball,Severna Park,severna-park,1991,champion,70-72
Volleyball,Severna Park,severna-park,1992,champion,70-72
Volleyball,Severna Park,severna-park,1993,champion,70-72
Volleyball,Severna Park,severna-park,1997,semifinalist,70-72
Volleyball,Severna Park,severna-park,1998,finalist,70-72
Volleyball,Severna Park,severna-park,1999,semifinalist,70-72
Volleyball,Severna Park,severna-park,2001,finalist,70-72
Volleyball,Severna Park,severna-park,2013,finalist,70-72
Volleyball,Severna Park,severna-park,2014,champion,70-72
Volleyball,Sherwood,sherwood,1995,finalist,70-72
Volleyball,Sherwood,sherwood,2006,champion,70-72
Volleyball,Sherwood,sherwood,2010,champion,70-72
Volleyball,Sherwood,sherwood,2011,champion,70-72
Volleyball,Sherwood,sherwood,2014,semifinalist,70-72
Volleyball,Sherwood,sherwood,2016,finalist,70-72
Volleyball,Sherwood,sherwood,2017,semifinalist,70-72
Volleyball,Sherwood,sherwood,2021,semifinalist,70-72
Volleyball,Smithsburg,smithsburg,1977,semifinalist,70-72
Volleyball,Smithsburg,smithsburg,1979,semifinalist,70-72
Volleyball,Smithsburg,smithsburg,1980,finalist,70-72
Volleyball,Smithsburg,smithsburg,1981,champion,70-72
Volleyball,Smithsburg,smithsburg,1989,champion,70-72
Volleyball,Smithsburg,smithsburg,1998,champion,70-72
Volleyball,Smithsburg,smithsburg,2000,champion,70-72
Volleyball,Smithsburg,smithsburg,2001,champion,70-72
Volleyball,Smithsburg,smithsburg,2009,champion,70-72
Volleyball,Smithsburg,smithsburg,2010,champion,70-72
Volleyball,Smithsburg,smithsburg,2011,champion,70-72
Volleyball,Smithsburg,smithsburg,2012,champion,70-72
Volleyball,Smithsburg,smithsburg,2014,champion,70-72
Volleyball,Smithsburg,smithsburg,2015,champion,70-72
Volleyball,Smithsburg,smithsburg,2016,champion,70-72
Volleyball,Smithsburg,smithsburg,2017,champion,70-72
Volleyball,Smithsburg,smithsburg,2019,champion,70-72
Volleyball,Smithsburg,smithsburg,2023,finalist,70-72
Volleyball,Snow Hill,snow-hill,1988,finalist,70-72
Volleyball,Snow Hill,snow-hill,1991,finalist,70-72
Volleyball,South Carroll,south-carroll,1986,finalist,70-72
Volleyball,South Carroll,south-carroll,1994,finalist,70-72
Volleyball,South Carroll,south-carroll,2007,champion,70-72
Volleyball,South Carroll,south-carroll,2008,semifinalist,70-72
Volleyball,South Carroll,south-carroll,2021,semifinalist,70-72
Volleyball,South Carroll,south-carroll,2022,finalist,70-72
Volleyball,South River,south-river,1981,finalist,70-72
Volleyball,South River,south-river,1983,semifinalist,70-72
Volleyball,South River,south-river,1984,semifinalist,70-72
Volleyball,South River,south-river,1985,semifinalist,70-72
Volleyball,South River,south-river,1993,semifinalist,70-72
Volleyball,South River,south-river,1997,semifinalist,70-72
Volleyball,South River,south-river,1998,semifinalist,70-72
Volleyball,South River,south-river,2006,finalist,70-72
Volleyball,South River,south-river,2018,semifinalist,70-72
Volleyball,Springbrook,springbrook,1976,finalist,70-72
Volleyball,Springbrook,springbrook,1980,finalist,70-72
Volleyball,Springbrook,springbrook,1981,champion,70-72
Volleyball,Springbrook,springbrook,1989,semifinalist,70-72
Volleyball,Springbrook,springbrook,1990,semifinalist,70-72
Volleyball,Surrattsville,surrattsville,1978,finalist,70-72
Volleyball,Surrattsville,surrattsville,1979,semifinalist,70-72
Volleyball,Surrattsville,surrattsville,1981,semifinalist,70-72
Volleyball,Surrattsville,surrattsville,1985,semifinalist,70-72
Volleyball,Surrattsville,surrattsville,2009,semifinalist,70-72
Volleyball,Surrattsville,surrattsville,2010,semifinalist,70-72
Volleyball,Surrattsville,surrattsville,2011,semifinalist,70-72
Volleyball,Thomas S. Wootton,thomas-s-wootton,1979,semifinalist,70-72
Volleyball,Thomas S. Wootton,thomas-s-wootton,1982,semifinalist,70-72
Volleyball,Thomas S. Wootton,thomas-s-wootton,1983,champion,70-72
Volleyball,Thomas S. Wootton,thomas-s-wootton,1984,champion,70-72
Volleyball,Thomas S. Wootton,thomas-s-wootton,1985,champion,70-72
Volleyball,Thomas S. Wootton,thomas-s-wootton,1986,champion,70-72
Volleyball,Thomas S. Wootton,thomas-s-wootton,1987,champion,70-72
Volleyball,Thomas S. Wootton,thomas-s-wootton,1988,champion,70-72
Volleyball,Thomas S. Wootton,thomas-s-wootton,1989,champion,70-72
Volleyball,Thomas S. Wootton,thomas-s-wootton,2007,finalist,70-72
Volleyball,Thomas S. Wootton,thomas-s-wootton,2013,semifinalist,70-72
Volleyball,Thomas S. Wootton,thomas-s-wootton,2024,finalist,70-72
Volleyball,Thomas Stone,thomas-stone,1987,finalist,70-72
Volleyball,Thomas Stone,thomas-stone,1994,semifinalist,70-72
Volleyball,Thomas Stone,thomas-stone,1995,semifinalist,70-72
Volleyball,Thomas Stone,thomas-stone,1997,finalist,70-72
Volleyball,Towson,towson,1977,finalist,70-72
Volleyball,Towson,towson,1980,semifinalist,70-72
Volleyball,Towson,towson,2000,semifinalist,70-72
Volleyball,Towson,towson,2001,champion,70-72
Volleyball,Towson,towson,2002,finalist,70-72
Volleyball,Towson,towson,2003,finalist,70-72
Volleyball,Towson,towson,2004,semifinalist,70-72
Volleyball,Towson,towson,2005,semifinalist,70-72
Volleyball,Towson,towson,2007,semifinalist,70-72
Volleyball,Towson,towson,2009,semifinalist,70-72
Volleyball,Towson,towson,2010,champion,70-72
Volleyball,Towson,towson,2011,semifinalist,70-72
Volleyball,Towson,towson,2015,semifinalist,70-72
Volleyball,Towson,towson,2016,semifinalist,70-72
Volleyball,Towson,towson,2017,semifinalist,70-72
Volleyball,Urbana,urbana,2009,semifinalist,70-72
Volleyball,Urbana,urbana,2018,finalist,70-72
Volleyball,Urbana,urbana,2022,champion,70-72
Volleyball,Urbana,urbana,2023,semifinalist,70-72
Volleyball,Walt Whitman,walt-whitman,1987,semifinalist,70-72
Volleyball,Walt Whitman,walt-whitman,1993,finalist,70-72
Volleyball,Walt Whitman,walt-whitman,1998,champion,70-72
Volleyball,Walter Johnson,walter-johnson,1976,semifinalist,70-72
Volleyball,Walter Johnson,walter-johnson,1980,semifinalist,70-72
Volleyball,Walter Johnson,walter-johnson,1981,semifinalist,70-72
Volleyball,Walter Johnson,walter-johnson,1982,finalist,70-72
Volleyball,Walter Johnson,walter-johnson,1983,semifinalist,70-72
Volleyball,Walter Johnson,walter-johnson,1992,finalist,70-72
Volleyball,Walter Johnson,walter-johnson,2012,semifinalist,70-72
Volleyball,Watkins Mill,watkins-mill,1993,semifinalist,70-72
Volleyball,Watkins Mill,watkins-mill,1994,semifinalist,70-72
Volleyball,Watkins Mill,watkins-mill,1996,finalist,70-72
Volleyball,Watkins Mill,watkins-mill,1997,champion,70-72
Volleyball,Watkins Mill,watkins-mill,2001,semifinalist,70-72
Volleyball,Western Stes,western-stes,2011,semifinalist,70-72
Volleyball,Western Stes,western-stes,2017,semifinalist,70-72
Volleyball,Western Stes,western-stes,2018,finalist,70-72
Volleyball,Western Stes,western-stes,2019,semifinalist,70-72
Volleyball,Westminster,westminster,2014,semifinalist,70-72
Volleyball,Westminster,westminster,2017,finalist,70-72
Volleyball,Westminster,westminster,2018,semifinalist,70-72
Volleyball,Westminster,westminster,2019,semifinalist,70-72
Volleyball,Wicomico,wicomico,1985,finalist,70-72
Volleyball,Williamsport,williamsport,1978,semifinalist,70-72
Volleyball,Williamsport,williamsport,1981,champion,70-72
Volleyball,Williamsport,williamsport,1983,finalist,70-72
Volleyball,Williamsport,williamsport,1985,champion,70-72
Volleyball,Williamsport,williamsport,1986,finalist,70-72
Volleyball,Williamsport,williamsport,1987,champion,70-72
Volleyball,Williamsport,williamsport,1988,champion,70-72
Volleyball,Williamsport,williamsport,1990,finalist,70-72
Volleyball,Williamsport,williamsport,1991,champion,70-72
Volleyball,Williamsport,williamsport,1992,champion,70-72
Volleyball,Williamsport,williamsport,1993,semifinalist,70-72
Volleyball,Williamsport,williamsport,1994,finalist,70-72
Volleyball,Williamsport,williamsport,1995,champion,70-72
Volleyball,Williamsport,williamsport,1996,finalist,70-72
Volleyball,Williamsport,williamsport,1999,champion,70-72
Volleyball,Williamsport,williamsport,2001,finalist,70-72
Volleyball,Williamsport,williamsport,2002,champion,70-72
Volleyball,Williamsport,williamsport,2003,champion,70-72
Volleyball,Williamsport,williamsport,2004,champion,70-72
Volleyball,Williamsport,williamsport,2005,champion,70-72
Volleyball,Williamsport,williamsport,2012,champion,70-72
Volleyball,Williamsport,williamsport,2016,champion,70-72
Volleyball,Williamsport,williamsport,2018,champion,70-72
Volleyball,Williamsport,williamsport,2021,champion,70-72
Volleyball,Williamsport,williamsport,2023,semifinalist,70-72
Volleyball,Williamsport,williamsport,2024,champion,70-72
