sport,year,classification,champion_school,champion_coach,finalist_school,finalist_coach,score,champion_undefeated,co_champion,notes,source_pdf,source_pages,extracted_at,extraction_model
Baseball,1975,AA,Northeast-AA,Harry Lentz,,,8-4,,,,pdfs/Spring record book 2025.pdf,5; 6,2026-08-02T20:04:15Z,glm-5.2:cloud
Baseball,1975,A,Northwood,Brady Straub,,,4-3,,,,pdfs/Spring record book 2025.pdf,5; 6,2026-08-02T20:04:15Z,glm-5.2:cloud
Baseball,1975,B,Williamsport,Larry Wadel,,,9-1,,,,pdfs/Spring record book 2025.pdf,5; 6,2026-08-02T20:04:15Z,glm-5.2:cloud
Baseball,1975,C,Bruce,George Wolfe,,,4-0,,,,pdfs/Spring record book 2025.pdf,5; 6,2026-08-02T20:04:15Z,glm-5.2:cloud
Baseball,1976,AA,Arundel,Bernie Walter,,,3-1,,,,pdfs/Spring record book 2025.pdf,5; 6,2026-08-02T20:04:15Z,glm-5.2:cloud
Baseball,1976,A,Catonsville,Jack Peddicord,,,4-3,,,,pdfs/Spring record book 2025.pdf,5; 6,2026-08-02T20:04:15Z,glm-5.2:cloud
Baseball,1976,B,Paint Branch,Kevin Kelly,,,3-2,,,,pdfs/Spring record book 2025.pdf,5; 6,2026-08-02T20:04:15Z,glm-5.2:cloud
Baseball,1976,C,Joppatowne,Dan Gaughan,,,2-0,,,,pdfs/Spring record book 2025.pdf,5; 6,2026-08-02T20:04:15Z,glm-5.2:cloud
Baseball,1977,AA,Arundel,Bernie Walter,,,9-6,,,,pdfs/Spring record book 2025.pdf,5; 6,2026-08-02T20:04:15Z,glm-5.2:cloud
Baseball,1977,A,Oxon Hill,Donnie Keys,,,5-2,,,,pdfs/Spring record book 2025.pdf,5; 6,2026-08-02T20:04:15Z,glm-5.2:cloud
Baseball,1977,B,Cambridge,Doug Fleetwood,,,6-2,,,,pdfs/Spring record book 2025.pdf,5; 6,2026-08-02T20:04:15Z,glm-5.2:cloud
Baseball,1977,C,Joppatowne,Dan Gaughan,,,6-3,,,,pdfs/Spring record book 2025.pdf,5; 6,2026-08-02T20:04:15Z,glm-5.2:cloud
Baseball,1978,AA,Kenwood,Carroll Hess,,,5-2,,,,pdfs/Spring record book 2025.pdf,5; 6,2026-08-02T20:04:15Z,glm-5.2:cloud
Baseball,1978,A,Aberdeen,George Connolly,,,7-2,,,,pdfs/Spring record book 2025.pdf,5; 6,2026-08-02T20:04:15Z,glm-5.2:cloud
Baseball,1978,B,Queen Anne's,John Sharp,,,2-0,,,,pdfs/Spring record book 2025.pdf,5; 6,2026-08-02T20:04:15Z,glm-5.2:cloud
Baseball,1978,C,Walkersville,Tom Ford,,,5-4,,,,pdfs/Spring record book 2025.pdf,5; 6,2026-08-02T20:04:15Z,glm-5.2:cloud
Baseball,1979,AA,Churchill,Chuck Stevens,,,4-3,,,,pdfs/Spring record book 2025.pdf,5; 6,2026-08-02T20:04:15Z,glm-5.2:cloud
Baseball,1979,A,Paint Branch,Kevin Kelly,,,4-1,,,,pdfs/Spring record book 2025.pdf,5; 6,2026-08-02T20:04:15Z,glm-5.2:cloud
Baseball,1979,B,Sparrows Point,Rich Eshmont,,,7-1,,,,pdfs/Spring record book 2025.pdf,5; 6,2026-08-02T20:04:15Z,glm-5.2:cloud
Baseball,1979,C,Mt. Savage,George Bishields,,,3-2,,,,pdfs/Spring record book 2025.pdf,5; 6,2026-08-02T20:04:15Z,glm-5.2:cloud
Baseball,1980,AA,Old Mill,Mel Montgomery,,,4-3,,,,pdfs/Spring record book 2025.pdf,5; 6,2026-08-02T20:04:15Z,glm-5.2:cloud
Baseball,1980,A,Woodward,Tom George,,,4-3,,,,pdfs/Spring record book 2025.pdf,5; 6,2026-08-02T20:04:15Z,glm-5.2:cloud
Baseball,1980,B,Brooklyn Park,Tim McMullen,,,4-2,,,,pdfs/Spring record book 2025.pdf,5; 6,2026-08-02T20:04:15Z,glm-5.2:cloud
Baseball,1980,C,Clear Spring,Jim Hutson,,,6-0,,,,pdfs/Spring record book 2025.pdf,5; 6,2026-08-02T20:04:15Z,glm-5.2:cloud
Baseball,1981,AA,Bowie,Bill Vaughn,,,3-2,True,,,pdfs/Spring record book 2025.pdf,5; 6,2026-08-02T20:04:15Z,glm-5.2:cloud
Baseball,1981,A,Arundel,Bernie Walter,,,4-2,,,,pdfs/Spring record book 2025.pdf,5; 6,2026-08-02T20:04:15Z,glm-5.2:cloud
Baseball,1981,B,Edgewood,Steve Williams,,,3-1,,,,pdfs/Spring record book 2025.pdf,5; 6,2026-08-02T20:04:15Z,glm-5.2:cloud
Baseball,1981,C,North East-C,Mel Bacon,,,6-4,True,,,pdfs/Spring record book 2025.pdf,5; 6,2026-08-02T20:04:15Z,glm-5.2:cloud
Baseball,1982,AA,Bowie,Bill Vaughn,,,3-0,True,,,pdfs/Spring record book 2025.pdf,5; 6,2026-08-02T20:04:15Z,glm-5.2:cloud
Baseball,1982,A,Thomas Stone,Ron Stover,,,10-2,,,,pdfs/Spring record book 2025.pdf,5; 6,2026-08-02T20:04:15Z,glm-5.2:cloud
Baseball,1982,B,Great Mills,Steve Hoopengardner,,,8-3,,,,pdfs/Spring record book 2025.pdf,5; 6,2026-08-02T20:04:15Z,glm-5.2:cloud
Baseball,1982,C,Washington,George Stewart,,,8-0,,,,pdfs/Spring record book 2025.pdf,5; 6,2026-08-02T20:04:15Z,glm-5.2:cloud
Baseball,1983,AA,Dundalk,Bo Eibner,,,7-3,,,,pdfs/Spring record book 2025.pdf,5; 6,2026-08-02T20:04:15Z,glm-5.2:cloud
Baseball,1983,A,Thomas Johnson,Steve Parsons,,,13-9,,,,pdfs/Spring record book 2025.pdf,5; 6,2026-08-02T20:04:15Z,glm-5.2:cloud
Baseball,1983,B,Glenelg,Terry Coleman,,,8-7,,,,pdfs/Spring record book 2025.pdf,5; 6,2026-08-02T20:04:15Z,glm-5.2:cloud
Baseball,1983,C,Broadneck,Tim McMullen,,,5-0,,,,pdfs/Spring record book 2025.pdf,5; 6,2026-08-02T20:04:15Z,glm-5.2:cloud
Baseball,1984,AA,Bowie,Bill Vaughn,,,2-1,,,,pdfs/Spring record book 2025.pdf,5; 6,2026-08-02T20:04:15Z,glm-5.2:cloud
Baseball,1984,A,Gwynn Park,Ken Gentry,,,6-5,,,,pdfs/Spring record book 2025.pdf,5; 6,2026-08-02T20:04:15Z,glm-5.2:cloud
Baseball,1984,B,Milford Mill,David Wright,,,11-6,,,,pdfs/Spring record book 2025.pdf,5; 6,2026-08-02T20:04:15Z,glm-5.2:cloud
Baseball,1984,C,Francis Scott Key,Richard Long,,,15-4,,,,pdfs/Spring record book 2025.pdf,5; 6,2026-08-02T20:04:15Z,glm-5.2:cloud
Baseball,1985,AA,Randallstown,Jack Peddicord,,,2-1,,,,pdfs/Spring record book 2025.pdf,5; 6,2026-08-02T20:04:15Z,glm-5.2:cloud
Baseball,1985,A,Franklin,Rick Wiscott,,,7-4,,,,pdfs/Spring record book 2025.pdf,5; 6,2026-08-02T20:04:15Z,glm-5.2:cloud
Baseball,1985,B,North East-C,Mel Bacon,,,12-0,,,,pdfs/Spring record book 2025.pdf,5; 6,2026-08-02T20:04:15Z,glm-5.2:cloud
Baseball,1985,C,Boonsboro,Wayne Ridenour,,,2-1,,,,pdfs/Spring record book 2025.pdf,5; 6,2026-08-02T20:04:15Z,glm-5.2:cloud
Baseball,1986,AA,Woodlawn,George McClure,,,7-4,,,,pdfs/Spring record book 2025.pdf,5; 6,2026-08-02T20:04:15Z,glm-5.2:cloud
Baseball,1986,A,North Hagerstown,Chuck Zonis,,,3-2,,,,pdfs/Spring record book 2025.pdf,5; 6,2026-08-02T20:04:15Z,glm-5.2:cloud
Baseball,1986,B,Pikesville,Michael Bruner,,,8-0,,,,pdfs/Spring record book 2025.pdf,5; 6,2026-08-02T20:04:15Z,glm-5.2:cloud
Baseball,1986,C,Mt. Savage,Joe Carter,,,4-3,,,,pdfs/Spring record book 2025.pdf,5; 6,2026-08-02T20:04:15Z,glm-5.2:cloud
Baseball,1987,AA,Arundel,Bernie Walter,,,1-0,,,,pdfs/Spring record book 2025.pdf,5; 6,2026-08-02T20:04:15Z,glm-5.2:cloud
Baseball,1987,A,Leonardtown,Glenn Larnerd,,,8-1,,,,pdfs/Spring record book 2025.pdf,5; 6,2026-08-02T20:04:15Z,glm-5.2:cloud
Baseball,1987,B,North East-C,Mel Bacon,,,9-0,,,,pdfs/Spring record book 2025.pdf,5; 6,2026-08-02T20:04:15Z,glm-5.2:cloud
Baseball,1987,C,Easton,James Knauss,,,4-3,True,,,pdfs/Spring record book 2025.pdf,5; 6,2026-08-02T20:04:15Z,glm-5.2:cloud
Baseball,1988,AA,Annapolis,Larry Brogden,,,8-1,,,,pdfs/Spring record book 2025.pdf,5; 6,2026-08-02T20:04:15Z,glm-5.2:cloud
Baseball,1988,A,Thomas Stone,Ed Glaeser,,,4-3,,,,pdfs/Spring record book 2025.pdf,5; 6,2026-08-02T20:04:15Z,glm-5.2:cloud
Baseball,1988,B,North East-C,Mel Bacon,,,1-0,,,,pdfs/Spring record book 2025.pdf,5; 6,2026-08-02T20:04:15Z,glm-5.2:cloud
Baseball,1988,C,Havre de Grace,Shawn Baker,,,6-2,,,,pdfs/Spring record book 2025.pdf,5; 6,2026-08-02T20:04:15Z,glm-5.2:cloud
Baseball,1989,4A,Old Mill,Mel Montgomery,,,20-3,,,,pdfs/Spring record book 2025.pdf,5; 6,2026-08-02T20:04:15Z,glm-5.2:cloud
Baseball,1989,3A,North Hagerstown,Chuck Zonis,,,8-5,,,,pdfs/Spring record book 2025.pdf,5; 6,2026-08-02T20:04:15Z,glm-5.2:cloud
Baseball,1989,2A,Allegany,Toby Eirich,,,4-2,,,,pdfs/Spring record book 2025.pdf,5; 6,2026-08-02T20:04:15Z,glm-5.2:cloud
Baseball,1989,1A,Beall,Chuck Eberly,,,11-4,,,,pdfs/Spring record book 2025.pdf,5; 6,2026-08-02T20:04:15Z,glm-5.2:cloud
Baseball,1990,4A,Perry Hall,Larry Butts,,,10-6,True,,,pdfs/Spring record book 2025.pdf,5; 6,2026-08-02T20:04:15Z,glm-5.2:cloud
Baseball,1990,3A,Paint Branch,Paul Fahrner,,,5-4,True,,,pdfs/Spring record book 2025.pdf,5; 6,2026-08-02T20:04:15Z,glm-5.2:cloud
Baseball,1990,2A,Allegany,Toby Eirich,,,9-2,,,,pdfs/Spring record book 2025.pdf,5; 6,2026-08-02T20:04:15Z,glm-5.2:cloud
Baseball,1990,1A,Brunswick,Jeff Warfle,,,3-0,,,,pdfs/Spring record book 2025.pdf,5; 6,2026-08-02T20:04:15Z,glm-5.2:cloud
Baseball,1991,4A,Arundel,Bernie Walter,,,8-1,,,,pdfs/Spring record book 2025.pdf,5; 6,2026-08-02T20:04:15Z,glm-5.2:cloud
Baseball,1991,3A,Paint Branch,Paul Fahrner,,,1-0,,,,pdfs/Spring record book 2025.pdf,5; 6,2026-08-02T20:04:15Z,glm-5.2:cloud
Baseball,1991,2A,Northeast-AA,Harry Lentz,,,7-0,True,,,pdfs/Spring record book 2025.pdf,5; 6,2026-08-02T20:04:15Z,glm-5.2:cloud
Baseball,1991,1A,Brunswick,Jeff Warfle,,,6-5,,,,pdfs/Spring record book 2025.pdf,5; 6,2026-08-02T20:04:15Z,glm-5.2:cloud
Baseball,1992,4A,Perry Hall,Larry Butts,,,7-1,True,,,pdfs/Spring record book 2025.pdf,5; 6,2026-08-02T20:04:15Z,glm-5.2:cloud
Baseball,1992,3A,Thomas Johnson,Jim Foit,,,4-1,,,,pdfs/Spring record book 2025.pdf,5; 6,2026-08-02T20:04:15Z,glm-5.2:cloud
Baseball,1992,2A,Northeast-AA,Harry Lentz,,,7-6,,,,pdfs/Spring record book 2025.pdf,5; 6,2026-08-02T20:04:15Z,glm-5.2:cloud
Baseball,1992,1A,Brunswick,Jeff Warfle,,,5-1,,,,pdfs/Spring record book 2025.pdf,5; 6,2026-08-02T20:04:15Z,glm-5.2:cloud
Baseball,1993,4A,Arundel,Bernie Walter,,,11-2,,,,pdfs/Spring record book 2025.pdf,5; 6,2026-08-02T20:04:15Z,glm-5.2:cloud
Baseball,1993,3A,Lansdowne,Ron Bareford,,,3-0,,,,pdfs/Spring record book 2025.pdf,5; 6,2026-08-02T20:04:15Z,glm-5.2:cloud
Baseball,1993,2A,Glenelg,Terry Coleman,,,7-1,,,,pdfs/Spring record book 2025.pdf,5; 6,2026-08-02T20:04:15Z,glm-5.2:cloud
Baseball,1993,1A,Mount Savage,Joe Carter,,,7-4,,,,pdfs/Spring record book 2025.pdf,5; 6,2026-08-02T20:04:15Z,glm-5.2:cloud
Baseball,1994,4A,Perry Hall,Larry Butts,,,5-3,,,,pdfs/Spring record book 2025.pdf,5; 6,2026-08-02T20:04:15Z,glm-5.2:cloud
Baseball,1994,3A,Thomas Stone,Ed Glaeser,,,4-0,,,,pdfs/Spring record book 2025.pdf,5; 6,2026-08-02T20:04:15Z,glm-5.2:cloud
Baseball,1994,2A,Elkton,Bill Russell,,,6-5,,,,pdfs/Spring record book 2025.pdf,5; 6,2026-08-02T20:04:15Z,glm-5.2:cloud
Baseball,1994,1A,Easton,Jack Anthony,,,8-3,,,,pdfs/Spring record book 2025.pdf,5; 6,2026-08-02T20:04:15Z,glm-5.2:cloud
Baseball,1995,4A,Arundel,Bernie Walter,,,11-0,,,,pdfs/Spring record book 2025.pdf,5; 6,2026-08-02T20:04:15Z,glm-5.2:cloud
Baseball,1995,3A,Broadneck,Mark Stover,,,2-1,,,,pdfs/Spring record book 2025.pdf,5; 6,2026-08-02T20:04:15Z,glm-5.2:cloud
Baseball,1995,2A,Glenelg,Ed Ashwell,,,3-2,,,,pdfs/Spring record book 2025.pdf,5; 6,2026-08-02T20:04:15Z,glm-5.2:cloud
Baseball,1995,1A,Easton,Jack Anthony,,,14-1,,,,pdfs/Spring record book 2025.pdf,5; 6,2026-08-02T20:04:15Z,glm-5.2:cloud
Baseball,1996,4A,Wootton,Rhett Ross,,,2-1,,,,pdfs/Spring record book 2025.pdf,5; 6,2026-08-02T20:04:15Z,glm-5.2:cloud
Baseball,1996,3A,Bel Air,Mike Ennis,,,3-2,,,,pdfs/Spring record book 2025.pdf,5; 6,2026-08-02T20:04:15Z,glm-5.2:cloud
Baseball,1996,2A,South Hagerstown,Greg Eversole,,,6-0,,,,pdfs/Spring record book 2025.pdf,5; 6,2026-08-02T20:04:15Z,glm-5.2:cloud
Baseball,1996,1A,Brunswick,Roger Dawson,,,6-1,,,,pdfs/Spring record book 2025.pdf,5; 6,2026-08-02T20:04:15Z,glm-5.2:cloud
Baseball,1997,4A,Chesapeake-AA,Jim Simms,,,5-2,,,,pdfs/Spring record book 2025.pdf,5; 6,2026-08-02T20:04:15Z,glm-5.2:cloud
Baseball,1997,3A,Liberty,Steve Insley,,,9-3,,,,pdfs/Spring record book 2025.pdf,5; 6,2026-08-02T20:04:15Z,glm-5.2:cloud
Baseball,1997,2A,Great Mills,Steven Wolfe,,,5-2,,,,pdfs/Spring record book 2025.pdf,5; 6,2026-08-02T20:04:15Z,glm-5.2:cloud
Baseball,1997,1A,Rising Sun,Dave Fravel,,,9-3,,,,pdfs/Spring record book 2025.pdf,5; 6,2026-08-02T20:04:15Z,glm-5.2:cloud
Baseball,1998,4A,Arundel,Bernie Walter,,,12-1,,,,pdfs/Spring record book 2025.pdf,5; 6,2026-08-02T20:04:15Z,glm-5.2:cloud
Baseball,1998,3A,Damascus,Vic Mollet,,,4-1,,,,pdfs/Spring record book 2025.pdf,5; 6,2026-08-02T20:04:15Z,glm-5.2:cloud
Baseball,1998,2A,North Caroline,Tom Keating,,,8-1,,,,pdfs/Spring record book 2025.pdf,5; 6,2026-08-02T20:04:15Z,glm-5.2:cloud
Baseball,1998,1A,Glenelg,Tom Thrasher,,,6-5,,,,pdfs/Spring record book 2025.pdf,5; 6,2026-08-02T20:04:15Z,glm-5.2:cloud
Baseball,1999,4A,Glen Burnie,Bruce Sider,,,3-1,,,,pdfs/Spring record book 2025.pdf,5; 6,2026-08-02T20:04:15Z,glm-5.2:cloud
Baseball,1999,3A,South Carroll,George Richardson,,,8-1,,,,pdfs/Spring record book 2025.pdf,5; 6,2026-08-02T20:04:15Z,glm-5.2:cloud
Baseball,1999,2A,Walkersville,Paul Merrill,,,9-5,,,,pdfs/Spring record book 2025.pdf,5; 6,2026-08-02T20:04:15Z,glm-5.2:cloud
Baseball,1999,1A,Glenelg,Tom Thrasher,,,12-2,,,,pdfs/Spring record book 2025.pdf,5; 6,2026-08-02T20:04:15Z,glm-5.2:cloud
Baseball,2000,4A,Watkins Mill,Ken Brace,,,3-2,,,,pdfs/Spring record book 2025.pdf,5; 6,2026-08-02T20:04:15Z,glm-5.2:cloud
Baseball,2000,3A,Damascus,Vic Mollet,,,3-2,True,,,pdfs/Spring record book 2025.pdf,5; 6,2026-08-02T20:04:15Z,glm-5.2:cloud
Baseball,2000,2A,Towson,Bill Yosca,,,7-5,,,,pdfs/Spring record book 2025.pdf,5; 6,2026-08-02T20:04:15Z,glm-5.2:cloud
Baseball,2000,1A,Rising Sun,Dave Fravel,,,8-2,,,,pdfs/Spring record book 2025.pdf,5; 6,2026-08-02T20:04:15Z,glm-5.2:cloud
Baseball,2001,4A,Arundel,Bernie Walter,,,5-4,,,,pdfs/Spring record book 2025.pdf,5; 6,2026-08-02T20:04:15Z,glm-5.2:cloud
Baseball,2001,3A,Northeast-AA,Marshall Kawecki,,,6-2,,,,pdfs/Spring record book 2025.pdf,5; 6,2026-08-02T20:04:15Z,glm-5.2:cloud
Baseball,2001,2A,Centennial,Dave Appleby,,,6-4,,,,pdfs/Spring record book 2025.pdf,5; 6,2026-08-02T20:04:15Z,glm-5.2:cloud
Baseball,2001,1A,St. Michaels,Brian Femi,,,3-2,,,,pdfs/Spring record book 2025.pdf,5; 6,2026-08-02T20:04:15Z,glm-5.2:cloud
Baseball,2002,4A,Thomas Johnson,Jim Foit,,,13-3,,,,pdfs/Spring record book 2025.pdf,5; 6,2026-08-02T20:04:15Z,glm-5.2:cloud
Baseball,2002,3A,South Carroll,George Richardson,,,3-1,,,,pdfs/Spring record book 2025.pdf,5; 6,2026-08-02T20:04:15Z,glm-5.2:cloud
Baseball,2002,2A,Atholton,Kevin Kelly,,,10-0,,,,pdfs/Spring record book 2025.pdf,5; 6,2026-08-02T20:04:15Z,glm-5.2:cloud
Baseball,2002,1A,Boonsboro,Fred Kreiger,,,11-3,,,,pdfs/Spring record book 2025.pdf,5; 6,2026-08-02T20:04:15Z,glm-5.2:cloud
Baseball,2003,4A,Old Mill,Mel Montgomery,,,7-0,,,,pdfs/Spring record book 2025.pdf,5; 6,2026-08-02T20:04:15Z,glm-5.2:cloud
Baseball,2003,3A,Severna Park,Jim Candless,,,7-1,,,,pdfs/Spring record book 2025.pdf,5; 6,2026-08-02T20:04:15Z,glm-5.2:cloud
Baseball,2003,2A,Walkersville,Mike O'Brien,,,5-4,,,,pdfs/Spring record book 2025.pdf,5; 6,2026-08-02T20:04:15Z,glm-5.2:cloud
Baseball,2003,1A,South Hagerstown,Ralph Stottlemyer,,,8-4,,,,pdfs/Spring record book 2025.pdf,5; 6,2026-08-02T20:04:15Z,glm-5.2:cloud
Baseball,2004,4A,Bowie,William Seibert,,,8-2,,,,pdfs/Spring record book 2025.pdf,5; 6,2026-08-02T20:04:15Z,glm-5.2:cloud
Baseball,2004,3A,Centennial,Denis Ahern,,,10-1,,,,pdfs/Spring record book 2025.pdf,5; 6,2026-08-02T20:04:15Z,glm-5.2:cloud
Baseball,2004,2A,Liberty,Erik Barnes,,,4-3 (9),,,,pdfs/Spring record book 2025.pdf,5; 6,2026-08-02T20:04:15Z,glm-5.2:cloud
Baseball,2004,1A,Cambridge/SD,Kermit Hines,,,8-2,,,,pdfs/Spring record book 2025.pdf,5; 6,2026-08-02T20:04:15Z,glm-5.2:cloud
Baseball,2005,4A,Quince Orchard,Jason Gasaway,,,10-9,,,,pdfs/Spring record book 2025.pdf,5; 6,2026-08-02T20:04:15Z,glm-5.2:cloud
Baseball,2005,3A,Severna Park,Jim McCandless,,,9-0,,,,pdfs/Spring record book 2025.pdf,5; 6,2026-08-02T20:04:15Z,glm-5.2:cloud
Baseball,2005,2A,Eastern Technical,Spike McElfish,,,9-4,,,,pdfs/Spring record book 2025.pdf,5; 6,2026-08-02T20:04:15Z,glm-5.2:cloud
Baseball,2005,1A,Beall,Terry DeHaven,,,7-6,,,,pdfs/Spring record book 2025.pdf,5; 6,2026-08-02T20:04:15Z,glm-5.2:cloud
Baseball,2006,4A,Arundel,Bernie Walter,,,5-3,,,,pdfs/Spring record book 2025.pdf,5; 6,2026-08-02T20:04:15Z,glm-5.2:cloud
Baseball,2006,3A,J. M. Bennett,Jay Fenoglietto,,,3-2 (10),,,,pdfs/Spring record book 2025.pdf,5; 6,2026-08-02T20:04:15Z,glm-5.2:cloud
Baseball,2006,2A,North East-C,Jim Barrow,,,2-1 (8),,,,pdfs/Spring record book 2025.pdf,5; 6,2026-08-02T20:04:15Z,glm-5.2:cloud
Baseball,2006,1A,Snow Hill,Todd Lampman,,,2-1,,,,pdfs/Spring record book 2025.pdf,5; 6,2026-08-02T20:04:15Z,glm-5.2:cloud
Baseball,2007,4A,Eleanor Roosevelt,Andrew Capece,,,8-1,,,,pdfs/Spring record book 2025.pdf,5; 6,2026-08-02T20:04:15Z,glm-5.2:cloud
Baseball,2007,3A,Westminster,Bryan Harman,,,4-1,,,,pdfs/Spring record book 2025.pdf,5; 6,2026-08-02T20:04:15Z,glm-5.2:cloud
Baseball,2007,2A,Eastern Technical,Spike McElfish,,,3-2,,,,pdfs/Spring record book 2025.pdf,5; 6,2026-08-02T20:04:15Z,glm-5.2:cloud
Baseball,2007,1A,Col. Richardson,Scott Milligan,,,9-7,,,,pdfs/Spring record book 2025.pdf,5; 6,2026-08-02T20:04:15Z,glm-5.2:cloud
Baseball,2008,4A,Sherwood,Bill Goodman,,,7-6,,,,pdfs/Spring record book 2025.pdf,5; 6,2026-08-02T20:04:15Z,glm-5.2:cloud
Baseball,2008,3A,La Plata,Daniel DeVitis,,,8-2,,,,pdfs/Spring record book 2025.pdf,5; 6,2026-08-02T20:04:15Z,glm-5.2:cloud
Baseball,2008,2A,Kent Island,Rocco Barletta,,,6-5,,,,pdfs/Spring record book 2025.pdf,5; 6,2026-08-02T20:04:15Z,glm-5.2:cloud
Baseball,2008,1A,St. Michael's,Brian Femi,,,4-3,,,,pdfs/Spring record book 2025.pdf,5; 6,2026-08-02T20:04:15Z,glm-5.2:cloud
Baseball,2009,4A,Severna Park,Jim McCandless,,,11-1 (5),,,,pdfs/Spring record book 2025.pdf,5; 6,2026-08-02T20:04:15Z,glm-5.2:cloud
Baseball,2009,3A,Frederick,Phil Rhodes,,,7-2,,,,pdfs/Spring record book 2025.pdf,5; 6,2026-08-02T20:04:15Z,glm-5.2:cloud
Baseball,2009,2A,River Hill,Wes McCoy,,,3-2,,,,pdfs/Spring record book 2025.pdf,5; 6,2026-08-02T20:04:15Z,glm-5.2:cloud
Baseball,2009,1A,Bohemia Manor,Russ Morgan,,,6-0,,,,pdfs/Spring record book 2025.pdf,5; 6,2026-08-02T20:04:15Z,glm-5.2:cloud
Baseball,2010,4A,Sherwood,Bill Goodman,,,2-1,,,,pdfs/Spring record book 2025.pdf,5; 6,2026-08-02T20:04:15Z,glm-5.2:cloud
Baseball,2010,3A,C.M. Wright,Tony Blackburn,,,4-1,True,,,pdfs/Spring record book 2025.pdf,5; 6,2026-08-02T20:04:15Z,glm-5.2:cloud
Baseball,2010,2A,North Hagerstown,Steve Myers,,,10-7 (9),,,,pdfs/Spring record book 2025.pdf,5; 6,2026-08-02T20:04:15Z,glm-5.2:cloud
Baseball,2010,1A,St. Michael's,Brian Femi,,,4-0,,,,pdfs/Spring record book 2025.pdf,5; 6,2026-08-02T20:04:15Z,glm-5.2:cloud
Baseball,2011,4A,Westminster,Bryan Harman,,,8-7,True,,,pdfs/Spring record book 2025.pdf,5; 6,2026-08-02T20:04:15Z,glm-5.2:cloud
Baseball,2011,3A,James M. Bennett,Jay Fenoglietto,,,5-2 (8),True,,,pdfs/Spring record book 2025.pdf,5; 6,2026-08-02T20:04:15Z,glm-5.2:cloud
Baseball,2011,2A,North Caroline,Henry Ward,,,4-0,,,,pdfs/Spring record book 2025.pdf,5; 6,2026-08-02T20:04:15Z,glm-5.2:cloud
Baseball,2011,1A,St. Michael's,Brian Femi,,,4-0,,,,pdfs/Spring record book 2025.pdf,5; 6,2026-08-02T20:04:15Z,glm-5.2:cloud
Baseball,2012,4A,Northwest,Todd Varesco,,,7-6 (12),,,,pdfs/Spring record book 2025.pdf,5; 6,2026-08-02T20:04:15Z,glm-5.2:cloud
Baseball,2012,3A,James M. Bennett,Jay Fenoglietto & Mike Shockley,,,4-2,True,,,pdfs/Spring record book 2025.pdf,5; 6,2026-08-02T20:04:15Z,glm-5.2:cloud
Baseball,2012,2A,Williamsport,David Warrenfeltz,,,2-1 (9),,,,pdfs/Spring record book 2025.pdf,5; 6,2026-08-02T20:04:15Z,glm-5.2:cloud
Baseball,2012,1A,Mountain Ridge,John O'Neal,,,2-1,,,,pdfs/Spring record book 2025.pdf,5; 6,2026-08-02T20:04:15Z,glm-5.2:cloud
Baseball,2013,4A,South River,Ken Dunn,,,6-0,,,,pdfs/Spring record book 2025.pdf,5; 6,2026-08-02T20:04:15Z,glm-5.2:cloud
Baseball,2013,3A,Bel Air,John Swanson,,,3-2,,,,pdfs/Spring record book 2025.pdf,5; 6,2026-08-02T20:04:15Z,glm-5.2:cloud
Baseball,2013,2A,Catoctin,Mike Franklin,,,4-2,,,,pdfs/Spring record book 2025.pdf,5; 6,2026-08-02T20:04:15Z,glm-5.2:cloud
Baseball,2013,1A,Cambridge-SD,Troy Brohawn,,,15-0 (6),,,,pdfs/Spring record book 2025.pdf,5; 6,2026-08-02T20:04:15Z,glm-5.2:cloud
Baseball,2014,4A,Chesapeake-AA,Ken King,,,2-0,,,,pdfs/Spring record book 2025.pdf,5; 6,2026-08-02T20:04:15Z,glm-5.2:cloud
Baseball,2014,3A,Reservoir,Adam Leader,,,2-0,,,,pdfs/Spring record book 2025.pdf,5; 6,2026-08-02T20:04:15Z,glm-5.2:cloud
Baseball,2014,2A,Southern-AA,Frank Hood,,,3-2,,,,pdfs/Spring record book 2025.pdf,5; 6,2026-08-02T20:04:15Z,glm-5.2:cloud
Baseball,2014,1A,Smithsburg,Trey Cobb,,,9-0,,,,pdfs/Spring record book 2025.pdf,5; 6,2026-08-02T20:04:15Z,glm-5.2:cloud
Baseball,2015,4A,Gaithersburg,Jeff Rabberman,,,5-3,,,,pdfs/Spring record book 2025.pdf,5; 6,2026-08-02T20:04:15Z,glm-5.2:cloud
Baseball,2015,3A,Chopticon,Ray Sapp,,,1-0,,,,pdfs/Spring record book 2025.pdf,5; 6,2026-08-02T20:04:15Z,glm-5.2:cloud
Baseball,2015,2A,Southern-AA,Frank Hood,,,6-1,,,,pdfs/Spring record book 2025.pdf,5; 6,2026-08-02T20:04:15Z,glm-5.2:cloud
Baseball,2015,1A,Brunswick,Roger Dawson,,,4-0,,,,pdfs/Spring record book 2025.pdf,5; 6,2026-08-02T20:04:15Z,glm-5.2:cloud
Baseball,2016,4A,Bel Air,John Swanson,,,8-1,,,,pdfs/Spring record book 2025.pdf,5; 6,2026-08-02T20:04:15Z,glm-5.2:cloud
Baseball,2016,3A,Huntingtown,Guy Smith,,,4-3,,,,pdfs/Spring record book 2025.pdf,5; 6,2026-08-02T20:04:15Z,glm-5.2:cloud
Baseball,2016,2A,La Plata,John Childers,,,4-1,,,,pdfs/Spring record book 2025.pdf,5; 6,2026-08-02T20:04:15Z,glm-5.2:cloud
Baseball,2016,1A,Brunswick,Roger Dawson,,,4-0,,,,pdfs/Spring record book 2025.pdf,5; 6,2026-08-02T20:04:15Z,glm-5.2:cloud
Baseball,2017,4A,Northwest,Todd Varesco,,,8-0,,,,pdfs/Spring record book 2025.pdf,5; 6,2026-08-02T20:04:15Z,glm-5.2:cloud
Baseball,2017,3A,Poolesville,Steve Orsini,,,4-3,,,,pdfs/Spring record book 2025.pdf,5; 6,2026-08-02T20:04:15Z,glm-5.2:cloud
Baseball,2017,2A,Middletown,Andy Baker,,,8-0,,,,pdfs/Spring record book 2025.pdf,5; 6,2026-08-02T20:04:15Z,glm-5.2:cloud
Baseball,2017,1A,St. Michael's,Brian Femi,,,12-1,,,,pdfs/Spring record book 2025.pdf,5; 6,2026-08-02T20:04:15Z,glm-5.2:cloud
Baseball,2018,4A,Howard,Nick Hoffner,,,5-4,,,,pdfs/Spring record book 2025.pdf,5; 6,2026-08-02T20:04:15Z,glm-5.2:cloud
Baseball,2018,3A,Gov. Thomas Johnson,Billy Gross,,,3-2,,,,pdfs/Spring record book 2025.pdf,5; 6,2026-08-02T20:04:15Z,glm-5.2:cloud
Baseball,2018,2A,Century,Michael Marrale,,,4-1,,,,pdfs/Spring record book 2025.pdf,5; 6,2026-08-02T20:04:15Z,glm-5.2:cloud
Baseball,2018,1A,Boonsboro,Steve Mason,,,12-9 (9),,,,pdfs/Spring record book 2025.pdf,5; 6,2026-08-02T20:04:15Z,glm-5.2:cloud
Baseball,2019,4A,Old Mill,Charlie Chaffin,,,4-3 (9),,,,pdfs/Spring record book 2025.pdf,5; 6,2026-08-02T20:04:15Z,glm-5.2:cloud
Baseball,2019,3A,James M. Bennett,Jay Fenoglietto & Jesse Serig,,,5-3,,,,pdfs/Spring record book 2025.pdf,5; 6,2026-08-02T20:04:15Z,glm-5.2:cloud
Baseball,2019,2A,La Plata,John Childers,,,4-2,,,,pdfs/Spring record book 2025.pdf,5; 6,2026-08-02T20:04:15Z,glm-5.2:cloud
Baseball,2019,1A,Col. Richardson,Dan Mangum,,,6-0 (9),True,,,pdfs/Spring record book 2025.pdf,5; 6,2026-08-02T20:04:15Z,glm-5.2:cloud
Baseball,2021,4A,Sherwood,Sean Davis,,,5-4 (8),True,,,pdfs/Spring record book 2025.pdf,5; 6,2026-08-02T20:04:15Z,glm-5.2:cloud
Baseball,2021,3A,Chopticon,Raymond Sapp,,,4-2,,,,pdfs/Spring record book 2025.pdf,5; 6,2026-08-02T20:04:15Z,glm-5.2:cloud
Baseball,2021,2A,La Plata,John Childers,,,8-7,,,,pdfs/Spring record book 2025.pdf,5; 6,2026-08-02T20:04:15Z,glm-5.2:cloud
Baseball,2021,1A,Catoctin,Mike Franklin,,,10-3,,,,pdfs/Spring record book 2025.pdf,5; 6,2026-08-02T20:04:15Z,glm-5.2:cloud
Baseball,2022,4A,Sherwood,Sean Davis,,,11-0 (5),,,,pdfs/Spring record book 2025.pdf,5; 6,2026-08-02T20:04:15Z,glm-5.2:cloud
Baseball,2022,3A,Chesapeake-AA,Jeff Young,,,5-1,,,,pdfs/Spring record book 2025.pdf,5; 6,2026-08-02T20:04:15Z,glm-5.2:cloud
Baseball,2022,2A,Glenelg,Steve Tiffany,,,4-1,,,,pdfs/Spring record book 2025.pdf,5; 6,2026-08-02T20:04:15Z,glm-5.2:cloud
Baseball,2022,1A,Clear Spring,Mark Shives,,,11-3,,,,pdfs/Spring record book 2025.pdf,5; 6,2026-08-02T20:04:15Z,glm-5.2:cloud
Baseball,2023,4A,Sherwood,Sean Davis,,,7-4,,,,pdfs/Spring record book 2025.pdf,5; 6,2026-08-02T20:04:15Z,glm-5.2:cloud
Baseball,2023,3A,River Hill,Craig Estrin,,,1-0,,,,pdfs/Spring record book 2025.pdf,5; 6,2026-08-02T20:04:15Z,glm-5.2:cloud
Baseball,2023,2A,Parkside,Kyle Daubert,,,3-1,,,,pdfs/Spring record book 2025.pdf,5; 6,2026-08-02T20:04:15Z,glm-5.2:cloud
Baseball,2023,1A,Clear Spring,Brandon Glazer,,,3-2 (11),,,,pdfs/Spring record book 2025.pdf,5; 6,2026-08-02T20:04:15Z,glm-5.2:cloud
Baseball,2024,4A,Leonardtown,Austin Guy,,,2-0,,,,pdfs/Spring record book 2025.pdf,5; 6,2026-08-02T20:04:15Z,glm-5.2:cloud
Baseball,2024,3A,Col. Zadok Magruder,Josh Creighton,,,4-0,,,,pdfs/Spring record book 2025.pdf,5; 6,2026-08-02T20:04:15Z,glm-5.2:cloud
Baseball,2024,2A,Middletown,Andy Baker,,,6-5,,,,pdfs/Spring record book 2025.pdf,5; 6,2026-08-02T20:04:15Z,glm-5.2:cloud
Baseball,2024,1A,Brunswick,Roger Dawson,,,4-1,,,,pdfs/Spring record book 2025.pdf,5; 6,2026-08-02T20:04:15Z,glm-5.2:cloud
Baseball,2025,4A,Walter Johnson,Steve Sutherland,,,7-6,,,,pdfs/Spring record book 2025.pdf,5; 6,2026-08-02T20:04:15Z,glm-5.2:cloud
Baseball,2025,3A,Sherwood,Sean Davis,,,8-3,,,,pdfs/Spring record book 2025.pdf,5; 6,2026-08-02T20:04:15Z,glm-5.2:cloud
Baseball,2025,2A,Huntingtown,Guy Smith,,,1-0,,,,pdfs/Spring record book 2025.pdf,5; 6,2026-08-02T20:04:15Z,glm-5.2:cloud
Baseball,2025,1A,Allegany,Jon Irons,,,6-2,,,,pdfs/Spring record book 2025.pdf,5; 6,2026-08-02T20:04:15Z,glm-5.2:cloud
Girls Lacrosse,1990,4A-3A,Severna Park,Carin Peterson,,,12-10,False,False,,pdfs/Spring record book 2025.pdf,13,2026-08-02T20:05:13Z,glm-5.2:cloud
Girls Lacrosse,1990,2A-1A,Loch Raven,Wendy Galinn,,,14-10,False,False,,pdfs/Spring record book 2025.pdf,13,2026-08-02T20:05:13Z,glm-5.2:cloud
Girls Lacrosse,1991,4A-3A,Severna Park,Carin Peterson,,,9-5,False,False,,pdfs/Spring record book 2025.pdf,13,2026-08-02T20:05:13Z,glm-5.2:cloud
Girls Lacrosse,1991,2A-1A,Loch Raven,Wendy Galinn,,,14-9,False,False,,pdfs/Spring record book 2025.pdf,13,2026-08-02T20:05:13Z,glm-5.2:cloud
Girls Lacrosse,1992,4A-3A,Severna Park,Carin Peterson,,,19-9,False,False,,pdfs/Spring record book 2025.pdf,13,2026-08-02T20:05:13Z,glm-5.2:cloud
Girls Lacrosse,1992,2A-1A,Mount Hebron,P. J. Kesmodel,,,15-10,False,False,,pdfs/Spring record book 2025.pdf,13,2026-08-02T20:05:13Z,glm-5.2:cloud
Girls Lacrosse,1993,4A-3A,Severna Park,Carin Peterson,,,14-6,False,False,,pdfs/Spring record book 2025.pdf,13,2026-08-02T20:05:13Z,glm-5.2:cloud
Girls Lacrosse,1993,2A-1A,Mount Hebron,P. J. Kesmodel,,,9-7,False,False,,pdfs/Spring record book 2025.pdf,13,2026-08-02T20:05:13Z,glm-5.2:cloud
Girls Lacrosse,1994,4A-3A,Mount Hebron,P. J. Kesmodel,,,19-8,False,False,,pdfs/Spring record book 2025.pdf,13,2026-08-02T20:05:13Z,glm-5.2:cloud
Girls Lacrosse,1994,2A-1A,Loch Raven,Wendy Galinn,,,19-7,False,False,,pdfs/Spring record book 2025.pdf,13,2026-08-02T20:05:13Z,glm-5.2:cloud
Girls Lacrosse,1995,4A-3A,Mount Hebron,P. J. Kesmodel,,,20-7,False,False,,pdfs/Spring record book 2025.pdf,13,2026-08-02T20:05:13Z,glm-5.2:cloud
Girls Lacrosse,1995,2A-1A,Loch Raven,Wendy Galinn,,,18-5,False,False,,pdfs/Spring record book 2025.pdf,13,2026-08-02T20:05:13Z,glm-5.2:cloud
Girls Lacrosse,1996,4A-3A,Annapolis,Dave Gehrdes,,,"11-10, OT",False,False,,pdfs/Spring record book 2025.pdf,13,2026-08-02T20:05:13Z,glm-5.2:cloud
Girls Lacrosse,1996,2A-1A,Catonsville,Kim McNemar,,,17-5,False,False,,pdfs/Spring record book 2025.pdf,13,2026-08-02T20:05:13Z,glm-5.2:cloud
Girls Lacrosse,1997,4A-3A,Mount Hebron,Chris Robinson,,,8-6,False,False,,pdfs/Spring record book 2025.pdf,13,2026-08-02T20:05:13Z,glm-5.2:cloud
Girls Lacrosse,1997,2A-1A,Towson,Wendy Kridel,,,12-6,False,False,,pdfs/Spring record book 2025.pdf,13,2026-08-02T20:05:13Z,glm-5.2:cloud
Girls Lacrosse,1998,4A-3A,Annapolis,Dave Gehrdes,,,17-2,False,False,,pdfs/Spring record book 2025.pdf,13,2026-08-02T20:05:13Z,glm-5.2:cloud
Girls Lacrosse,1998,2A-1A,Mount Hebron,Chris Robinson,,,9-7,False,False,,pdfs/Spring record book 2025.pdf,13,2026-08-02T20:05:13Z,glm-5.2:cloud
Girls Lacrosse,1999,4A-3A,Annapolis,Dave Gehrdes,,,13-4,False,False,,pdfs/Spring record book 2025.pdf,13,2026-08-02T20:05:13Z,glm-5.2:cloud
Girls Lacrosse,1999,2A-1A,Mount Hebron,Chris Robinson,,,16-4,False,False,,pdfs/Spring record book 2025.pdf,13,2026-08-02T20:05:13Z,glm-5.2:cloud
Girls Lacrosse,2000,4A-3A,Severna Park,Carin Peterson,,,5-4 (OT),False,False,,pdfs/Spring record book 2025.pdf,13,2026-08-02T20:05:13Z,glm-5.2:cloud
Girls Lacrosse,2000,3A-2A-1A,Mount Hebron,Chris Robinson,,,16-4,False,False,,pdfs/Spring record book 2025.pdf,13,2026-08-02T20:05:13Z,glm-5.2:cloud
Girls Lacrosse,2001,4A-3A,Severna Park,Carin Peterson,,,7-6,False,False,,pdfs/Spring record book 2025.pdf,13,2026-08-02T20:05:13Z,glm-5.2:cloud
Girls Lacrosse,2001,3A-2A,Mount Hebron,Chris Robinson,,,19-6,False,False,,pdfs/Spring record book 2025.pdf,13,2026-08-02T20:05:13Z,glm-5.2:cloud
Girls Lacrosse,2001,2A-1A,Hereford,Anne Ensor,,,12-3,False,False,,pdfs/Spring record book 2025.pdf,13,2026-08-02T20:05:13Z,glm-5.2:cloud
Girls Lacrosse,2002,4A-3A,Broadneck,Karen Tengwall,,,10-3,False,False,,pdfs/Spring record book 2025.pdf,13,2026-08-02T20:05:13Z,glm-5.2:cloud
Girls Lacrosse,2002,3A-2A,Mount Hebron,Brooke Kuhl-McClelland,,,18-7,False,False,,pdfs/Spring record book 2025.pdf,13,2026-08-02T20:05:13Z,glm-5.2:cloud
Girls Lacrosse,2002,2A-1A,Hereford,Anne Ensor,,,21-4,False,False,,pdfs/Spring record book 2025.pdf,13,2026-08-02T20:05:13Z,glm-5.2:cloud
Girls Lacrosse,2003,4A-3A,Broadneck,Karen Tengwall,,,"9-8, 2 OT",False,False,,pdfs/Spring record book 2025.pdf,13,2026-08-02T20:05:13Z,glm-5.2:cloud
Girls Lacrosse,2003,3A-2A,Mount Hebron,Brooke Kuhl-McClelland,,,18-6,False,False,,pdfs/Spring record book 2025.pdf,13,2026-08-02T20:05:13Z,glm-5.2:cloud
Girls Lacrosse,2003,2A-1A,Hereford,Anne Ensor,,,14-9,False,False,,pdfs/Spring record book 2025.pdf,13,2026-08-02T20:05:13Z,glm-5.2:cloud
Girls Lacrosse,2004,4A-3A,C. Milton Wright,Carl Greenberg,,,19-6,False,False,,pdfs/Spring record book 2025.pdf,13,2026-08-02T20:05:13Z,glm-5.2:cloud
Girls Lacrosse,2004,3A-2A,Mount Hebron,Brooke Kuhl-McClelland,,,21-7,False,False,,pdfs/Spring record book 2025.pdf,13,2026-08-02T20:05:13Z,glm-5.2:cloud
Girls Lacrosse,2004,2A-1A,Century,Rose Pentz,,,15-7,False,False,,pdfs/Spring record book 2025.pdf,13,2026-08-02T20:05:13Z,glm-5.2:cloud
Girls Lacrosse,2005,4A-3A,Dulaney,Tina McGinn,,,9-4,False,False,,pdfs/Spring record book 2025.pdf,13,2026-08-02T20:05:13Z,glm-5.2:cloud
Girls Lacrosse,2005,3A-2A,Mount Hebron,Brooke Kuhl-McClelland,,,11-5,False,False,,pdfs/Spring record book 2025.pdf,13,2026-08-02T20:05:13Z,glm-5.2:cloud
Girls Lacrosse,2005,2A-1A,Glenelg,Ginger Kincaid,,,11-10,False,False,,pdfs/Spring record book 2025.pdf,13,2026-08-02T20:05:13Z,glm-5.2:cloud
Girls Lacrosse,2006,4A-3A,Dulaney,Kristi Korrow,,,11-9,False,False,,pdfs/Spring record book 2025.pdf,13,2026-08-02T20:05:13Z,glm-5.2:cloud
Girls Lacrosse,2006,3A-2A,Mount Hebron,Brooke Kuhl-McClelland,,,16-0,False,False,,pdfs/Spring record book 2025.pdf,13,2026-08-02T20:05:13Z,glm-5.2:cloud
Girls Lacrosse,2006,2A-1A,Century,Rose Pentz,,,16-6,False,False,,pdfs/Spring record book 2025.pdf,13,2026-08-02T20:05:13Z,glm-5.2:cloud
Girls Lacrosse,2007,4A-3A,Severna Park,Carin Peterson,,,13-9,False,False,,pdfs/Spring record book 2025.pdf,13,2026-08-02T20:05:13Z,glm-5.2:cloud
Girls Lacrosse,2007,3A-2A,Mount Hebron,Brooke Kuhl-McClelland,,,7-6,False,False,,pdfs/Spring record book 2025.pdf,13,2026-08-02T20:05:13Z,glm-5.2:cloud
Girls Lacrosse,2007,2A-1A,Century,Rose Pentz,,,15-5,False,False,,pdfs/Spring record book 2025.pdf,13,2026-08-02T20:05:13Z,glm-5.2:cloud
Girls Lacrosse,2008,4A-3A,Severna Park,Carin Peterson,,,17-6,False,False,,pdfs/Spring record book 2025.pdf,13,2026-08-02T20:05:13Z,glm-5.2:cloud
Girls Lacrosse,2008,3A-2A,Winters Mill,Courtney Vaughn,,,"14-13, 2OT",False,False,,pdfs/Spring record book 2025.pdf,13,2026-08-02T20:05:13Z,glm-5.2:cloud
Girls Lacrosse,2008,2A-1A,Glenelg,Ginger Kincaid,,,17-11,False,False,,pdfs/Spring record book 2025.pdf,13,2026-08-02T20:05:13Z,glm-5.2:cloud
Girls Lacrosse,2009,4A-3A,Severna Park,Carin Peterson,,,7-5,False,False,,pdfs/Spring record book 2025.pdf,13,2026-08-02T20:05:13Z,glm-5.2:cloud
Girls Lacrosse,2009,3A-2A,Fallston,Michael McTeague,,,16-1,False,False,,pdfs/Spring record book 2025.pdf,13,2026-08-02T20:05:13Z,glm-5.2:cloud
Girls Lacrosse,2009,2A-1A,Century,Rose Pentz,,,25-9,False,False,,pdfs/Spring record book 2025.pdf,13,2026-08-02T20:05:13Z,glm-5.2:cloud
Girls Lacrosse,2010,4A-3A,South River,Kim McNemar,,,12-10,False,False,,pdfs/Spring record book 2025.pdf,13,2026-08-02T20:05:13Z,glm-5.2:cloud
Girls Lacrosse,2010,3A-2A,Century,Rose Pentz,,,14-7,False,False,,pdfs/Spring record book 2025.pdf,13,2026-08-02T20:05:13Z,glm-5.2:cloud
Girls Lacrosse,2010,2A-1A,Winters Mill,Courtney Vaughn,,,19-8,False,False,,pdfs/Spring record book 2025.pdf,13,2026-08-02T20:05:13Z,glm-5.2:cloud
Girls Lacrosse,2011,4A-3A,Severna Park,Carin Peterson,,,14-7,False,False,,pdfs/Spring record book 2025.pdf,13,2026-08-02T20:05:13Z,glm-5.2:cloud
Girls Lacrosse,2011,3A-2A,Marriotts Ridge,Natalie Gaieski,,,8-4,False,False,,pdfs/Spring record book 2025.pdf,13,2026-08-02T20:05:13Z,glm-5.2:cloud
Girls Lacrosse,2011,2A-1A,Winters Mill,Courtney Vaughn,,,13-2,False,False,,pdfs/Spring record book 2025.pdf,13,2026-08-02T20:05:13Z,glm-5.2:cloud
Girls Lacrosse,2012,4A-3A,Severna Park,Carin Peterson,,,13-6,False,False,,pdfs/Spring record book 2025.pdf,13,2026-08-02T20:05:13Z,glm-5.2:cloud
Girls Lacrosse,2012,3A-2A,Century,Becky Groves,,,12-9,False,False,,pdfs/Spring record book 2025.pdf,13,2026-08-02T20:05:13Z,glm-5.2:cloud
Girls Lacrosse,2012,2A-1A,Fallston,Michael McTeague,,,12-8,False,False,,pdfs/Spring record book 2025.pdf,13,2026-08-02T20:05:13Z,glm-5.2:cloud
Girls Lacrosse,2013,4A-3A,Broadneck,Karen Tengwall,,,21-5,False,False,,pdfs/Spring record book 2025.pdf,13,2026-08-02T20:05:13Z,glm-5.2:cloud
Girls Lacrosse,2013,3A-2A,Marriotts Ridge,Natalie Gaieski,,,15-5,False,False,,pdfs/Spring record book 2025.pdf,13,2026-08-02T20:05:13Z,glm-5.2:cloud
Girls Lacrosse,2013,2A-1A,Winters Mill,Courtney Vaughn,,,8-7,False,False,,pdfs/Spring record book 2025.pdf,13,2026-08-02T20:05:13Z,glm-5.2:cloud
Girls Lacrosse,2014,4A-3A,Severna Park,Carin Peterson,,,15-5,False,False,,pdfs/Spring record book 2025.pdf,13,2026-08-02T20:05:13Z,glm-5.2:cloud
Girls Lacrosse,2014,3A-2A,Marriotts Ridge,Amanda Brady,,,18-5,False,False,,pdfs/Spring record book 2025.pdf,13,2026-08-02T20:05:13Z,glm-5.2:cloud
Girls Lacrosse,2014,2A-1A,Manchester Valley,Shelly Brezicki,,,13-10,False,False,,pdfs/Spring record book 2025.pdf,13,2026-08-02T20:05:13Z,glm-5.2:cloud
Girls Lacrosse,2015,4A-3A,Severna Park,Kaitlyn Fuller,,,18-15,False,False,,pdfs/Spring record book 2025.pdf,13,2026-08-02T20:05:13Z,glm-5.2:cloud
Girls Lacrosse,2015,3A-2A,Century,Becky Groves,,,10-7,False,False,,pdfs/Spring record book 2025.pdf,13,2026-08-02T20:05:13Z,glm-5.2:cloud
Girls Lacrosse,2015,2A-1A,Manchester Valley,Shelly Brezicki,,,16-5,False,False,,pdfs/Spring record book 2025.pdf,13,2026-08-02T20:05:13Z,glm-5.2:cloud
Girls Lacrosse,2016,4A-3A,Dulaney,Kristi Korrow,,,15-11,False,False,,pdfs/Spring record book 2025.pdf,13,2026-08-02T20:05:13Z,glm-5.2:cloud
Girls Lacrosse,2016,3A-2A,Glenelg,Ginger Kincaid,,,14-1,False,False,,pdfs/Spring record book 2025.pdf,13,2026-08-02T20:05:13Z,glm-5.2:cloud
Girls Lacrosse,2016,2A-1A,Manchester Valley,Shelly Brezicki,,,22-3,False,False,,pdfs/Spring record book 2025.pdf,13,2026-08-02T20:05:13Z,glm-5.2:cloud
Girls Lacrosse,2017,4A-3A,Bel Air,Kristen Barry,,,10-9,False,False,,pdfs/Spring record book 2025.pdf,13,2026-08-02T20:05:13Z,glm-5.2:cloud
Girls Lacrosse,2017,3A-2A,Glenelg,Nicole Trunzo,,,12-3,False,False,,pdfs/Spring record book 2025.pdf,13,2026-08-02T20:05:13Z,glm-5.2:cloud
Girls Lacrosse,2017,2A-1A,Century,Becky Groves,,,13-5,False,False,,pdfs/Spring record book 2025.pdf,13,2026-08-02T20:05:13Z,glm-5.2:cloud
Girls Lacrosse,2018,4A,South River,Caroline Cochran,Dulaney,,11-9,False,False,finalist:recap-verified,pdfs/Spring record book 2025.pdf,13,2026-08-02T20:05:13Z,glm-5.2:cloud
Girls Lacrosse,2018,3A,Westminster,Jackie Stevens,Mount Hebron,,9-5,False,False,finalist:recap-verified,pdfs/Spring record book 2025.pdf,13,2026-08-02T20:05:13Z,glm-5.2:cloud
Girls Lacrosse,2018,2A,Glenelg,Nicole Trunzo,Hereford,,6-5,False,False,finalist:recap-verified,pdfs/Spring record book 2025.pdf,13,2026-08-02T20:05:13Z,glm-5.2:cloud
Girls Lacrosse,2018,1A,Patterson Mill,Kim Burgasser,Boonsboro,,16-8,False,False,finalist:recap-verified,pdfs/Spring record book 2025.pdf,13,2026-08-02T20:05:13Z,glm-5.2:cloud
Girls Lacrosse,2019,4A,Severna Park,Kaitlyn Hines,Dulaney,,10-5,False,False,finalist:recap-verified,pdfs/Spring record book 2025.pdf,13,2026-08-02T20:05:13Z,glm-5.2:cloud
Girls Lacrosse,2019,3A,Westminster,Jackie Stevens,C. Milton Wright,,15-9,False,False,finalist:recap-verified,pdfs/Spring record book 2025.pdf,13,2026-08-02T20:05:13Z,glm-5.2:cloud
Girls Lacrosse,2019,2A,South Carroll,Brigid Scanlon,Hereford,,10-9,False,False,finalist:recap-verified,pdfs/Spring record book 2025.pdf,13,2026-08-02T20:05:13Z,glm-5.2:cloud
Girls Lacrosse,2019,1A,Patterson Mill,Kim Burgasser,Loch Raven,,20-4,False,False,finalist:recap-verified,pdfs/Spring record book 2025.pdf,13,2026-08-02T20:05:13Z,glm-5.2:cloud
Girls Lacrosse,2021,4A,Broadneck,Katy Kelley,Arundel,,12-11,False,False,finalist:recap-verified,pdfs/Spring record book 2025.pdf,13,2026-08-02T20:05:13Z,glm-5.2:cloud
Girls Lacrosse,2021,3A,Marriotts Ridge,Amanda Brady,C. Milton Wright,,16-11,False,False,finalist:recap-verified,pdfs/Spring record book 2025.pdf,13,2026-08-02T20:05:13Z,glm-5.2:cloud
Girls Lacrosse,2021,2A,Queen Anne's,Kesley Fitzgerald,Middletown,,13-10,False,False,finalist:recap-verified,pdfs/Spring record book 2025.pdf,13,2026-08-02T20:05:13Z,glm-5.2:cloud
Girls Lacrosse,2021,1A,Liberty,Tom Brandel,Fallston,,10-9,False,False,finalist:recap-verified,pdfs/Spring record book 2025.pdf,13,2026-08-02T20:05:13Z,glm-5.2:cloud
Girls Lacrosse,2022,4A,Broadneck,Katy Kelley,Bethesda-Chevy Chase,,17-4,False,False,finalist:recap-verified,pdfs/Spring record book 2025.pdf,13,2026-08-02T20:05:13Z,glm-5.2:cloud
Girls Lacrosse,2022,3A,Marriotts Ridge,Amanda Brady,Severna Park,,11-10,False,False,finalist:recap-verified,pdfs/Spring record book 2025.pdf,13,2026-08-02T20:05:13Z,glm-5.2:cloud
Girls Lacrosse,2022,2A,Century,Becky Groves,Hereford,,16-6,False,False,finalist:recap-verified,pdfs/Spring record book 2025.pdf,13,2026-08-02T20:05:13Z,glm-5.2:cloud
Girls Lacrosse,2022,1A,Liberty,Tom Brandel,Fallston,,9-4,False,False,finalist:recap-verified,pdfs/Spring record book 2025.pdf,13,2026-08-02T20:05:13Z,glm-5.2:cloud
Girls Lacrosse,2023,4A,Broadneck,Katy Kelley,Dulaney,,9-8,False,False,finalist:recap-verified,pdfs/Spring record book 2025.pdf,13,2026-08-02T20:05:13Z,glm-5.2:cloud
Girls Lacrosse,2023,3A,Severna Park,Annie Houghton,Towson,,12-8,False,False,finalist:recap-verified,pdfs/Spring record book 2025.pdf,13,2026-08-02T20:05:13Z,glm-5.2:cloud
Girls Lacrosse,2023,2A,Manchester Valley,Shelly Brezicki,Middletown,,15-7,False,False,finalist:recap-verified,pdfs/Spring record book 2025.pdf,13,2026-08-02T20:05:13Z,glm-5.2:cloud
Girls Lacrosse,2023,1A,Liberty,Tom Brandel,Fallston,,14-10,False,False,finalist:recap-verified,pdfs/Spring record book 2025.pdf,13,2026-08-02T20:05:13Z,glm-5.2:cloud
Girls Lacrosse,2024,4A,Broadneck,Katy Kelley,Urbana,,10-9,False,False,finalist:recap-verified,pdfs/Spring record book 2025.pdf,13,2026-08-02T20:05:13Z,glm-5.2:cloud
Girls Lacrosse,2024,3A,Severna Park,Annie Houghton,Dulaney,,12-6,False,False,finalist:recap-verified,pdfs/Spring record book 2025.pdf,13,2026-08-02T20:05:13Z,glm-5.2:cloud
Girls Lacrosse,2024,2A,Glenelg,Alex Pagnotta,Queen Anne's,,13-3,False,False,finalist:recap-verified,pdfs/Spring record book 2025.pdf,13,2026-08-02T20:05:13Z,glm-5.2:cloud
Girls Lacrosse,2024,1A,Fallston,Maddie Palko,Southern-AA,,14-7,False,False,finalist:recap-verified,pdfs/Spring record book 2025.pdf,13,2026-08-02T20:05:13Z,glm-5.2:cloud
Girls Lacrosse,2025,4A,Broadneck,Katy Kelley,Urbana,,8-6,False,False,finalist:recap-verified,pdfs/Spring record book 2025.pdf,13,2026-08-02T20:05:13Z,glm-5.2:cloud
Girls Lacrosse,2025,3A,Marriotts Ridge,Amanda Brady,Severna Park,,11-10,False,False,finalist:recap-verified,pdfs/Spring record book 2025.pdf,13,2026-08-02T20:05:13Z,glm-5.2:cloud
Girls Lacrosse,2025,2A,Manchester Valley,Shelly Brezicki,Glenelg,,17-9,False,False,finalist:recap-verified,pdfs/Spring record book 2025.pdf,13,2026-08-02T20:05:13Z,glm-5.2:cloud
Girls Lacrosse,2025,1A,South Carroll,Brigid Scanlon,Middletown,,13-5,False,False,finalist:recap-verified,pdfs/Spring record book 2025.pdf,13,2026-08-02T20:05:13Z,glm-5.2:cloud
Boys Lacrosse,1990,4A-3A,Dulaney,Gary Schreiber,,,17-6,,,,pdfs/Spring record book 2025.pdf,18,2026-08-02T20:20:49Z,glm-5.2:cloud
Boys Lacrosse,1990,2A-1A,North Harford,John Grubb,,,5-1,,,,pdfs/Spring record book 2025.pdf,18,2026-08-02T20:20:49Z,glm-5.2:cloud
Boys Lacrosse,1991,4A-3A,Dulaney,Gary Schreiber,,,13-4,,,,pdfs/Spring record book 2025.pdf,18,2026-08-02T20:20:49Z,glm-5.2:cloud
Boys Lacrosse,1991,2A-1A,Mount Hebron,Warren Michael,,,"8-7, OT",,,,pdfs/Spring record book 2025.pdf,18,2026-08-02T20:20:49Z,glm-5.2:cloud
Boys Lacrosse,1992,4A-3A,Broadneck,Clay White,,,1-7,,,,pdfs/Spring record book 2025.pdf,18,2026-08-02T20:20:49Z,glm-5.2:cloud
Boys Lacrosse,1992,2A-1A,Towson,Randy Dase,,,8-7,,,,pdfs/Spring record book 2025.pdf,18,2026-08-02T20:20:49Z,glm-5.2:cloud
Boys Lacrosse,1993,4A-3A,Broadneck,Clay White,,,13-7,,,,pdfs/Spring record book 2025.pdf,18,2026-08-02T20:20:49Z,glm-5.2:cloud
Boys Lacrosse,1993,2A-1A,Towson,Randy Dase,,,9-7,,,,pdfs/Spring record book 2025.pdf,18,2026-08-02T20:20:49Z,glm-5.2:cloud
Boys Lacrosse,1994,4A-3A,Annapolis,Dan Hart,,,7-5,,,,pdfs/Spring record book 2025.pdf,18,2026-08-02T20:20:49Z,glm-5.2:cloud
Boys Lacrosse,1994,2A-1A,Towson,Randy Dase,,,"9-8, OT",,,,pdfs/Spring record book 2025.pdf,18,2026-08-02T20:20:49Z,glm-5.2:cloud
Boys Lacrosse,1995,4A-3A,Arundel,Clint Gosnell,,,"11-10, OT",,,,pdfs/Spring record book 2025.pdf,18,2026-08-02T20:20:49Z,glm-5.2:cloud
Boys Lacrosse,1995,2A-1A,North Harford,John Grubb,,,12-5,,,,pdfs/Spring record book 2025.pdf,18,2026-08-02T20:20:49Z,glm-5.2:cloud
Boys Lacrosse,1996,4A-3A,Broadneck,Clay White,,,"10-9, 2OT",,,,pdfs/Spring record book 2025.pdf,18,2026-08-02T20:20:49Z,glm-5.2:cloud
Boys Lacrosse,1996,2A-1A,Hereford,Whit Morrill,,,8-7,,,,pdfs/Spring record book 2025.pdf,18,2026-08-02T20:20:49Z,glm-5.2:cloud
Boys Lacrosse,1997,4A-3A,Broadneck,Clay White,,,"9-8, OT",,,,pdfs/Spring record book 2025.pdf,18,2026-08-02T20:20:49Z,glm-5.2:cloud
Boys Lacrosse,1997,2A-1A,Towson,Randy Dase,,,6-4,,,,pdfs/Spring record book 2025.pdf,18,2026-08-02T20:20:49Z,glm-5.2:cloud
Boys Lacrosse,1998,4A-3A,Annapolis,Dan Hart,,,12-7,,,,pdfs/Spring record book 2025.pdf,18,2026-08-02T20:20:49Z,glm-5.2:cloud
Boys Lacrosse,1998,2A-1A,Centennial,Mike Siegert,,,10-5,,,,pdfs/Spring record book 2025.pdf,18,2026-08-02T20:20:49Z,glm-5.2:cloud
Boys Lacrosse,1999,4A-3A,Severna Park,Mike Bellotte,,,12-8,,,,pdfs/Spring record book 2025.pdf,18,2026-08-02T20:20:49Z,glm-5.2:cloud
Boys Lacrosse,1999,2A-1A,Mount Hebron,Jeff Doolan,,,7-5,,,,pdfs/Spring record book 2025.pdf,18,2026-08-02T20:20:49Z,glm-5.2:cloud
Boys Lacrosse,2000,4A-3A,Dulaney,Gary Schreiber,,,10-8,,,,pdfs/Spring record book 2025.pdf,18,2026-08-02T20:20:49Z,glm-5.2:cloud
Boys Lacrosse,2000,3A-2A-1A,Hereford,Whit Morrill,,,11-8,,,,pdfs/Spring record book 2025.pdf,18,2026-08-02T20:20:49Z,glm-5.2:cloud
Boys Lacrosse,2001,4A-3A,Dulaney,Gary Schreiber,,,11-10,,,,pdfs/Spring record book 2025.pdf,18,2026-08-02T20:20:49Z,glm-5.2:cloud
Boys Lacrosse,2001,3A-2A,Fallston,Matt Parks,,,"11-10, OT",,,,pdfs/Spring record book 2025.pdf,18,2026-08-02T20:20:49Z,glm-5.2:cloud
Boys Lacrosse,2001,2A-1A,Pikesville,Tano Arrogancia,,,17-7,,,,pdfs/Spring record book 2025.pdf,18,2026-08-02T20:20:49Z,glm-5.2:cloud
Boys Lacrosse,2002,4A-3A,Dulaney,Gary Schreiber,,,"16-15, 2 OT",,,,pdfs/Spring record book 2025.pdf,18,2026-08-02T20:20:49Z,glm-5.2:cloud
Boys Lacrosse,2002,3A-2A,Mount Hebron,Tom Minard,,,18-9,,,,pdfs/Spring record book 2025.pdf,18,2026-08-02T20:20:49Z,glm-5.2:cloud
Boys Lacrosse,2002,2A-1A,Centennial,Mike Siegert,,,16-6,,,,pdfs/Spring record book 2025.pdf,18,2026-08-02T20:20:49Z,glm-5.2:cloud
Boys Lacrosse,2003,4A-3A,Dulaney,Gary Schreiber,,,13-12,,,,pdfs/Spring record book 2025.pdf,18,2026-08-02T20:20:49Z,glm-5.2:cloud
Boys Lacrosse,2003,3A-2A,Annapolis,Joe Keenan,,,9-6,,,,pdfs/Spring record book 2025.pdf,18,2026-08-02T20:20:49Z,glm-5.2:cloud
Boys Lacrosse,2003,2A-1A,Hereford,Carl Runk,,,11-9,,,,pdfs/Spring record book 2025.pdf,18,2026-08-02T20:20:49Z,glm-5.2:cloud
Boys Lacrosse,2004,4A-3A,Severna Park,Jim Beardmore,,,13-11,,,,pdfs/Spring record book 2025.pdf,18,2026-08-02T20:20:49Z,glm-5.2:cloud
Boys Lacrosse,2004,3A-2A,Centennial,Mike Siegert,,,9-7,,,,pdfs/Spring record book 2025.pdf,18,2026-08-02T20:20:49Z,glm-5.2:cloud
Boys Lacrosse,2004,2A-1A,Pikesville,Craig Campbell,,,11-6,,,,pdfs/Spring record book 2025.pdf,18,2026-08-02T20:20:49Z,glm-5.2:cloud
Boys Lacrosse,2005,4A-3A,Dulaney,Gary Schreiber,,,14-13,,,,pdfs/Spring record book 2025.pdf,18,2026-08-02T20:20:49Z,glm-5.2:cloud
Boys Lacrosse,2005,3A-2A,Centennial,Mike Siegert,,,10-7,,,,pdfs/Spring record book 2025.pdf,18,2026-08-02T20:20:49Z,glm-5.2:cloud
Boys Lacrosse,2005,2A-1A,Parkside,Jeremy Michalski,,,16-6,,,,pdfs/Spring record book 2025.pdf,18,2026-08-02T20:20:49Z,glm-5.2:cloud
Boys Lacrosse,2006,4A-3A,Severna Park,Jim Beardmore,,,7-4,,,,pdfs/Spring record book 2025.pdf,18,2026-08-02T20:20:49Z,glm-5.2:cloud
Boys Lacrosse,2006,3A-2A,Mount Hebron,Tom Minard,,,9-7,,,,pdfs/Spring record book 2025.pdf,18,2026-08-02T20:20:49Z,glm-5.2:cloud
Boys Lacrosse,2006,2A-1A,Loch Raven,Rob Persing,,,10-7,,,,pdfs/Spring record book 2025.pdf,18,2026-08-02T20:20:49Z,glm-5.2:cloud
Boys Lacrosse,2007,4A-3A,Severna Park,Larry Kramer,,,15-6,,,,pdfs/Spring record book 2025.pdf,18,2026-08-02T20:20:49Z,glm-5.2:cloud
Boys Lacrosse,2007,3A-2A,Glenelg,Josh Hatmaker,,,6-3,,,,pdfs/Spring record book 2025.pdf,18,2026-08-02T20:20:49Z,glm-5.2:cloud
Boys Lacrosse,2007,2A-1A,Winters Mill,Sal Picataggi,,,"7-6, OT",,,,pdfs/Spring record book 2025.pdf,18,2026-08-02T20:20:49Z,glm-5.2:cloud
Boys Lacrosse,2008,4A-3A,Dulaney,Jake Reed,,,8-7,,,,pdfs/Spring record book 2025.pdf,18,2026-08-02T20:20:49Z,glm-5.2:cloud
Boys Lacrosse,2008,3A-2A,Hereford,Carl Runk,,,15-7,,,,pdfs/Spring record book 2025.pdf,18,2026-08-02T20:20:49Z,glm-5.2:cloud
Boys Lacrosse,2008,2A-1A,Glenelg,Josh Hatmaker,,,7-4,,,,pdfs/Spring record book 2025.pdf,18,2026-08-02T20:20:49Z,glm-5.2:cloud
Boys Lacrosse,2009,4A-3A,South River,Paul Noone,,,11-6,,,,pdfs/Spring record book 2025.pdf,18,2026-08-02T20:20:49Z,glm-5.2:cloud
Boys Lacrosse,2009,3A-2A,Hereford,Brian King,,,13-8,,,,pdfs/Spring record book 2025.pdf,18,2026-08-02T20:20:49Z,glm-5.2:cloud
Boys Lacrosse,2009,2A-1A,Pikesville,Craig Campbell,,,6-5,,,,pdfs/Spring record book 2025.pdf,18,2026-08-02T20:20:49Z,glm-5.2:cloud
Boys Lacrosse,2010,4A-3A,Severna Park,Larry Kramer,,,13-7,,,,pdfs/Spring record book 2025.pdf,18,2026-08-02T20:20:49Z,glm-5.2:cloud
Boys Lacrosse,2010,3A-2A,Hereford,Brian King,,,13-9,,,,pdfs/Spring record book 2025.pdf,18,2026-08-02T20:20:49Z,glm-5.2:cloud
Boys Lacrosse,2010,2A-1A,Queen Anne's,Mike Ransom,,,7-6,,,,pdfs/Spring record book 2025.pdf,18,2026-08-02T20:20:49Z,glm-5.2:cloud
Boys Lacrosse,2011,4A-3A,Linganore,Stan Aldridge,,,13-12,,,,pdfs/Spring record book 2025.pdf,18,2026-08-02T20:20:49Z,glm-5.2:cloud
Boys Lacrosse,2011,3A-2A,Hereford,Brian King,,,14-7,,,,pdfs/Spring record book 2025.pdf,18,2026-08-02T20:20:49Z,glm-5.2:cloud
Boys Lacrosse,2011,2A-1A,Glenelg,Josh Hatmaker,,,5-4,,,,pdfs/Spring record book 2025.pdf,18,2026-08-02T20:20:49Z,glm-5.2:cloud
Boys Lacrosse,2012,4A-3A,South River,Paul Noone,,,10-8,,,,pdfs/Spring record book 2025.pdf,18,2026-08-02T20:20:49Z,glm-5.2:cloud
Boys Lacrosse,2012,3A-2A,Hereford,Brian King,,,13-8,,,,pdfs/Spring record book 2025.pdf,18,2026-08-02T20:20:49Z,glm-5.2:cloud
Boys Lacrosse,2012,2A-1A,Fallston,Matt Parks,,,14-7,,,,pdfs/Spring record book 2025.pdf,18,2026-08-02T20:20:49Z,glm-5.2:cloud
Boys Lacrosse,2013,4A-3A,Westminster,Steve DeFeo,,,13-10,,,,pdfs/Spring record book 2025.pdf,18,2026-08-02T20:20:49Z,glm-5.2:cloud
Boys Lacrosse,2013,3A-2A,Hereford,Brian King,,,13-3,,,,pdfs/Spring record book 2025.pdf,18,2026-08-02T20:20:49Z,glm-5.2:cloud
Boys Lacrosse,2013,2A-1A,Fallston,Matt Parks,,,15-5,,,,pdfs/Spring record book 2025.pdf,18,2026-08-02T20:20:49Z,glm-5.2:cloud
Boys Lacrosse,2014,4A-3A,South River,Paul Noone,,,10-8,,,,pdfs/Spring record book 2025.pdf,18,2026-08-02T20:20:49Z,glm-5.2:cloud
Boys Lacrosse,2014,3A-2A,Kent Island,Davey Jones,,,8-6,,,,pdfs/Spring record book 2025.pdf,18,2026-08-02T20:20:49Z,glm-5.2:cloud
Boys Lacrosse,2014,2A-1A,Fallston,Matt Parks,,,17-7,,,,pdfs/Spring record book 2025.pdf,18,2026-08-02T20:20:49Z,glm-5.2:cloud
Boys Lacrosse,2015,4A-3A,Howard,Jimmy Creighton,,,14-6,,,,pdfs/Spring record book 2025.pdf,18,2026-08-02T20:20:49Z,glm-5.2:cloud
Boys Lacrosse,2015,3A-2A,Kent Island,Davey Jones,,,20-7,,,,pdfs/Spring record book 2025.pdf,18,2026-08-02T20:20:49Z,glm-5.2:cloud
Boys Lacrosse,2015,2A-1A,Easton,Dennis Keenan,,,8-4,,,,pdfs/Spring record book 2025.pdf,18,2026-08-02T20:20:49Z,glm-5.2:cloud
Boys Lacrosse,2016,4A-3A,Severna Park,Dave Earl,,,9-3,,,,pdfs/Spring record book 2025.pdf,18,2026-08-02T20:20:49Z,glm-5.2:cloud
Boys Lacrosse,2016,3A-2A,Linganore,Rich Thompson,,,9-7,,,,pdfs/Spring record book 2025.pdf,18,2026-08-02T20:20:49Z,glm-5.2:cloud
Boys Lacrosse,2016,2A-1A,Fallston,Matt Parks,,,12-5,,,,pdfs/Spring record book 2025.pdf,18,2026-08-02T20:20:49Z,glm-5.2:cloud
Boys Lacrosse,2017,4A-3A,Severna Park,Dave Earl,,,7-6,,,,pdfs/Spring record book 2025.pdf,18,2026-08-02T20:20:49Z,glm-5.2:cloud
Boys Lacrosse,2017,3A-2A,Northern-Calvert,Joe Casalino,,,5-4,,,,pdfs/Spring record book 2025.pdf,18,2026-08-02T20:20:49Z,glm-5.2:cloud
Boys Lacrosse,2017,2A-1A,Southern-AA,Brendan Brace,,,20-7,,,,pdfs/Spring record book 2025.pdf,18,2026-08-02T20:20:49Z,glm-5.2:cloud
Boys Lacrosse,2018,4A,Severna Park,Dave Earl,Winston Churchill,,"8-7, OT",,,finalist:recap-verified,pdfs/Spring record book 2025.pdf,18,2026-08-02T20:20:49Z,glm-5.2:cloud
Boys Lacrosse,2018,3A,Westminster,Steve DeFeo,Northern-Calvert,,12-8,,,finalist:recap-verified,pdfs/Spring record book 2025.pdf,18,2026-08-02T20:20:49Z,glm-5.2:cloud
Boys Lacrosse,2018,2A,Marriotts Ridge,Tony Incontrera,Hereford,,8-6,,,finalist:recap-verified,pdfs/Spring record book 2025.pdf,18,2026-08-02T20:20:49Z,glm-5.2:cloud
Boys Lacrosse,2018,1A,Patterson Mill,Jason Bellamy,Smithsburg,,18-8,,,finalist:recap-verified,pdfs/Spring record book 2025.pdf,18,2026-08-02T20:20:49Z,glm-5.2:cloud
Boys Lacrosse,2019,4A,Severna Park,Dave Earl,Howard,,9-6,,,finalist:recap-verified,pdfs/Spring record book 2025.pdf,18,2026-08-02T20:20:49Z,glm-5.2:cloud
Boys Lacrosse,2019,3A,Westminster,Steve DeFeo,Northern-Calvert,,9-8,,,finalist:recap-verified,pdfs/Spring record book 2025.pdf,18,2026-08-02T20:20:49Z,glm-5.2:cloud
Boys Lacrosse,2019,2A,Glenelg,Josh Hatmaker,Century,,11-7,,,finalist:recap-verified,pdfs/Spring record book 2025.pdf,18,2026-08-02T20:20:49Z,glm-5.2:cloud
Boys Lacrosse,2019,1A,Patterson Mill,Jason Bellamy,Sparrows Point,,14-3,,,finalist:recap-verified,pdfs/Spring record book 2025.pdf,18,2026-08-02T20:20:49Z,glm-5.2:cloud
Boys Lacrosse,2021,4A,Severna Park,Travis Loving,Catonsville,,11-3,,,finalist:recap-verified,pdfs/Spring record book 2025.pdf,18,2026-08-02T20:20:49Z,glm-5.2:cloud
Boys Lacrosse,2021,3A,Urbana,Gavin Donahue,Towson,,7-6,,,finalist:recap-verified,pdfs/Spring record book 2025.pdf,18,2026-08-02T20:20:49Z,glm-5.2:cloud
Boys Lacrosse,2021,2A,Hereford,Kyle Lippert,Kent Island,,5-4,,,finalist:recap-verified,pdfs/Spring record book 2025.pdf,18,2026-08-02T20:20:49Z,glm-5.2:cloud
Boys Lacrosse,2021,1A,Fallston,Patrick Mull,Smithsburg,,13-8,,,finalist:recap-verified,pdfs/Spring record book 2025.pdf,18,2026-08-02T20:20:49Z,glm-5.2:cloud
Boys Lacrosse,2022,4A,Winston Churchill,Jeff Fritz,Broadneck,,15-7,,,finalist:recap-verified,pdfs/Spring record book 2025.pdf,18,2026-08-02T20:20:49Z,glm-5.2:cloud
Boys Lacrosse,2022,3A,Severna Park,Dave Earl,Mount Hebron,,9-6,,,finalist:recap-verified,pdfs/Spring record book 2025.pdf,18,2026-08-02T20:20:49Z,glm-5.2:cloud
Boys Lacrosse,2022,2A,Kent Island,Robert Woolley,Huntingtown,,11-7,,,finalist:recap-verified,pdfs/Spring record book 2025.pdf,18,2026-08-02T20:20:49Z,glm-5.2:cloud
Boys Lacrosse,2022,1A,Southern-AA,Brendan Brace,Fallston,,14-7,,,finalist:recap-verified,pdfs/Spring record book 2025.pdf,18,2026-08-02T20:20:49Z,glm-5.2:cloud
Boys Lacrosse,2023,4A,Broadneck,Jeff McGuire,Sherwood,,16-6,,,finalist:recap-verified,pdfs/Spring record book 2025.pdf,18,2026-08-02T20:20:49Z,glm-5.2:cloud
Boys Lacrosse,2023,3A,Severna Park,Dave Earl,Mount Hebron,,9-8,,,finalist:recap-verified,pdfs/Spring record book 2025.pdf,18,2026-08-02T20:20:49Z,glm-5.2:cloud
Boys Lacrosse,2023,2A,Kent Island,Robert Woolley,Hereford,,9-3,,,finalist:recap-verified,pdfs/Spring record book 2025.pdf,18,2026-08-02T20:20:49Z,glm-5.2:cloud
Boys Lacrosse,2023,1A,Fallston,Patrick Mull,Perryville,,19-7,,,finalist:recap-verified,pdfs/Spring record book 2025.pdf,18,2026-08-02T20:20:49Z,glm-5.2:cloud
Boys Lacrosse,2024,4A,Urbana,Gavin Donahue,Broadneck,,7-5,,,finalist:recap-verified,pdfs/Spring record book 2025.pdf,18,2026-08-02T20:20:49Z,glm-5.2:cloud
Boys Lacrosse,2024,3A,Severna Park,Robert Zichelli,Towson,,8-6,,,finalist:recap-verified,pdfs/Spring record book 2025.pdf,18,2026-08-02T20:20:49Z,glm-5.2:cloud
Boys Lacrosse,2024,2A,Glenelg,Josh Hatmaker,Hereford,,10-7,,,finalist:recap-verified,pdfs/Spring record book 2025.pdf,18,2026-08-02T20:20:49Z,glm-5.2:cloud
Boys Lacrosse,2024,1A,Fallston,Patrick Mull,Liberty,,15-2,,,finalist:recap-verified,pdfs/Spring record book 2025.pdf,18,2026-08-02T20:20:49Z,glm-5.2:cloud
Boys Lacrosse,2025,4A,Urbana,Gavin Donahue,Broadneck,,5-2,,,finalist:recap-verified,pdfs/Spring record book 2025.pdf,18,2026-08-02T20:20:49Z,glm-5.2:cloud
Boys Lacrosse,2025,3A,Severna Park,Robert Zichelli,Towson,,11-4,,,finalist:recap-verified,pdfs/Spring record book 2025.pdf,18,2026-08-02T20:20:49Z,glm-5.2:cloud
Boys Lacrosse,2025,2A,Kent Island,Robert Woolley,Stephen Decatur,,13-12,,,finalist:recap-verified,pdfs/Spring record book 2025.pdf,18,2026-08-02T20:20:49Z,glm-5.2:cloud
Boys Lacrosse,2025,1A,Middletown,Dominic Ceresini,Fallston,,9-8,,,finalist:recap-verified,pdfs/Spring record book 2025.pdf,18,2026-08-02T20:20:49Z,glm-5.2:cloud
Softball,1976,AA,Bel Air,Connie Fassett,,,3-0,False,False,,pdfs/Spring record book 2025.pdf,24; 25,2026-08-02T20:22:35Z,glm-5.2:cloud
Softball,1977,AA,Bel Air,Connie Fassett,,,5-1,False,False,,pdfs/Spring record book 2025.pdf,24; 25,2026-08-02T20:22:35Z,glm-5.2:cloud
Softball,1977,ABC,Aberdeen,Janie Anderson,,,17-3,False,False,,pdfs/Spring record book 2025.pdf,24; 25,2026-08-02T20:22:35Z,glm-5.2:cloud
Softball,1978,AA,Bel Air,Connie Fassett,,,10-8,False,False,,pdfs/Spring record book 2025.pdf,24; 25,2026-08-02T20:22:35Z,glm-5.2:cloud
Softball,1978,A,Meade,Katherine Belmonte,,,7-6,False,False,,pdfs/Spring record book 2025.pdf,24; 25,2026-08-02T20:22:35Z,glm-5.2:cloud
Softball,1978,B,Elkton,Roberta Struble,,,5-3,False,False,,pdfs/Spring record book 2025.pdf,24; 25,2026-08-02T20:22:35Z,glm-5.2:cloud
Softball,1978,C,North Carroll,Linda Richards,,,5-4,False,False,,pdfs/Spring record book 2025.pdf,24; 25,2026-08-02T20:22:35Z,glm-5.2:cloud
Softball,1979,AA,Perry Hall,Emily Thon,,,6-3,False,False,,pdfs/Spring record book 2025.pdf,24; 25,2026-08-02T20:22:35Z,glm-5.2:cloud
Softball,1979,A,Aberdeen,Janie Anderson,,,7-0,False,False,,pdfs/Spring record book 2025.pdf,24; 25,2026-08-02T20:22:35Z,glm-5.2:cloud
Softball,1979,B,Chesapeake-B,Carol Ansell,,,6-3,False,False,,pdfs/Spring record book 2025.pdf,24; 25,2026-08-02T20:22:35Z,glm-5.2:cloud
Softball,1979,C,North Carroll,Linda Richards,,,6-2,False,False,,pdfs/Spring record book 2025.pdf,24; 25,2026-08-02T20:22:35Z,glm-5.2:cloud
Softball,1980,AA,Bowie,Gerald Lancaster,,,5-4,False,False,,pdfs/Spring record book 2025.pdf,24; 25,2026-08-02T20:22:35Z,glm-5.2:cloud
Softball,1980,A,Surrattsville,Marie Grouby,,,9-0,False,False,,pdfs/Spring record book 2025.pdf,24; 25,2026-08-02T20:22:35Z,glm-5.2:cloud
Softball,1980,B,Parkside,Lance Lewandowski,,,8-7,False,False,,pdfs/Spring record book 2025.pdf,24; 25,2026-08-02T20:22:35Z,glm-5.2:cloud
Softball,1980,C,Mardela,Eric Haldeman,,,10-3,False,False,,pdfs/Spring record book 2025.pdf,24; 25,2026-08-02T20:22:35Z,glm-5.2:cloud
Softball,1981,AA,Overlea,Donna Harrold,,,5-1,False,False,,pdfs/Spring record book 2025.pdf,24; 25,2026-08-02T20:22:35Z,glm-5.2:cloud
Softball,1981,A,Surrattsville,Marie Grouby,,,5-3,False,False,,pdfs/Spring record book 2025.pdf,24; 25,2026-08-02T20:22:35Z,glm-5.2:cloud
Softball,1981,B,North Carroll,James Boesler,,,2-1,False,False,,pdfs/Spring record book 2025.pdf,24; 25,2026-08-02T20:22:35Z,glm-5.2:cloud
Softball,1981,C,C. Milton Wright,Spike Updegrove,,,8-3,False,False,,pdfs/Spring record book 2025.pdf,24; 25,2026-08-02T20:22:35Z,glm-5.2:cloud
Softball,1982,AA,Springbrook,John Haberman,,,2-1 (11 inns.),False,False,,pdfs/Spring record book 2025.pdf,24; 25,2026-08-02T20:22:35Z,glm-5.2:cloud
Softball,1982,A,Northeast-AA,Lynn Pitonzo,,,9-8,False,False,,pdfs/Spring record book 2025.pdf,24; 25,2026-08-02T20:22:35Z,glm-5.2:cloud
Softball,1982,B,Parkside,Lance Lewandowski,,,12-0,False,False,,pdfs/Spring record book 2025.pdf,24; 25,2026-08-02T20:22:35Z,glm-5.2:cloud
Softball,1982,C,C. Milton Wright,Spike Updegrove,,,6-2,False,False,,pdfs/Spring record book 2025.pdf,24; 25,2026-08-02T20:22:35Z,glm-5.2:cloud
Softball,1983,AA,Arundel,Rod Clark,,,11-1,False,False,,pdfs/Spring record book 2025.pdf,24; 25,2026-08-02T20:22:35Z,glm-5.2:cloud
Softball,1983,A,Surrattsville,Jim St. Ledger,,,22-2,False,False,,pdfs/Spring record book 2025.pdf,24; 25,2026-08-02T20:22:35Z,glm-5.2:cloud
Softball,1983,B,North East-Cec,Mary Etta Reedy,,,7-1,False,False,,pdfs/Spring record book 2025.pdf,24; 25,2026-08-02T20:22:35Z,glm-5.2:cloud
Softball,1983,C,Rising Sun,K. Robert James,,,10-8,False,False,,pdfs/Spring record book 2025.pdf,24; 25,2026-08-02T20:22:35Z,glm-5.2:cloud
Softball,1984,AA,High Point,Wayne Snyder,,,12-5,False,False,,pdfs/Spring record book 2025.pdf,24; 25,2026-08-02T20:22:35Z,glm-5.2:cloud
Softball,1984,A,C. Milton Wright,Spike Updegrove,,,13-1,False,False,,pdfs/Spring record book 2025.pdf,24; 25,2026-08-02T20:22:35Z,glm-5.2:cloud
Softball,1984,B,Northeast-AA,Lynn Pitonzo,,,12-0,False,False,,pdfs/Spring record book 2025.pdf,24; 25,2026-08-02T20:22:35Z,glm-5.2:cloud
Softball,1984,C,Rising Sun,K. Robert James,,,12-1,False,False,,pdfs/Spring record book 2025.pdf,24; 25,2026-08-02T20:22:35Z,glm-5.2:cloud
Softball,1985,AA,Eleanor Roosevelt,Robert Dredger,,,12-5,False,False,,pdfs/Spring record book 2025.pdf,24; 25,2026-08-02T20:22:35Z,glm-5.2:cloud
Softball,1985,A,C. Milton Wright,Spike Updegrove,,,9-6,False,False,,pdfs/Spring record book 2025.pdf,24; 25,2026-08-02T20:22:35Z,glm-5.2:cloud
Softball,1985,B,Chopticon,Hilary Copsey,,,6-5,False,False,,pdfs/Spring record book 2025.pdf,24; 25,2026-08-02T20:22:35Z,glm-5.2:cloud
Softball,1985,C,Washington,Susan Grudis,,,5-0,False,False,,pdfs/Spring record book 2025.pdf,24; 25,2026-08-02T20:22:35Z,glm-5.2:cloud
Softball,1986,AA,Glen Burnie,Tom Newman,,,5-1,False,False,,pdfs/Spring record book 2025.pdf,24; 25,2026-08-02T20:22:35Z,glm-5.2:cloud
Softball,1986,A,North Carroll,James Boesler,,,4-3,False,False,,pdfs/Spring record book 2025.pdf,24; 25,2026-08-02T20:22:35Z,glm-5.2:cloud
Softball,1986,B,Northeast-AA,Lynn Pitonzo,,,5-1,False,False,,pdfs/Spring record book 2025.pdf,24; 25,2026-08-02T20:22:35Z,glm-5.2:cloud
Softball,1986,C,Catoctin,Dave Schrodel,,,14-5,False,False,,pdfs/Spring record book 2025.pdf,24; 25,2026-08-02T20:22:35Z,glm-5.2:cloud
Softball,1987,AA,Severna Park,Paul Yannuzzi,,,12-10,False,False,,pdfs/Spring record book 2025.pdf,24; 25,2026-08-02T20:22:35Z,glm-5.2:cloud
Softball,1987,A,Paint Branch,Bill Mahoney,,,2-1,False,False,,pdfs/Spring record book 2025.pdf,24; 25,2026-08-02T20:22:35Z,glm-5.2:cloud
Softball,1987,B,Damascus,Don Contesti,,,2-0,False,False,,pdfs/Spring record book 2025.pdf,24; 25,2026-08-02T20:22:35Z,glm-5.2:cloud
Softball,1987,C,Smithsburg,Susan Cianelli,,,6-5,False,False,,pdfs/Spring record book 2025.pdf,24; 25,2026-08-02T20:22:35Z,glm-5.2:cloud
Softball,1988,AA,Chesapeake-AA,Dennis Thiele,,,7-1,False,False,,pdfs/Spring record book 2025.pdf,24; 25,2026-08-02T20:22:35Z,glm-5.2:cloud
Softball,1988,A,Surrattsville,Jim St. Ledger,,,1-0,False,False,,pdfs/Spring record book 2025.pdf,24; 25,2026-08-02T20:22:35Z,glm-5.2:cloud
Softball,1988,B,Northeast-AA,Lynn Pitonzo,,,2-1,False,False,,pdfs/Spring record book 2025.pdf,24; 25,2026-08-02T20:22:35Z,glm-5.2:cloud
Softball,1988,C,North Caroline,Margie Knight,,,12-0,False,False,,pdfs/Spring record book 2025.pdf,24; 25,2026-08-02T20:22:35Z,glm-5.2:cloud
Softball,1989,4A,Glen Burnie,Bob Broccolino,,,10-0,False,False,,pdfs/Spring record book 2025.pdf,24; 25,2026-08-02T20:22:35Z,glm-5.2:cloud
Softball,1989,3A,Surrattsville,Jim St. Ledger,,,2-0,False,False,,pdfs/Spring record book 2025.pdf,24; 25,2026-08-02T20:22:35Z,glm-5.2:cloud
Softball,1989,2A,Northeast-AA,Lynn Pitonzo,,,4-0,False,False,,pdfs/Spring record book 2025.pdf,24; 25,2026-08-02T20:22:35Z,glm-5.2:cloud
Softball,1989,1A,Brooklyn Park,Susan Fitchett,,,2-1,False,False,,pdfs/Spring record book 2025.pdf,24; 25,2026-08-02T20:22:35Z,glm-5.2:cloud
Softball,1990,4A,Chesapeake-AA,Dennis Thiele,,,11-3,False,False,,pdfs/Spring record book 2025.pdf,24; 25,2026-08-02T20:22:35Z,glm-5.2:cloud
Softball,1990,3A,North Carroll,Phil Bonnell,,,6-1,False,False,,pdfs/Spring record book 2025.pdf,24; 25,2026-08-02T20:22:35Z,glm-5.2:cloud
Softball,1990,2A,Northeast-AA,Lynn Pitonzo,,,3-0,False,False,,pdfs/Spring record book 2025.pdf,24; 25,2026-08-02T20:22:35Z,glm-5.2:cloud
Softball,1990,1A,Brooklyn Park,Susan Fitchett,,,2-0,False,False,,pdfs/Spring record book 2025.pdf,24; 25,2026-08-02T20:22:35Z,glm-5.2:cloud
Softball,1991,4A,Chesapeake-AA,Dennis Thiele,,,6-0,False,False,,pdfs/Spring record book 2025.pdf,24; 25,2026-08-02T20:22:35Z,glm-5.2:cloud
Softball,1991,3A,North Carroll,Phil Bonnell,,,5-4,False,False,,pdfs/Spring record book 2025.pdf,24; 25,2026-08-02T20:22:35Z,glm-5.2:cloud
Softball,1991,2A,Northeast-AA,Lynn Pitonzo,,,1-0,False,False,,pdfs/Spring record book 2025.pdf,24; 25,2026-08-02T20:22:35Z,glm-5.2:cloud
Softball,1991,1A,North Caroline,Margie Knight,,,3-0,False,False,,pdfs/Spring record book 2025.pdf,24; 25,2026-08-02T20:22:35Z,glm-5.2:cloud
Softball,1992,4A,Chesapeake-AA,Dennis Thiele,,,2-0,False,False,,pdfs/Spring record book 2025.pdf,24; 25,2026-08-02T20:22:35Z,glm-5.2:cloud
Softball,1992,3A,Calvert,Frank Moore,,,7-1,False,False,,pdfs/Spring record book 2025.pdf,24; 25,2026-08-02T20:22:35Z,glm-5.2:cloud
Softball,1992,2A,Damascus,Barb King,,,5-1,False,False,,pdfs/Spring record book 2025.pdf,24; 25,2026-08-02T20:22:35Z,glm-5.2:cloud
Softball,1992,1A,Bohemia Manor,Ed Bailey,,,10-3,False,False,,pdfs/Spring record book 2025.pdf,24; 25,2026-08-02T20:22:35Z,glm-5.2:cloud
Softball,1993,4A,Chesapeake-AA,Dennis Thiele,,,1-0 (8 inns.),False,False,,pdfs/Spring record book 2025.pdf,24; 25,2026-08-02T20:22:35Z,glm-5.2:cloud
Softball,1993,3A,Calvert,Frank Moore,,,3-2,False,False,,pdfs/Spring record book 2025.pdf,24; 25,2026-08-02T20:22:35Z,glm-5.2:cloud
Softball,1993,2A,North East-Cec,John Sobon,,,5-3,False,False,,pdfs/Spring record book 2025.pdf,24; 25,2026-08-02T20:22:35Z,glm-5.2:cloud
Softball,1993,1A,Col. Richardson,Earl Jester,,,6-3,False,False,,pdfs/Spring record book 2025.pdf,24; 25,2026-08-02T20:22:35Z,glm-5.2:cloud
Softball,1994,4A,Northern-Cal,Michael Johnson,,,10-0,False,False,,pdfs/Spring record book 2025.pdf,24; 25,2026-08-02T20:22:35Z,glm-5.2:cloud
Softball,1994,3A,Thomas Johnson,Steve Nibbs,,,8-2,False,False,,pdfs/Spring record book 2025.pdf,24; 25,2026-08-02T20:22:35Z,glm-5.2:cloud
Softball,1994,2A,Damascus,Barb King,,,6-1,False,False,,pdfs/Spring record book 2025.pdf,24; 25,2026-08-02T20:22:35Z,glm-5.2:cloud
Softball,1994,1A,Bohemia Manor,Ed Bailey,,,13-2,False,False,,pdfs/Spring record book 2025.pdf,24; 25,2026-08-02T20:22:35Z,glm-5.2:cloud
Softball,1995,4A,Northern-Cal,Michael Johnson,,,1-0,False,False,,pdfs/Spring record book 2025.pdf,24; 25,2026-08-02T20:22:35Z,glm-5.2:cloud
Softball,1995,3A,McDonough,Paula Roberts,,,6-4,False,False,,pdfs/Spring record book 2025.pdf,24; 25,2026-08-02T20:22:35Z,glm-5.2:cloud
Softball,1995,2A,Parkside,Amy Feinman,,,3-2,False,False,,pdfs/Spring record book 2025.pdf,24; 25,2026-08-02T20:22:35Z,glm-5.2:cloud
Softball,1995,1A,Bohemia Manor,Ed Bailey,,,4-2,False,False,,pdfs/Spring record book 2025.pdf,24; 25,2026-08-02T20:22:35Z,glm-5.2:cloud
Softball,1996,4A,Northern-Cal,Michael Johnson,,,4-0,False,False,,pdfs/Spring record book 2025.pdf,24; 25,2026-08-02T20:22:35Z,glm-5.2:cloud
Softball,1996,3A,McDonough,Paula Roberts,,,11-0,False,False,,pdfs/Spring record book 2025.pdf,24; 25,2026-08-02T20:22:35Z,glm-5.2:cloud
Softball,1996,2A,Walkersville,Dave Schrodel,,,4-2,False,False,,pdfs/Spring record book 2025.pdf,24; 25,2026-08-02T20:22:35Z,glm-5.2:cloud
Softball,1996,1A,Col. Richardson,Earl Jester,,,8-1,False,False,,pdfs/Spring record book 2025.pdf,24; 25,2026-08-02T20:22:35Z,glm-5.2:cloud
Softball,1997,4A,Calvert,Frank Moore,,,1-0,False,False,,pdfs/Spring record book 2025.pdf,24; 25,2026-08-02T20:22:35Z,glm-5.2:cloud
Softball,1997,3A,McDonough,Paula Roberts,,,4-0,False,False,,pdfs/Spring record book 2025.pdf,24; 25,2026-08-02T20:22:35Z,glm-5.2:cloud
Softball,1997,2A,Northeast-AA,Lynn Pitonzo,,,6-5,False,False,,pdfs/Spring record book 2025.pdf,24; 25,2026-08-02T20:22:35Z,glm-5.2:cloud
Softball,1997,1A,Rising Sun,Keith Porter,,,5-0 (8 inns.),False,False,,pdfs/Spring record book 2025.pdf,24; 25,2026-08-02T20:22:35Z,glm-5.2:cloud
Softball,1998,4A,Glen Burnie,Bob Broccolino,,,3-1,False,False,,pdfs/Spring record book 2025.pdf,24; 25,2026-08-02T20:22:35Z,glm-5.2:cloud
Softball,1998,3A,Calvert,Frank Moore,,,6-4 (10),False,False,,pdfs/Spring record book 2025.pdf,24; 25,2026-08-02T20:22:35Z,glm-5.2:cloud
Softball,1998,2A,McDonough,Paula Roberts,,,2-0,False,False,,pdfs/Spring record book 2025.pdf,24; 25,2026-08-02T20:22:35Z,glm-5.2:cloud
Softball,1998,1A,Rising Sun,Keith Porter,,,4-3,False,False,,pdfs/Spring record book 2025.pdf,24; 25,2026-08-02T20:22:35Z,glm-5.2:cloud
Softball,1999,4A,Gaithersburg,Don Dillingham,,,1-0 (8 inns.),False,False,,pdfs/Spring record book 2025.pdf,24; 25,2026-08-02T20:22:35Z,glm-5.2:cloud
Softball,1999,3A,Northeast-AA,Marianne Shultz,,,9-0,False,False,,pdfs/Spring record book 2025.pdf,24; 25,2026-08-02T20:22:35Z,glm-5.2:cloud
Softball,1999,2A,Walkersville,Dave Schrodel,,,2-1,False,False,,pdfs/Spring record book 2025.pdf,24; 25,2026-08-02T20:22:35Z,glm-5.2:cloud
Softball,1999,1A,Allegany,Barbara Lennox,,,9-1,False,False,,pdfs/Spring record book 2025.pdf,24; 25,2026-08-02T20:22:35Z,glm-5.2:cloud
Softball,2000,4A,North County,Brian Love,,,12-0 (5 inns.),False,False,,pdfs/Spring record book 2025.pdf,24; 25,2026-08-02T20:22:35Z,glm-5.2:cloud
Softball,2000,3A,Thomas Stone,Linda Curry,,,1-0,False,False,,pdfs/Spring record book 2025.pdf,24; 25,2026-08-02T20:22:35Z,glm-5.2:cloud
Softball,2000,2A,Easton,Durrie Hayes,,,2-1,False,False,,pdfs/Spring record book 2025.pdf,24; 25,2026-08-02T20:22:35Z,glm-5.2:cloud
Softball,2000,1A,Rising Sun,Keith Porter,,,2-1 (8 inns.),False,False,,pdfs/Spring record book 2025.pdf,24; 25,2026-08-02T20:22:35Z,glm-5.2:cloud
Softball,2001,4A,Westminster,Brian Shumaker,,,1-0,False,False,,pdfs/Spring record book 2025.pdf,24; 25,2026-08-02T20:22:35Z,glm-5.2:cloud
Softball,2001,3A,Northern-Cal,Michael Johnson,,,4-0,False,False,,pdfs/Spring record book 2025.pdf,24; 25,2026-08-02T20:22:35Z,glm-5.2:cloud
Softball,2001,2A,North Caroline,Larry Nuttall,,,10-0 (5 inns.),False,False,,pdfs/Spring record book 2025.pdf,24; 25,2026-08-02T20:22:35Z,glm-5.2:cloud
Softball,2001,1A,Southern Garrett,Dave Bosley,,,5-0,False,False,,pdfs/Spring record book 2025.pdf,24; 25,2026-08-02T20:22:35Z,glm-5.2:cloud
Softball,2002,4A,North County,Bob Boyd,,,12-6,False,False,,pdfs/Spring record book 2025.pdf,24; 25,2026-08-02T20:22:35Z,glm-5.2:cloud
Softball,2002,3A,Thomas Stone,Linda Curry,,,6-2,False,False,,pdfs/Spring record book 2025.pdf,24; 25,2026-08-02T20:22:35Z,glm-5.2:cloud
Softball,2002,2A,Easton,Durrie Hayes,,,9-2,False,False,,pdfs/Spring record book 2025.pdf,24; 25,2026-08-02T20:22:35Z,glm-5.2:cloud
Softball,2002,1A,Southern Garrett,Dave Bosley,,,2-0,False,False,,pdfs/Spring record book 2025.pdf,24; 25,2026-08-02T20:22:35Z,glm-5.2:cloud
Softball,2003,4A,North County,Bob Boyd,,,1-0,False,False,,pdfs/Spring record book 2025.pdf,24; 25,2026-08-02T20:22:35Z,glm-5.2:cloud
Softball,2003,3A,Severna Park,Jeff Shepherd,,,1-0,False,False,,pdfs/Spring record book 2025.pdf,24; 25,2026-08-02T20:22:35Z,glm-5.2:cloud
Softball,2003,2A,North Caroline,Larry Nuttall,,,1-0 (8 inns.),False,False,,pdfs/Spring record book 2025.pdf,24; 25,2026-08-02T20:22:35Z,glm-5.2:cloud
Softball,2003,1A,Rising Sun,Keith Porter,,,5-2,False,False,,pdfs/Spring record book 2025.pdf,24; 25,2026-08-02T20:22:35Z,glm-5.2:cloud
Softball,2004,4A,Westminster,Byron Moore,,,4-2,False,False,,pdfs/Spring record book 2025.pdf,24; 25,2026-08-02T20:22:35Z,glm-5.2:cloud
Softball,2004,3A,Fallston,Pat Gauss,,,3-1 (8 inns.),False,False,,pdfs/Spring record book 2025.pdf,24; 25,2026-08-02T20:22:35Z,glm-5.2:cloud
Softball,2004,2A,Easton,Durrie Hayes,,,2-0,False,False,,pdfs/Spring record book 2025.pdf,24; 25,2026-08-02T20:22:35Z,glm-5.2:cloud
Softball,2004,1A,Beall,Martha Mauzy,,,2-0,False,False,,pdfs/Spring record book 2025.pdf,24; 25,2026-08-02T20:22:35Z,glm-5.2:cloud
Softball,2005,4A,North County,Tommy Thompson,,,4-2,False,False,,pdfs/Spring record book 2025.pdf,24; 25,2026-08-02T20:22:35Z,glm-5.2:cloud
Softball,2005,3A,Huntingtown,Michael Johnson,,,6-1,False,False,,pdfs/Spring record book 2025.pdf,24; 25,2026-08-02T20:22:35Z,glm-5.2:cloud
Softball,2005,2A,Calvert,Frank Moore,,,5-0,False,False,,pdfs/Spring record book 2025.pdf,24; 25,2026-08-02T20:22:35Z,glm-5.2:cloud
Softball,2005,1A,North Caroline,Larry Nuttall,,,15-2,False,False,,pdfs/Spring record book 2025.pdf,24; 25,2026-08-02T20:22:35Z,glm-5.2:cloud
Softball,2006,4A,C. M. Wright,Joe Dunch,,,4-3,False,False,,pdfs/Spring record book 2025.pdf,24; 25,2026-08-02T20:22:35Z,glm-5.2:cloud
Softball,2006,3A,Huntingtown,Michael Johnson,,,1-0 (5 inns.),False,False,,pdfs/Spring record book 2025.pdf,24; 25,2026-08-02T20:22:35Z,glm-5.2:cloud
Softball,2006,2A,Calvert,Frank Moore,,,2-1 (9 inns.),False,False,,pdfs/Spring record book 2025.pdf,24; 25,2026-08-02T20:22:35Z,glm-5.2:cloud
Softball,2006,1A,Catoctin,Amy Hunt,,,4-0,False,False,,pdfs/Spring record book 2025.pdf,24; 25,2026-08-02T20:22:35Z,glm-5.2:cloud
Softball,2007,4A,Chesapeake-AA,Don Ellenberger,,,2-0,False,False,,pdfs/Spring record book 2025.pdf,24; 25,2026-08-02T20:22:35Z,glm-5.2:cloud
Softball,2007,3A,Huntingtown,Michael Johnson,,,4-0,False,False,,pdfs/Spring record book 2025.pdf,24; 25,2026-08-02T20:22:35Z,glm-5.2:cloud
Softball,2007,2A,Hammond,Richard Pond,,,4-0,False,False,,pdfs/Spring record book 2025.pdf,24; 25,2026-08-02T20:22:35Z,glm-5.2:cloud
Softball,2007,1A,Williamsport,Thomas Dzur,,,7-6,False,False,,pdfs/Spring record book 2025.pdf,24; 25,2026-08-02T20:22:35Z,glm-5.2:cloud
Softball,2008,4A,Chesapeake-AA,Don Ellenberger,,,7-0,False,False,,pdfs/Spring record book 2025.pdf,24; 25,2026-08-02T20:22:35Z,glm-5.2:cloud
Softball,2008,3A,Northern-Cal,Robert Earl Radford,,,7-0,False,False,,pdfs/Spring record book 2025.pdf,24; 25,2026-08-02T20:22:35Z,glm-5.2:cloud
Softball,2008,2A,Easton,Jan Greenhawk,,,2-1,False,False,,pdfs/Spring record book 2025.pdf,24; 25,2026-08-02T20:22:35Z,glm-5.2:cloud
Softball,2008,1A,Fort Hill,Mike Bittner,,,9-4,False,False,,pdfs/Spring record book 2025.pdf,24; 25,2026-08-02T20:22:35Z,glm-5.2:cloud
Softball,2009,4A,Broadneck,Reese Kiple,,,5-2,False,False,,pdfs/Spring record book 2025.pdf,24; 25,2026-08-02T20:22:35Z,glm-5.2:cloud
Softball,2009,3A,Northern-Cal,Robert Earl Radford,,,4-0,False,False,,pdfs/Spring record book 2025.pdf,24; 25,2026-08-02T20:22:35Z,glm-5.2:cloud
Softball,2009,2A,McDonough,Julie Snavely,,,4-0,False,False,,pdfs/Spring record book 2025.pdf,24; 25,2026-08-02T20:22:35Z,glm-5.2:cloud
Softball,2009,1A,Pocomoke,Ron Trostle,,,2-0,False,False,,pdfs/Spring record book 2025.pdf,24; 25,2026-08-02T20:22:35Z,glm-5.2:cloud
Softball,2010,4A,Broadneck,Reese Kiple,,,11-1 (5 inns.),False,False,,pdfs/Spring record book 2025.pdf,24; 25,2026-08-02T20:22:35Z,glm-5.2:cloud
Softball,2010,3A,Northern-Cal,Robert Earl Radford,,,11-0 (5 inns.),False,False,,pdfs/Spring record book 2025.pdf,24; 25,2026-08-02T20:22:35Z,glm-5.2:cloud
Softball,2010,2A,Easton,Jan Greenhawk,,,6-0,False,False,,pdfs/Spring record book 2025.pdf,24; 25,2026-08-02T20:22:35Z,glm-5.2:cloud
Softball,2010,1A,Allegany,Rick Twigg,,,8-2,False,False,,pdfs/Spring record book 2025.pdf,24; 25,2026-08-02T20:22:35Z,glm-5.2:cloud
Softball,2011,4A,Urbana,Frank Husson,,,5-3,False,False,,pdfs/Spring record book 2025.pdf,24; 25,2026-08-02T20:22:35Z,glm-5.2:cloud
Softball,2011,3A,Northern-Cal,Robert Earl Radford,,,3-0,False,False,,pdfs/Spring record book 2025.pdf,24; 25,2026-08-02T20:22:35Z,glm-5.2:cloud
Softball,2011,2A,Easton,Jennifer Powell,,,8-5,False,False,,pdfs/Spring record book 2025.pdf,24; 25,2026-08-02T20:22:35Z,glm-5.2:cloud
Softball,2011,1A,Catoctin,Jessica Valentine,,,10-0 (6 inns.),False,False,,pdfs/Spring record book 2025.pdf,24; 25,2026-08-02T20:22:35Z,glm-5.2:cloud
Softball,2012,4A,Sherwood,Patricia Flanagan,,,1-0,False,False,,pdfs/Spring record book 2025.pdf,24; 25,2026-08-02T20:22:35Z,glm-5.2:cloud
Softball,2012,3A,Northern-Cal,Robert Earl Radford,,,10-0,False,False,,pdfs/Spring record book 2025.pdf,24; 25,2026-08-02T20:22:35Z,glm-5.2:cloud
Softball,2012,2A,Liberty,Chris Szocik,,,3-2,False,False,,pdfs/Spring record book 2025.pdf,24; 25,2026-08-02T20:22:35Z,glm-5.2:cloud
Softball,2012,1A,Mountain Ridge,Martha Mauzy,,,4-3,False,False,,pdfs/Spring record book 2025.pdf,24; 25,2026-08-02T20:22:35Z,glm-5.2:cloud
Softball,2013,4A,Sherwood,Patricia Flanagan,,,5-0,False,False,,pdfs/Spring record book 2025.pdf,24; 25,2026-08-02T20:22:35Z,glm-5.2:cloud
Softball,2013,3A,Northern-Cal,Robert Earl Radford,,,3-0,False,False,,pdfs/Spring record book 2025.pdf,24; 25,2026-08-02T20:22:35Z,glm-5.2:cloud
Softball,2013,2A,Easton,Jennifer Powell,,,10-0 (5 inns.),False,False,,pdfs/Spring record book 2025.pdf,24; 25,2026-08-02T20:22:35Z,glm-5.2:cloud
Softball,2013,1A,Mountain Ridge,Martha Mauzy,,,9-8 (8 inns.),False,False,,pdfs/Spring record book 2025.pdf,24; 25,2026-08-02T20:22:35Z,glm-5.2:cloud
Softball,2014,4A,Sherwood,Ashley Barber-Strunk,,,12-1,False,False,,pdfs/Spring record book 2025.pdf,24; 25,2026-08-02T20:22:35Z,glm-5.2:cloud
Softball,2014,3A,Northern-Cal,Robert Earl Radford,,,4-2,False,False,,pdfs/Spring record book 2025.pdf,24; 25,2026-08-02T20:22:35Z,glm-5.2:cloud
Softball,2014,2A,Eastern Technical,Jack Meyers,,,3-1,False,False,,pdfs/Spring record book 2025.pdf,24; 25,2026-08-02T20:22:35Z,glm-5.2:cloud
Softball,2014,1A,Manchester Valley,Mike Hernandez,,,9-0,False,False,,pdfs/Spring record book 2025.pdf,24; 25,2026-08-02T20:22:35Z,glm-5.2:cloud
Softball,2015,4A,Sherwood,Ashley Barber-Strunk,,,4-0,False,False,,pdfs/Spring record book 2025.pdf,24; 25,2026-08-02T20:22:35Z,glm-5.2:cloud
Softball,2015,3A,Northern-Cal,Robert Earl Radford,,,9-4,False,False,,pdfs/Spring record book 2025.pdf,24; 25,2026-08-02T20:22:35Z,glm-5.2:cloud
Softball,2015,2A,Middletown,Charley Toms,,,4-1,False,False,,pdfs/Spring record book 2025.pdf,24; 25,2026-08-02T20:22:35Z,glm-5.2:cloud
Softball,2015,1A,Manchester Valley,Mike Hernandez,,,11-0,False,False,,pdfs/Spring record book 2025.pdf,24; 25,2026-08-02T20:22:35Z,glm-5.2:cloud
Softball,2016,4A,Sherwood,Ashley Barber-Strunk,,,7-2,False,False,,pdfs/Spring record book 2025.pdf,24; 25,2026-08-02T20:22:35Z,glm-5.2:cloud
Softball,2016,3A,Westminster,Amanda Lahner/Ashley Harford,,,10-5,False,False,,pdfs/Spring record book 2025.pdf,24; 25,2026-08-02T20:22:35Z,glm-5.2:cloud
Softball,2016,2A,La Plata,Dave Krahling,,,9-1,False,False,,pdfs/Spring record book 2025.pdf,24; 25,2026-08-02T20:22:35Z,glm-5.2:cloud
Softball,2016,1A,Perryville,David Ruark,,,10-9 (9 inns.),False,False,,pdfs/Spring record book 2025.pdf,24; 25,2026-08-02T20:22:35Z,glm-5.2:cloud
Softball,2017,4A,Northwest,Mike Horton,,,8-4,False,False,,pdfs/Spring record book 2025.pdf,24; 25,2026-08-02T20:22:35Z,glm-5.2:cloud
Softball,2017,3A,C. Milton Wright,Russell Kovach,,,6-1,False,False,,pdfs/Spring record book 2025.pdf,24; 25,2026-08-02T20:22:35Z,glm-5.2:cloud
Softball,2017,2A,North Caroline,Andrea Ward,,,8-1,False,False,,pdfs/Spring record book 2025.pdf,24; 25,2026-08-02T20:22:35Z,glm-5.2:cloud
Softball,2017,1A,Bohemia Manor,Russ Morgan,,,5-0,False,False,,pdfs/Spring record book 2025.pdf,24; 25,2026-08-02T20:22:35Z,glm-5.2:cloud
Softball,2018,4A,Severna Park,Meredith McAlister,,,13-0 (5 inns.),False,False,,pdfs/Spring record book 2025.pdf,24; 25,2026-08-02T20:22:35Z,glm-5.2:cloud
Softball,2018,3A,Huntingtown,Michael Johnson,,,5-0,False,False,,pdfs/Spring record book 2025.pdf,24; 25,2026-08-02T20:22:35Z,glm-5.2:cloud
Softball,2018,2A,La Plata,Tara Larkin,,,3-2,False,False,,pdfs/Spring record book 2025.pdf,24; 25,2026-08-02T20:22:35Z,glm-5.2:cloud
Softball,2018,1A,Bohemia Manor,Russ Morgan,,,4-2,False,False,,pdfs/Spring record book 2025.pdf,24; 25,2026-08-02T20:22:35Z,glm-5.2:cloud
Softball,2019,4A,Sherwood,Ashley Barber-Strunk,,,8-7,False,False,,pdfs/Spring record book 2025.pdf,24; 25,2026-08-02T20:22:35Z,glm-5.2:cloud
Softball,2019,3A,Huntingtown,Michael Johnson,,,2-0,False,False,,pdfs/Spring record book 2025.pdf,24; 25,2026-08-02T20:22:35Z,glm-5.2:cloud
Softball,2019,2A,La Plata,Tara Larkin,,,9-0,False,False,,pdfs/Spring record book 2025.pdf,24; 25,2026-08-02T20:22:35Z,glm-5.2:cloud
Softball,2019,1A,Bohemia Manor,Ed Abshagen,,,8-0,False,False,,pdfs/Spring record book 2025.pdf,24; 25,2026-08-02T20:22:35Z,glm-5.2:cloud
Softball,2021,4A,Catonsville,Paul Harris,,,1-0,False,False,,pdfs/Spring record book 2025.pdf,24; 25,2026-08-02T20:22:35Z,glm-5.2:cloud
Softball,2021,3A,Chesapeake-AA,Don Ellenberger,,,3-1,False,False,,pdfs/Spring record book 2025.pdf,24; 25,2026-08-02T20:22:35Z,glm-5.2:cloud
Softball,2021,2A,Queen Anne's,Kim Betts,,,2-1 (8 inns.),False,False,,pdfs/Spring record book 2025.pdf,24; 25,2026-08-02T20:22:35Z,glm-5.2:cloud
Softball,2021,1A,Patterson Mill,Jeff Horton,,,4-1,False,False,,pdfs/Spring record book 2025.pdf,24; 25,2026-08-02T20:22:35Z,glm-5.2:cloud
Softball,2022,4A,Sherwood,Ashley Barber-Strunk,,,21-5 (5 inns.),False,False,,pdfs/Spring record book 2025.pdf,24; 25,2026-08-02T20:22:35Z,glm-5.2:cloud
Softball,2022,3A,Linganore,Andrea Poffinberger,,,9-8 (8 inns.),False,False,,pdfs/Spring record book 2025.pdf,24; 25,2026-08-02T20:22:35Z,glm-5.2:cloud
Softball,2022,2A,Calvert,Lauren Robison,,,5-4 (8 inns.),False,False,,pdfs/Spring record book 2025.pdf,24; 25,2026-08-02T20:22:35Z,glm-5.2:cloud
Softball,2022,1A,Allegany,Dave Winner,,,3-2,False,False,,pdfs/Spring record book 2025.pdf,24; 25,2026-08-02T20:22:35Z,glm-5.2:cloud
Softball,2023,4A,Urbana,Frank Husson,,,8-2,False,False,,pdfs/Spring record book 2025.pdf,24; 25,2026-08-02T20:22:35Z,glm-5.2:cloud
Softball,2023,3A,Damascus,Lindsay Burns,,,2-0,False,False,,pdfs/Spring record book 2025.pdf,24; 25,2026-08-02T20:22:35Z,glm-5.2:cloud
Softball,2023,2A,Rising Sun,Paul Taylor,,,1-0 (8 inns.),False,False,,pdfs/Spring record book 2025.pdf,24; 25,2026-08-02T20:22:35Z,glm-5.2:cloud
Softball,2023,1A,North Dorchester,Carol Hubbard,,,1-0,False,False,,pdfs/Spring record book 2025.pdf,24; 25,2026-08-02T20:22:35Z,glm-5.2:cloud
Softball,2024,4A,Leonardtown,Kimberly Schrader,,,14-0,False,False,,pdfs/Spring record book 2025.pdf,24; 25,2026-08-02T20:22:35Z,glm-5.2:cloud
Softball,2024,3A,Sherwood,Ashley Barber-Strunk,,,6-5 (8 inns.),False,False,,pdfs/Spring record book 2025.pdf,24; 25,2026-08-02T20:22:35Z,glm-5.2:cloud
Softball,2024,2A,Rising Sun,Paul Taylor,,,4-2,False,False,,pdfs/Spring record book 2025.pdf,24; 25,2026-08-02T20:22:35Z,glm-5.2:cloud
Softball,2024,1A,Allegany,Dave Winner,,,9-1,False,False,,pdfs/Spring record book 2025.pdf,24; 25,2026-08-02T20:22:35Z,glm-5.2:cloud
Softball,2025,4A,Leonardtown,Kimberly Schrader,,,5-0,False,False,,pdfs/Spring record book 2025.pdf,24; 25,2026-08-02T20:22:35Z,glm-5.2:cloud
Softball,2025,3A,Chopticon,Woodburn Kevin Cioppa,,,5-3,False,False,,pdfs/Spring record book 2025.pdf,24; 25,2026-08-02T20:22:35Z,glm-5.2:cloud
Softball,2025,2A,Huntingtown,Mike Johnson,,,3-2,False,False,,pdfs/Spring record book 2025.pdf,24; 25,2026-08-02T20:22:35Z,glm-5.2:cloud
Softball,2025,1A,Mardela,Kory Shiles,,,4-3,False,False,,pdfs/Spring record book 2025.pdf,24; 25,2026-08-02T20:22:35Z,glm-5.2:cloud
Girls Track and Field,1950,B,Bates,,Worcester,,53-26,,,Pre-MPSSAA,pdfs/Spring record book 2025.pdf,37; 38,2026-08-02T20:25:38Z,glm-5.2:cloud
Girls Track and Field,1950,C,Bel Alton,,Havre de Grace,,41.5-26.5,,,Pre-MPSSAA,pdfs/Spring record book 2025.pdf,37; 38,2026-08-02T20:25:38Z,glm-5.2:cloud
Girls Track and Field,1976,AA,Suitland,Patricia Johnson,Springbrook,James Castonguay,,,,,pdfs/Spring record book 2025.pdf,37; 38,2026-08-02T20:25:38Z,glm-5.2:cloud
Girls Track and Field,1976,ABC,Largo,Lee Markley,Old Mill,Roy Payne,,,,,pdfs/Spring record book 2025.pdf,37; 38,2026-08-02T20:25:38Z,glm-5.2:cloud
Girls Track and Field,1977,AA,Crossland,Lindsay Thomas,Bladensburg,Mary Lucas,,,,,pdfs/Spring record book 2025.pdf,37; 38,2026-08-02T20:25:38Z,glm-5.2:cloud
Girls Track and Field,1977,A,Old Mill,Roy Payne,Largo,Barbara Stinson,,,,,pdfs/Spring record book 2025.pdf,37; 38,2026-08-02T20:25:38Z,glm-5.2:cloud
Girls Track and Field,1977,B,Central—PG,Vera Stevenson,Meade,Jay Cuthbert,,,,,pdfs/Spring record book 2025.pdf,37; 38,2026-08-02T20:25:38Z,glm-5.2:cloud
Girls Track and Field,1977,C,Smithsburg,Don Stoner,Oakland Mills,Alice Frazier,,,,,pdfs/Spring record book 2025.pdf,37; 38,2026-08-02T20:25:38Z,glm-5.2:cloud
Girls Track and Field,1978,AA,Severna Park,Donn Gregg,Crossland,Lindsay Thomas,,,,,pdfs/Spring record book 2025.pdf,37; 38,2026-08-02T20:25:38Z,glm-5.2:cloud
Girls Track and Field,1978,A,E. Roosevelt,Robyn Tabron,B-CC,Kerry Ward,,,,,pdfs/Spring record book 2025.pdf,37; 38,2026-08-02T20:25:38Z,glm-5.2:cloud
Girls Track and Field,1978,B,Oakland Mills,Sylvester Burke,Frederick,Bill Price,,,,,pdfs/Spring record book 2025.pdf,37; 38,2026-08-02T20:25:38Z,glm-5.2:cloud
Girls Track and Field,1978,C,Smithsburg,Don Stoner,Col Richardson,Doug Canan,,,,,pdfs/Spring record book 2025.pdf,37; 38,2026-08-02T20:25:38Z,glm-5.2:cloud
Girls Track and Field,1979,AA,Crossland,Lindsay Thomas,Annapolis,Bob Walleck,,,,,pdfs/Spring record book 2025.pdf,37; 38,2026-08-02T20:25:38Z,glm-5.2:cloud
Girls Track and Field,1979,A,Fairmont Heights,Bob Rothenberg,E. Roosevelt,Ralph White,,,,,pdfs/Spring record book 2025.pdf,37; 38,2026-08-02T20:25:38Z,glm-5.2:cloud
Girls Track and Field,1979,B,Frederick,Bill Price,Damascus,Michael Fekete,,,,,pdfs/Spring record book 2025.pdf,37; 38,2026-08-02T20:25:38Z,glm-5.2:cloud
Girls Track and Field,1979,C,Smithsburg,Don Stoner,Leonardtown,Robert Taylor,,,,,pdfs/Spring record book 2025.pdf,37; 38,2026-08-02T20:25:38Z,glm-5.2:cloud
Girls Track and Field,1980,AA,Bladensburg,Mary Lucas,Crossland,Lindsay Thomas,,,,,pdfs/Spring record book 2025.pdf,37; 38,2026-08-02T20:25:38Z,glm-5.2:cloud
Girls Track and Field,1980,A,B-CC,Kerry Ward,Fairmont Heights,Bob Rothenberg,,,,,pdfs/Spring record book 2025.pdf,37; 38,2026-08-02T20:25:38Z,glm-5.2:cloud
Girls Track and Field,1980,B,Frederick,Harry Nogle,Sherwood,Sue Gorsuch,,,,,pdfs/Spring record book 2025.pdf,37; 38,2026-08-02T20:25:38Z,glm-5.2:cloud
Girls Track and Field,1980,C,Linganore,Barbara Ferguson,Brunswick,Carol Smith,,,,,pdfs/Spring record book 2025.pdf,37; 38,2026-08-02T20:25:38Z,glm-5.2:cloud
Girls Track and Field,1981,AA,Bladensburg,Mary Lucas,Dulaney,Kathy Schmidt,,,,,pdfs/Spring record book 2025.pdf,37; 38,2026-08-02T20:25:38Z,glm-5.2:cloud
Girls Track and Field,1981,A,Central—PG,Ed Bowie,B-CC,Kerry Ward,,,,,pdfs/Spring record book 2025.pdf,37; 38,2026-08-02T20:25:38Z,glm-5.2:cloud
Girls Track and Field,1981,B,Frederick,Harry Nogle,Northern-C,Vicki Foster,,,,,pdfs/Spring record book 2025.pdf,37; 38,2026-08-02T20:25:38Z,glm-5.2:cloud
Girls Track and Field,1981,C,Linganore,Barbara Ferguson,North Caroline,Dan Cunningham,,,,,pdfs/Spring record book 2025.pdf,37; 38,2026-08-02T20:25:38Z,glm-5.2:cloud
Girls Track and Field,1982,AA,Suitland,Anne Rothenberg,Crossland,Lindsay Thomas,,,,,pdfs/Spring record book 2025.pdf,37; 38,2026-08-02T20:25:38Z,glm-5.2:cloud
Girls Track and Field,1982,A,Central—PG,Ed Bowie,DuVal,Bev McMahon,,,,,pdfs/Spring record book 2025.pdf,37; 38,2026-08-02T20:25:38Z,glm-5.2:cloud
Girls Track and Field,1982,B,Frederick,Harry Nogle,Atholton,Graydon Webster,,,,,pdfs/Spring record book 2025.pdf,37; 38,2026-08-02T20:25:38Z,glm-5.2:cloud
Girls Track and Field,1982,C,North Caroline,Dan Cunningham,Middletown,Ron Albaugh,,,,,pdfs/Spring record book 2025.pdf,37; 38,2026-08-02T20:25:38Z,glm-5.2:cloud
Girls Track and Field,1983,AA,Suitland,Anne Rothenberg,Oxon Hill,Bernard Burns,,,,,pdfs/Spring record book 2025.pdf,37; 38,2026-08-02T20:25:38Z,glm-5.2:cloud
Girls Track and Field,1983,A,Central—PG,Ed Bowie,DuVal,Bev McMahon,,,,,pdfs/Spring record book 2025.pdf,37; 38,2026-08-02T20:25:38Z,glm-5.2:cloud
Girls Track and Field,1983,B,Frederick,Mitch Thomas,Oakland Mills,Sylvester Burke,,,,,pdfs/Spring record book 2025.pdf,37; 38,2026-08-02T20:25:38Z,glm-5.2:cloud
Girls Track and Field,1983,C,Brunswick,Carol Smith,Middletown,Ron Albaugh,,,,,pdfs/Spring record book 2025.pdf,37; 38,2026-08-02T20:25:38Z,glm-5.2:cloud
Girls Track and Field,1984,AA,Old Mill,Ron Evans,Suitland,Fletcher James,,,,,pdfs/Spring record book 2025.pdf,37; 38,2026-08-02T20:25:38Z,glm-5.2:cloud
Girls Track and Field,1984,A,Central—PG,Ed Bowie,McDonough,Larry Johnson,,,,,pdfs/Spring record book 2025.pdf,37; 38,2026-08-02T20:25:38Z,glm-5.2:cloud
Girls Track and Field,1984,B,North Carroll,Henry Adami,Einstein,Jim Brown,,,,,pdfs/Spring record book 2025.pdf,37; 38,2026-08-02T20:25:38Z,glm-5.2:cloud
Girls Track and Field,1984,C,Boonsboro,Dwight Scott,Middletown,Ron Albaugh,,,,,pdfs/Spring record book 2025.pdf,37; 38,2026-08-02T20:25:38Z,glm-5.2:cloud
Girls Track and Field,1985,AA,Westminster,Doug Renner,Suitland,Fletcher James,,,,,pdfs/Spring record book 2025.pdf,37; 38,2026-08-02T20:25:38Z,glm-5.2:cloud
Girls Track and Field,1985,A,Central—PG,Ed Bowie,McDonough,Larry Johnson,,,,,pdfs/Spring record book 2025.pdf,37; 38,2026-08-02T20:25:38Z,glm-5.2:cloud
Girls Track and Field,1985,B,North Carroll,Henry Adami,Leonardtown,Krista Taylor,,,,,pdfs/Spring record book 2025.pdf,37; 38,2026-08-02T20:25:38Z,glm-5.2:cloud
Girls Track and Field,1985,C,Boonsboro,Dwight Scott,Francis Scott Key,John Seaman,,,,,pdfs/Spring record book 2025.pdf,37; 38,2026-08-02T20:25:38Z,glm-5.2:cloud
Girls Track and Field,1986,AA,Old Mill,Ron Evans,Oxon Hill,Bernard Burns,,,,,pdfs/Spring record book 2025.pdf,37; 38,2026-08-02T20:25:38Z,glm-5.2:cloud
Girls Track and Field,1986,A,McDonough,Larry Johnson,Douglass—PG,Vaughn Johnson,,,,,pdfs/Spring record book 2025.pdf,37; 38,2026-08-02T20:25:38Z,glm-5.2:cloud
Girls Track and Field,1986,B,Central—PG,Ed Bowie,Fallston,Gary Trott,,,,,pdfs/Spring record book 2025.pdf,37; 38,2026-08-02T20:25:38Z,glm-5.2:cloud
Girls Track and Field,1986,C,Boonsboro,Dwight Scott,Francis Scott Key,John Seaman,,,,,pdfs/Spring record book 2025.pdf,37; 38,2026-08-02T20:25:38Z,glm-5.2:cloud
Girls Track and Field,1987,AA,Old Mill,Ron Evans,Whitman,Kerry Ward,,,,,pdfs/Spring record book 2025.pdf,37; 38,2026-08-02T20:25:38Z,glm-5.2:cloud
Girls Track and Field,1987,A,McDonough,Larry Johnson,North Carroll,Steve Guthrie,,,,,pdfs/Spring record book 2025.pdf,37; 38,2026-08-02T20:25:38Z,glm-5.2:cloud
Girls Track and Field,1987,B,Central—PG,Ed Bowie,Milford Mill,Jesse Hannon,,,,,pdfs/Spring record book 2025.pdf,37; 38,2026-08-02T20:25:38Z,glm-5.2:cloud
Girls Track and Field,1987,C,Francis Scott Key,John Seaman,Boonsboro,Dwight Scott,,,,,pdfs/Spring record book 2025.pdf,37; 38,2026-08-02T20:25:38Z,glm-5.2:cloud
Girls Track and Field,1988,AA,Old Mill,Ron Evans,Einstein,Jim Brown,,,,,pdfs/Spring record book 2025.pdf,37; 38,2026-08-02T20:25:38Z,glm-5.2:cloud
Girls Track and Field,1988,A,Linganore,John Grim,Douglass—PG,Vaughn Johnson,,,,,pdfs/Spring record book 2025.pdf,37; 38,2026-08-02T20:25:38Z,glm-5.2:cloud
Girls Track and Field,1988,B,Central—PG,Ed Bowie,Centennial,Beth Freeman,,,,,pdfs/Spring record book 2025.pdf,37; 38,2026-08-02T20:25:38Z,glm-5.2:cloud
Girls Track and Field,1988,C,Boonsboro & Milford Mill,Dwight Scott & Jesse Hannon,,,,,True,,pdfs/Spring record book 2025.pdf,37; 38,2026-08-02T20:25:38Z,glm-5.2:cloud
Girls Track and Field,1989,4A,Old Mill,Ron Evans,Roosevelt,Debbie McCracken,,,,,pdfs/Spring record book 2025.pdf,37; 38,2026-08-02T20:25:38Z,glm-5.2:cloud
Girls Track and Field,1989,3A,Linganore,John Grim,Paint Branch,Earl Hoffman,,,,,pdfs/Spring record book 2025.pdf,37; 38,2026-08-02T20:25:38Z,glm-5.2:cloud
Girls Track and Field,1989,2A,Central—PG,Ed Bowie,Great Mills,Tim Sandstrom,,,,,pdfs/Spring record book 2025.pdf,37; 38,2026-08-02T20:25:38Z,glm-5.2:cloud
Girls Track and Field,1989,1A,Francis Scott Key,John Seaman,Boonsboro,Dwight Scott,,,,,pdfs/Spring record book 2025.pdf,37; 38,2026-08-02T20:25:38Z,glm-5.2:cloud
Girls Track and Field,1990,4A,Roosevelt,Debbie McCracken,Old Mill,Ron Evans,,,,,pdfs/Spring record book 2025.pdf,37; 38,2026-08-02T20:25:38Z,glm-5.2:cloud
Girls Track and Field,1990,3A,Bladensburg,Darryl Hamilton,Leonardtown,Bob Taylor,,,,,pdfs/Spring record book 2025.pdf,37; 38,2026-08-02T20:25:38Z,glm-5.2:cloud
Girls Track and Field,1990,2A,Central—PG,Ed Bowie,Middletown,Valerie Grim,,,,,pdfs/Spring record book 2025.pdf,37; 38,2026-08-02T20:25:38Z,glm-5.2:cloud
Girls Track and Field,1990,1A,Boonsboro,Dwight Scott,Francis Scott Key,Tom Hill,,,,,pdfs/Spring record book 2025.pdf,37; 38,2026-08-02T20:25:38Z,glm-5.2:cloud
Girls Track and Field,1991,4A,Roosevelt,Debbie McCracken,Whitman,Kerry Ward,,,,,pdfs/Spring record book 2025.pdf,37; 38,2026-08-02T20:25:38Z,glm-5.2:cloud
Girls Track and Field,1991,3A,Bladensburg,Darryl Hamilton,Linganore,John Grim,,,,,pdfs/Spring record book 2025.pdf,37; 38,2026-08-02T20:25:38Z,glm-5.2:cloud
Girls Track and Field,1991,2A,Central—PG,Ed Bowie,Hammond,Joe Russo,,,,,pdfs/Spring record book 2025.pdf,37; 38,2026-08-02T20:25:38Z,glm-5.2:cloud
Girls Track and Field,1991,1A,Milford Mill,Jesse Hannon,Smithsburg,Walter Orndorff,,,,,pdfs/Spring record book 2025.pdf,37; 38,2026-08-02T20:25:38Z,glm-5.2:cloud
Girls Track and Field,1992,4A,Roosevelt,Larry Colbert,Old Mill,Ron Evans,,,,,pdfs/Spring record book 2025.pdf,37; 38,2026-08-02T20:25:38Z,glm-5.2:cloud
Girls Track and Field,1992,3A,Howard,Joe Thomas,McDonough,Ken Lane,,,,,pdfs/Spring record book 2025.pdf,37; 38,2026-08-02T20:25:38Z,glm-5.2:cloud
Girls Track and Field,1992,2A,Central—PG,Ed Bowie,North Hagerstown,Ray Shriver,,,,,pdfs/Spring record book 2025.pdf,37; 38,2026-08-02T20:25:38Z,glm-5.2:cloud
Girls Track and Field,1992,1A,Smithsburg,Walter Orndorff,Francis Scott Key,Tom Hill,,,,,pdfs/Spring record book 2025.pdf,37; 38,2026-08-02T20:25:38Z,glm-5.2:cloud
Girls Track and Field,1993,4A,Roosevelt,Larry Colbert,Old Mill,Ron Evans,,,,,pdfs/Spring record book 2025.pdf,37; 38,2026-08-02T20:25:38Z,glm-5.2:cloud
Girls Track and Field,1993,3A,McDonough,Ken Lane,Walter Johnson,Jerry Kline,,,,,pdfs/Spring record book 2025.pdf,37; 38,2026-08-02T20:25:38Z,glm-5.2:cloud
Girls Track and Field,1993,2A,Glenelg,Bill Godwin,Surrattsville,Nathan Dinkins,,,,,pdfs/Spring record book 2025.pdf,37; 38,2026-08-02T20:25:38Z,glm-5.2:cloud
Girls Track and Field,1993,1A,Smithsburg,Walter Orndorff,Boonsboro,Dwight Scott,,,,,pdfs/Spring record book 2025.pdf,37; 38,2026-08-02T20:25:38Z,glm-5.2:cloud
Girls Track and Field,1994,4A,Roosevelt,Larry Colbert,Frederick,Frank Strakonsky,,,,,pdfs/Spring record book 2025.pdf,37; 38,2026-08-02T20:25:38Z,glm-5.2:cloud
Girls Track and Field,1994,3A,Linganore,John Grim,Walter Johnson,Greg Dunston,,,,,pdfs/Spring record book 2025.pdf,37; 38,2026-08-02T20:25:38Z,glm-5.2:cloud
Girls Track and Field,1994,2A,Fairmont Heights,Vaughn Johnson,Glenelg,Bill Godwin,,,,,pdfs/Spring record book 2025.pdf,37; 38,2026-08-02T20:25:38Z,glm-5.2:cloud
Girls Track and Field,1994,1A,Central—PG,Ed Bowie,Francis Scott Key,Tom Hill,,,,,pdfs/Spring record book 2025.pdf,37; 38,2026-08-02T20:25:38Z,glm-5.2:cloud
Girls Track and Field,1995,4A,Roosevelt,Larry Colbert,Frederick,Frank Strakonsky,,,,,pdfs/Spring record book 2025.pdf,37; 38,2026-08-02T20:25:38Z,glm-5.2:cloud
Girls Track and Field,1995,3A,Howard,Joe Thomas,Linganore,John Grim,,,,,pdfs/Spring record book 2025.pdf,37; 38,2026-08-02T20:25:38Z,glm-5.2:cloud
Girls Track and Field,1995,2A,Fairmont Heights,Vaughn Johnson,Surrattsville,Nathan Dinkins,,,,,pdfs/Spring record book 2025.pdf,37; 38,2026-08-02T20:25:38Z,glm-5.2:cloud
Girls Track and Field,1995,1A,Central—PG,Ed Bowie,Wilde Lake,Albert Merrills,,,,,pdfs/Spring record book 2025.pdf,37; 38,2026-08-02T20:25:38Z,glm-5.2:cloud
Girls Track and Field,1996,4A,Largo,Darryl Hamilton,Roosevelt,Larry Colbert,,,,,pdfs/Spring record book 2025.pdf,37; 38,2026-08-02T20:25:38Z,glm-5.2:cloud
Girls Track and Field,1996,3A,Frederick,Frank Strakonsky,Howard,Joe Thomas,,,,,pdfs/Spring record book 2025.pdf,37; 38,2026-08-02T20:25:38Z,glm-5.2:cloud
Girls Track and Field,1996,2A,Linganore,John Grim,Central—PG,Ed Bowie,,,,,pdfs/Spring record book 2025.pdf,37; 38,2026-08-02T20:25:38Z,glm-5.2:cloud
Girls Track and Field,1996,1A,Smithsburg,Walter Orndorff,Catoctin,Margaret Baker,,,,,pdfs/Spring record book 2025.pdf,37; 38,2026-08-02T20:25:38Z,glm-5.2:cloud
Girls Track and Field,1997,4A,Roosevelt,Mary Wilkins,Largo,Daryl Hamilton,,,,,pdfs/Spring record book 2025.pdf,37; 38,2026-08-02T20:25:38Z,glm-5.2:cloud
Girls Track and Field,1997,3A,Douglass—PG,Jim Storey,Damascus,Robert Youngblood,,,,,pdfs/Spring record book 2025.pdf,37; 38,2026-08-02T20:25:38Z,glm-5.2:cloud
Girls Track and Field,1997,2A,Central—PG,Ed Bowie,Howard,Tony Holland,,,,,pdfs/Spring record book 2025.pdf,37; 38,2026-08-02T20:25:38Z,glm-5.2:cloud
Girls Track and Field,1997,1A,Smithsburg,Walter Orndorff,Catoctin,Margaret Baker,,,,,pdfs/Spring record book 2025.pdf,37; 38,2026-08-02T20:25:38Z,glm-5.2:cloud
Girls Track and Field,1998,4A,Roosevelt,Mary Wilkins,Western-B,Jerry Molyneaux,,,,,pdfs/Spring record book 2025.pdf,37; 38,2026-08-02T20:25:38Z,glm-5.2:cloud
Girls Track and Field,1998,3A,Douglass—PG,Jim Storey,Northern—Cal,Brad Criss,,,,,pdfs/Spring record book 2025.pdf,37; 38,2026-08-02T20:25:38Z,glm-5.2:cloud
Girls Track and Field,1998,2A,Long Reach,Joe Thomas,Central—PG,Ed Bowie,,,,,pdfs/Spring record book 2025.pdf,37; 38,2026-08-02T20:25:38Z,glm-5.2:cloud
Girls Track and Field,1998,1A,Smithsburg,Walter Orndorff,Oakland Mills,Bryan Winfield,,,,,pdfs/Spring record book 2025.pdf,37; 38,2026-08-02T20:25:38Z,glm-5.2:cloud
Girls Track and Field,1999,4A,Roosevelt,Mary Wilkins,Western-B,Jerry Molyneaux,,,,,pdfs/Spring record book 2025.pdf,37; 38,2026-08-02T20:25:38Z,glm-5.2:cloud
Girls Track and Field,1999,3A,Douglass—PG,Jim Storey,Walter Johnson,Greg Dunston,,,,,pdfs/Spring record book 2025.pdf,37; 38,2026-08-02T20:25:38Z,glm-5.2:cloud
Girls Track and Field,1999,2A,Long Reach,Joe Thomas,Central—PG,Ed Bowie,,,,,pdfs/Spring record book 2025.pdf,37; 38,2026-08-02T20:25:38Z,glm-5.2:cloud
Girls Track and Field,1999,1A,Smithsburg,Walter Orndorff,Southern Garrett,Bill Freyman,,,,,pdfs/Spring record book 2025.pdf,37; 38,2026-08-02T20:25:38Z,glm-5.2:cloud
Girls Track and Field,2000,4A,Roosevelt,Katrina Allen,Largo,Darryl Hamilton,,,,,pdfs/Spring record book 2025.pdf,37; 38,2026-08-02T20:25:38Z,glm-5.2:cloud
Girls Track and Field,2000,3A,Long Reach,Joe Thomas,Walter Johnson,Greg Dunston,,,,,pdfs/Spring record book 2025.pdf,37; 38,2026-08-02T20:25:38Z,glm-5.2:cloud
Girls Track and Field,2000,2A,Middletown,Jen Zeltwanger,Central—PG,Ed Bowie,,,,,pdfs/Spring record book 2025.pdf,37; 38,2026-08-02T20:25:38Z,glm-5.2:cloud
Girls Track and Field,2000,1A,Smithsburg,Walter Orndorff,Oakland Mills,Bryan Winfield,,,,,pdfs/Spring record book 2025.pdf,37; 38,2026-08-02T20:25:38Z,glm-5.2:cloud
Girls Track and Field,2001,4A,Largo,Darryl Hamilton,Roosevelt,Katrina Allen,,,,,pdfs/Spring record book 2025.pdf,37; 38,2026-08-02T20:25:38Z,glm-5.2:cloud
Girls Track and Field,2001,3A,Long Reach,Leslie Thomas,Walter Johnson,Greg Dunston,,,,,pdfs/Spring record book 2025.pdf,37; 38,2026-08-02T20:25:38Z,glm-5.2:cloud
Girls Track and Field,2001,2A,Atholton,James Ivory,Middletown,Jen Zeltwanger,,,,,pdfs/Spring record book 2025.pdf,37; 38,2026-08-02T20:25:38Z,glm-5.2:cloud
Girls Track and Field,2001,1A,Smithsburg,Walter Orndorff,Boonsboro,Jason Orensi,,,,,pdfs/Spring record book 2025.pdf,37; 38,2026-08-02T20:25:38Z,glm-5.2:cloud
Girls Track and Field,2002,4A,Western,Jerry Molyneaux,Largo,Darryl Hamilton,,,,,pdfs/Spring record book 2025.pdf,37; 38,2026-08-02T20:25:38Z,glm-5.2:cloud
Girls Track and Field,2002,3A,Long Reach,Joe Thomas,Walter Johnson,Greg Dunston,,,,,pdfs/Spring record book 2025.pdf,37; 38,2026-08-02T20:25:38Z,glm-5.2:cloud
Girls Track and Field,2002,2A,Glenelg,Mike Selmer,Central-PG,Ed Bowie,,,,,pdfs/Spring record book 2025.pdf,37; 38,2026-08-02T20:25:38Z,glm-5.2:cloud
Girls Track and Field,2002,1A,Smithsburg,Walter Orndorff,Poolesville,Scott Mathias,,,,,pdfs/Spring record book 2025.pdf,37; 38,2026-08-02T20:25:38Z,glm-5.2:cloud
Girls Track and Field,2003,4A,Roosevelt,Ameerah Bello,Western-B,Jerry Molyneaux,,,,,pdfs/Spring record book 2025.pdf,37; 38,2026-08-02T20:25:38Z,glm-5.2:cloud
Girls Track and Field,2003,3A,Walter Johnson,Greg Dunston,Long Reach,Ferdan Carter,,,,,pdfs/Spring record book 2025.pdf,37; 38,2026-08-02T20:25:38Z,glm-5.2:cloud
Girls Track and Field,2003,2A,Bethesda-CC,Tim Gilmore,Glenelg,Mike Selmer,,,,,pdfs/Spring record book 2025.pdf,37; 38,2026-08-02T20:25:38Z,glm-5.2:cloud
Girls Track and Field,2003,1A,Poolesville & Smithsburg,Scott Mathias & Walter Orndorff,,,,,True,,pdfs/Spring record book 2025.pdf,37; 38,2026-08-02T20:25:38Z,glm-5.2:cloud
Girls Track and Field,2004,4A,Largo,Darryl Hamilton,C. H. Flowers,Carlyle Rose,,,,,pdfs/Spring record book 2025.pdf,37; 38,2026-08-02T20:25:38Z,glm-5.2:cloud
Girls Track and Field,2004,3A,Westlake,Beth Shook,Western,Jerry Molyneaux,,,,,pdfs/Spring record book 2025.pdf,37; 38,2026-08-02T20:25:38Z,glm-5.2:cloud
Girls Track and Field,2004,2A,J. M. Bennett,Tina Russell,Edmondson,Ebony Crawford,,,,,pdfs/Spring record book 2025.pdf,37; 38,2026-08-02T20:25:38Z,glm-5.2:cloud
Girls Track and Field,2004,1A,Boonsboro,Jason Orensi,Smithsburg,Walter Orndorff,,,,,pdfs/Spring record book 2025.pdf,37; 38,2026-08-02T20:25:38Z,glm-5.2:cloud
Girls Track and Field,2005,4A,Roosevelt,Ameerah Bello,Largo,Darryl Hamilton,,,,,pdfs/Spring record book 2025.pdf,37; 38,2026-08-02T20:25:38Z,glm-5.2:cloud
Girls Track and Field,2005,3A,Western,Jerry Molyneaux,Long Reach,Greg Johnson,,,,,pdfs/Spring record book 2025.pdf,37; 38,2026-08-02T20:25:38Z,glm-5.2:cloud
Girls Track and Field,2005,2A,Atholton,Brian Funk,Edmondson,Amili Lumumba,,,,,pdfs/Spring record book 2025.pdf,37; 38,2026-08-02T20:25:38Z,glm-5.2:cloud
Girls Track and Field,2005,1A,Boonsboro,David Burrell,Brunswick,Anne Zumbach,,,,,pdfs/Spring record book 2025.pdf,37; 38,2026-08-02T20:25:38Z,glm-5.2:cloud
Girls Track and Field,2006,4A,Largo,Darryl Hamilton,Churchill,S. Bettis/S. Silverstein,,,,,pdfs/Spring record book 2025.pdf,37; 38,2026-08-02T20:25:38Z,glm-5.2:cloud
Girls Track and Field,2006,3A,Western,Jerry Molyneaux,Westlake,Beth Shook,,,,,pdfs/Spring record book 2025.pdf,37; 38,2026-08-02T20:25:38Z,glm-5.2:cloud
Girls Track and Field,2006,2A,Central-PG,Ed Bowie,McDonough,Anton Wallace,,,,,pdfs/Spring record book 2025.pdf,37; 38,2026-08-02T20:25:38Z,glm-5.2:cloud
Girls Track and Field,2006,1A,Williamsport,John Bailey,New Town,Morgan Lisby,,,,,pdfs/Spring record book 2025.pdf,37; 38,2026-08-02T20:25:38Z,glm-5.2:cloud
Girls Track and Field,2007,4A,Roosevelt,Desmond Dunham,Churchill,S.Bettis/ M.Silverstein,,,,,pdfs/Spring record book 2025.pdf,37; 38,2026-08-02T20:25:38Z,glm-5.2:cloud
Girls Track and Field,2007,3A,Largo,Darryl Hamilton,Mount Hebron,Anthony Bell,,,,,pdfs/Spring record book 2025.pdf,37; 38,2026-08-02T20:25:38Z,glm-5.2:cloud
Girls Track and Field,2007,2A,Middletown,Frank Davis,Hereford,Jason Bowman,,,,,pdfs/Spring record book 2025.pdf,37; 38,2026-08-02T20:25:38Z,glm-5.2:cloud
Girls Track and Field,2007,1A,Digital Harbor,L. Bakari/S. Darby,Poolesville,Bryan Blessing,,,,,pdfs/Spring record book 2025.pdf,37; 38,2026-08-02T20:25:38Z,glm-5.2:cloud
Girls Track and Field,2008,4A,Roosevelt,Desmond Dunham,Wootton,Kelli Redmond,,,,,pdfs/Spring record book 2025.pdf,37; 38,2026-08-02T20:25:38Z,glm-5.2:cloud
Girls Track and Field,2008,3A,Westlake,Beth Shook,Annapolis,Brian Brown,,,,,pdfs/Spring record book 2025.pdf,37; 38,2026-08-02T20:25:38Z,glm-5.2:cloud
Girls Track and Field,2008,2A,Middletown,Frank Davis,River Hill,Cristin Romano,,,,,pdfs/Spring record book 2025.pdf,37; 38,2026-08-02T20:25:38Z,glm-5.2:cloud
Girls Track and Field,2008,1A,Williamsport,John Bailey,Western STES,"Shedrick Elliott, III",,,,,pdfs/Spring record book 2025.pdf,37; 38,2026-08-02T20:25:38Z,glm-5.2:cloud
Girls Track and Field,2009,4A,Roosevelt,Greg Johnson,C.H. Flowers,Carlyle Rose,,,,,pdfs/Spring record book 2025.pdf,37; 38,2026-08-02T20:25:38Z,glm-5.2:cloud
Girls Track and Field,2009,3A,Western-B,Alicia Williams,Catonsville,Sarah Sheetz,,,,,pdfs/Spring record book 2025.pdf,37; 38,2026-08-02T20:25:38Z,glm-5.2:cloud
Girls Track and Field,2009,2A,North Point,Ryan Gick,Polytechnic & River Hill,Latisha Moulds & Earl Lauer,,,,,pdfs/Spring record book 2025.pdf,37; 38,2026-08-02T20:25:38Z,glm-5.2:cloud
Girls Track and Field,2009,1A,Williamsport,John Bailey,Digital Harbor,Lutalo Bakari,,,,,pdfs/Spring record book 2025.pdf,37; 38,2026-08-02T20:25:38Z,glm-5.2:cloud
Girls Track and Field,2010,4A,C.H. Flowers,Carlyle Rose,Northwest,Beth Muehl,,,,,pdfs/Spring record book 2025.pdf,37; 38,2026-08-02T20:25:38Z,glm-5.2:cloud
Girls Track and Field,2010,3A,Western-B,Alicia Williams,Northwood,Mark Brown,,,,,pdfs/Spring record book 2025.pdf,37; 38,2026-08-02T20:25:38Z,glm-5.2:cloud
Girls Track and Field,2010,2A,N. Hagerstown,Robert Waugh,Digital Harbor,Lutalo Bakari,,,,,pdfs/Spring record book 2025.pdf,37; 38,2026-08-02T20:25:38Z,glm-5.2:cloud
Girls Track and Field,2010,1A,Smithsburg,Ray Shriver,Harford Tech,Stanley DeCusatis,,,,,pdfs/Spring record book 2025.pdf,37; 38,2026-08-02T20:25:38Z,glm-5.2:cloud
Girls Track and Field,2011,4A,Northwest,Beth Muehl,Th. Johnson,Becky Somerville,,,,,pdfs/Spring record book 2025.pdf,37; 38,2026-08-02T20:25:38Z,glm-5.2:cloud
Girls Track and Field,2011,3A,Huntingtown,Valerie Harrington,Catonsville,Sarah Sheetz,,,,,pdfs/Spring record book 2025.pdf,37; 38,2026-08-02T20:25:38Z,glm-5.2:cloud
Girls Track and Field,2011,2A,Liberty,Bobby Ward & B. Lutz,N. Hagerstown,Robert Waugh,,,,,pdfs/Spring record book 2025.pdf,37; 38,2026-08-02T20:25:38Z,glm-5.2:cloud
Girls Track and Field,2011,1A,Boonsboro,Rebecca Walter,Harford Technical,Stanley DeCusatis,,,,,pdfs/Spring record book 2025.pdf,37; 38,2026-08-02T20:25:38Z,glm-5.2:cloud
Girls Track and Field,2012,4A,Bowie,Richard Andrulonis,Northwest,Lexi & Dave Knight,,,,,pdfs/Spring record book 2025.pdf,37; 38,2026-08-02T20:25:38Z,glm-5.2:cloud
Girls Track and Field,2012,3A,Thomas Johnson,Jen Spivey,Hereford,B. Duvall/J. Bowman,,,,,pdfs/Spring record book 2025.pdf,37; 38,2026-08-02T20:25:38Z,glm-5.2:cloud
Girls Track and Field,2012,2A,Liberty,Bobby Ward & B. Lutz,Largo,D. Hamilton/M. Roberts,,,,,pdfs/Spring record book 2025.pdf,37; 38,2026-08-02T20:25:38Z,glm-5.2:cloud
Girls Track and Field,2012,1A,Boonsboro,Rebecca Walter,Western STES,"Shedrick Elliott, III",,,,,pdfs/Spring record book 2025.pdf,37; 38,2026-08-02T20:25:38Z,glm-5.2:cloud
Girls Track and Field,2013,4A,Bowie,Richard Andrulonis,Wootton,Kellie Redmond,,,,,pdfs/Spring record book 2025.pdf,37; 38,2026-08-02T20:25:38Z,glm-5.2:cloud
Girls Track and Field,2013,3A,Thomas Stone,Paul Jenkins,Howard,Tyler Wade,,,,,pdfs/Spring record book 2025.pdf,37; 38,2026-08-02T20:25:38Z,glm-5.2:cloud
Girls Track and Field,2013,2A,Oakdale,Chris Lewis,Middletown,Frank Davis,,,,,pdfs/Spring record book 2025.pdf,37; 38,2026-08-02T20:25:38Z,glm-5.2:cloud
Girls Track and Field,2013,1A,Boonsboro,Rebecca Walter,Western STES,"Shedrick Elliott, III",,,,,pdfs/Spring record book 2025.pdf,37; 38,2026-08-02T20:25:38Z,glm-5.2:cloud
Girls Track and Field,2014,4A,"Magruder & Dr. Henry A. Wise, Jr.",Lubin Hernandez Palomino & Gideon Tinch,,,,,True,,pdfs/Spring record book 2025.pdf,37; 38,2026-08-02T20:25:38Z,glm-5.2:cloud
Girls Track and Field,2014,3A,Huntingtown,Valerie Harrington,Milford Mill,James Simms,,,,,pdfs/Spring record book 2025.pdf,37; 38,2026-08-02T20:25:38Z,glm-5.2:cloud
Girls Track and Field,2014,2A,Oakdale,Chris Lewis,Boonsboro,Rebecca Walter,,,,,pdfs/Spring record book 2025.pdf,37; 38,2026-08-02T20:25:38Z,glm-5.2:cloud
Girls Track and Field,2014,1A,Manchester Valley,Eric Baumgardner,Perryville,Raissa Moore,,,,,pdfs/Spring record book 2025.pdf,37; 38,2026-08-02T20:25:38Z,glm-5.2:cloud
Girls Track and Field,2015,4A,Clarksburg,Scott Mathias,James H. Blake,Brandon Tynes,,,,,pdfs/Spring record book 2025.pdf,37; 38,2026-08-02T20:25:38Z,glm-5.2:cloud
Girls Track and Field,2015,3A,Milford Mill,James Simms,Urbana,C.J. Ecalono,,,,,pdfs/Spring record book 2025.pdf,37; 38,2026-08-02T20:25:38Z,glm-5.2:cloud
Girls Track and Field,2015,2A,Oakdale,Chris Lewis,Boonsboro,Rebecca Walter,,,,,pdfs/Spring record book 2025.pdf,37; 38,2026-08-02T20:25:38Z,glm-5.2:cloud
Girls Track and Field,2015,1A,Smithsburg,Thomas Joseph Hood,Manchester Valley,Eric Baumgardner,,,,,pdfs/Spring record book 2025.pdf,37; 38,2026-08-02T20:25:38Z,glm-5.2:cloud
Girls Track and Field,2016,4A,C.H. Flowers,H. Brady/B. Brown,Clarksburg,Scott Mathias,,,,,pdfs/Spring record book 2025.pdf,37; 38,2026-08-02T20:25:38Z,glm-5.2:cloud
Girls Track and Field,2016,3A,Urbana,C.J. Ecalono,Polytechnic,Latoya Brown-Johnson,,,,,pdfs/Spring record book 2025.pdf,37; 38,2026-08-02T20:25:38Z,glm-5.2:cloud
Girls Track and Field,2016,2A,Henry E. Lackey,Jimari Jones,Hereford,B. Duvall/W. Fellows,,,,,pdfs/Spring record book 2025.pdf,37; 38,2026-08-02T20:25:38Z,glm-5.2:cloud
Girls Track and Field,2016,1A,Boonsboro,R. Walter/S. Cutsail,Perryville,Raissa Moore/Dana Brown,,,,,pdfs/Spring record book 2025.pdf,37; 38,2026-08-02T20:25:38Z,glm-5.2:cloud
Girls Track and Field,2017,4A,C.H. Flowers,H. Brady/B. Brown,Northwest,R.Youngblood/F.Parry,,,,,pdfs/Spring record book 2025.pdf,37; 38,2026-08-02T20:25:38Z,glm-5.2:cloud
Girls Track and Field,2017,3A,Frederick,R. Dixon/T. Williams,Urbana,C.J. Ecalono/Dan Sipe,,,,,pdfs/Spring record book 2025.pdf,37; 38,2026-08-02T20:25:38Z,glm-5.2:cloud
Girls Track and Field,2017,2A,Henry E. Lackey,Jimari Jones,Hereford,B. Duvall/A. Hittner,,,,,pdfs/Spring record book 2025.pdf,37; 38,2026-08-02T20:25:38Z,glm-5.2:cloud
Girls Track and Field,2017,1A,Boonsboro,R. Walter/S. Cutsail,Smithsburg,R. Shriver/M. Keplinger,,,,,pdfs/Spring record book 2025.pdf,37; 38,2026-08-02T20:25:38Z,glm-5.2:cloud
Girls Track and Field,2018,4A,Northwest,R.Youngblood/N.Parry,"Dr. Henry A. Wise, Jr.",Gideon Tinch,,,,,pdfs/Spring record book 2025.pdf,37; 38,2026-08-02T20:25:38Z,glm-5.2:cloud
Girls Track and Field,2018,3A,Frederick,R. Dixon/J. Whiten,Franklin,Paul Hannsen,,,,,pdfs/Spring record book 2025.pdf,37; 38,2026-08-02T20:25:38Z,glm-5.2:cloud
Girls Track and Field,2018,2A,Harford Tech,M.Davis/D.Diamond,River Hill,P. Hugus/D. Richmond,,,,,pdfs/Spring record book 2025.pdf,37; 38,2026-08-02T20:25:38Z,glm-5.2:cloud
Girls Track and Field,2018,1A,Henry E. Lackey,Jimari Jones,Friendly,Ned Gunter,,,,,pdfs/Spring record book 2025.pdf,37; 38,2026-08-02T20:25:38Z,glm-5.2:cloud
Girls Track and Field,2019,4A,Urbana,C.J. Ecalono,Northwest,Robert Youngblood/ Nate Parry/Fran Parry,,,,,pdfs/Spring record book 2025.pdf,37; 38,2026-08-02T20:25:38Z,glm-5.2:cloud
Girls Track and Field,2019,3A,Northern-Calvert,Josh Dawson,Frederick & Mt. Hebron,Robert Dixon & C. Matsakis/T. Carter,,,,,pdfs/Spring record book 2025.pdf,37; 38,2026-08-02T20:25:38Z,glm-5.2:cloud
Girls Track and Field,2019,2A,Hereford,Brad Duvall,Harford Tech,M.Davis/D.Diamond,,,,,pdfs/Spring record book 2025.pdf,37; 38,2026-08-02T20:25:38Z,glm-5.2:cloud
Girls Track and Field,2019,1A,Largo,Darryl Hamilton,Frederick Douglass-PG,Darryl Haraway,,,,,pdfs/Spring record book 2025.pdf,37; 38,2026-08-02T20:25:38Z,glm-5.2:cloud
Girls Track and Field,2021,4A,Howard,Zack Dickerson,Urbana,CJ Ecalono,,,,,pdfs/Spring record book 2025.pdf,37; 38,2026-08-02T20:25:38Z,glm-5.2:cloud
Girls Track and Field,2021,3A,Hereford,Brad Duvall,Franklin,Paul Hannsen,,,,,pdfs/Spring record book 2025.pdf,37; 38,2026-08-02T20:25:38Z,glm-5.2:cloud
Girls Track and Field,2021,2A,Westlake,Beth Shook,North Harford,Jimmy Cachola/Laura O'Leary,,,,,pdfs/Spring record book 2025.pdf,37; 38,2026-08-02T20:25:38Z,glm-5.2:cloud
Girls Track and Field,2021,1A,Western STES,Clarissa Higgins,Brunswick,Anne Zumbach,,,,,pdfs/Spring record book 2025.pdf,37; 38,2026-08-02T20:25:38Z,glm-5.2:cloud
Girls Track and Field,2022,4A,Urbana,CJ Ecalono,James H. Blake,Darius Oxley,,,,,pdfs/Spring record book 2025.pdf,37; 38,2026-08-02T20:25:38Z,glm-5.2:cloud
Girls Track and Field,2022,3A,Howard,Zack Dickerson,Linganore,Stephen Musselman,,,,,pdfs/Spring record book 2025.pdf,37; 38,2026-08-02T20:25:38Z,glm-5.2:cloud
Girls Track and Field,2022,2A,Oakland Mills,Christopher Brewington,Hereford,Adam Hittner,,,,,pdfs/Spring record book 2025.pdf,37; 38,2026-08-02T20:25:38Z,glm-5.2:cloud
Girls Track and Field,2022,1A,Western STES,Clarissa Higgins,Largo,Darryl Hamilton/Haywood Vaughn,,,,,pdfs/Spring record book 2025.pdf,37; 38,2026-08-02T20:25:38Z,glm-5.2:cloud
Girls Track and Field,2023,4A,Urbana,CJ Ecalono,Charles H. Flowers,Bryan Brown/Terence Sheppard,,,,,pdfs/Spring record book 2025.pdf,37; 38,2026-08-02T20:25:38Z,glm-5.2:cloud
Girls Track and Field,2023,3A,River Hill,Donnie Richmond/Ammera Schmidt,Northern-Calvert,Josh Dawson,,,,,pdfs/Spring record book 2025.pdf,37; 38,2026-08-02T20:25:38Z,glm-5.2:cloud
Girls Track and Field,2023,2A,Oakland Mills,Christopher Brewington,Friendly,Ned Gunter,,,,,pdfs/Spring record book 2025.pdf,37; 38,2026-08-02T20:25:38Z,glm-5.2:cloud
Girls Track and Field,2023,1A,Western STES,Clarissa Higgins,Smithsburg,Adam Rudy,,,,,pdfs/Spring record book 2025.pdf,37; 38,2026-08-02T20:25:38Z,glm-5.2:cloud
Girls Track and Field,2024,4A,Woodlawn,Joey Young,Urbana,,,,,,pdfs/Spring record book 2025.pdf,37; 38,2026-08-02T20:25:38Z,glm-5.2:cloud
Girls Track and Field,2024,3A,Arundel,Eric Allen,Oakland Mills,Christopher Brewington,,,,,pdfs/Spring record book 2025.pdf,37; 38,2026-08-02T20:25:38Z,glm-5.2:cloud
Girls Track and Field,2024,2A,Hereford,Adam Hittner/Brad Duvall,Largo,Darryl Hamilton/Haywood Vaughn,,,,,pdfs/Spring record book 2025.pdf,37; 38,2026-08-02T20:25:38Z,glm-5.2:cloud
Girls Track and Field,2024,1A,Smithsburg,Adam Rudy,Allegany,Katie Rice,,,,,pdfs/Spring record book 2025.pdf,37; 38,2026-08-02T20:25:38Z,glm-5.2:cloud
Girls Track and Field,2025,4A,Urbana,CJ Ecalono,Woodlawn,Joey Young,,,,,pdfs/Spring record book 2025.pdf,37; 38,2026-08-02T20:25:38Z,glm-5.2:cloud
Girls Track and Field,2025,3A,Oakland Mills,Christopher Brewington,Howard,Erik Jenks,,,,,pdfs/Spring record book 2025.pdf,37; 38,2026-08-02T20:25:38Z,glm-5.2:cloud
Girls Track and Field,2025,2A,Harford Technical,Darrell Diamond,Hereford,Adam Hittner/Brad Duvall,,,,,pdfs/Spring record book 2025.pdf,37; 38,2026-08-02T20:25:38Z,glm-5.2:cloud
Girls Track and Field,2025,1A,Smithsburg,Adam Rudy,Western STES,Shawn Waller,,,,,pdfs/Spring record book 2025.pdf,37; 38,2026-08-02T20:25:38Z,glm-5.2:cloud
Girls Track and Field,1975,Combined,DuVal,Beverly Bigham,Largo,Lee Markley,,False,False,,pdfs/Spring record book 2025.pdf,37; 38,2026-08-02T20:25:38Z,glm-5.2:cloud
Boys Track and Field,1950,B,Sollers Point,,Lakeland,,91.5-26,False,False,Pre-MPSSAA; Segregated School Championships,pdfs/Spring record book 2025.pdf,63; 64,2026-08-02T20:46:02Z,glm-5.2:cloud
Boys Track and Field,1950,C,Bel Air,,Lincoln,,51-50.5,False,False,Pre-MPSSAA; Segregated School Championships,pdfs/Spring record book 2025.pdf,63; 64,2026-08-02T20:46:02Z,glm-5.2:cloud
Boys Track and Field,1946,A,Balto. Polytechnic,,Patterson Park,,54-40,False,False,Pre-MPSSAA; Public School Championships held prior to MPSSAA sponsorship. University of Maryland-College Park.,pdfs/Spring record book 2025.pdf,63; 64,2026-08-02T20:46:02Z,glm-5.2:cloud
Boys Track and Field,1946,B,Bel Air,,Brunswick & R. Montgomery,,42-18,False,False,Pre-MPSSAA; Public School Championships held prior to MPSSAA sponsorship. University of Maryland-College Park.,pdfs/Spring record book 2025.pdf,63; 64,2026-08-02T20:46:02Z,glm-5.2:cloud
Boys Track and Field,1946,C,Sparks,,Thurmont,,24-22,False,False,Pre-MPSSAA; Public School Championships held prior to MPSSAA sponsorship. University of Maryland-College Park.,pdfs/Spring record book 2025.pdf,63; 64,2026-08-02T20:46:02Z,glm-5.2:cloud
Boys Track and Field,1946,D,Sherwood,,Manchester,,30-16,False,False,Pre-MPSSAA; Public School Championships held prior to MPSSAA sponsorship. University of Maryland-College Park.,pdfs/Spring record book 2025.pdf,63; 64,2026-08-02T20:46:02Z,glm-5.2:cloud
Boys Track and Field,1947,A,Fort Hill,Bill Hahn,Frederick,,46-25,False,False,Pre-MPSSAA; Public School Championships held prior to MPSSAA sponsorship. Western Maryland College.,pdfs/Spring record book 2025.pdf,63; 64,2026-08-02T20:46:02Z,glm-5.2:cloud
Boys Track and Field,1947,B,Bladensburg,,Bel Air,,56-45,False,False,Pre-MPSSAA; Public School Championships held prior to MPSSAA sponsorship. Western Maryland College.,pdfs/Spring record book 2025.pdf,63; 64,2026-08-02T20:46:02Z,glm-5.2:cloud
Boys Track and Field,1947,C,Easton,,Richard Montgomery,,47-26,False,False,Pre-MPSSAA; Public School Championships held prior to MPSSAA sponsorship. Western Maryland College.,pdfs/Spring record book 2025.pdf,63; 64,2026-08-02T20:46:02Z,glm-5.2:cloud
Boys Track and Field,1947,D,Manchester,,Thurmont,,54-35,False,False,Pre-MPSSAA; Public School Championships held prior to MPSSAA sponsorship. Western Maryland College.,pdfs/Spring record book 2025.pdf,63; 64,2026-08-02T20:46:02Z,glm-5.2:cloud
Boys Track and Field,1948,A,Hagerstown,,Fort Hill,,55-32,False,False,Pre-MPSSAA; Public School Championships held prior to MPSSAA sponsorship. Dundalk High School.,pdfs/Spring record book 2025.pdf,63; 64,2026-08-02T20:46:02Z,glm-5.2:cloud
Boys Track and Field,1948,B,Bel Air,,,,,False,False,Pre-MPSSAA; Public School Championships held prior to MPSSAA sponsorship. Dundalk High School.,pdfs/Spring record book 2025.pdf,63; 64,2026-08-02T20:46:02Z,glm-5.2:cloud
Boys Track and Field,1948,C,Easton,,,,,False,False,Pre-MPSSAA; Public School Championships held prior to MPSSAA sponsorship. Dundalk High School.,pdfs/Spring record book 2025.pdf,63; 64,2026-08-02T20:46:02Z,glm-5.2:cloud
Boys Track and Field,1948,D,Manchester,,,,,False,False,Pre-MPSSAA; Public School Championships held prior to MPSSAA sponsorship. Dundalk High School.,pdfs/Spring record book 2025.pdf,63; 64,2026-08-02T20:46:02Z,glm-5.2:cloud
Boys Track and Field,1949,A,Fort Hill,,Hagerstown,,59.5-31,False,False,Pre-MPSSAA; Public School Championships held prior to MPSSAA sponsorship. Dundalk High School.,pdfs/Spring record book 2025.pdf,63; 64,2026-08-02T20:46:02Z,glm-5.2:cloud
Boys Track and Field,1949,B,Bel Air,,,,89,False,False,Pre-MPSSAA; Public School Championships held prior to MPSSAA sponsorship. Dundalk High School.,pdfs/Spring record book 2025.pdf,63; 64,2026-08-02T20:46:02Z,glm-5.2:cloud
Boys Track and Field,1949,C,Easton,,,,73,False,False,Pre-MPSSAA; Public School Championships held prior to MPSSAA sponsorship. Dundalk High School.,pdfs/Spring record book 2025.pdf,63; 64,2026-08-02T20:46:02Z,glm-5.2:cloud
Boys Track and Field,1949,D,New Windsor,,,,35,False,False,Pre-MPSSAA; Public School Championships held prior to MPSSAA sponsorship. Dundalk High School.,pdfs/Spring record book 2025.pdf,63; 64,2026-08-02T20:46:02Z,glm-5.2:cloud
Boys Track and Field,1950,A,Fort Hill,,Montgomery Blair,,41.5-39,False,False,Pre-MPSSAA; Public School Championships held prior to MPSSAA sponsorship. The McDonogh School.,pdfs/Spring record book 2025.pdf,63; 64,2026-08-02T20:46:02Z,glm-5.2:cloud
Boys Track and Field,1950,B,Easton,,Elkridge,,62-46,False,False,Pre-MPSSAA; Public School Championships held prior to MPSSAA sponsorship. The McDonogh School.,pdfs/Spring record book 2025.pdf,63; 64,2026-08-02T20:46:02Z,glm-5.2:cloud
Boys Track and Field,1950,C,Dublin (Harf. Co.),,Clarksville,,70-45.5,False,False,Pre-MPSSAA; Public School Championships held prior to MPSSAA sponsorship. The McDonogh School.,pdfs/Spring record book 2025.pdf,63; 64,2026-08-02T20:46:02Z,glm-5.2:cloud
Boys Track and Field,1952,AA,Fort Hill,,Blair,,,False,False,,pdfs/Spring record book 2025.pdf,63; 64,2026-08-02T20:46:02Z,glm-5.2:cloud
Boys Track and Field,1952,A,Easton,,Brunswick,,,False,False,,pdfs/Spring record book 2025.pdf,63; 64,2026-08-02T20:46:02Z,glm-5.2:cloud
Boys Track and Field,1952,B,Sudlersville,,Hampstead,,,False,False,,pdfs/Spring record book 2025.pdf,63; 64,2026-08-02T20:46:02Z,glm-5.2:cloud
Boys Track and Field,1953,AA,Towson,,Blair,,,False,False,,pdfs/Spring record book 2025.pdf,63; 64,2026-08-02T20:46:02Z,glm-5.2:cloud
Boys Track and Field,1953,A,Centreville,,Brunswick,,,False,False,,pdfs/Spring record book 2025.pdf,63; 64,2026-08-02T20:46:02Z,glm-5.2:cloud
Boys Track and Field,1953,B,Washington,Bill Pump,Sudlersville,,,False,False,,pdfs/Spring record book 2025.pdf,63; 64,2026-08-02T20:46:02Z,glm-5.2:cloud
Boys Track and Field,1954,AA,Fort Hill,,Blair,,,False,False,,pdfs/Spring record book 2025.pdf,63; 64,2026-08-02T20:46:02Z,glm-5.2:cloud
Boys Track and Field,1954,A,Centreville,,Brunswick,,,False,False,,pdfs/Spring record book 2025.pdf,63; 64,2026-08-02T20:46:02Z,glm-5.2:cloud
Boys Track and Field,1954,B,Washington,Bill Pump,Sudlersville,,,False,False,,pdfs/Spring record book 2025.pdf,63; 64,2026-08-02T20:46:02Z,glm-5.2:cloud
Boys Track and Field,1955,AA,Blair,,Bethesda-CC,James Davis,,False,False,,pdfs/Spring record book 2025.pdf,63; 64,2026-08-02T20:46:02Z,glm-5.2:cloud
Boys Track and Field,1955,A,Elkton,,Oxon Hill,,,False,False,,pdfs/Spring record book 2025.pdf,63; 64,2026-08-02T20:46:02Z,glm-5.2:cloud
Boys Track and Field,1955,B,Washington,Bill Pump,Brunswick,,,False,False,,pdfs/Spring record book 2025.pdf,63; 64,2026-08-02T20:46:02Z,glm-5.2:cloud
Boys Track and Field,1956,AA,Blair,,Bethesda-CC,James Davis,,False,False,,pdfs/Spring record book 2025.pdf,63; 64,2026-08-02T20:46:02Z,glm-5.2:cloud
Boys Track and Field,1956,A,Oxon Hill,John Voight,Aberdeen,,,False,False,,pdfs/Spring record book 2025.pdf,63; 64,2026-08-02T20:46:02Z,glm-5.2:cloud
Boys Track and Field,1956,B,Washington,Bill Pump,Centreville,,,False,False,,pdfs/Spring record book 2025.pdf,63; 64,2026-08-02T20:46:02Z,glm-5.2:cloud
Boys Track and Field,1957,AA,Northwestern-PG,,Bethesda-CC,James Davis,,False,False,,pdfs/Spring record book 2025.pdf,63; 64,2026-08-02T20:46:02Z,glm-5.2:cloud
Boys Track and Field,1957,A,Aberdeen,,North Carroll,,,False,False,,pdfs/Spring record book 2025.pdf,63; 64,2026-08-02T20:46:02Z,glm-5.2:cloud
Boys Track and Field,1957,B,Centreville,,Washington,Bill Pump,,False,False,,pdfs/Spring record book 2025.pdf,63; 64,2026-08-02T20:46:02Z,glm-5.2:cloud
Boys Track and Field,1958,AA,Northwestern-PG,,Walter Johnson,,,False,False,,pdfs/Spring record book 2025.pdf,63; 64,2026-08-02T20:46:02Z,glm-5.2:cloud
Boys Track and Field,1958,A,Aberdeen/Mace's Lane,Richard Brown,Arundel,,,False,False,,pdfs/Spring record book 2025.pdf,63; 64,2026-08-02T20:46:02Z,glm-5.2:cloud
Boys Track and Field,1958,B,Washington,Bill Pump,Walkersville,,,False,False,,pdfs/Spring record book 2025.pdf,63; 64,2026-08-02T20:46:02Z,glm-5.2:cloud
Boys Track and Field,1959,AA,Bethesda-CC,James Davis,Northwood,,,False,False,,pdfs/Spring record book 2025.pdf,63; 64,2026-08-02T20:46:02Z,glm-5.2:cloud
Boys Track and Field,1959,A,North Carroll,,Damascus,,,False,False,,pdfs/Spring record book 2025.pdf,63; 64,2026-08-02T20:46:02Z,glm-5.2:cloud
Boys Track and Field,1959,B,Washington,Bill Pump,Centreville,,,False,False,,pdfs/Spring record book 2025.pdf,63; 64,2026-08-02T20:46:02Z,glm-5.2:cloud
Boys Track and Field,1960,AA,Blair,,Northwood,,,False,False,,pdfs/Spring record book 2025.pdf,63; 64,2026-08-02T20:46:02Z,glm-5.2:cloud
Boys Track and Field,1960,A,Somerset,,Salisbury,,,False,False,,pdfs/Spring record book 2025.pdf,63; 64,2026-08-02T20:46:02Z,glm-5.2:cloud
Boys Track and Field,1960,B,Havre de Grace Cons,William Clark,Lincoln,,,False,False,,pdfs/Spring record book 2025.pdf,63; 64,2026-08-02T20:46:02Z,glm-5.2:cloud
Boys Track and Field,1961,AA,Blair,,Walter Johnson,,,False,False,,pdfs/Spring record book 2025.pdf,63; 64,2026-08-02T20:46:02Z,glm-5.2:cloud
Boys Track and Field,1961,A,Bel Air,,Fort Hill,,,False,False,,pdfs/Spring record book 2025.pdf,63; 64,2026-08-02T20:46:02Z,glm-5.2:cloud
Boys Track and Field,1961,B,Sollers Point,J. Bruce Turner,Walkersville,,,False,False,,pdfs/Spring record book 2025.pdf,63; 64,2026-08-02T20:46:02Z,glm-5.2:cloud
Boys Track and Field,1961,C,Havre de Grace Cons,William Clark,Central Consolidated,William Brown,,False,False,,pdfs/Spring record book 2025.pdf,63; 64,2026-08-02T20:46:02Z,glm-5.2:cloud
Boys Track and Field,1962,AA,Frederick,Harold Moser,Northwood,Jim DeMoss,,False,False,,pdfs/Spring record book 2025.pdf,63; 64,2026-08-02T20:46:02Z,glm-5.2:cloud
Boys Track and Field,1962,A,Fairmont Heights,Kenneth Kave,Bel Air,James Whitehurst,,False,False,,pdfs/Spring record book 2025.pdf,63; 64,2026-08-02T20:46:02Z,glm-5.2:cloud
Boys Track and Field,1962,B,Cambridge,Howard Evans,Salisbury,Marion Waller,,False,False,,pdfs/Spring record book 2025.pdf,63; 64,2026-08-02T20:46:02Z,glm-5.2:cloud
Boys Track and Field,1962,C,Central Cons,William Brown,Havre de Grace Cons,William Clark,,False,False,,pdfs/Spring record book 2025.pdf,63; 64,2026-08-02T20:46:02Z,glm-5.2:cloud
Boys Track and Field,1963,AA,Northwood,Jim DeMoss,Bethesda-CC,James Davis,,False,False,,pdfs/Spring record book 2025.pdf,63; 64,2026-08-02T20:46:02Z,glm-5.2:cloud
Boys Track and Field,1963,A,Fairmont Heights,Kenneth Kave,Fort Hill,Paul Flick,,False,False,,pdfs/Spring record book 2025.pdf,63; 64,2026-08-02T20:46:02Z,glm-5.2:cloud
Boys Track and Field,1963,B,Salisbury,Marion Waller,Pomonkey,Clarence White,,False,False,,pdfs/Spring record book 2025.pdf,63; 64,2026-08-02T20:46:02Z,glm-5.2:cloud
Boys Track and Field,1963,C,Central Consolidated,Wm Brown,Havre de Grace Cons,Wm Clark,,False,False,,pdfs/Spring record book 2025.pdf,63; 64,2026-08-02T20:46:02Z,glm-5.2:cloud
Boys Track and Field,1964,AA,Kenwood,Baxter Berryhill,DuVal,Eddie Down,,False,False,,pdfs/Spring record book 2025.pdf,63; 64,2026-08-02T20:46:02Z,glm-5.2:cloud
Boys Track and Field,1964,A,Fort Hill,Paul Flick,Mace's Lane,James R. Brown,,False,False,,pdfs/Spring record book 2025.pdf,63; 64,2026-08-02T20:46:02Z,glm-5.2:cloud
Boys Track and Field,1964,B,Sollers Point,,Pomonkey,,,False,False,,pdfs/Spring record book 2025.pdf,63; 64,2026-08-02T20:46:02Z,glm-5.2:cloud
Boys Track and Field,1964,C,Harriet Tubman,Thomas Robinson,Havre de Grace Cons,William Clark,,False,False,,pdfs/Spring record book 2025.pdf,63; 64,2026-08-02T20:46:02Z,glm-5.2:cloud
Boys Track and Field,1965,AA,Northwood,Charles Packard,Wheaton,Lance McCullough,,False,False,,pdfs/Spring record book 2025.pdf,63; 64,2026-08-02T20:46:02Z,glm-5.2:cloud
Boys Track and Field,1965,A,Gaithersburg,Gene Hanlon,Fairmont Heights,Kenneth Kave,,False,False,,pdfs/Spring record book 2025.pdf,63; 64,2026-08-02T20:46:02Z,glm-5.2:cloud
Boys Track and Field,1965,B,Sollers Point,Reginald Holt,Mace's Lane,James R. Brown,,False,False,,pdfs/Spring record book 2025.pdf,63; 64,2026-08-02T20:46:02Z,glm-5.2:cloud
Boys Track and Field,1965,C,Central Cons,William Brown,Havre de Grace Cons,William Clark,,False,False,,pdfs/Spring record book 2025.pdf,63; 64,2026-08-02T20:46:02Z,glm-5.2:cloud
Boys Track and Field,1966,AA,Crossland,Stan Pitts,Bel Air,Bill Brown,,False,False,,pdfs/Spring record book 2025.pdf,63; 64,2026-08-02T20:46:02Z,glm-5.2:cloud
Boys Track and Field,1966,A,Gaithersburg,Gene Hanlon,Fairmont Heights,Kenneth Kave,,False,False,,pdfs/Spring record book 2025.pdf,63; 64,2026-08-02T20:46:02Z,glm-5.2:cloud
Boys Track and Field,1966,B,Mace's Lane,Richard Brown,Middletown,James Frazier,,False,False,,pdfs/Spring record book 2025.pdf,63; 64,2026-08-02T20:46:02Z,glm-5.2:cloud
Boys Track and Field,1966,C,Garnett,James Brown,Sollers Point & Woodson,William Hurdle & J. H. Bates,,False,False,,pdfs/Spring record book 2025.pdf,63; 64,2026-08-02T20:46:02Z,glm-5.2:cloud
Boys Track and Field,1967,AA,Bel Air,Bill Brown,Springbrook,Gordon Brown,,False,False,,pdfs/Spring record book 2025.pdf,63; 64,2026-08-02T20:46:02Z,glm-5.2:cloud
Boys Track and Field,1967,A,Frederick,Fred Martin,Churchill,Bill Barnes,,False,False,,pdfs/Spring record book 2025.pdf,63; 64,2026-08-02T20:46:02Z,glm-5.2:cloud
Boys Track and Field,1967,B,Mace's Lane,Oscar Overby,Kennedy,Claude Flagg,,False,False,,pdfs/Spring record book 2025.pdf,63; 64,2026-08-02T20:46:02Z,glm-5.2:cloud
Boys Track and Field,1967,C,Poolesville,Bob Boswell,Garnett,James Brown,,False,False,,pdfs/Spring record book 2025.pdf,63; 64,2026-08-02T20:46:02Z,glm-5.2:cloud
Boys Track and Field,1968,AA,Bel Air,Bill Brown,Peary,Bob Heard,,False,False,,pdfs/Spring record book 2025.pdf,63; 64,2026-08-02T20:46:02Z,glm-5.2:cloud
Boys Track and Field,1968,A,Frederick,Hal Grau,Fairmont Heights,Kenneth Kave,,False,False,,pdfs/Spring record book 2025.pdf,63; 64,2026-08-02T20:46:02Z,glm-5.2:cloud
Boys Track and Field,1968,B,Mace's Lane,Willie Ceasar,Chestertown,James Brown,,False,False,,pdfs/Spring record book 2025.pdf,63; 64,2026-08-02T20:46:02Z,glm-5.2:cloud
Boys Track and Field,1968,C,Poolesville,Bob Boswell,North Dorchester,Herbert Trego,,False,False,,pdfs/Spring record book 2025.pdf,63; 64,2026-08-02T20:46:02Z,glm-5.2:cloud
Boys Track and Field,1969,AA,Dulaney,Bob Dean,Crossland,Stan Pitts,,False,False,,pdfs/Spring record book 2025.pdf,63; 64,2026-08-02T20:46:02Z,glm-5.2:cloud
Boys Track and Field,1969,A,Frederick,Adam Craven,Gaithersburg,Fred Joyce,,False,False,,pdfs/Spring record book 2025.pdf,63; 64,2026-08-02T20:46:02Z,glm-5.2:cloud
Boys Track and Field,1969,B,Fairmont Heights,Kenneth Kave,Chopticon,Frank Sowell,,False,False,,pdfs/Spring record book 2025.pdf,63; 64,2026-08-02T20:46:02Z,glm-5.2:cloud
Boys Track and Field,1969,C,Poolesville,Bob Boswell,Somerset,John Bates,,False,False,,pdfs/Spring record book 2025.pdf,63; 64,2026-08-02T20:46:02Z,glm-5.2:cloud
Boys Track and Field,1970,AA,Arundel,Ron Evans,Dulaney,Bob Dean,,False,False,,pdfs/Spring record book 2025.pdf,63; 64,2026-08-02T20:46:02Z,glm-5.2:cloud
Boys Track and Field,1970,A,Fairmont Heights,Kenneth Kave,Central-PG,Joe Hairston,,False,False,,pdfs/Spring record book 2025.pdf,63; 64,2026-08-02T20:46:02Z,glm-5.2:cloud
Boys Track and Field,1970,B,Frederick,Adam Craven,Sherwood,Warren Crutchfield,,False,False,,pdfs/Spring record book 2025.pdf,63; 64,2026-08-02T20:46:02Z,glm-5.2:cloud
Boys Track and Field,1970,C,Middletown,Don Boyer,Gwynn Park,Don Merriman,,False,False,,pdfs/Spring record book 2025.pdf,63; 64,2026-08-02T20:46:02Z,glm-5.2:cloud
Boys Track and Field,1971,AA,Arundel,Ron Evans,DuVal,John Landy,,False,False,,pdfs/Spring record book 2025.pdf,63; 64,2026-08-02T20:46:02Z,glm-5.2:cloud
Boys Track and Field,1971,A,Fairmont Heights,Kenneth Kave,South Carroll,R. Richardson,,False,False,,pdfs/Spring record book 2025.pdf,63; 64,2026-08-02T20:46:02Z,glm-5.2:cloud
Boys Track and Field,1971,B,Sherwood,Warren Crutchfield,Francis Scott Key,Gary Watson,,False,False,,pdfs/Spring record book 2025.pdf,63; 64,2026-08-02T20:46:02Z,glm-5.2:cloud
Boys Track and Field,1971,C,Douglass—PG,Wilbert Truman,Middletown,Don Boyer,,False,False,,pdfs/Spring record book 2025.pdf,63; 64,2026-08-02T20:46:02Z,glm-5.2:cloud
Boys Track and Field,1972,AA,Springbrook,Edward Jaques,Bowie,John Kylus,,False,False,,pdfs/Spring record book 2025.pdf,63; 64,2026-08-02T20:46:02Z,glm-5.2:cloud
Boys Track and Field,1972,A,Calvert,Noel Olinger,J. M. Bennett,Tom Bailey,,False,False,,pdfs/Spring record book 2025.pdf,63; 64,2026-08-02T20:46:02Z,glm-5.2:cloud
Boys Track and Field,1972,B,Fairmont Heights,Bob Rothenberg,Hereford,Irwin Zablocky,,False,False,,pdfs/Spring record book 2025.pdf,63; 64,2026-08-02T20:46:02Z,glm-5.2:cloud
Boys Track and Field,1972,C,Middletown,Don Boyer,Smithsburg,Carroll Reid,,False,False,,pdfs/Spring record book 2025.pdf,63; 64,2026-08-02T20:46:02Z,glm-5.2:cloud
Boys Track and Field,1973,AA,Arundel,Ron Evans,Crossland,Larry Layman,,False,False,,pdfs/Spring record book 2025.pdf,63; 64,2026-08-02T20:46:02Z,glm-5.2:cloud
Boys Track and Field,1973,A,Magruder,Jim DeMoss,Friendly,Dick Knode,,False,False,,pdfs/Spring record book 2025.pdf,63; 64,2026-08-02T20:46:02Z,glm-5.2:cloud
Boys Track and Field,1973,B,Williamsport,Glenn Smith,La Plata,John Cox,,False,False,,pdfs/Spring record book 2025.pdf,63; 64,2026-08-02T20:46:02Z,glm-5.2:cloud
Boys Track and Field,1973,C,Middletown,Don Boyer,Linganore,Tim Baldwin,,False,False,,pdfs/Spring record book 2025.pdf,63; 64,2026-08-02T20:46:02Z,glm-5.2:cloud
Boys Track and Field,1974,AA,Crossland,Larry Layman,Springbrook,Dale Jaques,,False,False,,pdfs/Spring record book 2025.pdf,63; 64,2026-08-02T20:46:02Z,glm-5.2:cloud
Boys Track and Field,1974,A,Friendly,Dick Knode,Magruder,Jim DeMoss,,False,False,,pdfs/Spring record book 2025.pdf,63; 64,2026-08-02T20:46:02Z,glm-5.2:cloud
Boys Track and Field,1974,B,Fairmont Heights,Bob Rothenberg,La Plata,John Cox,,False,False,,pdfs/Spring record book 2025.pdf,63; 64,2026-08-02T20:46:02Z,glm-5.2:cloud
Boys Track and Field,1974,C,Middletown,Don Boyer,Havre de Grace,William Henry,,False,False,,pdfs/Spring record book 2025.pdf,63; 64,2026-08-02T20:46:02Z,glm-5.2:cloud
Boys Track and Field,1975,AA,DuVal,Bill Settle,Crossland,Larry Layman,,False,False,,pdfs/Spring record book 2025.pdf,63; 64,2026-08-02T20:46:02Z,glm-5.2:cloud
Boys Track and Field,1975,A,Fairmont Heights,Bob Rothenberg,Friendly,Dick Knode,,False,False,,pdfs/Spring record book 2025.pdf,63; 64,2026-08-02T20:46:02Z,glm-5.2:cloud
Boys Track and Field,1975,B,Wilde Lake,Doug DuVall,Hereford,Irwin Zablocky,,False,False,,pdfs/Spring record book 2025.pdf,63; 64,2026-08-02T20:46:02Z,glm-5.2:cloud
Boys Track and Field,1975,C,Beall,Jerry Calhoun,Middletown,Don Boyer,,False,False,,pdfs/Spring record book 2025.pdf,63; 64,2026-08-02T20:46:02Z,glm-5.2:cloud
Boys Track and Field,1976,AA,Churchill,Garnet Coble,Parkdale,Ed McGhee,,False,False,,pdfs/Spring record book 2025.pdf,63; 64,2026-08-02T20:46:02Z,glm-5.2:cloud
Boys Track and Field,1976,A,Thomas Stone,Brian Stevens,Aberdeen,Leroy Jones,,False,False,,pdfs/Spring record book 2025.pdf,63; 64,2026-08-02T20:46:02Z,glm-5.2:cloud
Boys Track and Field,1976,B,Central-PG,Ed Bowie,Gwynn Park,Leevon Lansden,,False,False,,pdfs/Spring record book 2025.pdf,63; 64,2026-08-02T20:46:02Z,glm-5.2:cloud
Boys Track and Field,1976,C,Smithsburg,Carroll Reid,Middletown,Don Boyer,,False,False,,pdfs/Spring record book 2025.pdf,63; 64,2026-08-02T20:46:02Z,glm-5.2:cloud
Boys Track and Field,1977,AA,Springbrook,Dale Jaques,Crossland & Old Mill,Larry Layman & Ron Evans,,False,False,,pdfs/Spring record book 2025.pdf,63; 64,2026-08-02T20:46:02Z,glm-5.2:cloud
Boys Track and Field,1977,A,Fairmont Heights,Bob Rothenberg,Friendly,Dick Knode,,False,False,,pdfs/Spring record book 2025.pdf,63; 64,2026-08-02T20:46:02Z,glm-5.2:cloud
Boys Track and Field,1977,B,Central-PG,Ed Bowie,Gwynn Park,Leevon Lansden,,False,False,,pdfs/Spring record book 2025.pdf,63; 64,2026-08-02T20:46:02Z,glm-5.2:cloud
Boys Track and Field,1977,C,Smithsburg,Don Stoner,Middletown,Don Boyer,,False,False,,pdfs/Spring record book 2025.pdf,63; 64,2026-08-02T20:46:02Z,glm-5.2:cloud
Boys Track and Field,1978,AA,Old Mill,Ron Evans,Crossland,Larry Layman,,False,False,,pdfs/Spring record book 2025.pdf,63; 64,2026-08-02T20:46:02Z,glm-5.2:cloud
Boys Track and Field,1978,A,Fairmont Heights,Bob Rothenberg,Central-PG,Ed Bowie,,False,False,,pdfs/Spring record book 2025.pdf,63; 64,2026-08-02T20:46:02Z,glm-5.2:cloud
Boys Track and Field,1978,B,Francis Scott Key,John Seaman,J. M. Bennett,Tom Bailey,,False,False,,pdfs/Spring record book 2025.pdf,63; 64,2026-08-02T20:46:02Z,glm-5.2:cloud
Boys Track and Field,1978,C,Smithsburg,Don Stoner,Calvert,Gilbert Zale,,False,False,,pdfs/Spring record book 2025.pdf,63; 64,2026-08-02T20:46:02Z,glm-5.2:cloud
Boys Track and Field,1979,AA,Blair,Bob Deffenbaugh,Bladensburg,Tom Rogers,,False,False,,pdfs/Spring record book 2025.pdf,63; 64,2026-08-02T20:46:02Z,glm-5.2:cloud
Boys Track and Field,1979,A,Fairmont Heights,Bob Rothenberg,Central-PG,Ed Bowie,,False,False,,pdfs/Spring record book 2025.pdf,63; 64,2026-08-02T20:46:02Z,glm-5.2:cloud
Boys Track and Field,1979,B,J. M. Bennett,Tom Bailey,Hereford,Tony Shucosky,,False,False,,pdfs/Spring record book 2025.pdf,63; 64,2026-08-02T20:46:02Z,glm-5.2:cloud
Boys Track and Field,1979,C,Calvert,Wilson Ennis,McDonough,Paul Kovalchik,,False,False,,pdfs/Spring record book 2025.pdf,63; 64,2026-08-02T20:46:02Z,glm-5.2:cloud
Boys Track and Field,1980,AA,Oxon Hill,Bernard Burns,Blair,Bob Deffenbaugh,,False,False,,pdfs/Spring record book 2025.pdf,63; 64,2026-08-02T20:46:02Z,glm-5.2:cloud
Boys Track and Field,1980,A,Central-PG,Ed Bowie,Fairmont Heights,Bob Rothenberg,,False,False,,pdfs/Spring record book 2025.pdf,63; 64,2026-08-02T20:46:02Z,glm-5.2:cloud
Boys Track and Field,1980,B,Northern-C,Jerry Gerow/Jim Hanker,Douglass-PG,Vaughn Johnson,,False,False,,pdfs/Spring record book 2025.pdf,63; 64,2026-08-02T20:46:02Z,glm-5.2:cloud
Boys Track and Field,1980,C,Williamsport,Curtis Graff,Francis Scott Key & Meade,John Seaman & Jay Cuthbert,,False,False,,pdfs/Spring record book 2025.pdf,63; 64,2026-08-02T20:46:02Z,glm-5.2:cloud
Boys Track and Field,1981,AA,Oxon Hill,Bernard Burns,Old Mill,Ron Evans,,False,False,,pdfs/Spring record book 2025.pdf,63; 64,2026-08-02T20:46:02Z,glm-5.2:cloud
Boys Track and Field,1981,A,Einstein,Jim Brown,Fairmont Heights,Tom Evans,,False,False,,pdfs/Spring record book 2025.pdf,63; 64,2026-08-02T20:46:02Z,glm-5.2:cloud
Boys Track and Field,1981,B,Oakland Mills,Ivan Walker,Douglass-PG,Vaughn Johnson,,False,False,,pdfs/Spring record book 2025.pdf,63; 64,2026-08-02T20:46:02Z,glm-5.2:cloud
Boys Track and Field,1981,C,Havre de Grace,Shawn Baker,Francis Scott Key,John Seaman,,False,False,,pdfs/Spring record book 2025.pdf,63; 64,2026-08-02T20:46:02Z,glm-5.2:cloud
Boys Track and Field,1982,AA,Old Mill,Ron Evans,Crossland,Larry Layman,,False,False,,pdfs/Spring record book 2025.pdf,63; 64,2026-08-02T20:46:02Z,glm-5.2:cloud
Boys Track and Field,1982,A,Northern-C,Stan Soper,DuVal,Steve Settle,,False,False,,pdfs/Spring record book 2025.pdf,63; 64,2026-08-02T20:46:02Z,glm-5.2:cloud
Boys Track and Field,1982,B,Calvert,Wilson Ennis,J. M. Bennett,Tom Bailey,,False,False,,pdfs/Spring record book 2025.pdf,63; 64,2026-08-02T20:46:02Z,glm-5.2:cloud
Boys Track and Field,1982,C,Havre de Grace,Shawn Baker,Middletown,Don Boyer,,False,False,,pdfs/Spring record book 2025.pdf,63; 64,2026-08-02T20:46:02Z,glm-5.2:cloud
Boys Track and Field,1983,AA,Largo,Sal Vespoint,Annapolis,William Connor,,False,False,,pdfs/Spring record book 2025.pdf,63; 64,2026-08-02T20:46:02Z,glm-5.2:cloud
Boys Track and Field,1983,A,Northern-C,Stan Soper,Leonardtown,Krista Taylor,,False,False,,pdfs/Spring record book 2025.pdf,63; 64,2026-08-02T20:46:02Z,glm-5.2:cloud
Boys Track and Field,1983,B,J. M. Bennett,Tom Bailey,Douglass-PG,Vaughn Johnson,,False,False,,pdfs/Spring record book 2025.pdf,63; 64,2026-08-02T20:46:02Z,glm-5.2:cloud
Boys Track and Field,1983,C,Havre de Grace,Shawn Baker,Francis Scott Key,John Seaman,,False,False,,pdfs/Spring record book 2025.pdf,63; 64,2026-08-02T20:46:02Z,glm-5.2:cloud
Boys Track and Field,1984,AA,Old Mill,Ron Evans,Bladensburg,Mary Phillips,,False,False,,pdfs/Spring record book 2025.pdf,63; 64,2026-08-02T20:46:02Z,glm-5.2:cloud
Boys Track and Field,1984,A,Central-PG,Ed Bowie,Northern-C,Stan Soper,,False,False,,pdfs/Spring record book 2025.pdf,63; 64,2026-08-02T20:46:02Z,glm-5.2:cloud
Boys Track and Field,1984,B,Wicomico,George Schoepf,Magruder,Purcell Tabb,,False,False,,pdfs/Spring record book 2025.pdf,63; 64,2026-08-02T20:46:02Z,glm-5.2:cloud
Boys Track and Field,1984,C,J. M. Bennett,Ed Hoeck,Stephen Decatur & Westminster,Pat Russo & William Hill,,False,False,,pdfs/Spring record book 2025.pdf,63; 64,2026-08-02T20:46:02Z,glm-5.2:cloud
Boys Track and Field,1985,AA,Largo,Sal Vespoint,Friendly,Dick Knode,,False,False,,pdfs/Spring record book 2025.pdf,63; 64,2026-08-02T20:46:02Z,glm-5.2:cloud
Boys Track and Field,1985,A,Central-PG,Ed Bowie,Queen Anne's,Charles Nesbitt,,False,False,,pdfs/Spring record book 2025.pdf,63; 64,2026-08-02T20:46:02Z,glm-5.2:cloud
Boys Track and Field,1985,B,Howard,Ken Smith,Glenelg,Roger Volrath,,False,False,,pdfs/Spring record book 2025.pdf,63; 64,2026-08-02T20:46:02Z,glm-5.2:cloud
Boys Track and Field,1985,C,Middletown,Don Boyer,Stephen Decatur,Pat Russo,,False,False,,pdfs/Spring record book 2025.pdf,63; 64,2026-08-02T20:46:02Z,glm-5.2:cloud
Boys Track and Field,1986,AA,Gaithersburg,Joyce-Parry-Tolbert,Largo,Sal Vespoint,,False,False,,pdfs/Spring record book 2025.pdf,63; 64,2026-08-02T20:46:02Z,glm-5.2:cloud
Boys Track and Field,1986,A,Frederick,Jim Weir,Gov. Thomas Johnson,,,False,False,,pdfs/Spring record book 2025.pdf,63; 64,2026-08-02T20:46:02Z,glm-5.2:cloud
Boys Track and Field,1986,B,Wicomico,George Schoepf,Forestville,Austin Gibbs,,False,False,,pdfs/Spring record book 2025.pdf,63; 64,2026-08-02T20:46:02Z,glm-5.2:cloud
Boys Track and Field,1986,C,Stephen Decatur,Pat Russo,Easton,Howard Guth,,False,False,,pdfs/Spring record book 2025.pdf,63; 64,2026-08-02T20:46:02Z,glm-5.2:cloud
Boys Track and Field,1987,AA,Woodlawn,Dick Estes,Bowie,Rich Andrulonis,,False,False,,pdfs/Spring record book 2025.pdf,63; 64,2026-08-02T20:46:02Z,glm-5.2:cloud
Boys Track and Field,1987,A,Chesapeake-AA,John Gray,Chopticon,Tom Murray,,False,False,,pdfs/Spring record book 2025.pdf,63; 64,2026-08-02T20:46:02Z,glm-5.2:cloud
Boys Track and Field,1987,B,Lackey,Joe Williams,Milford Mill,Jesse Hannon,,False,False,,pdfs/Spring record book 2025.pdf,63; 64,2026-08-02T20:46:02Z,glm-5.2:cloud
Boys Track and Field,1987,C,Francis Scott Key,John Seaman,Walkersville,Gary Byers,,False,False,,pdfs/Spring record book 2025.pdf,63; 64,2026-08-02T20:46:02Z,glm-5.2:cloud
Boys Track and Field,1988,AA,Woodlawn,Dick Estes,Meade,Jay Cuthbert,,False,False,,pdfs/Spring record book 2025.pdf,63; 64,2026-08-02T20:46:02Z,glm-5.2:cloud
Boys Track and Field,1988,A,Laurel,Rich Grabisch,McDonough,Larry Johnson,,False,False,,pdfs/Spring record book 2025.pdf,63; 64,2026-08-02T20:46:02Z,glm-5.2:cloud
Boys Track and Field,1988,B,Wicomico,George Schoepf,Glenelg,Roger Volrath,,False,False,,pdfs/Spring record book 2025.pdf,63; 64,2026-08-02T20:46:02Z,glm-5.2:cloud
Boys Track and Field,1988,C,Milford Mill,Jesse Hannon,Boonsboro,Dwight Scott,,False,False,,pdfs/Spring record book 2025.pdf,63; 64,2026-08-02T20:46:02Z,glm-5.2:cloud
Boys Track and Field,1989,AA,Old Mill,Ron Evans,Gaithersburg,Fran Parry,,False,False,,pdfs/Spring record book 2025.pdf,63; 64,2026-08-02T20:46:02Z,glm-5.2:cloud
Boys Track and Field,1989,A,McDonough,Larry Johnson,Potomac,Mervin Watford,,False,False,,pdfs/Spring record book 2025.pdf,63; 64,2026-08-02T20:46:02Z,glm-5.2:cloud
Boys Track and Field,1989,B,Oakland Mills,Caskie Lewis-Klapper,Howard,Harold Baker,,False,False,,pdfs/Spring record book 2025.pdf,63; 64,2026-08-02T20:46:02Z,glm-5.2:cloud
Boys Track and Field,1989,C,Milford Mill,Jesse Hannon,Francis Scott Key,John Seaman,,False,False,,pdfs/Spring record book 2025.pdf,63; 64,2026-08-02T20:46:02Z,glm-5.2:cloud
Boys Track and Field,1990,AA,Eleanor Roosevelt,Diane Gentile,Crossland,Larry Layman,,False,False,,pdfs/Spring record book 2025.pdf,63; 64,2026-08-02T20:46:02Z,glm-5.2:cloud
Boys Track and Field,1990,A,McDonough,Larry Johnson,Leonardtown,Valerie Coffey,,False,False,,pdfs/Spring record book 2025.pdf,63; 64,2026-08-02T20:46:02Z,glm-5.2:cloud
Boys Track and Field,1990,B,Central-PG,Ed Bowie,Allegany,David Merrill,,False,False,,pdfs/Spring record book 2025.pdf,63; 64,2026-08-02T20:46:02Z,glm-5.2:cloud
Boys Track and Field,1990,C,Francis Scott Key,John Seaman,Milford Mill & Glenelg,Jesse Hannon & Roger Volrath,,False,False,,pdfs/Spring record book 2025.pdf,63; 64,2026-08-02T20:46:02Z,glm-5.2:cloud
Boys Track and Field,1991,AA,Old Mill,Ron Evans,Eleanor Roosevelt,Diane Gentile,,False,False,,pdfs/Spring record book 2025.pdf,63; 64,2026-08-02T20:46:02Z,glm-5.2:cloud
Boys Track and Field,1991,A,Oakland Mills,Caskie Lewis-Clapper,Leonardtown,Valerie Coffey,,False,False,,pdfs/Spring record book 2025.pdf,63; 64,2026-08-02T20:46:02Z,glm-5.2:cloud
Boys Track and Field,1991,B,Forestville,Austin Gibbs,Hammond,Pete Hughes,,False,False,,pdfs/Spring record book 2025.pdf,63; 64,2026-08-02T20:46:02Z,glm-5.2:cloud
Boys Track and Field,1991,C,Francis Scott Key,John Seaman,Boonsboro,Dwight Scott,,False,False,,pdfs/Spring record book 2025.pdf,63; 64,2026-08-02T20:46:02Z,glm-5.2:cloud
Boys Track and Field,1992,AA,Springbrook,Charles Torpey,Eleanor Roosevelt,Larry Colbert,,False,False,,pdfs/Spring record book 2025.pdf,63; 64,2026-08-02T20:46:02Z,glm-5.2:cloud
Boys Track and Field,1992,A,Potomac,Major Wells,Leonardtown,Valerie Coffey,,False,False,,pdfs/Spring record book 2025.pdf,63; 64,2026-08-02T20:46:02Z,glm-5.2:cloud
Boys Track and Field,1992,B,Surrattsville,Nathan Dinkins,Glenelg,Roger Volrath,,False,False,,pdfs/Spring record book 2025.pdf,63; 64,2026-08-02T20:46:02Z,glm-5.2:cloud
Boys Track and Field,1992,C,Milford Mill,Jesse Hannon,Wilde Lake,Bill Valcareenghi,,False,False,,pdfs/Spring record book 2025.pdf,63; 64,2026-08-02T20:46:02Z,glm-5.2:cloud
Boys Track and Field,1993,AA,Quince Orchard,Jerry Link,Mergenthaler,Fred Hendricks,,False,False,,pdfs/Spring record book 2025.pdf,63; 64,2026-08-02T20:46:02Z,glm-5.2:cloud
Boys Track and Field,1993,A,Linganore,Barb Leishman,Whitman,Kerry Ward,,False,False,,pdfs/Spring record book 2025.pdf,63; 64,2026-08-02T20:46:02Z,glm-5.2:cloud
Boys Track and Field,1993,B,Oakland Mills,Sam Singleton,Middletown,Rusty Moore,,False,False,,pdfs/Spring record book 2025.pdf,63; 64,2026-08-02T20:46:02Z,glm-5.2:cloud
Boys Track and Field,1993,C,Francis Scott Key,Richard Salkin,Boonsboro,Dwight Scott,,False,False,,pdfs/Spring record book 2025.pdf,63; 64,2026-08-02T20:46:02Z,glm-5.2:cloud
Boys Track and Field,1994,AA,Eleanor Roosevelt,Larry Colbert,Old Mill,Ron Evans,,False,False,,pdfs/Spring record book 2025.pdf,63; 64,2026-08-02T20:46:02Z,glm-5.2:cloud
Boys Track and Field,1994,A,Seneca Valley,Steve Robertson,La Plata,Richard Williams,,False,False,,pdfs/Spring record book 2025.pdf,63; 64,2026-08-02T20:46:02Z,glm-5.2:cloud
Boys Track and Field,1994,B,Oakland Mills,Sam Singleton,South River,Scott Baker,,False,False,,pdfs/Spring record book 2025.pdf,63; 64,2026-08-02T20:46:02Z,glm-5.2:cloud
Boys Track and Field,1994,C,Forestville,Leon Woods,Smithsburg,Walter Orndorff,,False,False,,pdfs/Spring record book 2025.pdf,63; 64,2026-08-02T20:46:02Z,glm-5.2:cloud
Boys Track and Field,1995,AA,Mergenthaler,Fred Hendricks,Gaithersburg,Fran Parry,,False,False,,pdfs/Spring record book 2025.pdf,63; 64,2026-08-02T20:46:02Z,glm-5.2:cloud
Boys Track and Field,1995,A,Broadneck,Jerry Kiple,Seneca Valley,Steve Robertson,,False,False,,pdfs/Spring record book 2025.pdf,63; 64,2026-08-02T20:46:02Z,glm-5.2:cloud
Boys Track and Field,1995,B,Oakland Mills,Sam Singleton,Atholton,Pat Saunderson,,False,False,,pdfs/Spring record book 2025.pdf,63; 64,2026-08-02T20:46:02Z,glm-5.2:cloud
Boys Track and Field,1995,C,Forestville,Mike Mayo,Boonsboro,Dwight Scott,,False,False,,pdfs/Spring record book 2025.pdf,63; 64,2026-08-02T20:46:02Z,glm-5.2:cloud
Boys Track and Field,1996,AA,Mergenthaler,Fred Hendricks,Suitland,Troy Shockley,,False,False,,pdfs/Spring record book 2025.pdf,63; 64,2026-08-02T20:46:02Z,glm-5.2:cloud
Boys Track and Field,1996,A,Atholton,Pat Saunderson,Carver-B,Walter Cole,,False,False,,pdfs/Spring record book 2025.pdf,63; 64,2026-08-02T20:46:02Z,glm-5.2:cloud
Boys Track and Field,1996,B,Oakland Mills,Sam Singleton,Wilde Lake,Charles Shoemaker,,False,False,,pdfs/Spring record book 2025.pdf,63; 64,2026-08-02T20:46:02Z,glm-5.2:cloud
Boys Track and Field,1996,C,Francis Scott Key,Richard Salkin,Southern—G,Steve Cosner,,False,False,,pdfs/Spring record book 2025.pdf,63; 64,2026-08-02T20:46:02Z,glm-5.2:cloud
Boys Track and Field,1997,AA,Mergenthaler,Fred Hendricks,Suitland,Troy Shockley,,False,False,,pdfs/Spring record book 2025.pdf,63; 64,2026-08-02T20:46:02Z,glm-5.2:cloud
Boys Track and Field,1997,A,Richard Montgomery,Ben Opapari,Thomas Johnson,Jason Anderson,,False,False,,pdfs/Spring record book 2025.pdf,63; 64,2026-08-02T20:46:02Z,glm-5.2:cloud
Boys Track and Field,1997,B,Atholton,Chris Rohde,Middletown,Rusty Moore,,False,False,,pdfs/Spring record book 2025.pdf,63; 64,2026-08-02T20:46:02Z,glm-5.2:cloud
Boys Track and Field,1997,C,Francis Scott Key,Richard Salkin,Smithsburg,Walter Orndorff,,False,False,,pdfs/Spring record book 2025.pdf,63; 64,2026-08-02T20:46:02Z,glm-5.2:cloud
Boys Track and Field,1998,AA,Gaithersburg,Fran Parry,High Point,Scott Smith,,False,False,,pdfs/Spring record book 2025.pdf,63; 64,2026-08-02T20:46:02Z,glm-5.2:cloud
Boys Track and Field,1998,A,Woodlawn,Michael Sye,Richard Montgomery,Ben Opipari,,False,False,,pdfs/Spring record book 2025.pdf,63; 64,2026-08-02T20:46:02Z,glm-5.2:cloud
Boys Track and Field,1998,B,Fort Hill,Daniel Hare,Southern-AA,Brian Brown,,False,False,,pdfs/Spring record book 2025.pdf,63; 64,2026-08-02T20:46:02Z,glm-5.2:cloud
Boys Track and Field,1998,C,Oakland Mills,Sam Singleton,Williamsport,Curtis Graff,,False,False,,pdfs/Spring record book 2025.pdf,63; 64,2026-08-02T20:46:02Z,glm-5.2:cloud
Boys Track and Field,1999,4A,Northwestern-PG,Carlos Cumberbatch,Eleanor Roosevelt,Larry Colbert,,False,False,,pdfs/Spring record book 2025.pdf,65,2026-08-02T12:42:24Z,glm-5.2:cloud
Boys Track and Field,1999,3A,Westlake,Ryan Gick,Woodlawn,Mike Sye,,False,False,,pdfs/Spring record book 2025.pdf,65,2026-08-02T12:42:24Z,glm-5.2:cloud
Boys Track and Field,1999,2A,Middletown,Don Boyer,Central-PG,Ed Bowie,,False,False,,pdfs/Spring record book 2025.pdf,65,2026-08-02T12:42:24Z,glm-5.2:cloud
Boys Track and Field,1999,1A,Williamsport,Curtis Graff,Oakland Mills,Sam Singleton,,False,False,,pdfs/Spring record book 2025.pdf,65,2026-08-02T12:42:24Z,glm-5.2:cloud
Boys Track and Field,2000,4A,Gaithersburg,Fran Parry,Suitland,Troy Shockley,,False,False,,pdfs/Spring record book 2025.pdf,65,2026-08-02T12:42:24Z,glm-5.2:cloud
Boys Track and Field,2000,3A,Thomas Johnson,Randy Jones,Patuxent,Valerie Harrington,,False,False,,pdfs/Spring record book 2025.pdf,65,2026-08-02T12:42:24Z,glm-5.2:cloud
Boys Track and Field,2000,2A,Middletown,Don Boyer,Stephen Decatur,Pat Russo,,False,False,,pdfs/Spring record book 2025.pdf,65,2026-08-02T12:42:24Z,glm-5.2:cloud
Boys Track and Field,2000,1A,Oakland Mills,Sam Singleton,Williamsport & Surrattsville,Curtis Graff & Nathan Dinkins,,False,False,,pdfs/Spring record book 2025.pdf,65,2026-08-02T12:42:24Z,glm-5.2:cloud
Boys Track and Field,2001,4A,Suitland,Troy Shockley,Gaithersburg,Fran Parry,,False,False,,pdfs/Spring record book 2025.pdf,65,2026-08-02T12:42:24Z,glm-5.2:cloud
Boys Track and Field,2001,3A,Westlake,Ryan Gick,River Hill,Todd Wright,,False,False,,pdfs/Spring record book 2025.pdf,65,2026-08-02T12:42:24Z,glm-5.2:cloud
Boys Track and Field,2001,2A,Middletown,Don Boyer,Urbana,David Britton,,False,False,,pdfs/Spring record book 2025.pdf,65,2026-08-02T12:42:24Z,glm-5.2:cloud
Boys Track and Field,2001,1A,Oakland Mills,Sam Singleton,Boonsboro,Jason Orendi,,False,False,,pdfs/Spring record book 2025.pdf,65,2026-08-02T12:42:24Z,glm-5.2:cloud
Boys Track and Field,2002,4A,Gaithersburg,Fran Parry,Suitland,Troy Shockley,,False,False,,pdfs/Spring record book 2025.pdf,65,2026-08-02T12:42:24Z,glm-5.2:cloud
Boys Track and Field,2002,3A,Gwynn Park,Maurice Wright,Annapolis,Mike Ballard,,False,False,,pdfs/Spring record book 2025.pdf,65,2026-08-02T12:42:24Z,glm-5.2:cloud
Boys Track and Field,2002,2A,Southern-AA,Brian Brown,Pikesville,Chris McGuiness,,False,False,,pdfs/Spring record book 2025.pdf,65,2026-08-02T12:42:24Z,glm-5.2:cloud
Boys Track and Field,2002,1A,Oakland Mills,Sam Singleton,Loch Raven,Dave Kreller,,False,False,,pdfs/Spring record book 2025.pdf,65,2026-08-02T12:42:24Z,glm-5.2:cloud
Boys Track and Field,2003,4A,Suitland,Troy Shockley,Mergenthaler,Fred Hendricks,,False,False,,pdfs/Spring record book 2025.pdf,65,2026-08-02T12:42:24Z,glm-5.2:cloud
Boys Track and Field,2003,3A,Urbana,David Britton,Paint Branch,Steven Bettis,,False,False,,pdfs/Spring record book 2025.pdf,65,2026-08-02T12:42:24Z,glm-5.2:cloud
Boys Track and Field,2003,2A,Middletown,Don Boyer,Southern-AA,Brian Brown,,False,False,,pdfs/Spring record book 2025.pdf,65,2026-08-02T12:42:24Z,glm-5.2:cloud
Boys Track and Field,2003,1A,Loch Raven,Dave Kreller,Allegany,Doug Baker,,False,False,,pdfs/Spring record book 2025.pdf,65,2026-08-02T12:42:24Z,glm-5.2:cloud
Boys Track and Field,2004,4A,Old Mill,Janet Liimatta,Suitland,Mike Wallace,,False,False,,pdfs/Spring record book 2025.pdf,65,2026-08-02T12:42:24Z,glm-5.2:cloud
Boys Track and Field,2004,3A,Urbana,David Britton,Annapolis,Charles Gross,,False,False,,pdfs/Spring record book 2025.pdf,65,2026-08-02T12:42:24Z,glm-5.2:cloud
Boys Track and Field,2004,2A,Middletown,Don Boyer,Southern-AA,Brian Brown,,False,False,,pdfs/Spring record book 2025.pdf,65,2026-08-02T12:42:24Z,glm-5.2:cloud
Boys Track and Field,2004,1A,Oakland Mills,Bryan Winfield,Williamsport,John Bailey,,False,False,,pdfs/Spring record book 2025.pdf,65,2026-08-02T12:42:24Z,glm-5.2:cloud
Boys Track and Field,2005,4A,Roosevelt,Larry Colbert,Oxon Hill,Ricky Williams,,False,False,,pdfs/Spring record book 2025.pdf,65,2026-08-02T12:42:24Z,glm-5.2:cloud
Boys Track and Field,2005,3A,Mergenthaler,Garfield Thompson,C. Milton Wright,Don Mickey,,False,False,,pdfs/Spring record book 2025.pdf,65,2026-08-02T12:42:24Z,glm-5.2:cloud
Boys Track and Field,2005,2A,Fort Hill,John Telerico,Glenelg,Phillip Johnson,,False,False,,pdfs/Spring record book 2025.pdf,65,2026-08-02T12:42:24Z,glm-5.2:cloud
Boys Track and Field,2005,1A,Digital Harbor,Jeffery Tolson,Beall,Norman DeRosa,,False,False,,pdfs/Spring record book 2025.pdf,65,2026-08-02T12:42:24Z,glm-5.2:cloud
Boys Track and Field,2006,4A,Oxon Hill,Ricky Williams,C.H. Flowers,Carlyle Rose,,False,False,,pdfs/Spring record book 2025.pdf,65,2026-08-02T12:42:24Z,glm-5.2:cloud
Boys Track and Field,2006,3A,Westlake,Beth Shook,Wilde Lake,Adam Parry,,False,False,,pdfs/Spring record book 2025.pdf,65,2026-08-02T12:42:24Z,glm-5.2:cloud
Boys Track and Field,2006,2A,Howard,Dave Glenn,Kent Island,Justin Holland,,False,False,,pdfs/Spring record book 2025.pdf,65,2026-08-02T12:42:24Z,glm-5.2:cloud
Boys Track and Field,2006,1A,Smithsburg,Walter Orndorff,Brunswick,Tony Lawson,,False,False,,pdfs/Spring record book 2025.pdf,65,2026-08-02T12:42:24Z,glm-5.2:cloud
Boys Track and Field,2007,4A,Meade,Nigel Holder,Gaithersburg,A. McDaniels,,False,False,,pdfs/Spring record book 2025.pdf,65,2026-08-02T12:42:24Z,glm-5.2:cloud
Boys Track and Field,2007,3A,Westlake,Beth Shook,Wilde Lake,Adam Parry,,False,False,,pdfs/Spring record book 2025.pdf,65,2026-08-02T12:42:24Z,glm-5.2:cloud
Boys Track and Field,2007,2A,Howard,Dave Glenn,Polytechnic,Steve Williams,,False,False,,pdfs/Spring record book 2025.pdf,65,2026-08-02T12:42:24Z,glm-5.2:cloud
Boys Track and Field,2007,1A,Smithsburg,Ray Shriver,Digital Harbor,L. Bakari/S. Darby,,False,False,,pdfs/Spring record book 2025.pdf,65,2026-08-02T12:42:24Z,glm-5.2:cloud
Boys Track and Field,2008,4A,Roosevelt,Desmond Dunham,Quince Orchard,Seann Pelkey,,False,False,,pdfs/Spring record book 2025.pdf,65,2026-08-02T12:42:24Z,glm-5.2:cloud
Boys Track and Field,2008,3A,Meade,Nigel Holder,Westlake & Walkersville,Beth Shook & Lee Palmer,,False,False,,pdfs/Spring record book 2025.pdf,65,2026-08-02T12:42:24Z,glm-5.2:cloud
Boys Track and Field,2008,2A,North Point,Kevin Reisinger,Digital Harbor,L. Bakari/S. Darby,,False,False,,pdfs/Spring record book 2025.pdf,65,2026-08-02T12:42:24Z,glm-5.2:cloud
Boys Track and Field,2008,1A,Western STES,"Shedrick Elliott, III",Montgomery Blair,Ralph Penn,,False,False,,pdfs/Spring record book 2025.pdf,65,2026-08-02T12:42:24Z,glm-5.2:cloud
Boys Track and Field,2009,4A,Thomas Johnson,Nick Snyder,Gaithersburg,Adrian McDaniel,,False,False,,pdfs/Spring record book 2025.pdf,65,2026-08-02T12:42:24Z,glm-5.2:cloud
Boys Track and Field,2009,3A,Westlake,Beth Shook,Annapolis,Brian Brown,,False,False,,pdfs/Spring record book 2025.pdf,65,2026-08-02T12:42:24Z,glm-5.2:cloud
Boys Track and Field,2009,2A,Clarksburg,Scott Mathias,North Point,Kevin Reisinger,,False,False,,pdfs/Spring record book 2025.pdf,65,2026-08-02T12:42:24Z,glm-5.2:cloud
Boys Track and Field,2009,1A,Smithsburg,Thomas Hood,Williamsport,John Bailey,,False,False,,pdfs/Spring record book 2025.pdf,65,2026-08-02T12:42:24Z,glm-5.2:cloud
Boys Track and Field,2010,4A,Thomas Johnson,Nick Snyder,North Point,Kevin Reisinger,,False,False,,pdfs/Spring record book 2025.pdf,65,2026-08-02T12:42:24Z,glm-5.2:cloud
Boys Track and Field,2010,3A,Reservoir,Phil Rogers/Jud Lincoln,Potomac,Stanley Mullins,,False,False,,pdfs/Spring record book 2025.pdf,65,2026-08-02T12:42:24Z,glm-5.2:cloud
Boys Track and Field,2010,2A,Oakland Mills,Bryan Winfield,Walkersville,Lee Palmer,,False,False,,pdfs/Spring record book 2025.pdf,65,2026-08-02T12:42:24Z,glm-5.2:cloud
Boys Track and Field,2010,1A,Carver-B,Stephen Kimes,Williamsport,John Bailey,,False,False,,pdfs/Spring record book 2025.pdf,65,2026-08-02T12:42:24Z,glm-5.2:cloud
Boys Track and Field,2011,4A,Thomas Johnson,Nick Snyder,DuVal,Deborah Reid & Cortez Hayes,,False,False,,pdfs/Spring record book 2025.pdf,65,2026-08-02T12:42:24Z,glm-5.2:cloud
Boys Track and Field,2011,3A,Linganore,Alvin Pridgeon,Potomac,Stanley Mullins,,False,False,,pdfs/Spring record book 2025.pdf,65,2026-08-02T12:42:24Z,glm-5.2:cloud
Boys Track and Field,2011,2A,Walkersville,Lee Palmer,Century,Ryan Melhorn,,False,False,,pdfs/Spring record book 2025.pdf,65,2026-08-02T12:42:24Z,glm-5.2:cloud
Boys Track and Field,2011,1A,Carver-B,Stephen Kimes,Catoctin,Terri Gibbons,,False,False,,pdfs/Spring record book 2025.pdf,65,2026-08-02T12:42:24Z,glm-5.2:cloud
Boys Track and Field,2012,4A,Dr. Henry A. Wise Jr.,Farden Carter,Suitland,Anthony Brown,,False,False,,pdfs/Spring record book 2025.pdf,65,2026-08-02T12:42:24Z,glm-5.2:cloud
Boys Track and Field,2012,3A,Potomac,Stanley Mullins,Thomas Johnson,Drew Irving,,False,False,,pdfs/Spring record book 2025.pdf,65,2026-08-02T12:42:24Z,glm-5.2:cloud
Boys Track and Field,2012,2A,Douglass-PG,"Malcolm Drewery, Jr.",Queen Anne,D.Comegys/Y.Holloway,,False,False,,pdfs/Spring record book 2025.pdf,65,2026-08-02T12:42:24Z,glm-5.2:cloud
Boys Track and Field,2012,1A,Perryville,Jake Moore,Brunswick,Tony Lawson,,False,False,,pdfs/Spring record book 2025.pdf,65,2026-08-02T12:42:24Z,glm-5.2:cloud
Boys Track and Field,2013,4A,Northwest,R. Youngblood/M. Neubiser,Clarksburg,Scott Mathias,,False,False,,pdfs/Spring record book 2025.pdf,65,2026-08-02T12:42:24Z,glm-5.2:cloud
Boys Track and Field,2013,3A,Mount Hebron,Teyarnte Carter,Hereford,J. Bowman/J. Roemer IV,,False,False,,pdfs/Spring record book 2025.pdf,65,2026-08-02T12:42:24Z,glm-5.2:cloud
Boys Track and Field,2013,2A,Century,Tony Griner,Long Reach,Pete Hughes,,False,False,,pdfs/Spring record book 2025.pdf,65,2026-08-02T12:42:24Z,glm-5.2:cloud
Boys Track and Field,2013,1A,Perryville,Jake Moore,Boonsboro,Becky Walter,,False,False,,pdfs/Spring record book 2025.pdf,65,2026-08-02T12:42:24Z,glm-5.2:cloud
Boys Track and Field,2014,4A,Bowie,Rich Andrulonis,Wootton,Kellie Redmond,,False,False,,pdfs/Spring record book 2025.pdf,65,2026-08-02T12:42:24Z,glm-5.2:cloud
Boys Track and Field,2014,3A,Long Reach,Pete Hughes,Wilde Lake,Whitty Bass,,False,False,,pdfs/Spring record book 2025.pdf,65,2026-08-02T12:42:24Z,glm-5.2:cloud
Boys Track and Field,2014,2A,Douglass-PG,Kori Green,Century,Tony Griner,,False,False,,pdfs/Spring record book 2025.pdf,65,2026-08-02T12:42:24Z,glm-5.2:cloud
Boys Track and Field,2014,1A,Pikesville,Adam Hittner,North Carroll,J. MacDonald/K. Strumsky,,False,False,,pdfs/Spring record book 2025.pdf,65,2026-08-02T12:42:24Z,glm-5.2:cloud
Boys Track and Field,2015,4A,Bowie,Rich Andrulonis,C.H. Flowers,Bryan Brown/Henry Brady,,False,False,,pdfs/Spring record book 2025.pdf,65,2026-08-02T12:42:24Z,glm-5.2:cloud
Boys Track and Field,2015,3A,Westlake,Beth Shook,Mount Hebron,Teyarnte Carter,,False,False,,pdfs/Spring record book 2025.pdf,65,2026-08-02T12:42:24Z,glm-5.2:cloud
Boys Track and Field,2015,2A,Century,Tony Griner,Douglass-PG,Kori Green,,False,False,,pdfs/Spring record book 2025.pdf,65,2026-08-02T12:42:24Z,glm-5.2:cloud
Boys Track and Field,2015,1A,Fort Hill,Zach Alkire,Northwestern-B,Jerry Molyneaux,,False,False,,pdfs/Spring record book 2025.pdf,65,2026-08-02T12:42:24Z,glm-5.2:cloud
Boys Track and Field,2016,4A,Northwest,Robt. Youngblood/Thea LaFond,C.H. Flowers,Bryan Brown/Henry Brady,,False,False,,pdfs/Spring record book 2025.pdf,65,2026-08-02T12:42:24Z,glm-5.2:cloud
Boys Track and Field,2016,3A,Oxon Hill,Derrel Quick,Oakdale,David Lillard,,False,False,,pdfs/Spring record book 2025.pdf,65,2026-08-02T12:42:24Z,glm-5.2:cloud
Boys Track and Field,2016,2A,Westlake,Beth Shook,Century,Tony Griner,,False,False,,pdfs/Spring record book 2025.pdf,65,2026-08-02T12:42:24Z,glm-5.2:cloud
Boys Track and Field,2016,1A,Fairmont Heights,V. Johnson/M. Virgil,Smithsburg,Ray Shriver,,False,False,,pdfs/Spring record book 2025.pdf,65,2026-08-02T12:42:24Z,glm-5.2:cloud
Boys Track and Field,2017,4A,Northwest,Robt. Youngblood/Fran Parry,Digital Harbor,Lutalo Bakari,,False,False,,pdfs/Spring record book 2025.pdf,65,2026-08-02T12:42:24Z,glm-5.2:cloud
Boys Track and Field,2017,3A,Oxon Hill,Derrel Quick,Oakdale,David Lillard,,False,False,,pdfs/Spring record book 2025.pdf,65,2026-08-02T12:42:24Z,glm-5.2:cloud
Boys Track and Field,2017,2A,Century,Dyron Johnson/Chris Mead,Westlake,Beth Shook,,False,False,,pdfs/Spring record book 2025.pdf,65,2026-08-02T12:42:24Z,glm-5.2:cloud
Boys Track and Field,2017,1A,Boonsboro,Becky Walter/Shawn Cutsail,Fairmont Heights,Vaughn Johnson,,False,False,,pdfs/Spring record book 2025.pdf,65,2026-08-02T12:42:24Z,glm-5.2:cloud
Boys Track and Field,2018,4A,Northwest,Robt. Youngblood/Nate Parry,Dulaney,Eric Benjamin/Chad Boyle,,False,False,,pdfs/Spring record book 2025.pdf,65,2026-08-02T12:42:24Z,glm-5.2:cloud
Boys Track and Field,2018,3A,South Hagerstown,Dwayne Freeman,Reservoir,Phil Rogers/Bobby Gessler,,False,False,,pdfs/Spring record book 2025.pdf,65,2026-08-02T12:42:24Z,glm-5.2:cloud
Boys Track and Field,2018,2A,Oakdale,David Lillard,New Town,Jordan Davis,,False,False,,pdfs/Spring record book 2025.pdf,65,2026-08-02T12:42:24Z,glm-5.2:cloud
Boys Track and Field,2018,1A,Largo,Darryl Hamilton,Boonsboro,Becky Walter/Shawn Cutsail,,False,False,,pdfs/Spring record book 2025.pdf,65,2026-08-02T12:42:24Z,glm-5.2:cloud
Boys Track and Field,2019,4A,Northwest,R.Youngblood/N.Parry/F.Parry,Dulaney,Eric Benjamin/Chad Boyle,,False,False,,pdfs/Spring record book 2025.pdf,65,2026-08-02T12:42:24Z,glm-5.2:cloud
Boys Track and Field,2019,3A,Huntingtown,Valerie Harrington,Watkins Mill,Kevin Watson,,False,False,,pdfs/Spring record book 2025.pdf,65,2026-08-02T12:42:24Z,glm-5.2:cloud
Boys Track and Field,2019,2A,Oakdale,David Lillard,Century,Dyron Johnson,,False,False,,pdfs/Spring record book 2025.pdf,65,2026-08-02T12:42:24Z,glm-5.2:cloud
Boys Track and Field,2019,1A,Henry E. Lackey,Jimari Jones,Largo,Darryl Hamilton,,False,False,,pdfs/Spring record book 2025.pdf,65,2026-08-02T12:42:24Z,glm-5.2:cloud
Boys Track and Field,2021,4A,Walter Johnson,Tom Martin,Howard,Zack Dickerson,,False,False,,pdfs/Spring record book 2025.pdf,65,2026-08-02T12:42:24Z,glm-5.2:cloud
Boys Track and Field,2021,3A,Oakland Mills,Renato Gonzales/Christopher Brewington,North Point,Debra Hall,,False,False,,pdfs/Spring record book 2025.pdf,65,2026-08-02T12:42:24Z,glm-5.2:cloud
Boys Track and Field,2021,2A,Milford Mill,Sharon Johnson,Glenelg,Phil Johnson,,False,False,,pdfs/Spring record book 2025.pdf,65,2026-08-02T12:42:24Z,glm-5.2:cloud
Boys Track and Field,2021,1A,Paul Laurence Dunbar,Dale Stalley,McDonough,"Stan Jones, Jr.",,False,False,,pdfs/Spring record book 2025.pdf,65,2026-08-02T12:42:24Z,glm-5.2:cloud
Boys Track and Field,2022,4A,Severna Park,Josh Alcombright,Old Mill,Justin Murdock,,False,False,,pdfs/Spring record book 2025.pdf,65,2026-08-02T12:42:24Z,glm-5.2:cloud
Boys Track and Field,2022,3A,Northern-Calvert,Josh Dawson,Huntingtown,Valerie Harrington,,False,False,,pdfs/Spring record book 2025.pdf,65,2026-08-02T12:42:24Z,glm-5.2:cloud
Boys Track and Field,2022,2A,Oakland Mills,Christopher Brewington,Hammond,Jaovon Wright,,False,False,,pdfs/Spring record book 2025.pdf,65,2026-08-02T12:42:24Z,glm-5.2:cloud
Boys Track and Field,2022,1A,Catoctin,David Lillard,Mountain Ridge,Doug Baker,,False,False,,pdfs/Spring record book 2025.pdf,65,2026-08-02T12:42:24Z,glm-5.2:cloud
Boys Track and Field,2023,4A,Bowie,Rich Andrulonis,Seneca Valley,Chris Colbert,,False,False,,pdfs/Spring record book 2025.pdf,65,2026-08-02T12:42:24Z,glm-5.2:cloud
Boys Track and Field,2023,3A,Gov. Thomas Johnson,Robert Humphries,Frederick,Robert Dixon,,False,False,,pdfs/Spring record book 2025.pdf,65,2026-08-02T12:42:24Z,glm-5.2:cloud
Boys Track and Field,2023,2A,Oakland Mills,Christopher Brewington,Glenelg,Phil Johnson,,False,False,,pdfs/Spring record book 2025.pdf,65,2026-08-02T12:42:24Z,glm-5.2:cloud
Boys Track and Field,2023,1A,Catoctin,David Lillard,Mountain Ridge,Doug Baker,,False,False,,pdfs/Spring record book 2025.pdf,65,2026-08-02T12:42:24Z,glm-5.2:cloud
Boys Track and Field,2024,4A,Gov. Thomas Johnson,Robert Humphries,Paint Branch,Funmi Daramola,,False,False,,pdfs/Spring record book 2025.pdf,65,2026-08-02T12:42:24Z,glm-5.2:cloud
Boys Track and Field,2024,3A,Digital Harbor,Lutalo Barkari,Oakland Mills,Christopher Brewington,,False,False,,pdfs/Spring record book 2025.pdf,65,2026-08-02T12:42:24Z,glm-5.2:cloud
Boys Track and Field,2024,2A,Westlake,Adano Murray/Demetrius Sims/Nadjia Haskins,Harford Technical,Darrell Diamond,,False,False,,pdfs/Spring record book 2025.pdf,65,2026-08-02T12:42:24Z,glm-5.2:cloud
Boys Track and Field,2024,1A,Cambridge-S. Dorchester,Clint Falduto/Lois Narr,Catoctin,David Lillard,,False,False,,pdfs/Spring record book 2025.pdf,65,2026-08-02T12:42:24Z,glm-5.2:cloud
Boys Track and Field,2025,4A,Mergenthaler Vo-Tech,Vaughn DeVaughn,Crofton,Stacy Severtson,,False,False,,pdfs/Spring record book 2025.pdf,65,2026-08-02T12:42:24Z,glm-5.2:cloud
Boys Track and Field,2025,3A,Oakland Mills,Christopher Brewington,Old Mill,Justin Murdock,,False,False,,pdfs/Spring record book 2025.pdf,65,2026-08-02T12:42:24Z,glm-5.2:cloud
Boys Track and Field,2025,2A,Westlake,Adano Murray,Harford Technical,JuJuan Burrell,,False,False,,pdfs/Spring record book 2025.pdf,65,2026-08-02T12:42:24Z,glm-5.2:cloud
Boys Track and Field,2025,1A,Liberty,,Friendly,Darrell Diamond,,False,False,,pdfs/Spring record book 2025.pdf,65,2026-08-02T12:42:24Z,glm-5.2:cloud
